{
    "KICp": 37.0,
    "KINp": 0.02,
    "KlossROSp": 7.792840064800131e-07,
    "Koverflowp": 1.157407407407407e-06,
    "KprodROSp": 8.502562841864226e-09,
    "Mp": 5.428300257704798e-06,
    "VmaxICp": 2.6519428759472145e-05,
    "VmaxINp": 4.500286028582312e-05,
    "gammaDp": 0.390715044365526,
    "omegaP": 3.405555555555556e-05
}