{
    "KICp": 19.13042281712028,
    "KINp": 0.0021689801764745,
    "KlossROSp": 4.726212476362867e-06,
    "Koverflowp": 3.5634217092493257e-07,
    "KprodROSp": 5.625258148930564e-09,
    "Mp": 4.5095729261278506e-06,
    "VmaxICp": 4.987401030052069e-05,
    "VmaxINp": 5.222871340936141e-05,
    "gammaDp": 0.1150639806943557,
    "omegaP": 9.725542193282356e-05
}