{
    "KICp": 40.34327617200225,
    "KINp": 0.1158971331958219,
    "KlossROSp": 6.579306016578123e-06,
    "Koverflowp": 2.039206683650957e-07,
    "KprodROSp": 1.2346912218324418e-08,
    "Mp": 6.348333152482095e-06,
    "VmaxICp": 2.9467286497261893e-05,
    "VmaxINp": 3.743466211123352e-05,
    "gammaDp": 0.7118145215354601,
    "omegaP": 3.405555555555556e-05
}