{
    "KICp": 4.695988367760676,
    "KINp": 0.0081616173042499,
    "KlossROSp": 6.79048031760499e-06,
    "Koverflowp": 1.3406265965338034e-06,
    "KprodROSp": 1.173231766518806e-09,
    "Mp": 4.5095729261278506e-06,
    "VmaxICp": 4.987401030052069e-05,
    "VmaxINp": 5.222871340936141e-05,
    "gammaDp": 0.1150639806943557,
    "omegaP": 9.725542193282356e-05
}