{
    "KICp": 35.516398410988586,
    "KINp": 0.0062792158900865,
    "KlossROSp": 6.579306016578123e-06,
    "Koverflowp": 1.628063406239616e-07,
    "KprodROSp": 5.357713732135476e-09,
    "Mp": 8.851260484320591e-06,
    "VmaxICp": 2.9467286497261893e-05,
    "VmaxINp": 3.743466211123352e-05,
    "gammaDp": 0.5871689813996764,
    "omegaP": 3.405555555555556e-05
}