{
    "KICp": 37.030955222126615,
    "KINp": 0.010691106394486,
    "KlossROSp": 1.956673654786862e-06,
    "Koverflowp": 9.12813694912672e-07,
    "KprodROSp": 1.2756653028339532e-08,
    "Mp": 7.423872385079012e-06,
    "VmaxICp": 4.470706533366232e-05,
    "VmaxINp": 3.042144986378712e-05,
    "gammaDp": 0.1181691892796254,
    "omegaP": 1.870723820349054e-05
}