{
    "KICp": 178.6789908239866,
    "KINp": 0.1160407924723671,
    "KlossROSp": 1.956673654786862e-06,
    "Koverflowp": 2.027269145476395e-07,
    "KprodROSp": 7.73584542622572e-10,
    "Mp": 1.0425446210290225e-05,
    "VmaxICp": 4.893744988148899e-05,
    "VmaxINp": 3.137167447924317e-05,
    "gammaDp": 0.278587571091295,
    "omegaP": 2.162540774052541e-05
}