{
    "KICp": 126.77173406908388,
    "KINp": 0.0022232436564943,
    "KlossROSp": 1.956673654786862e-06,
    "Koverflowp": 4.97178314739762e-06,
    "KprodROSp": 1.3526683951549761e-08,
    "Mp": 3.4842507669328096e-06,
    "VmaxICp": 4.0205364980135496e-05,
    "VmaxINp": 3.4874368947536434e-05,
    "gammaDp": 0.2805749230768503,
    "omegaP": 3.405555555555556e-05
}