{
    "KICp": 216.00716303983648,
    "KINp": 0.02,
    "KlossROSp": 1.0171651830579189e-05,
    "Koverflowp": 7.020852411474687e-07,
    "KprodROSp": 1.7884106671819345e-08,
    "Mp": 2.9604451321062394e-06,
    "VmaxICp": 3.380302162178759e-05,
    "VmaxINp": 2.4974331020063805e-05,
    "gammaDp": 0.3929314995277047,
    "omegaP": 6.566386108488924e-05
}