{
    "KICp": 5.106568290024828,
    "KINp": 0.0128983510189324,
    "KlossROSp": 4.337329691549783e-06,
    "Koverflowp": 3.99513512284396e-06,
    "KprodROSp": 7.345361627438035e-09,
    "Mp": 7.763010390039215e-06,
    "VmaxICp": 5.479027945391308e-05,
    "VmaxINp": 3.5807843471153834e-05,
    "gammaDp": 0.3967140836430322,
    "omegaP": 3.04064921773362e-05
}