{
    "KICp": 8.36975260732864,
    "KINp": 0.02,
    "KlossROSp": 6.109815169404359e-07,
    "Koverflowp": 2.780716971136294e-06,
    "KprodROSp": 4.248755110563218e-08,
    "Mp": 5.325762571549086e-06,
    "VmaxICp": 2.4835465362086145e-05,
    "VmaxINp": 4.860136961539746e-05,
    "gammaDp": 0.2867582761371846,
    "omegaP": 3.405555555555556e-05
}