{
    "KICp": 6.7404063673147725,
    "KINp": 0.0061614853068137,
    "KlossROSp": 3.137145506261503e-07,
    "Koverflowp": 1.6489804632285028e-06,
    "KprodROSp": 4.696016771488469e-09,
    "Mp": 6.108799992450167e-06,
    "VmaxICp": 4.74721846078614e-05,
    "VmaxINp": 4.317295458224557e-05,
    "gammaDp": 0.4123443097718107,
    "omegaP": 3.405555555555556e-05
}