{
    "KICp": 11.385740637548428,
    "KINp": 0.0020278556537766,
    "KlossROSp": 1.5765925793019606e-06,
    "Koverflowp": 1.1889602983708926e-06,
    "KprodROSp": 2.843281466626685e-08,
    "Mp": 1.6284379681668674e-06,
    "VmaxICp": 1.948178603709236e-05,
    "VmaxINp": 3.618041918551082e-05,
    "gammaDp": 0.8,
    "omegaP": 3.405555555555556e-05
}