{
    "KICp": 4.726782329589993,
    "KINp": 0.02,
    "KlossROSp": 9.434023716908372e-07,
    "Koverflowp": 2.035378399885231e-07,
    "KprodROSp": 3.5506433070074966e-08,
    "Mp": 3.959409749492035e-06,
    "VmaxICp": 3.9468533982107306e-05,
    "VmaxINp": 4.201316725518261e-05,
    "gammaDp": 0.1893270848959214,
    "omegaP": 1.0548366505177484e-05
}