{
    "KICp": 37.0,
    "KINp": 0.0100350503265601,
    "KlossROSp": 2.572069144731717e-06,
    "Koverflowp": 1.1521183995617343e-05,
    "KprodROSp": 4.696016771488469e-09,
    "Mp": 4.040141011287944e-06,
    "VmaxICp": 4.747391651950309e-05,
    "VmaxINp": 1.2487988648978326e-05,
    "gammaDp": 0.8,
    "omegaP": 5.163139695114371e-06
}