{
    "KICp": 8.534822224649268,
    "KINp": 0.02,
    "KlossROSp": 6.142897886764536e-06,
    "Koverflowp": 1.9150756052542268e-06,
    "KprodROSp": 4.696016771488469e-09,
    "Mp": 4.040141011287944e-06,
    "VmaxICp": 4.747391651950309e-05,
    "VmaxINp": 2.148674672797845e-05,
    "gammaDp": 0.2520919610921246,
    "omegaP": 5.163139695114371e-06
}