{
    "KICp": 7.251318129318984,
    "KINp": 0.0304461379644258,
    "KlossROSp": 1.6336518291964066e-05,
    "Koverflowp": 3.503384384807844e-07,
    "KprodROSp": 4.696016771488469e-09,
    "Mp": 3.512014551413959e-06,
    "VmaxICp": 2.192193615635326e-05,
    "VmaxINp": 4.501511669008652e-05,
    "gammaDp": 0.6651112096964694,
    "omegaP": 4.182913752327165e-05
}