{
    "KICp": 100.73410269823611,
    "KINp": 0.02,
    "KlossROSp": 6.632266445940515e-06,
    "Koverflowp": 1.0567295115874711e-05,
    "KprodROSp": 1.4183160888193143e-09,
    "Mp": 8.017353403333967e-06,
    "VmaxICp": 3.196249279578485e-05,
    "VmaxINp": 4.320497995557115e-05,
    "gammaDp": 0.3389053227590917,
    "omegaP": 5.081967093833491e-05
}