{
    "KICp": 37.0,
    "KINp": 0.02,
    "KlossROSp": 7.792840064800131e-07,
    "Koverflowp": 1.157407407407407e-06,
    "KprodROSp": 3.142957541585902e-08,
    "Mp": 5.428300257704798e-06,
    "VmaxICp": 2.876181815571465e-05,
    "VmaxINp": 4.500286028582312e-05,
    "gammaDp": 0.3769574256360642,
    "omegaP": 5.739229090350874e-06
}