{
    "KICp": 312.0507213577918,
    "KINp": 0.02,
    "KlossROSp": 1.956673654786862e-06,
    "Koverflowp": 1.157407407407407e-06,
    "KprodROSp": 6.600618101858862e-10,
    "Mp": 8.017353403333967e-06,
    "VmaxICp": 5.405823460337353e-05,
    "VmaxINp": 4.320497995557115e-05,
    "gammaDp": 0.3029997774289478,
    "omegaP": 5.081967093833491e-05
}