{
    "KICp": 82.95280405388084,
    "KINp": 0.0182323633115874,
    "KlossROSp": 1.2828866967852167e-06,
    "Koverflowp": 8.0974679465604e-07,
    "KprodROSp": 1.794798869620707e-08,
    "Mp": 3.0344799558589813e-06,
    "VmaxICp": 4.782494288108444e-05,
    "VmaxINp": 2.212192048500672e-05,
    "gammaDp": 0.6817291391922586,
    "omegaP": 3.405555555555556e-05
}