{
    "KICp": 35.516398410988586,
    "KINp": 0.02,
    "KlossROSp": 6.579306016578123e-06,
    "Koverflowp": 3.719188128500185e-06,
    "KprodROSp": 5.357713732135476e-09,
    "Mp": 6.616397327923796e-06,
    "VmaxICp": 2.9467286497261893e-05,
    "VmaxINp": 3.743466211123352e-05,
    "gammaDp": 0.3059818080046003,
    "omegaP": 4.339198543151717e-05
}