{
    "KICp": 126.77173406908388,
    "KINp": 0.1099247902231172,
    "KlossROSp": 1.956673654786862e-06,
    "Koverflowp": 3.949035505896721e-07,
    "KprodROSp": 5.001709873536505e-10,
    "Mp": 8.462701742894062e-06,
    "VmaxICp": 4.0205364980135496e-05,
    "VmaxINp": 4.301541274727812e-05,
    "gammaDp": 0.4654076871925073,
    "omegaP": 3.405555555555556e-05
}