{
    "KICp": 68.62025211054903,
    "KINp": 0.02,
    "KlossROSp": 1.0199936556740423e-05,
    "Koverflowp": 7.984729086947669e-06,
    "KprodROSp": 7.56381779358268e-10,
    "Mp": 3.959409749492035e-06,
    "VmaxICp": 3.9468533982107306e-05,
    "VmaxINp": 4.201316725518261e-05,
    "gammaDp": 0.1893270848959214,
    "omegaP": 3.024472981148692e-05
}