{
    "KICp": 251.63594522191644,
    "KINp": 0.02,
    "KlossROSp": 8.714327243713336e-07,
    "Koverflowp": 1.157407407407407e-06,
    "KprodROSp": 2.537957289786634e-09,
    "Mp": 8.440376610027043e-06,
    "VmaxICp": 3.6737980551849234e-05,
    "VmaxINp": 3.077317202309698e-05,
    "gammaDp": 0.3654096041358922,
    "omegaP": 3.405555555555556e-05
}