{
    "KICp": 12.428497411174314,
    "KINp": 0.090395556635206,
    "KlossROSp": 3.907975201647279e-06,
    "Koverflowp": 4.584143660209279e-06,
    "KprodROSp": 1.882688810962257e-09,
    "Mp": 2.5553119953162286e-06,
    "VmaxICp": 4.891320726663317e-05,
    "VmaxINp": 1.819107896632458e-05,
    "gammaDp": 0.5135749774192423,
    "omegaP": 1.2646824053754796e-05
}