{
    "KICp": 37.0,
    "KINp": 0.0043320393922652,
    "KlossROSp": 1.287016656677833e-06,
    "Koverflowp": 1.157407407407407e-06,
    "KprodROSp": 2.336204586147852e-08,
    "Mp": 5.428300257704798e-06,
    "VmaxICp": 4.925200433736999e-05,
    "VmaxINp": 4.500286028582312e-05,
    "gammaDp": 0.2020002178909341,
    "omegaP": 3.405555555555556e-05
}