{
    "KICp": 251.63594522191644,
    "KINp": 0.0743765969810471,
    "KlossROSp": 1.956673654786862e-06,
    "Koverflowp": 1.347112485219506e-07,
    "KprodROSp": 1.8317713601502806e-09,
    "Mp": 8.440376610027043e-06,
    "VmaxICp": 3.6737980551849234e-05,
    "VmaxINp": 3.4206502108602496e-05,
    "gammaDp": 0.3238800435638879,
    "omegaP": 3.405555555555556e-05
}