{
    "KICp": 126.77173406908388,
    "KINp": 0.0887368564624077,
    "KlossROSp": 1.956673654786862e-06,
    "Koverflowp": 3.949937921230025e-07,
    "KprodROSp": 5.001709873536505e-10,
    "Mp": 2.7157237472949766e-06,
    "VmaxICp": 2.616937377522277e-05,
    "VmaxINp": 3.4874368947536434e-05,
    "gammaDp": 0.2805749230768503,
    "omegaP": 3.405555555555556e-05
}