{
    "KICp": 37.0,
    "KINp": 0.02,
    "KlossROSp": 7.792840064800131e-07,
    "Koverflowp": 1.157407407407407e-06,
    "KprodROSp": 8.753594814413991e-10,
    "Mp": 6.382112911560137e-06,
    "VmaxICp": 2.876181815571465e-05,
    "VmaxINp": 4.500286028582312e-05,
    "gammaDp": 0.1342902864402364,
    "omegaP": 3.405555555555556e-05
}