{
    "KICp": 77.52171132136851,
    "KINp": 0.0031484835070522,
    "KlossROSp": 1.956673654786862e-06,
    "Koverflowp": 5.073033675158016e-06,
    "KprodROSp": 2.7743274384037e-08,
    "Mp": 9.024216028900194e-06,
    "VmaxICp": 3.3269796328997924e-05,
    "VmaxINp": 5.2038305955897945e-05,
    "gammaDp": 0.8,
    "omegaP": 2.7056763965325934e-05
}