{
    "KICp": 34.14444523194288,
    "KINp": 0.0160382787892968,
    "KlossROSp": 4.230481041236905e-07,
    "Koverflowp": 1.157407407407407e-06,
    "KprodROSp": 1.0418659777814789e-08,
    "Mp": 2.220030078807348e-06,
    "VmaxICp": 1.8521764903500464e-05,
    "VmaxINp": 4.296049995875071e-05,
    "gammaDp": 0.3949193476410909,
    "omegaP": 7.331372732522409e-06
}