{
    "KICp": 87.17750624271744,
    "KINp": 0.0062902179120493,
    "KlossROSp": 9.675757155952028e-07,
    "Koverflowp": 2.373087120122784e-06,
    "KprodROSp": 3.416651270725169e-08,
    "Mp": 7.484655132624439e-06,
    "VmaxICp": 5.124813031463182e-05,
    "VmaxINp": 2.48239398139304e-05,
    "gammaDp": 0.8,
    "omegaP": 3.405555555555556e-05
}