{
    "KICp": 37.0,
    "KINp": 0.0955111484848808,
    "KlossROSp": 2.6410844060164074e-06,
    "Koverflowp": 8.553770378289622e-07,
    "KprodROSp": 8.503723858904704e-09,
    "Mp": 5.574377667451342e-06,
    "VmaxICp": 3.697962616582305e-05,
    "VmaxINp": 5.260969931238668e-05,
    "gammaDp": 0.1317877609207549,
    "omegaP": 5.0774236101378256e-06
}