{
    "KICp": 35.36308500143579,
    "KINp": 0.0067261259185987,
    "KlossROSp": 1.9844102140372335e-07,
    "Koverflowp": 1.157407407407407e-06,
    "KprodROSp": 3.0333001774756825e-08,
    "Mp": 1.157407407407407e-06,
    "VmaxICp": 4.445216985690337e-05,
    "VmaxINp": 1.1111820760265586e-05,
    "gammaDp": 0.1639857395827407,
    "omegaP": 3.405555555555556e-05
}