{
    "KICp": 60.91281834411525,
    "KINp": 0.0033882698787746,
    "KlossROSp": 2.6194429735989e-06,
    "Koverflowp": 2.2741543915979243e-07,
    "KprodROSp": 4.696016771488469e-09,
    "Mp": 8.882607861748731e-06,
    "VmaxICp": 3.382420304790318e-05,
    "VmaxINp": 3.304028326912151e-05,
    "gammaDp": 0.8991419363814248,
    "omegaP": 1.3803901777703598e-05
}