{
    "KICp": 37.0,
    "KINp": 0.002426191028232,
    "KlossROSp": 1.208510575490386e-05,
    "Koverflowp": 4.768135042053012e-07,
    "KprodROSp": 4.696016771488469e-09,
    "Mp": 3.2652272317719675e-06,
    "VmaxICp": 3.029451727365148e-05,
    "VmaxINp": 4.6777916073005263e-05,
    "gammaDp": 0.8,
    "omegaP": 5.188030150121983e-05
}