{
    "KICp": 37.0,
    "KINp": 0.1160407924723671,
    "KlossROSp": 1.956673654786862e-06,
    "Koverflowp": 1.783582421023005e-06,
    "KprodROSp": 5.751727869453458e-10,
    "Mp": 5.5256981904379735e-06,
    "VmaxICp": 4.893744988148899e-05,
    "VmaxINp": 2.8730657058644694e-05,
    "gammaDp": 0.106413426803403,
    "omegaP": 2.162540774052541e-05
}