{
    "KICp": 37.0,
    "KINp": 0.1223973961248614,
    "KlossROSp": 1.5956493119895476e-06,
    "Koverflowp": 7.698226904251738e-07,
    "KprodROSp": 8.46956953603069e-10,
    "Mp": 3.56817516609871e-06,
    "VmaxICp": 4.120476807464691e-05,
    "VmaxINp": 1.746653515323567e-05,
    "gammaDp": 0.1728041905524977,
    "omegaP": 2.820627712133529e-05
}