{
    "KICp": 12.366864740222894,
    "KINp": 0.0112220895548746,
    "KlossROSp": 3.535896429786087e-07,
    "Koverflowp": 1.1107989116278346e-05,
    "KprodROSp": 6.919665465689398e-10,
    "Mp": 3.82783269529205e-06,
    "VmaxICp": 2.698031616908635e-05,
    "VmaxINp": 2.066507753717669e-05,
    "gammaDp": 0.1043278228035979,
    "omegaP": 1.4667344134266372e-05
}