{
    "KICp": 60.91281834411525,
    "KINp": 0.0033882698787746,
    "KlossROSp": 1.956673654786862e-06,
    "Koverflowp": 2.8912861684188688e-06,
    "KprodROSp": 3.489490193180296e-09,
    "Mp": 5.780291256932956e-06,
    "VmaxICp": 3.382420304790318e-05,
    "VmaxINp": 3.304028326912151e-05,
    "gammaDp": 0.6712177129704577,
    "omegaP": 2.971761302649194e-05
}