{
    "KICp": 37.0,
    "KINp": 0.148429647446179,
    "KlossROSp": 7.283119440499847e-07,
    "Koverflowp": 6.66252005449867e-06,
    "KprodROSp": 4.696016771488469e-09,
    "Mp": 5.574377667451342e-06,
    "VmaxICp": 2.3443122386480083e-05,
    "VmaxINp": 5.260969931238668e-05,
    "gammaDp": 0.3597697080169176,
    "omegaP": 5.0774236101378256e-06
}