{
    "KICp": 93.60305274292756,
    "KINp": 0.02,
    "KlossROSp": 6.109815169404359e-07,
    "Koverflowp": 2.584251607102105e-07,
    "KprodROSp": 4.248755110563218e-08,
    "Mp": 6.86595192378072e-06,
    "VmaxICp": 2.4835465362086145e-05,
    "VmaxINp": 4.860136961539746e-05,
    "gammaDp": 0.1915288543995534,
    "omegaP": 4.313028215019729e-06
}