{
    "KICp": 55.64482942855523,
    "KINp": 0.0112220895548746,
    "KlossROSp": 6.919657597215806e-06,
    "Koverflowp": 1.3431464075719431e-06,
    "KprodROSp": 2.646992626448175e-09,
    "Mp": 3.82783269529205e-06,
    "VmaxICp": 2.698031616908635e-05,
    "VmaxINp": 2.066507753717669e-05,
    "gammaDp": 0.1622178963644734,
    "omegaP": 1.032688448393529e-05
}