{
    "KICp": 51.04499229471631,
    "KINp": 0.02,
    "KlossROSp": 1.956673654786862e-06,
    "Koverflowp": 1.157407407407407e-06,
    "KprodROSp": 1.689709359201247e-09,
    "Mp": 8.017353403333967e-06,
    "VmaxICp": 5.405823460337353e-05,
    "VmaxINp": 4.320497995557115e-05,
    "gammaDp": 0.1405350461717797,
    "omegaP": 5.081967093833491e-05
}