{
    "KICp": 124.53341805744938,
    "KINp": 0.02,
    "KlossROSp": 7.956797913576812e-07,
    "Koverflowp": 1.157407407407407e-06,
    "KprodROSp": 4.696016771488469e-09,
    "Mp": 5.989447457237708e-06,
    "VmaxICp": 4.74721846078614e-05,
    "VmaxINp": 4.317295458224557e-05,
    "gammaDp": 0.8,
    "omegaP": 3.405555555555556e-05
}