{
    "KICp": 3.87584817413178,
    "KINp": 0.0715541369952078,
    "KlossROSp": 6.109815169404359e-07,
    "Koverflowp": 1.3782513117204929e-06,
    "KprodROSp": 2.1652916392028675e-09,
    "Mp": 6.86595192378072e-06,
    "VmaxICp": 2.4835465362086145e-05,
    "VmaxINp": 4.860136961539746e-05,
    "gammaDp": 0.3134582177094829,
    "omegaP": 3.405555555555556e-05
}