{
    "KICp": 6.7404063673147725,
    "KINp": 0.1582908520293199,
    "KlossROSp": 8.477651912686281e-07,
    "Koverflowp": 1.7237964459823346e-06,
    "KprodROSp": 4.488986278042717e-09,
    "Mp": 6.108799992450167e-06,
    "VmaxICp": 4.74721846078614e-05,
    "VmaxINp": 4.317295458224557e-05,
    "gammaDp": 0.8,
    "omegaP": 3.405555555555556e-05
}