{
    "KICp": 173.99330144649716,
    "KINp": 0.0020218479300164,
    "KlossROSp": 3.907975201647279e-06,
    "Koverflowp": 5.440249680958762e-07,
    "KprodROSp": 1.2769230509143352e-08,
    "Mp": 2.5553119953162286e-06,
    "VmaxICp": 4.891320726663317e-05,
    "VmaxINp": 1.819107896632458e-05,
    "gammaDp": 0.5135749774192423,
    "omegaP": 1.806511420180225e-05
}