{
    "KICp": 35.34764058421911,
    "KINp": 0.1077074608561523,
    "KlossROSp": 1.956673654786862e-06,
    "Koverflowp": 1.8620108892032664e-07,
    "KprodROSp": 7.73584542622572e-10,
    "Mp": 5.5256981904379735e-06,
    "VmaxICp": 4.893744988148899e-05,
    "VmaxINp": 3.137167447924317e-05,
    "gammaDp": 0.278587571091295,
    "omegaP": 5.914800636124928e-06
}