{
    "KICp": 47.50169839984312,
    "KINp": 0.0031054989287963,
    "KlossROSp": 7.03334250893103e-07,
    "Koverflowp": 2.037960208827757e-06,
    "KprodROSp": 1.348596963255576e-08,
    "Mp": 2.8198759248620447e-06,
    "VmaxICp": 5.423256638076823e-05,
    "VmaxINp": 2.157598278290241e-05,
    "gammaDp": 0.11401203675037,
    "omegaP": 3.4883497329057586e-05
}