{
    "KICp": 5.106568290024828,
    "KINp": 0.0128983510189324,
    "KlossROSp": 4.337329691549783e-06,
    "Koverflowp": 1.9743437433851253e-07,
    "KprodROSp": 2.9833938638208245e-08,
    "Mp": 7.763010390039215e-06,
    "VmaxICp": 5.479027945391308e-05,
    "VmaxINp": 3.5807843471153834e-05,
    "gammaDp": 0.551690722967035,
    "omegaP": 3.685576014111761e-05
}