{
    "KICp": 87.17750624271744,
    "KINp": 0.0028235447967126,
    "KlossROSp": 9.675757155952028e-07,
    "Koverflowp": 4.55975393421367e-07,
    "KprodROSp": 8.16543912943821e-10,
    "Mp": 7.484655132624439e-06,
    "VmaxICp": 4.79714515174341e-05,
    "VmaxINp": 2.48239398139304e-05,
    "gammaDp": 0.8,
    "omegaP": 3.405555555555556e-05
}