{
    "KICp": 87.8238253522074,
    "KINp": 0.1151912346598792,
    "KlossROSp": 6.680370938494727e-06,
    "Koverflowp": 9.518623324555682e-06,
    "KprodROSp": 2.7743274384037e-08,
    "Mp": 4.55418970602267e-06,
    "VmaxICp": 3.3269796328997924e-05,
    "VmaxINp": 5.2038305955897945e-05,
    "gammaDp": 0.8,
    "omegaP": 3.777497134215453e-06
}