{
    "KICp": 37.0,
    "KINp": 0.0184070557398797,
    "KlossROSp": 1.878106884501889e-05,
    "Koverflowp": 4.952562300375996e-07,
    "KprodROSp": 4.895494464158819e-09,
    "Mp": 2.328872109789685e-06,
    "VmaxICp": 1.4990021895632187e-05,
    "VmaxINp": 5.479782532095226e-05,
    "gammaDp": 0.5493432611743027,
    "omegaP": 3.405555555555556e-05
}