{
    "KICp": 140.91107005108017,
    "KINp": 0.0898232879437238,
    "KlossROSp": 1.878106884501889e-05,
    "Koverflowp": 1.219849741552326e-07,
    "KprodROSp": 8.230802802629714e-10,
    "Mp": 2.328872109789685e-06,
    "VmaxICp": 1.4990021895632187e-05,
    "VmaxINp": 5.479782532095226e-05,
    "gammaDp": 0.716827171184744,
    "omegaP": 3.405555555555556e-05
}