{
    "KICp": 5.509830643381068,
    "KINp": 0.0347406001120657,
    "KlossROSp": 4.533285236998813e-07,
    "Koverflowp": 1.03687332941326e-05,
    "KprodROSp": 3.3741438529991286e-08,
    "Mp": 4.584711164375347e-06,
    "VmaxICp": 4.037457223056232e-05,
    "VmaxINp": 1.6330240120451508e-05,
    "gammaDp": 0.6604102609324973,
    "omegaP": 3.405555555555556e-05
}