{
    "KICp": 7.163156332164751,
    "KINp": 0.02,
    "KlossROSp": 9.434023716908372e-07,
    "Koverflowp": 3.3212177567054324e-06,
    "KprodROSp": 3.320799763973973e-09,
    "Mp": 3.959409749492035e-06,
    "VmaxICp": 3.9468533982107306e-05,
    "VmaxINp": 4.201316725518261e-05,
    "gammaDp": 0.1893270848959214,
    "omegaP": 5.349638934072491e-05
}