{
    "KICp": 37.0,
    "KINp": 0.02,
    "KlossROSp": 2.3837879275994514e-06,
    "Koverflowp": 1.157407407407407e-06,
    "KprodROSp": 2.336204586147852e-08,
    "Mp": 5.428300257704798e-06,
    "VmaxICp": 2.876181815571465e-05,
    "VmaxINp": 5.327324073974163e-05,
    "gammaDp": 0.7115198008922649,
    "omegaP": 3.405555555555556e-05
}