{
    "KICp": 37.794596229945306,
    "KINp": 0.0569938597158274,
    "KlossROSp": 1.3367499861106736e-06,
    "Koverflowp": 2.037960208827757e-06,
    "KprodROSp": 4.283420651936939e-09,
    "Mp": 2.8198759248620447e-06,
    "VmaxICp": 5.423256638076823e-05,
    "VmaxINp": 2.157598278290241e-05,
    "gammaDp": 0.1308636367545178,
    "omegaP": 3.4883497329057586e-05
}