{
    "KICp": 29.933512550052704,
    "KINp": 0.02,
    "KlossROSp": 7.03334250893103e-07,
    "Koverflowp": 2.037960208827757e-06,
    "KprodROSp": 5.951900494012874e-09,
    "Mp": 2.8198759248620447e-06,
    "VmaxICp": 5.423256638076823e-05,
    "VmaxINp": 2.3099649170767103e-05,
    "gammaDp": 0.11401203675037,
    "omegaP": 3.4883497329057586e-05
}