{
    "KICp": 254.8346814912884,
    "KINp": 0.02,
    "KlossROSp": 9.434023716908372e-07,
    "Koverflowp": 2.0267489460870427e-06,
    "KprodROSp": 4.4457325064418e-09,
    "Mp": 3.959409749492035e-06,
    "VmaxICp": 3.9468533982107306e-05,
    "VmaxINp": 4.201316725518261e-05,
    "gammaDp": 0.1893270848959214,
    "omegaP": 1.0548366505177484e-05
}