{
    "KICp": 20.17522700195026,
    "KINp": 0.0212957438654118,
    "KlossROSp": 2.045564493887443e-06,
    "Koverflowp": 1.157407407407407e-06,
    "KprodROSp": 4.696016771488469e-09,
    "Mp": 4.478775013925645e-06,
    "VmaxICp": 4.85957603928452e-05,
    "VmaxINp": 3.066299629072713e-05,
    "gammaDp": 0.1725250297531808,
    "omegaP": 3.89751254988241e-06
}