{
    "KICp": 38.69319228422045,
    "KINp": 0.0212957438654118,
    "KlossROSp": 2.045564493887443e-06,
    "Koverflowp": 1.157407407407407e-06,
    "KprodROSp": 3.303477394569419e-09,
    "Mp": 3.361247408189328e-06,
    "VmaxICp": 4.85957603928452e-05,
    "VmaxINp": 3.066299629072713e-05,
    "gammaDp": 0.5801649165204499,
    "omegaP": 3.405555555555556e-05
}