{
    "KICp": 33.70829445206786,
    "KINp": 0.0503618651604032,
    "KlossROSp": 6.579306016578123e-06,
    "Koverflowp": 1.628063406239616e-07,
    "KprodROSp": 5.357713732135476e-09,
    "Mp": 6.348333152482095e-06,
    "VmaxICp": 2.9467286497261893e-05,
    "VmaxINp": 3.743466211123352e-05,
    "gammaDp": 0.4696408987121254,
    "omegaP": 3.405555555555556e-05
}