{
    "KICp": 106.6005858935962,
    "KINp": 0.0275035284810641,
    "KlossROSp": 2.474580230292315e-07,
    "Koverflowp": 1.157407407407407e-06,
    "KprodROSp": 3.677692325085214e-08,
    "Mp": 7.614050990397038e-07,
    "VmaxICp": 2.0536470752577983e-05,
    "VmaxINp": 5.200467997670756e-05,
    "gammaDp": 0.3511220576965607,
    "omegaP": 3.405555555555556e-05
}