{
    "KICp": 238.0655968166897,
    "KINp": 0.02,
    "KlossROSp": 2.10931960907474e-06,
    "Koverflowp": 3.91583883602744e-06,
    "KprodROSp": 4.696016771488469e-09,
    "Mp": 8.017353403333967e-06,
    "VmaxICp": 5.405823460337353e-05,
    "VmaxINp": 4.320497995557115e-05,
    "gammaDp": 0.3389053227590917,
    "omegaP": 5.081967093833491e-05
}