{
    "KICp": 34.14444523194288,
    "KINp": 0.0023570615753234,
    "KlossROSp": 4.230481041236905e-07,
    "Koverflowp": 1.157407407407407e-06,
    "KprodROSp": 1.0418659777814789e-08,
    "Mp": 2.220030078807348e-06,
    "VmaxICp": 2.522821354333637e-05,
    "VmaxINp": 4.296049995875071e-05,
    "gammaDp": 0.8,
    "omegaP": 1.0277794548316889e-05
}