{
    "KICp": 106.6005858935962,
    "KINp": 0.02,
    "KlossROSp": 2.474580230292315e-07,
    "Koverflowp": 2.1864380530091498e-07,
    "KprodROSp": 3.677692325085214e-08,
    "Mp": 2.436000244757456e-07,
    "VmaxICp": 2.0536470752577983e-05,
    "VmaxINp": 3.0728901579995666e-05,
    "gammaDp": 0.6454269623312383,
    "omegaP": 3.405555555555556e-05
}