{
    "KICp": 37.0,
    "KINp": 0.0167069862658489,
    "KlossROSp": 1.878106884501889e-05,
    "Koverflowp": 6.2016987305983065e-06,
    "KprodROSp": 1.1115919521403554e-08,
    "Mp": 2.328872109789685e-06,
    "VmaxICp": 1.4990021895632187e-05,
    "VmaxINp": 5.479782532095226e-05,
    "gammaDp": 0.8247659632968908,
    "omegaP": 3.405555555555556e-05
}