{
    "KICp": 369.8991599533366,
    "KINp": 0.02,
    "KlossROSp": 6.76576064992326e-07,
    "Koverflowp": 1.157407407407407e-06,
    "KprodROSp": 2.336204586147852e-08,
    "Mp": 5.428300257704798e-06,
    "VmaxICp": 2.876181815571465e-05,
    "VmaxINp": 4.500286028582312e-05,
    "gammaDp": 0.1585279779513294,
    "omegaP": 3.405555555555556e-05
}