{
    "KICp": 7.163156332164751,
    "KINp": 0.02,
    "KlossROSp": 9.434023716908372e-07,
    "Koverflowp": 2.8218101901509588e-06,
    "KprodROSp": 7.56381779358268e-10,
    "Mp": 3.959409749492035e-06,
    "VmaxICp": 3.9468533982107306e-05,
    "VmaxINp": 4.201316725518261e-05,
    "gammaDp": 0.6144973081184103,
    "omegaP": 8.051626516373133e-05
}