{
    "KICp": 198.94897154294176,
    "KINp": 0.0025684185317605,
    "KlossROSp": 2.474580230292315e-07,
    "Koverflowp": 1.157407407407407e-06,
    "KprodROSp": 3.677692325085214e-08,
    "Mp": 1.157407407407407e-06,
    "VmaxICp": 2.0536470752577983e-05,
    "VmaxINp": 5.200467997670756e-05,
    "gammaDp": 0.3934087386386459,
    "omegaP": 3.405555555555556e-05
}