{
    "KICp": 339.86812586993454,
    "KINp": 0.0068717404266212,
    "KlossROSp": 1.956673654786862e-06,
    "Koverflowp": 4.97178314739762e-06,
    "KprodROSp": 5.001709873536505e-10,
    "Mp": 8.462701742894062e-06,
    "VmaxICp": 4.0205364980135496e-05,
    "VmaxINp": 3.4874368947536434e-05,
    "gammaDp": 0.2805749230768503,
    "omegaP": 5.7380596729491085e-06
}