{
    "KICp": 37.0,
    "KINp": 0.1160407924723671,
    "KlossROSp": 3.261709295784965e-06,
    "Koverflowp": 1.3875878799989277e-07,
    "KprodROSp": 7.73584542622572e-10,
    "Mp": 5.5256981904379735e-06,
    "VmaxICp": 4.893744988148899e-05,
    "VmaxINp": 3.137167447924317e-05,
    "gammaDp": 0.278587571091295,
    "omegaP": 2.6401787511818503e-05
}