{
    "KICp": 157.91516090477495,
    "KINp": 0.0765541595746462,
    "KlossROSp": 2.882698521515444e-06,
    "Koverflowp": 1.157407407407407e-06,
    "KprodROSp": 9.918829844146538e-10,
    "Mp": 6.699367956390063e-06,
    "VmaxICp": 5.472762078600605e-05,
    "VmaxINp": 4.583241620914136e-05,
    "gammaDp": 0.3540140907797693,
    "omegaP": 9.934583305524008e-05
}