{
    "KICp": 13.19382024412442,
    "KINp": 0.02,
    "KlossROSp": 1.956228716102673e-06,
    "Koverflowp": 4.846300587692957e-06,
    "KprodROSp": 1.636827561986176e-08,
    "Mp": 6.216567778640941e-06,
    "VmaxICp": 5.25944681413537e-05,
    "VmaxINp": 2.78669642848584e-05,
    "gammaDp": 0.3606442575316442,
    "omegaP": 3.405555555555556e-05
}