{
    "KICp": 92.2237909297202,
    "KINp": 0.1318127841402946,
    "KlossROSp": 4.697055654219832e-07,
    "Koverflowp": 2.971040406910276e-06,
    "KprodROSp": 2.6614375020965627e-08,
    "Mp": 2.0981357119761093e-06,
    "VmaxICp": 2.2440260792913457e-05,
    "VmaxINp": 2.5208039415336768e-05,
    "gammaDp": 0.2800662281591997,
    "omegaP": 1.1636183335738728e-05
}