{
    "KICp": 10.5891709159223,
    "KINp": 0.0174276128178731,
    "KlossROSp": 1.956673654786862e-06,
    "Koverflowp": 1.157407407407407e-06,
    "KprodROSp": 9.25556409676608e-09,
    "Mp": 8.017353403333967e-06,
    "VmaxICp": 3.624358232795864e-05,
    "VmaxINp": 4.320497995557115e-05,
    "gammaDp": 0.3389053227590917,
    "omegaP": 5.081967093833491e-05
}