{
    "KICp": 6.946677680015028,
    "KINp": 0.0053965526428309,
    "KlossROSp": 9.42529662804165e-06,
    "Koverflowp": 1.157407407407407e-06,
    "KprodROSp": 1.1281059634021003e-09,
    "Mp": 2.0981357119761093e-06,
    "VmaxICp": 2.2440260792913457e-05,
    "VmaxINp": 2.5208039415336768e-05,
    "gammaDp": 0.2800662281591997,
    "omegaP": 1.1636183335738728e-05
}