{
    "KICp": 345.4154207752954,
    "KINp": 0.02,
    "KlossROSp": 6.140938906788883e-06,
    "Koverflowp": 3.4275774263098032e-06,
    "KprodROSp": 1.636827561986176e-08,
    "Mp": 6.216567778640941e-06,
    "VmaxICp": 5.25944681413537e-05,
    "VmaxINp": 2.48865446150434e-05,
    "gammaDp": 0.3762564263131925,
    "omegaP": 4.106628861158903e-05
}