{
    "KICp": 136.02673388189143,
    "KINp": 0.002549932550615,
    "KlossROSp": 6.109815169404359e-07,
    "Koverflowp": 1.3782513117204929e-06,
    "KprodROSp": 4.248755110563218e-08,
    "Mp": 4.210083071362453e-07,
    "VmaxICp": 2.4835465362086145e-05,
    "VmaxINp": 4.860136961539746e-05,
    "gammaDp": 0.2867582761371846,
    "omegaP": 3.405555555555556e-05
}