{
    "KICp": 37.0,
    "KINp": 0.08979827463556,
    "KlossROSp": 1.5956493119895476e-06,
    "Koverflowp": 2.3245138843193555e-06,
    "KprodROSp": 6.59642302245377e-10,
    "Mp": 6.582489980162055e-06,
    "VmaxICp": 4.120476807464691e-05,
    "VmaxINp": 1.746653515323567e-05,
    "gammaDp": 0.4526320510166663,
    "omegaP": 7.527109690195727e-06
}