{
    "KICp": 69.95104634255482,
    "KINp": 0.1284415146114365,
    "KlossROSp": 1.956673654786862e-06,
    "Koverflowp": 9.12813694912672e-07,
    "KprodROSp": 4.5733265468717465e-08,
    "Mp": 9.683612503925668e-06,
    "VmaxICp": 4.470706533366232e-05,
    "VmaxINp": 3.042144986378712e-05,
    "gammaDp": 0.1181691892796254,
    "omegaP": 7.350844368609102e-06
}