{
    "KICp": 37.0,
    "KINp": 0.02,
    "KlossROSp": 1.1385467879460636e-05,
    "Koverflowp": 6.263995749033867e-06,
    "KprodROSp": 5.289270539221227e-10,
    "Mp": 4.040141011287944e-06,
    "VmaxICp": 4.747391651950309e-05,
    "VmaxINp": 2.148674672797845e-05,
    "gammaDp": 0.216881321841353,
    "omegaP": 6.353262779202867e-06
}