{
    "KICp": 87.17750624271744,
    "KINp": 0.0062902179120493,
    "KlossROSp": 9.675757155952028e-07,
    "Koverflowp": 2.7385483658233665e-06,
    "KprodROSp": 2.0981609412227555e-09,
    "Mp": 6.13324602341516e-06,
    "VmaxICp": 4.79714515174341e-05,
    "VmaxINp": 2.48239398139304e-05,
    "gammaDp": 0.3796734016297701,
    "omegaP": 3.405555555555556e-05
}