{
    "KICp": 37.0,
    "KINp": 0.002562014107559,
    "KlossROSp": 7.958563150659099e-07,
    "Koverflowp": 4.928316688082085e-06,
    "KprodROSp": 4.030887491835188e-09,
    "Mp": 6.745259635550607e-06,
    "VmaxICp": 3.730539852950068e-05,
    "VmaxINp": 2.585779453016154e-05,
    "gammaDp": 0.8,
    "omegaP": 3.226001338277487e-05
}