{
    "KICp": 37.794596229945306,
    "KINp": 0.0130554813711327,
    "KlossROSp": 5.85114044104272e-06,
    "Koverflowp": 2.037960208827757e-06,
    "KprodROSp": 6.580624332594724e-09,
    "Mp": 2.8198759248620447e-06,
    "VmaxICp": 5.423256638076823e-05,
    "VmaxINp": 2.157598278290241e-05,
    "gammaDp": 0.11401203675037,
    "omegaP": 6.546927594404965e-06
}