{
    "KICp": 55.64482942855523,
    "KINp": 0.0028113614368042,
    "KlossROSp": 9.267945212439603e-06,
    "Koverflowp": 1.157407407407407e-06,
    "KprodROSp": 1.3936238665972651e-08,
    "Mp": 3.82783269529205e-06,
    "VmaxICp": 2.698031616908635e-05,
    "VmaxINp": 2.066507753717669e-05,
    "gammaDp": 0.1622178963644734,
    "omegaP": 1.4667344134266372e-05
}