{
    "KICp": 77.52171132136851,
    "KINp": 0.0425555335687752,
    "KlossROSp": 1.956673654786862e-06,
    "Koverflowp": 3.3490663910200485e-07,
    "KprodROSp": 2.7743274384037e-08,
    "Mp": 4.55418970602267e-06,
    "VmaxICp": 3.3269796328997924e-05,
    "VmaxINp": 1.4011494298334514e-05,
    "gammaDp": 0.8,
    "omegaP": 3.777497134215453e-06
}