{
    "KICp": 60.91281834411525,
    "KINp": 0.0033882698787746,
    "KlossROSp": 1.7418304748707916e-05,
    "Koverflowp": 2.8912861684188688e-06,
    "KprodROSp": 1.5024777914785183e-08,
    "Mp": 8.882607861748731e-06,
    "VmaxICp": 3.382420304790318e-05,
    "VmaxINp": 3.304028326912151e-05,
    "gammaDp": 0.2260127011337564,
    "omegaP": 2.971761302649194e-05
}