{
    "KICp": 58.0059147883826,
    "KINp": 0.1585721766784455,
    "KlossROSp": 1.8084748198138656e-05,
    "Koverflowp": 1.157407407407407e-06,
    "KprodROSp": 2.336204586147852e-08,
    "Mp": 5.428300257704798e-06,
    "VmaxICp": 2.876181815571465e-05,
    "VmaxINp": 4.500286028582312e-05,
    "gammaDp": 0.1756319604369156,
    "omegaP": 3.405555555555556e-05
}