{
    "KICp": 77.52171132136851,
    "KINp": 0.1151912346598792,
    "KlossROSp": 1.956673654786862e-06,
    "Koverflowp": 1.815288915559796e-06,
    "KprodROSp": 3.014775138675782e-08,
    "Mp": 4.55418970602267e-06,
    "VmaxICp": 3.3269796328997924e-05,
    "VmaxINp": 5.2038305955897945e-05,
    "gammaDp": 0.6300193844897789,
    "omegaP": 3.777497134215453e-06
}