{
    "KICp": 5.136391423614581,
    "KINp": 0.0517935361034821,
    "KlossROSp": 2.045564493887443e-06,
    "Koverflowp": 4.159644591011138e-07,
    "KprodROSp": 4.696016771488469e-09,
    "Mp": 3.361247408189328e-06,
    "VmaxICp": 4.85957603928452e-05,
    "VmaxINp": 3.0071865373291665e-05,
    "gammaDp": 0.8,
    "omegaP": 3.405555555555556e-05
}