{
    "KICp": 37.794596229945306,
    "KINp": 0.02,
    "KlossROSp": 7.03334250893103e-07,
    "Koverflowp": 2.037960208827757e-06,
    "KprodROSp": 3.26598973266407e-08,
    "Mp": 2.937240773445035e-06,
    "VmaxICp": 5.513961144468323e-05,
    "VmaxINp": 2.157598278290241e-05,
    "gammaDp": 0.11401203675037,
    "omegaP": 1.5207786565328472e-05
}