{
    "KICp": 16.626165742476125,
    "KINp": 0.0050756024792087,
    "KlossROSp": 1.956673654786862e-06,
    "Koverflowp": 9.12813694912672e-07,
    "KprodROSp": 1.9900569454544537e-08,
    "Mp": 7.423872385079012e-06,
    "VmaxICp": 4.470706533366232e-05,
    "VmaxINp": 3.042144986378712e-05,
    "gammaDp": 0.1181691892796254,
    "omegaP": 6.587547003041406e-06
}