{
    "KICp": 251.63594522191644,
    "KINp": 0.02,
    "KlossROSp": 3.207942182268046e-06,
    "Koverflowp": 1.157407407407407e-06,
    "KprodROSp": 6.402694689720937e-09,
    "Mp": 8.440376610027043e-06,
    "VmaxICp": 3.6737980551849234e-05,
    "VmaxINp": 3.4206502108602496e-05,
    "gammaDp": 0.8,
    "omegaP": 2.5917789959328304e-05
}