{
    "KICp": 94.72433486061544,
    "KINp": 0.0035545584680399,
    "KlossROSp": 1.956673654786862e-06,
    "Koverflowp": 9.12813694912672e-07,
    "KprodROSp": 1.936152572103718e-09,
    "Mp": 7.423872385079012e-06,
    "VmaxICp": 4.470706533366232e-05,
    "VmaxINp": 3.042144986378712e-05,
    "gammaDp": 0.1181691892796254,
    "omegaP": 6.72734980672028e-05
}