{
    "KICp": 206.13643199563745,
    "KINp": 0.0285510957447879,
    "KlossROSp": 1.0171651830579189e-05,
    "Koverflowp": 1.157407407407407e-06,
    "KprodROSp": 1.6382511996972302e-08,
    "Mp": 4.401303067351088e-06,
    "VmaxICp": 3.380302162178759e-05,
    "VmaxINp": 2.4974331020063805e-05,
    "gammaDp": 0.3929314995277047,
    "omegaP": 6.566386108488924e-05
}