{
    "KICp": 15.807866261291093,
    "KINp": 0.0048075820371941,
    "KlossROSp": 9.675757155952028e-07,
    "Koverflowp": 1.6549490969006584e-06,
    "KprodROSp": 9.282461910095707e-10,
    "Mp": 7.484655132624439e-06,
    "VmaxICp": 4.79714515174341e-05,
    "VmaxINp": 2.48239398139304e-05,
    "gammaDp": 0.8,
    "omegaP": 1.055643637631504e-05
}