{
    "KICp": 37.0,
    "KINp": 0.006199328081404,
    "KlossROSp": 7.958563150659099e-07,
    "Koverflowp": 8.872446042093683e-06,
    "KprodROSp": 2.0172394676502772e-08,
    "Mp": 2.887478749921016e-06,
    "VmaxICp": 3.730539852950068e-05,
    "VmaxINp": 2.585779453016154e-05,
    "gammaDp": 0.8,
    "omegaP": 3.226001338277487e-05
}