{
    "KICp": 60.91281834411525,
    "KINp": 0.0341888231750068,
    "KlossROSp": 6.87360798713749e-07,
    "Koverflowp": 2.8912861684188688e-06,
    "KprodROSp": 4.696016771488469e-09,
    "Mp": 8.882607861748731e-06,
    "VmaxICp": 3.382420304790318e-05,
    "VmaxINp": 3.304028326912151e-05,
    "gammaDp": 0.2064571182571573,
    "omegaP": 8.042780656781325e-06
}