{
    "KICp": 7.251318129318984,
    "KINp": 0.0044911973077078,
    "KlossROSp": 1.6336518291964066e-05,
    "Koverflowp": 5.12038025703735e-06,
    "KprodROSp": 4.696016771488469e-09,
    "Mp": 3.512014551413959e-06,
    "VmaxICp": 2.192193615635326e-05,
    "VmaxINp": 2.680624716816153e-05,
    "gammaDp": 0.278354935261669,
    "omegaP": 5.318374272617529e-05
}