{
    "KICp": 13.83159775936762,
    "KINp": 0.02,
    "KlossROSp": 1.956673654786862e-06,
    "Koverflowp": 1.971883209835649e-07,
    "KprodROSp": 1.8317713601502806e-09,
    "Mp": 8.440376610027043e-06,
    "VmaxICp": 3.6737980551849234e-05,
    "VmaxINp": 3.4206502108602496e-05,
    "gammaDp": 0.4860404826942142,
    "omegaP": 3.405555555555556e-05
}