{
    "KICp": 93.60305274292756,
    "KINp": 0.02,
    "KlossROSp": 4.841166441341377e-06,
    "Koverflowp": 1.3782513117204929e-06,
    "KprodROSp": 2.908772834576601e-09,
    "Mp": 6.86595192378072e-06,
    "VmaxICp": 4.206935367240939e-05,
    "VmaxINp": 4.860136961539746e-05,
    "gammaDp": 0.7805051385679173,
    "omegaP": 3.405555555555556e-05
}