{
    "KICp": 5.106568290024828,
    "KINp": 0.0923839991899575,
    "KlossROSp": 4.337329691549783e-06,
    "Koverflowp": 1.019015311730417e-05,
    "KprodROSp": 1.983069268025296e-09,
    "Mp": 7.763010390039215e-06,
    "VmaxICp": 5.479027945391308e-05,
    "VmaxINp": 3.5807843471153834e-05,
    "gammaDp": 0.2901172820489898,
    "omegaP": 3.569395563847113e-05
}