{
    "KICp": 43.91399264627052,
    "KINp": 0.1318127841402946,
    "KlossROSp": 1.4568844519436862e-06,
    "Koverflowp": 1.157407407407407e-06,
    "KprodROSp": 1.1281059634021003e-09,
    "Mp": 3.0437887439324388e-06,
    "VmaxICp": 2.2440260792913457e-05,
    "VmaxINp": 2.5208039415336768e-05,
    "gammaDp": 0.2800662281591997,
    "omegaP": 4.756351940049833e-06
}