{
    "KICp": 37.0,
    "KINp": 0.0506878525727965,
    "KlossROSp": 1.0171651830579189e-05,
    "Koverflowp": 2.584023958063229e-07,
    "KprodROSp": 2.368786135453649e-09,
    "Mp": 4.401303067351088e-06,
    "VmaxICp": 3.380302162178759e-05,
    "VmaxINp": 2.4974331020063805e-05,
    "gammaDp": 0.2077545312630964,
    "omegaP": 6.603348985485121e-06
}