{
    "KICp": 37.0,
    "KINp": 0.1223973961248614,
    "KlossROSp": 8.746873545322042e-07,
    "Koverflowp": 9.253622539167708e-07,
    "KprodROSp": 1.6787373856162622e-08,
    "Mp": 3.56817516609871e-06,
    "VmaxICp": 4.120476807464691e-05,
    "VmaxINp": 1.746653515323567e-05,
    "gammaDp": 0.8754318175319232,
    "omegaP": 2.820627712133529e-05
}