{
    "KICp": 170.28633397862814,
    "KINp": 0.02,
    "KlossROSp": 6.109815169404359e-07,
    "Koverflowp": 1.3782513117204929e-06,
    "KprodROSp": 4.248755110563218e-08,
    "Mp": 7.428409483358981e-07,
    "VmaxICp": 2.780222032095001e-05,
    "VmaxINp": 4.860136961539746e-05,
    "gammaDp": 0.2867582761371846,
    "omegaP": 3.405555555555556e-05
}