{
    "KICp": 145.58203090991617,
    "KINp": 0.0121617464936599,
    "KlossROSp": 1.9844102140372335e-07,
    "Koverflowp": 1.157407407407407e-06,
    "KprodROSp": 3.0333001774756825e-08,
    "Mp": 1.157407407407407e-06,
    "VmaxICp": 3.6862854252684094e-05,
    "VmaxINp": 1.1111820760265586e-05,
    "gammaDp": 0.1798581054681318,
    "omegaP": 3.405555555555556e-05
}