{
    "KICp": 38.79345186303702,
    "KINp": 0.09353708862523,
    "KlossROSp": 6.109815169404359e-07,
    "Koverflowp": 6.910473094806636e-07,
    "KprodROSp": 4.248755110563218e-08,
    "Mp": 3.164215616017005e-07,
    "VmaxICp": 2.4835465362086145e-05,
    "VmaxINp": 4.860136961539746e-05,
    "gammaDp": 0.2867582761371846,
    "omegaP": 3.405555555555556e-05
}