{
    "KICp": 55.64482942855523,
    "KINp": 0.0052509672912252,
    "KlossROSp": 3.535896429786087e-07,
    "Koverflowp": 4.437278650013848e-07,
    "KprodROSp": 2.646992626448175e-09,
    "Mp": 3.82783269529205e-06,
    "VmaxICp": 2.4262793618099147e-05,
    "VmaxINp": 2.066507753717669e-05,
    "gammaDp": 0.1622178963644734,
    "omegaP": 1.2435681513718506e-05
}