{
    "KICp": 37.0,
    "KINp": 0.1223973961248614,
    "KlossROSp": 1.0810219935075912e-05,
    "Koverflowp": 9.397161044390432e-07,
    "KprodROSp": 1.5662402289467711e-09,
    "Mp": 3.56817516609871e-06,
    "VmaxICp": 4.120476807464691e-05,
    "VmaxINp": 1.746653515323567e-05,
    "gammaDp": 0.4526320510166663,
    "omegaP": 2.820627712133529e-05
}