{
    "KICp": 129.0753042513287,
    "KINp": 0.1453470892895254,
    "KlossROSp": 2.6410844060164074e-06,
    "Koverflowp": 6.66252005449867e-06,
    "KprodROSp": 4.696016771488469e-09,
    "Mp": 5.574377667451342e-06,
    "VmaxICp": 3.697962616582305e-05,
    "VmaxINp": 5.260969931238668e-05,
    "gammaDp": 0.1978098203096502,
    "omegaP": 3.1422659601825204e-05
}