{
    "KICp": 15.087499649308942,
    "KINp": 0.0126244445844089,
    "KlossROSp": 2.495001523957946e-07,
    "Koverflowp": 9.546807879240022e-06,
    "KprodROSp": 1.0639360731756618e-08,
    "Mp": 4.16078124278071e-06,
    "VmaxICp": 4.396402113887621e-05,
    "VmaxINp": 1.8804111930164232e-05,
    "gammaDp": 0.831381119282205,
    "omegaP": 6.3051989352049085e-06
}