{
    "KICp": 37.0,
    "KINp": 0.02,
    "KlossROSp": 1.8008649752991507e-05,
    "Koverflowp": 1.157407407407407e-06,
    "KprodROSp": 2.368786135453649e-09,
    "Mp": 2.846892038819582e-06,
    "VmaxICp": 3.380302162178759e-05,
    "VmaxINp": 2.4974331020063805e-05,
    "gammaDp": 0.3929314995277047,
    "omegaP": 8.351183170979378e-05
}