{
    "KICp": 37.794596229945306,
    "KINp": 0.158917621527857,
    "KlossROSp": 7.03334250893103e-07,
    "Koverflowp": 4.778690371691333e-07,
    "KprodROSp": 4.123038744189999e-09,
    "Mp": 2.8198759248620447e-06,
    "VmaxICp": 5.423256638076823e-05,
    "VmaxINp": 2.157598278290241e-05,
    "gammaDp": 0.6719226192985794,
    "omegaP": 3.4883497329057586e-05
}