{
    "KICp": 37.0,
    "KINp": 0.0062672092338231,
    "KlossROSp": 7.958563150659099e-07,
    "Koverflowp": 4.824173578863897e-06,
    "KprodROSp": 2.4062021088193882e-08,
    "Mp": 1.6348794076552117e-06,
    "VmaxICp": 3.730539852950068e-05,
    "VmaxINp": 2.585779453016154e-05,
    "gammaDp": 0.8,
    "omegaP": 3.226001338277487e-05
}