{
    "KICp": 6.7404063673147725,
    "KINp": 0.02,
    "KlossROSp": 1.956673654786862e-06,
    "Koverflowp": 1.157407407407407e-06,
    "KprodROSp": 3.9918681662634805e-09,
    "Mp": 6.108799992450167e-06,
    "VmaxICp": 4.74721846078614e-05,
    "VmaxINp": 1.7644236811321924e-05,
    "gammaDp": 0.4951634424441419,
    "omegaP": 1.937880251699279e-05
}