{
    "KICp": 6.7404063673147725,
    "KINp": 0.02,
    "KlossROSp": 1.956673654786862e-06,
    "Koverflowp": 1.157407407407407e-06,
    "KprodROSp": 4.696016771488469e-09,
    "Mp": 6.108799992450167e-06,
    "VmaxICp": 4.74721846078614e-05,
    "VmaxINp": 4.534798960720103e-05,
    "gammaDp": 0.2758198400132871,
    "omegaP": 2.94536258355419e-05
}