{
    "KICp": 37.0,
    "KINp": 0.148429647446179,
    "KlossROSp": 9.746723450626723e-07,
    "Koverflowp": 6.66252005449867e-06,
    "KprodROSp": 4.696016771488469e-09,
    "Mp": 5.574377667451342e-06,
    "VmaxICp": 3.697962616582305e-05,
    "VmaxINp": 2.276134660378112e-05,
    "gammaDp": 0.3765847297509619,
    "omegaP": 3.064020671688265e-05
}