{
    "KICp": 46.6371505948109,
    "KINp": 0.0022642906181661,
    "KlossROSp": 7.958563150659099e-07,
    "Koverflowp": 9.932205216372176e-06,
    "KprodROSp": 2.4062021088193882e-08,
    "Mp": 2.887478749921016e-06,
    "VmaxICp": 3.730539852950068e-05,
    "VmaxINp": 2.585779453016154e-05,
    "gammaDp": 0.8,
    "omegaP": 3.226001338277487e-05
}