{
    "KICp": 11.267227839800436,
    "KINp": 0.0887368564624077,
    "KlossROSp": 1.956673654786862e-06,
    "Koverflowp": 2.806199141739079e-07,
    "KprodROSp": 1.7102676283226232e-09,
    "Mp": 8.462701742894062e-06,
    "VmaxICp": 4.0205364980135496e-05,
    "VmaxINp": 3.4874368947536434e-05,
    "gammaDp": 0.2805749230768503,
    "omegaP": 3.405555555555556e-05
}