{
    "KICp": 7.251318129318984,
    "KINp": 0.0394935049128657,
    "KlossROSp": 1.6336518291964066e-05,
    "Koverflowp": 3.503384384807844e-07,
    "KprodROSp": 1.2627742440885777e-08,
    "Mp": 3.512014551413959e-06,
    "VmaxICp": 2.192193615635326e-05,
    "VmaxINp": 2.92370940275368e-05,
    "gammaDp": 0.3418383489441151,
    "omegaP": 7.311397153213548e-05
}