{
    "KICp": 82.95280405388084,
    "KINp": 0.0046053907675131,
    "KlossROSp": 3.239252651477968e-07,
    "Koverflowp": 8.0974679465604e-07,
    "KprodROSp": 1.7043052124312993e-08,
    "Mp": 3.0344799558589813e-06,
    "VmaxICp": 4.782494288108444e-05,
    "VmaxINp": 2.212192048500672e-05,
    "gammaDp": 0.1494331777447301,
    "omegaP": 7.785539988483762e-06
}