{
    "KICp": 37.0,
    "KINp": 0.0133059614878344,
    "KlossROSp": 1.8371219886680143e-06,
    "Koverflowp": 5.782172345639018e-07,
    "KprodROSp": 4.696016771488469e-09,
    "Mp": 2.328872109789685e-06,
    "VmaxICp": 1.4990021895632187e-05,
    "VmaxINp": 5.479782532095226e-05,
    "gammaDp": 0.716827171184744,
    "omegaP": 5.04418608621758e-06
}