{
    "KICp": 5.106568290024828,
    "KINp": 0.1366140059276732,
    "KlossROSp": 1.500114052618626e-05,
    "Koverflowp": 1.157407407407407e-06,
    "KprodROSp": 7.345361627438035e-09,
    "Mp": 7.763010390039215e-06,
    "VmaxICp": 5.479027945391308e-05,
    "VmaxINp": 3.5807843471153834e-05,
    "gammaDp": 0.8053548924050993,
    "omegaP": 1.641277801166819e-05
}