{
    "KICp": 13.623597476797617,
    "KINp": 0.0128983510189324,
    "KlossROSp": 4.337329691549783e-06,
    "Koverflowp": 2.613889679929351e-06,
    "KprodROSp": 7.345361627438035e-09,
    "Mp": 7.763010390039215e-06,
    "VmaxICp": 3.272022852456892e-05,
    "VmaxINp": 3.5807843471153834e-05,
    "gammaDp": 0.2352822864597948,
    "omegaP": 1.641277801166819e-05
}