{
    "KICp": 3.976773572399521,
    "KINp": 0.1116843763571849,
    "KlossROSp": 1.956673654786862e-06,
    "Koverflowp": 1.960499231067088e-07,
    "KprodROSp": 1.5031786199716286e-09,
    "Mp": 8.440376610027043e-06,
    "VmaxICp": 3.6737980551849234e-05,
    "VmaxINp": 3.4206502108602496e-05,
    "gammaDp": 0.8,
    "omegaP": 3.405555555555556e-05
}