{
    "KICp": 7.903661360097775,
    "KINp": 0.0212957438654118,
    "KlossROSp": 4.300095320832353e-06,
    "Koverflowp": 3.0560938408508365e-07,
    "KprodROSp": 4.696016771488469e-09,
    "Mp": 3.361247408189328e-06,
    "VmaxICp": 4.85957603928452e-05,
    "VmaxINp": 3.066299629072713e-05,
    "gammaDp": 0.8,
    "omegaP": 3.405555555555556e-05
}