{
    "KICp": 126.77173406908388,
    "KINp": 0.0887368564624077,
    "KlossROSp": 1.4468434454779646e-05,
    "Koverflowp": 4.97178314739762e-06,
    "KprodROSp": 5.001709873536505e-10,
    "Mp": 8.462701742894062e-06,
    "VmaxICp": 5.384935149382783e-05,
    "VmaxINp": 3.0013579336068324e-05,
    "gammaDp": 0.2805749230768503,
    "omegaP": 3.405555555555556e-05
}