{
    "KICp": 37.0,
    "KINp": 0.0315596601602434,
    "KlossROSp": 1.5765925793019606e-06,
    "Koverflowp": 8.713214472930093e-07,
    "KprodROSp": 2.843281466626685e-08,
    "Mp": 1.6284379681668674e-06,
    "VmaxICp": 2.1312320336373382e-05,
    "VmaxINp": 3.618041918551082e-05,
    "gammaDp": 0.1490513657649795,
    "omegaP": 3.405555555555556e-05
}