{
    "KICp": 37.0,
    "KINp": 0.02,
    "KlossROSp": 1.6753157044082382e-06,
    "Koverflowp": 1.157407407407407e-06,
    "KprodROSp": 8.34266805856316e-09,
    "Mp": 4.040141011287944e-06,
    "VmaxICp": 2.2377336138228115e-05,
    "VmaxINp": 2.148674672797845e-05,
    "gammaDp": 0.4121317852544442,
    "omegaP": 5.163139695114371e-06
}