{
    "KICp": 93.60305274292756,
    "KINp": 0.0077502347966712,
    "KlossROSp": 6.109815169404359e-07,
    "Koverflowp": 1.3782513117204929e-06,
    "KprodROSp": 4.248755110563218e-08,
    "Mp": 6.2942039363491255e-06,
    "VmaxICp": 2.4835465362086145e-05,
    "VmaxINp": 4.860136961539746e-05,
    "gammaDp": 0.2867582761371846,
    "omegaP": 9.88195707048492e-06
}