{
    "KICp": 37.0,
    "KINp": 0.0081616173042499,
    "KlossROSp": 4.726212476362867e-06,
    "Koverflowp": 3.5634217092493257e-07,
    "KprodROSp": 7.719478184557001e-09,
    "Mp": 6.159401079120232e-06,
    "VmaxICp": 4.987401030052069e-05,
    "VmaxINp": 5.222871340936141e-05,
    "gammaDp": 0.2048426991808594,
    "omegaP": 9.725542193282356e-05
}