{
    "KICp": 37.0,
    "KINp": 0.0022425453011933,
    "KlossROSp": 3.820412987070856e-07,
    "Koverflowp": 5.92407954111854e-07,
    "KprodROSp": 2.4062021088193882e-08,
    "Mp": 2.887478749921016e-06,
    "VmaxICp": 3.730539852950068e-05,
    "VmaxINp": 3.5084529651019933e-05,
    "gammaDp": 0.8,
    "omegaP": 1.5721216648950347e-05
}