{
    "KICp": 37.0,
    "KINp": 0.0081616173042499,
    "KlossROSp": 9.012145576006796e-06,
    "Koverflowp": 1.2006172471498388e-07,
    "KprodROSp": 1.173231766518806e-09,
    "Mp": 4.5095729261278506e-06,
    "VmaxICp": 4.987401030052069e-05,
    "VmaxINp": 2.733576162006033e-05,
    "gammaDp": 0.1150639806943557,
    "omegaP": 9.725542193282356e-05
}