{
    "KICp": 7.163156332164751,
    "KINp": 0.02,
    "KlossROSp": 9.434023716908372e-07,
    "Koverflowp": 5.390642924306594e-06,
    "KprodROSp": 7.56381779358268e-10,
    "Mp": 7.449374067272497e-06,
    "VmaxICp": 3.9468533982107306e-05,
    "VmaxINp": 4.201316725518261e-05,
    "gammaDp": 0.1893270848959214,
    "omegaP": 3.137790984644613e-05
}