{
    "KICp": 251.63594522191644,
    "KINp": 0.02,
    "KlossROSp": 1.0357053630934777e-06,
    "Koverflowp": 9.264051943815346e-07,
    "KprodROSp": 1.8317713601502806e-09,
    "Mp": 8.440376610027043e-06,
    "VmaxICp": 3.6737980551849234e-05,
    "VmaxINp": 2.81323527985656e-05,
    "gammaDp": 0.8,
    "omegaP": 1.4694163738933111e-05
}