{
    "KICp": 100.73410269823611,
    "KINp": 0.0243060551255598,
    "KlossROSp": 2.8145620501764064e-06,
    "Koverflowp": 1.157407407407407e-06,
    "KprodROSp": 4.696016771488469e-09,
    "Mp": 8.017353403333967e-06,
    "VmaxICp": 5.405823460337353e-05,
    "VmaxINp": 4.898458376576196e-05,
    "gammaDp": 0.3389053227590917,
    "omegaP": 5.081967093833491e-05
}