{
    "KICp": 246.3785796835349,
    "KINp": 0.02,
    "KlossROSp": 1.956673654786862e-06,
    "Koverflowp": 3.828431979134048e-07,
    "KprodROSp": 4.696016771488469e-09,
    "Mp": 6.108799992450167e-06,
    "VmaxICp": 4.74721846078614e-05,
    "VmaxINp": 5.4275411176145023e-05,
    "gammaDp": 0.8,
    "omegaP": 3.405555555555556e-05
}