{
    "KICp": 87.28217180294347,
    "KINp": 0.0260485480098307,
    "KlossROSp": 5.79867870973245e-06,
    "Koverflowp": 2.8912861684188688e-06,
    "KprodROSp": 4.696016771488469e-09,
    "Mp": 8.882607861748731e-06,
    "VmaxICp": 3.382420304790318e-05,
    "VmaxINp": 3.304028326912151e-05,
    "gammaDp": 0.2064571182571573,
    "omegaP": 2.971761302649194e-05
}