{
    "KICp": 20.17522700195026,
    "KINp": 0.0212957438654118,
    "KlossROSp": 2.045564493887443e-06,
    "Koverflowp": 1.157407407407407e-06,
    "KprodROSp": 4.909636011190146e-09,
    "Mp": 1.067971305177253e-05,
    "VmaxICp": 4.85957603928452e-05,
    "VmaxINp": 3.066299629072713e-05,
    "gammaDp": 0.8,
    "omegaP": 3.529198905316182e-06
}