{
    "KICp": 60.91281834411525,
    "KINp": 0.0033882698787746,
    "KlossROSp": 5.596626863946328e-07,
    "Koverflowp": 1.8938272395336744e-06,
    "KprodROSp": 4.696016771488469e-09,
    "Mp": 8.882607861748731e-06,
    "VmaxICp": 3.382420304790318e-05,
    "VmaxINp": 3.304028326912151e-05,
    "gammaDp": 0.1528510030020714,
    "omegaP": 2.971761302649194e-05
}