{
    "KICp": 60.91281834411525,
    "KINp": 0.0698180487769296,
    "KlossROSp": 2.3274074356780925e-07,
    "Koverflowp": 4.489216468289504e-07,
    "KprodROSp": 4.696016771488469e-09,
    "Mp": 8.882607861748731e-06,
    "VmaxICp": 3.382420304790318e-05,
    "VmaxINp": 3.304028326912151e-05,
    "gammaDp": 0.2454453864358765,
    "omegaP": 2.971761302649194e-05
}