{
    "KICp": 7.8423947273647965,
    "KINp": 0.0020218479300164,
    "KlossROSp": 7.736820836962683e-06,
    "Koverflowp": 4.584143660209279e-06,
    "KprodROSp": 4.696016771488469e-09,
    "Mp": 2.5553119953162286e-06,
    "VmaxICp": 3.202349309150452e-05,
    "VmaxINp": 1.819107896632458e-05,
    "gammaDp": 0.5135749774192423,
    "omegaP": 1.2646824053754796e-05
}