{
    "KICp": 37.0,
    "KINp": 0.0020218479300164,
    "KlossROSp": 1.1896049337784218e-06,
    "Koverflowp": 4.584143660209279e-06,
    "KprodROSp": 2.6578421996352595e-09,
    "Mp": 2.5553119953162286e-06,
    "VmaxICp": 4.891320726663317e-05,
    "VmaxINp": 1.819107896632458e-05,
    "gammaDp": 0.3253535786314399,
    "omegaP": 3.910721340808256e-05
}