{
    "KICp": 15.087499649308942,
    "KINp": 0.0126244445844089,
    "KlossROSp": 3.147736516999474e-07,
    "Koverflowp": 1.223815070397741e-07,
    "KprodROSp": 1.4268369504629417e-08,
    "Mp": 1.157407407407407e-06,
    "VmaxICp": 4.8936510310475945e-05,
    "VmaxINp": 1.8804111930164232e-05,
    "gammaDp": 0.1964274420142616,
    "omegaP": 3.176275285936053e-05
}