{
    "KICp": 15.087499649308942,
    "KINp": 0.0161093972131736,
    "KlossROSp": 3.147736516999474e-07,
    "Koverflowp": 9.546807879240022e-06,
    "KprodROSp": 1.2374649477599012e-08,
    "Mp": 3.796774346619153e-06,
    "VmaxICp": 4.396402113887621e-05,
    "VmaxINp": 1.8804111930164232e-05,
    "gammaDp": 0.7645705323185434,
    "omegaP": 3.176275285936053e-05
}