{
    "KICp": 37.0,
    "KINp": 0.02,
    "KlossROSp": 2.3039126362741496e-06,
    "Koverflowp": 1.157407407407407e-06,
    "KprodROSp": 6.704469312294525e-10,
    "Mp": 7.058249908272119e-06,
    "VmaxICp": 2.876181815571465e-05,
    "VmaxINp": 4.500286028582312e-05,
    "gammaDp": 0.2669596200526273,
    "omegaP": 3.405555555555556e-05
}