{
    "KICp": 37.0,
    "KINp": 0.0435428404782453,
    "KlossROSp": 7.792840064800131e-07,
    "Koverflowp": 1.157407407407407e-06,
    "KprodROSp": 5.667600599238667e-09,
    "Mp": 5.428300257704798e-06,
    "VmaxICp": 2.876181815571465e-05,
    "VmaxINp": 4.500286028582312e-05,
    "gammaDp": 0.2669596200526273,
    "omegaP": 8.522407039633287e-06
}