{
    "KICp": 123.12895910088665,
    "KINp": 0.02,
    "KlossROSp": 1.0171651830579189e-05,
    "Koverflowp": 2.45212126728644e-07,
    "KprodROSp": 2.368786135453649e-09,
    "Mp": 4.401303067351088e-06,
    "VmaxICp": 3.380302162178759e-05,
    "VmaxINp": 2.4974331020063805e-05,
    "gammaDp": 0.330556939534303,
    "omegaP": 6.566386108488924e-05
}