{
    "KICp": 129.38513599594376,
    "KINp": 0.02,
    "KlossROSp": 6.579306016578123e-06,
    "Koverflowp": 1.2622224852886805e-07,
    "KprodROSp": 2.0605688316187522e-08,
    "Mp": 6.348333152482095e-06,
    "VmaxICp": 2.2733005805849563e-05,
    "VmaxINp": 3.743466211123352e-05,
    "gammaDp": 0.7118145215354601,
    "omegaP": 3.405555555555556e-05
}