{
    "KICp": 140.67768342934,
    "KINp": 0.1702094643441335,
    "KlossROSp": 2.12948770616825e-06,
    "Koverflowp": 9.546807879240022e-06,
    "KprodROSp": 1.4268369504629417e-08,
    "Mp": 2.1223178624801154e-06,
    "VmaxICp": 4.396402113887621e-05,
    "VmaxINp": 1.8804111930164232e-05,
    "gammaDp": 0.831381119282205,
    "omegaP": 3.176275285936053e-05
}