{
    "KICp": 37.0,
    "KINp": 0.1160407924723671,
    "KlossROSp": 6.961019263774306e-07,
    "Koverflowp": 1.783582421023005e-06,
    "KprodROSp": 1.2642026855697576e-08,
    "Mp": 5.5256981904379735e-06,
    "VmaxICp": 2.928588797738654e-05,
    "VmaxINp": 3.137167447924317e-05,
    "gammaDp": 0.549135063907362,
    "omegaP": 2.162540774052541e-05
}