{
    "KICp": 37.0,
    "KINp": 0.02,
    "KlossROSp": 1.9898730810792195e-06,
    "Koverflowp": 4.532927482194919e-06,
    "KprodROSp": 2.368786135453649e-09,
    "Mp": 4.401303067351088e-06,
    "VmaxICp": 3.380302162178759e-05,
    "VmaxINp": 2.4974331020063805e-05,
    "gammaDp": 0.5583725690594754,
    "omegaP": 5.532602012007129e-06
}