{
    "KICp": 15.087499649308942,
    "KINp": 0.0033296856130137,
    "KlossROSp": 3.5608004984555415e-07,
    "Koverflowp": 9.546807879240022e-06,
    "KprodROSp": 1.6172364604348743e-09,
    "Mp": 4.612544455671458e-06,
    "VmaxICp": 4.396402113887621e-05,
    "VmaxINp": 1.8804111930164232e-05,
    "gammaDp": 0.831381119282205,
    "omegaP": 3.176275285936053e-05
}