{
    "KICp": 244.966634899528,
    "KINp": 0.1318127841402946,
    "KlossROSp": 1.3964622296612089e-05,
    "Koverflowp": 1.157407407407407e-06,
    "KprodROSp": 1.1281059634021003e-09,
    "Mp": 2.0981357119761093e-06,
    "VmaxICp": 2.2440260792913457e-05,
    "VmaxINp": 3.422552465935341e-05,
    "gammaDp": 0.2800662281591997,
    "omegaP": 1.1636183335738728e-05
}