{
    "KICp": 106.6005858935962,
    "KINp": 0.0111644936567343,
    "KlossROSp": 2.474580230292315e-07,
    "Koverflowp": 1.3797769798110249e-06,
    "KprodROSp": 3.677692325085214e-08,
    "Mp": 1.6467651606882828e-06,
    "VmaxICp": 2.0536470752577983e-05,
    "VmaxINp": 5.200467997670756e-05,
    "gammaDp": 0.4040926176252701,
    "omegaP": 3.405555555555556e-05
}