{
    "KICp": 37.0,
    "KINp": 0.0021793685700758,
    "KlossROSp": 2.786808714150276e-06,
    "Koverflowp": 1.157407407407407e-06,
    "KprodROSp": 4.912015551231672e-09,
    "Mp": 6.699367956390063e-06,
    "VmaxICp": 5.472762078600605e-05,
    "VmaxINp": 4.583241620914136e-05,
    "gammaDp": 0.1522713302169227,
    "omegaP": 9.934583305524008e-05
}