{
    "KICp": 251.63594522191644,
    "KINp": 0.02,
    "KlossROSp": 4.020352086389712e-07,
    "Koverflowp": 1.157407407407407e-06,
    "KprodROSp": 1.8317713601502806e-09,
    "Mp": 8.440376610027043e-06,
    "VmaxICp": 3.6737980551849234e-05,
    "VmaxINp": 3.4206502108602496e-05,
    "gammaDp": 0.3636925625871534,
    "omegaP": 1.3995210242382742e-05
}