{
    "KICp": 124.43135904445737,
    "KINp": 0.0128983510189324,
    "KlossROSp": 4.337329691549783e-06,
    "Koverflowp": 3.542257055791245e-06,
    "KprodROSp": 9.270652309975238e-09,
    "Mp": 7.649002841648059e-06,
    "VmaxICp": 5.479027945391308e-05,
    "VmaxINp": 3.5807843471153834e-05,
    "gammaDp": 0.2901172820489898,
    "omegaP": 1.641277801166819e-05
}