{
    "KICp": 37.0,
    "KINp": 0.0020278556537766,
    "KlossROSp": 6.154417730464358e-07,
    "Koverflowp": 1.157407407407407e-06,
    "KprodROSp": 1.19176057241317e-08,
    "Mp": 1.6284379681668674e-06,
    "VmaxICp": 2.1312320336373382e-05,
    "VmaxINp": 5.479608299284087e-05,
    "gammaDp": 0.8,
    "omegaP": 3.405555555555556e-05
}