{
    "KICp": 276.39818878968083,
    "KINp": 0.0061799667345759,
    "KlossROSp": 4.337329691549783e-06,
    "Koverflowp": 1.157407407407407e-06,
    "KprodROSp": 7.345361627438035e-09,
    "Mp": 7.763010390039215e-06,
    "VmaxICp": 3.861951937024207e-05,
    "VmaxINp": 3.5807843471153834e-05,
    "gammaDp": 0.2901172820489898,
    "omegaP": 1.641277801166819e-05
}