{
    "KICp": 116.58841571234797,
    "KINp": 0.148429647446179,
    "KlossROSp": 6.808490433381977e-06,
    "Koverflowp": 2.173693323087762e-06,
    "KprodROSp": 3.1066622593371886e-08,
    "Mp": 5.574377667451342e-06,
    "VmaxICp": 3.697962616582305e-05,
    "VmaxINp": 5.260969931238668e-05,
    "gammaDp": 0.1317877609207549,
    "omegaP": 5.0774236101378256e-06
}