{
    "KICp": 89.07805136172665,
    "KINp": 0.0020218479300164,
    "KlossROSp": 1.0615299347755352e-05,
    "Koverflowp": 4.584143660209279e-06,
    "KprodROSp": 5.273797832299445e-09,
    "Mp": 7.879051628551657e-06,
    "VmaxICp": 4.891320726663317e-05,
    "VmaxINp": 1.819107896632458e-05,
    "gammaDp": 0.5135749774192423,
    "omegaP": 1.2646824053754796e-05
}