{
    "KICp": 57.26615094214578,
    "KINp": 0.0259749179001744,
    "KlossROSp": 1.9844102140372335e-07,
    "Koverflowp": 5.116528380240779e-07,
    "KprodROSp": 3.0333001774756825e-08,
    "Mp": 1.157407407407407e-06,
    "VmaxICp": 3.6862854252684094e-05,
    "VmaxINp": 1.63506280107956e-05,
    "gammaDp": 0.8,
    "omegaP": 3.405555555555556e-05
}