{
    "KICp": 35.516398410988586,
    "KINp": 0.02,
    "KlossROSp": 6.579306016578123e-06,
    "Koverflowp": 1.0231780287560936e-05,
    "KprodROSp": 5.357713732135476e-09,
    "Mp": 2.690126922738578e-06,
    "VmaxICp": 2.9467286497261893e-05,
    "VmaxINp": 3.743466211123352e-05,
    "gammaDp": 0.7118145215354601,
    "omegaP": 4.165294147666872e-05
}