{
    "KICp": 106.6005858935962,
    "KINp": 0.0028513463185086,
    "KlossROSp": 2.474580230292315e-07,
    "Koverflowp": 1.157407407407407e-06,
    "KprodROSp": 3.677692325085214e-08,
    "Mp": 1.157407407407407e-06,
    "VmaxICp": 2.1018970575065773e-05,
    "VmaxINp": 5.200467997670756e-05,
    "gammaDp": 0.8,
    "omegaP": 4.052959457418349e-05
}