{
    "KICp": 62.087637455125,
    "KINp": 0.1661910722082414,
    "KlossROSp": 1.4796556103345158e-05,
    "Koverflowp": 1.157407407407407e-06,
    "KprodROSp": 1.0418659777814789e-08,
    "Mp": 2.220030078807348e-06,
    "VmaxICp": 1.8521764903500464e-05,
    "VmaxINp": 4.296049995875071e-05,
    "gammaDp": 0.8,
    "omegaP": 3.405555555555556e-05
}