{
    "KICp": 20.17522700195026,
    "KINp": 0.0161604532565332,
    "KlossROSp": 2.045564493887443e-06,
    "Koverflowp": 1.157407407407407e-06,
    "KprodROSp": 4.696016771488469e-09,
    "Mp": 3.361247408189328e-06,
    "VmaxICp": 4.85957603928452e-05,
    "VmaxINp": 3.066299629072713e-05,
    "gammaDp": 0.2258654952808867,
    "omegaP": 7.213897613094038e-05
}