{
    "KICp": 37.0,
    "KINp": 0.0085873178165886,
    "KlossROSp": 2.326631902469261e-07,
    "Koverflowp": 1.3253189655755493e-06,
    "KprodROSp": 4.912015551231672e-09,
    "Mp": 1.3364464118118266e-06,
    "VmaxICp": 5.472762078600605e-05,
    "VmaxINp": 4.583241620914136e-05,
    "gammaDp": 0.1823105201646758,
    "omegaP": 9.934583305524008e-05
}