{
    "KICp": 150.14888397672496,
    "KINp": 0.0077719558959471,
    "KlossROSp": 4.230481041236905e-07,
    "Koverflowp": 1.157407407407407e-06,
    "KprodROSp": 1.0418659777814789e-08,
    "Mp": 2.220030078807348e-06,
    "VmaxICp": 1.8521764903500464e-05,
    "VmaxINp": 5.056355705958069e-05,
    "gammaDp": 0.1238850746790221,
    "omegaP": 3.405555555555556e-05
}