{
    "KICp": 55.64482942855523,
    "KINp": 0.1670055386201496,
    "KlossROSp": 3.535896429786087e-07,
    "Koverflowp": 1.3798307620567864e-07,
    "KprodROSp": 8.73827163416214e-10,
    "Mp": 3.82783269529205e-06,
    "VmaxICp": 2.698031616908635e-05,
    "VmaxINp": 1.7270471212248287e-05,
    "gammaDp": 0.1622178963644734,
    "omegaP": 1.4667344134266372e-05
}