{
    "KICp": 37.0,
    "KINp": 0.0288959997871852,
    "KlossROSp": 1.9844102140372335e-07,
    "Koverflowp": 7.3680323812526e-06,
    "KprodROSp": 3.0333001774756825e-08,
    "Mp": 1.2283364697053386e-07,
    "VmaxICp": 3.6862854252684094e-05,
    "VmaxINp": 1.1111820760265586e-05,
    "gammaDp": 0.1366881457740963,
    "omegaP": 3.405555555555556e-05
}