{
    "KICp": 353.9694599430068,
    "KINp": 0.02,
    "KlossROSp": 1.0171651830579189e-05,
    "Koverflowp": 2.4962304562880216e-06,
    "KprodROSp": 2.368786135453649e-09,
    "Mp": 4.401303067351088e-06,
    "VmaxICp": 3.380302162178759e-05,
    "VmaxINp": 2.4974331020063805e-05,
    "gammaDp": 0.1317749166842773,
    "omegaP": 6.566386108488924e-05
}