{
    "KICp": 7.251318129318984,
    "KINp": 0.0093256719341462,
    "KlossROSp": 1.6336518291964066e-05,
    "Koverflowp": 3.503384384807844e-07,
    "KprodROSp": 2.482734281168543e-09,
    "Mp": 3.512014551413959e-06,
    "VmaxICp": 3.008050970585685e-05,
    "VmaxINp": 2.680624716816153e-05,
    "gammaDp": 0.6651112096964694,
    "omegaP": 1.8461171399349383e-05
}