{
    "KICp": 41.10019170692348,
    "KINp": 0.0085873178165886,
    "KlossROSp": 2.326631902469261e-07,
    "Koverflowp": 1.337207212102947e-07,
    "KprodROSp": 4.912015551231672e-09,
    "Mp": 6.699367956390063e-06,
    "VmaxICp": 5.472762078600605e-05,
    "VmaxINp": 4.583241620914136e-05,
    "gammaDp": 0.1043744055561807,
    "omegaP": 8.760059820724164e-05
}