{
    "KICp": 33.97436508683137,
    "KINp": 0.1318127841402946,
    "KlossROSp": 1.956673654786862e-06,
    "Koverflowp": 2.98306153911634e-07,
    "KprodROSp": 1.873575474028651e-08,
    "Mp": 2.0981357119761093e-06,
    "VmaxICp": 2.2440260792913457e-05,
    "VmaxINp": 2.5208039415336768e-05,
    "gammaDp": 0.2800662281591997,
    "omegaP": 1.1636183335738728e-05
}