{
    "KICp": 37.0,
    "KINp": 0.02,
    "KlossROSp": 1.0171651830579189e-05,
    "Koverflowp": 1.7042714369665017e-07,
    "KprodROSp": 6.886301143418139e-10,
    "Mp": 4.401303067351088e-06,
    "VmaxICp": 3.380302162178759e-05,
    "VmaxINp": 2.4974331020063805e-05,
    "gammaDp": 0.7600664765865913,
    "omegaP": 6.566386108488924e-05
}