{
    "KICp": 106.6005858935962,
    "KINp": 0.02,
    "KlossROSp": 2.474580230292315e-07,
    "Koverflowp": 2.0830934414014646e-06,
    "KprodROSp": 3.677692325085214e-08,
    "Mp": 1.577745418435148e-06,
    "VmaxICp": 3.199882150456764e-05,
    "VmaxINp": 5.200467997670756e-05,
    "gammaDp": 0.1895072973816241,
    "omegaP": 3.405555555555556e-05
}