{
    "KICp": 96.10520204585484,
    "KINp": 0.02,
    "KlossROSp": 7.03334250893103e-07,
    "Koverflowp": 2.037960208827757e-06,
    "KprodROSp": 6.580624332594724e-09,
    "Mp": 3.782064605190296e-06,
    "VmaxICp": 5.423256638076823e-05,
    "VmaxINp": 2.157598278290241e-05,
    "gammaDp": 0.11401203675037,
    "omegaP": 4.852960493868905e-06
}