{
    "KICp": 251.63594522191644,
    "KINp": 0.0302324831147021,
    "KlossROSp": 1.956673654786862e-06,
    "Koverflowp": 4.136237783134588e-06,
    "KprodROSp": 1.8317713601502806e-09,
    "Mp": 8.440376610027043e-06,
    "VmaxICp": 3.6737980551849234e-05,
    "VmaxINp": 3.4206502108602496e-05,
    "gammaDp": 0.6035853516090781,
    "omegaP": 3.112525925342471e-05
}