{
    "KICp": 77.52171132136851,
    "KINp": 0.1151912346598792,
    "KlossROSp": 1.956673654786862e-06,
    "Koverflowp": 1.243439148468282e-06,
    "KprodROSp": 2.7743274384037e-08,
    "Mp": 4.55418970602267e-06,
    "VmaxICp": 3.3269796328997924e-05,
    "VmaxINp": 5.2038305955897945e-05,
    "gammaDp": 0.1144185174813619,
    "omegaP": 6.585376865349807e-06
}