{
    "KICp": 7.251318129318984,
    "KINp": 0.0394935049128657,
    "KlossROSp": 5.267523003445679e-06,
    "Koverflowp": 1.1920280517707926e-06,
    "KprodROSp": 4.696016771488469e-09,
    "Mp": 3.512014551413959e-06,
    "VmaxICp": 3.002987853085346e-05,
    "VmaxINp": 2.680624716816153e-05,
    "gammaDp": 0.6651112096964694,
    "omegaP": 7.311397153213548e-05
}