{
    "KICp": 3.825290556098056,
    "KINp": 0.088827161208103,
    "KlossROSp": 3.479694362298736e-06,
    "Koverflowp": 1.5427569688187063e-06,
    "KprodROSp": 2.1342428297415665e-08,
    "Mp": 3.2652272317719675e-06,
    "VmaxICp": 3.029451727365148e-05,
    "VmaxINp": 4.6777916073005263e-05,
    "gammaDp": 0.8,
    "omegaP": 3.405555555555556e-05
}