{
    "KICp": 37.794596229945306,
    "KINp": 0.0970818636336906,
    "KlossROSp": 7.03334250893103e-07,
    "Koverflowp": 2.037960208827757e-06,
    "KprodROSp": 2.298782539749857e-09,
    "Mp": 2.8198759248620447e-06,
    "VmaxICp": 5.423256638076823e-05,
    "VmaxINp": 2.157598278290241e-05,
    "gammaDp": 0.4604940529664253,
    "omegaP": 8.055222672483896e-06
}