{
    "KICp": 126.77173406908388,
    "KINp": 0.0022316845448131,
    "KlossROSp": 1.956673654786862e-06,
    "Koverflowp": 5.365809136609893e-07,
    "KprodROSp": 5.001709873536505e-10,
    "Mp": 3.019487003496825e-06,
    "VmaxICp": 4.0205364980135496e-05,
    "VmaxINp": 3.4874368947536434e-05,
    "gammaDp": 0.2805749230768503,
    "omegaP": 3.405555555555556e-05
}