{
    "KICp": 238.8189892578412,
    "KINp": 0.0126244445844089,
    "KlossROSp": 7.049573987859824e-07,
    "Koverflowp": 4.599551611826396e-07,
    "KprodROSp": 2.9057106920600168e-08,
    "Mp": 1.157407407407407e-06,
    "VmaxICp": 4.396402113887621e-05,
    "VmaxINp": 1.8804111930164232e-05,
    "gammaDp": 0.831381119282205,
    "omegaP": 3.176275285936053e-05
}