{
    "KICp": 35.516398410988586,
    "KINp": 0.017016378658063,
    "KlossROSp": 6.579306016578123e-06,
    "Koverflowp": 1.628063406239616e-07,
    "KprodROSp": 5.357713732135476e-09,
    "Mp": 6.348333152482095e-06,
    "VmaxICp": 2.9467286497261893e-05,
    "VmaxINp": 3.743466211123352e-05,
    "gammaDp": 0.2260121619770268,
    "omegaP": 6.416744737575069e-06
}