{
    "KICp": 37.0,
    "KINp": 0.02,
    "KlossROSp": 3.019747242985468e-07,
    "Koverflowp": 1.157407407407407e-06,
    "KprodROSp": 4.696016771488469e-09,
    "Mp": 3.7354591266111536e-06,
    "VmaxICp": 4.747391651950309e-05,
    "VmaxINp": 2.4346921063273195e-05,
    "gammaDp": 0.1682508257887731,
    "omegaP": 5.163139695114371e-06
}