{
    "KICp": 37.030955222126615,
    "KINp": 0.0050756024792087,
    "KlossROSp": 9.011819886879572e-06,
    "Koverflowp": 4.596953647076863e-07,
    "KprodROSp": 1.7586318143221932e-09,
    "Mp": 7.423872385079012e-06,
    "VmaxICp": 4.470706533366232e-05,
    "VmaxINp": 3.042144986378712e-05,
    "gammaDp": 0.1181691892796254,
    "omegaP": 7.350844368609102e-06
}