{
    "KICp": 37.0,
    "KINp": 0.0022425453011933,
    "KlossROSp": 7.958563150659099e-07,
    "Koverflowp": 1.5218774972317183e-06,
    "KprodROSp": 7.06228654460886e-10,
    "Mp": 2.887478749921016e-06,
    "VmaxICp": 3.730539852950068e-05,
    "VmaxINp": 2.585779453016154e-05,
    "gammaDp": 0.5179601452369276,
    "omegaP": 3.226001338277487e-05
}