{
    "KICp": 37.794596229945306,
    "KINp": 0.02,
    "KlossROSp": 1.114880187174668e-06,
    "Koverflowp": 1.61996135431829e-07,
    "KprodROSp": 3.049573174137836e-09,
    "Mp": 2.8198759248620447e-06,
    "VmaxICp": 5.423256638076823e-05,
    "VmaxINp": 2.157598278290241e-05,
    "gammaDp": 0.11401203675037,
    "omegaP": 4.054725761896003e-06
}