{
    "KICp": 40.03661256534917,
    "KINp": 0.0212957438654118,
    "KlossROSp": 2.045564493887443e-06,
    "Koverflowp": 1.157407407407407e-06,
    "KprodROSp": 4.696016771488469e-09,
    "Mp": 3.361247408189328e-06,
    "VmaxICp": 2.22542703061423e-05,
    "VmaxINp": 3.066299629072713e-05,
    "gammaDp": 0.124182740558513,
    "omegaP": 3.45995484250694e-06
}