{
    "KICp": 37.0,
    "KINp": 0.1971064431601014,
    "KlossROSp": 7.958563150659099e-07,
    "Koverflowp": 4.928316688082085e-06,
    "KprodROSp": 5.367608583129034e-10,
    "Mp": 2.887478749921016e-06,
    "VmaxICp": 3.730539852950068e-05,
    "VmaxINp": 2.585779453016154e-05,
    "gammaDp": 0.4007957201708664,
    "omegaP": 6.672170884648739e-06
}