{
    "KICp": 142.38476628338563,
    "KINp": 0.0274482764035731,
    "KlossROSp": 7.792840064800131e-07,
    "Koverflowp": 1.157407407407407e-06,
    "KprodROSp": 2.336204586147852e-08,
    "Mp": 5.428300257704798e-06,
    "VmaxICp": 2.876181815571465e-05,
    "VmaxINp": 4.500286028582312e-05,
    "gammaDp": 0.2669596200526273,
    "omegaP": 1.9745256579052257e-05
}