{
    "KICp": 37.0,
    "KINp": 0.0521526621828821,
    "KlossROSp": 1.878106884501889e-05,
    "Koverflowp": 3.426320980426609e-07,
    "KprodROSp": 6.782092258989958e-09,
    "Mp": 2.328872109789685e-06,
    "VmaxICp": 1.4990021895632187e-05,
    "VmaxINp": 5.479782532095226e-05,
    "gammaDp": 0.716827171184744,
    "omegaP": 3.405555555555556e-05
}