{
    "KICp": 37.0,
    "KINp": 0.02,
    "KlossROSp": 6.456026502607589e-06,
    "Koverflowp": 1.157407407407407e-06,
    "KprodROSp": 2.4111743206311992e-08,
    "Mp": 4.040141011287944e-06,
    "VmaxICp": 4.747391651950309e-05,
    "VmaxINp": 2.148674672797845e-05,
    "gammaDp": 0.5768288684243836,
    "omegaP": 5.163139695114371e-06
}