{
    "KICp": 100.73410269823611,
    "KINp": 0.02,
    "KlossROSp": 1.956673654786862e-06,
    "Koverflowp": 3.122399108082924e-06,
    "KprodROSp": 2.2631790062397032e-08,
    "Mp": 8.017353403333967e-06,
    "VmaxICp": 5.405823460337353e-05,
    "VmaxINp": 4.320497995557115e-05,
    "gammaDp": 0.3389053227590917,
    "omegaP": 9.102336261119428e-05
}