{
    "KICp": 60.91281834411525,
    "KINp": 0.065872087368456,
    "KlossROSp": 3.495672164925664e-07,
    "Koverflowp": 2.8912861684188688e-06,
    "KprodROSp": 4.696016771488469e-09,
    "Mp": 8.882607861748731e-06,
    "VmaxICp": 3.382420304790318e-05,
    "VmaxINp": 3.304028326912151e-05,
    "gammaDp": 0.1189682153438539,
    "omegaP": 2.971761302649194e-05
}