{
    "KICp": 37.030955222126615,
    "KINp": 0.003248628335801,
    "KlossROSp": 3.886497306043152e-06,
    "Koverflowp": 9.12813694912672e-07,
    "KprodROSp": 4.577825464016457e-09,
    "Mp": 7.423872385079012e-06,
    "VmaxICp": 4.470706533366232e-05,
    "VmaxINp": 3.042144986378712e-05,
    "gammaDp": 0.1010238797368881,
    "omegaP": 7.350844368609102e-06
}