{
    "KICp": 46.83795289045796,
    "KINp": 0.0126244445844089,
    "KlossROSp": 3.147736516999474e-07,
    "Koverflowp": 9.546807879240022e-06,
    "KprodROSp": 1.4268369504629417e-08,
    "Mp": 1.157407407407407e-06,
    "VmaxICp": 4.396402113887621e-05,
    "VmaxINp": 1.8804111930164232e-05,
    "gammaDp": 0.8010353826310075,
    "omegaP": 6.596442367286031e-05
}