{
    "KICp": 100.73410269823611,
    "KINp": 0.0078624896040519,
    "KlossROSp": 3.400745193108989e-07,
    "Koverflowp": 1.157407407407407e-06,
    "KprodROSp": 4.696016771488469e-09,
    "Mp": 8.017353403333967e-06,
    "VmaxICp": 5.405823460337353e-05,
    "VmaxINp": 4.320497995557115e-05,
    "gammaDp": 0.7476053384611195,
    "omegaP": 5.143914240117671e-05
}