{
    "KICp": 100.73410269823611,
    "KINp": 0.0028641331803383,
    "KlossROSp": 1.956673654786862e-06,
    "Koverflowp": 1.832770702623592e-07,
    "KprodROSp": 4.696016771488469e-09,
    "Mp": 4.713550344721051e-06,
    "VmaxICp": 5.405823460337353e-05,
    "VmaxINp": 4.320497995557115e-05,
    "gammaDp": 0.7569048600395697,
    "omegaP": 5.081967093833491e-05
}