{
    "KICp": 106.6005858935962,
    "KINp": 0.1637069394746198,
    "KlossROSp": 3.1641556420197974e-07,
    "Koverflowp": 1.157407407407407e-06,
    "KprodROSp": 3.677692325085214e-08,
    "Mp": 4.375399660649968e-07,
    "VmaxICp": 2.0536470752577983e-05,
    "VmaxINp": 5.200467997670756e-05,
    "gammaDp": 0.8,
    "omegaP": 3.405555555555556e-05
}