{
    "KICp": 37.0,
    "KINp": 0.0097844007394705,
    "KlossROSp": 1.5956493119895476e-06,
    "Koverflowp": 9.253622539167708e-07,
    "KprodROSp": 8.36098534946027e-09,
    "Mp": 3.56817516609871e-06,
    "VmaxICp": 4.120476807464691e-05,
    "VmaxINp": 3.321842746129719e-05,
    "gammaDp": 0.2371877747091629,
    "omegaP": 2.820627712133529e-05
}