{
    "KICp": 60.91281834411525,
    "KINp": 0.0033882698787746,
    "KlossROSp": 1.956673654786862e-06,
    "Koverflowp": 4.668426090502498e-06,
    "KprodROSp": 4.696016771488469e-09,
    "Mp": 8.882607861748731e-06,
    "VmaxICp": 3.382420304790318e-05,
    "VmaxINp": 3.490720892511027e-05,
    "gammaDp": 0.2591494317874408,
    "omegaP": 2.971761302649194e-05
}