{
    "KICp": 52.15240318532001,
    "KINp": 0.02,
    "KlossROSp": 6.109815169404359e-07,
    "Koverflowp": 1.3782513117204929e-06,
    "KprodROSp": 4.248755110563218e-08,
    "Mp": 1.8537252013036488e-06,
    "VmaxICp": 2.4835465362086145e-05,
    "VmaxINp": 4.860136961539746e-05,
    "gammaDp": 0.8872401380383255,
    "omegaP": 3.405555555555556e-05
}