{
    "KICp": 4.203980626516793,
    "KINp": 0.1712556081925325,
    "KlossROSp": 3.479694362298736e-06,
    "Koverflowp": 1.157407407407407e-06,
    "KprodROSp": 4.696016771488469e-09,
    "Mp": 3.2652272317719675e-06,
    "VmaxICp": 2.39855953356773e-05,
    "VmaxINp": 4.6777916073005263e-05,
    "gammaDp": 0.8,
    "omegaP": 3.405555555555556e-05
}