{
    "KICp": 34.14444523194288,
    "KINp": 0.0077719558959471,
    "KlossROSp": 4.230481041236905e-07,
    "Koverflowp": 1.157407407407407e-06,
    "KprodROSp": 2.7095269550597503e-08,
    "Mp": 2.220030078807348e-06,
    "VmaxICp": 1.8521764903500464e-05,
    "VmaxINp": 4.3754005707950736e-05,
    "gammaDp": 0.3995640606023832,
    "omegaP": 2.0720273955322584e-05
}