{
    "KICp": 42.58461123534768,
    "KINp": 0.0071493915262237,
    "KlossROSp": 7.522137130232052e-06,
    "Koverflowp": 1.157407407407407e-06,
    "KprodROSp": 1.8499619492939507e-08,
    "Mp": 3.2652272317719675e-06,
    "VmaxICp": 3.029451727365148e-05,
    "VmaxINp": 4.6777916073005263e-05,
    "gammaDp": 0.8,
    "omegaP": 3.405555555555556e-05
}