{
    "KICp": 37.0,
    "KINp": 0.0020218479300164,
    "KlossROSp": 1.7090300797816136e-05,
    "Koverflowp": 4.584143660209279e-06,
    "KprodROSp": 6.3783581786511245e-09,
    "Mp": 2.5553119953162286e-06,
    "VmaxICp": 4.891320726663317e-05,
    "VmaxINp": 1.819107896632458e-05,
    "gammaDp": 0.5135749774192423,
    "omegaP": 0.0001121300024185
}