{
    "KICp": 7.234774347208703,
    "KINp": 0.045986615491683,
    "KlossROSp": 9.675757155952028e-07,
    "Koverflowp": 2.7385483658233665e-06,
    "KprodROSp": 9.282461910095707e-10,
    "Mp": 8.033720569286653e-06,
    "VmaxICp": 4.79714515174341e-05,
    "VmaxINp": 2.48239398139304e-05,
    "gammaDp": 0.2296321484782827,
    "omegaP": 3.405555555555556e-05
}