{
    "KICp": 37.0,
    "KINp": 0.0064797664886598,
    "KlossROSp": 7.244126833666192e-06,
    "Koverflowp": 1.157407407407407e-06,
    "KprodROSp": 2.336204586147852e-08,
    "Mp": 5.428300257704798e-06,
    "VmaxICp": 2.876181815571465e-05,
    "VmaxINp": 4.975685578197895e-05,
    "gammaDp": 0.2669596200526273,
    "omegaP": 3.405555555555556e-05
}