{
    "KICp": 37.0,
    "KINp": 0.02,
    "KlossROSp": 1.0171651830579189e-05,
    "Koverflowp": 7.814592050550955e-06,
    "KprodROSp": 6.092734085652367e-09,
    "Mp": 4.401303067351088e-06,
    "VmaxICp": 3.380302162178759e-05,
    "VmaxINp": 2.4974331020063805e-05,
    "gammaDp": 0.4060060833696686,
    "omegaP": 6.566386108488924e-05
}