{
    "KICp": 349.708860235987,
    "KINp": 0.0300708577935191,
    "KlossROSp": 2.6410844060164074e-06,
    "Koverflowp": 6.66252005449867e-06,
    "KprodROSp": 4.696016771488469e-09,
    "Mp": 5.574377667451342e-06,
    "VmaxICp": 3.697962616582305e-05,
    "VmaxINp": 5.0362952076228914e-05,
    "gammaDp": 0.1317877609207549,
    "omegaP": 5.0774236101378256e-06
}