{
    "KICp": 18.932436306646707,
    "KINp": 0.1223973961248614,
    "KlossROSp": 2.3575791736276905e-07,
    "Koverflowp": 9.253622539167708e-07,
    "KprodROSp": 8.441394874512247e-09,
    "Mp": 3.56817516609871e-06,
    "VmaxICp": 4.120476807464691e-05,
    "VmaxINp": 1.746653515323567e-05,
    "gammaDp": 0.4526320510166663,
    "omegaP": 2.820627712133529e-05
}