{
    "KICp": 37.0,
    "KINp": 0.02,
    "KlossROSp": 7.792840064800131e-07,
    "Koverflowp": 6.75155872194421e-07,
    "KprodROSp": 2.387810158059467e-09,
    "Mp": 5.428300257704798e-06,
    "VmaxICp": 2.876181815571465e-05,
    "VmaxINp": 4.500286028582312e-05,
    "gammaDp": 0.2669596200526273,
    "omegaP": 5.66070649310946e-06
}