{
    "KICp": 35.516398410988586,
    "KINp": 0.1453868143658574,
    "KlossROSp": 6.579306016578123e-06,
    "Koverflowp": 4.725289780670961e-06,
    "KprodROSp": 4.500232540649233e-08,
    "Mp": 6.348333152482095e-06,
    "VmaxICp": 2.9467286497261893e-05,
    "VmaxINp": 3.743466211123352e-05,
    "gammaDp": 0.7118145215354601,
    "omegaP": 3.405555555555556e-05
}