{
    "KICp": 37.0,
    "KINp": 0.0024446754514381,
    "KlossROSp": 2.6410844060164074e-06,
    "Koverflowp": 1.1381548788308002e-06,
    "KprodROSp": 4.696016771488469e-09,
    "Mp": 5.574377667451342e-06,
    "VmaxICp": 3.697962616582305e-05,
    "VmaxINp": 5.260969931238668e-05,
    "gammaDp": 0.1317877609207549,
    "omegaP": 4.736122274200688e-05
}