{
    "KICp": 345.4154207752954,
    "KINp": 0.02,
    "KlossROSp": 1.956228716102673e-06,
    "Koverflowp": 1.643606071717593e-06,
    "KprodROSp": 1.636827561986176e-08,
    "Mp": 1.992454591153495e-06,
    "VmaxICp": 3.122269247641106e-05,
    "VmaxINp": 2.48865446150434e-05,
    "gammaDp": 0.4939939696420429,
    "omegaP": 3.405555555555556e-05
}