{
    "KICp": 7.251318129318984,
    "KINp": 0.0394935049128657,
    "KlossROSp": 1.6336518291964066e-05,
    "Koverflowp": 4.655462482751279e-06,
    "KprodROSp": 4.696016771488469e-09,
    "Mp": 3.512014551413959e-06,
    "VmaxICp": 2.5955162162255363e-05,
    "VmaxINp": 2.680624716816153e-05,
    "gammaDp": 0.6867041897672888,
    "omegaP": 3.463444193977104e-06
}