{
    "KICp": 345.4154207752954,
    "KINp": 0.02,
    "KlossROSp": 3.295080592490292e-06,
    "Koverflowp": 2.520258199561836e-07,
    "KprodROSp": 1.636827561986176e-08,
    "Mp": 7.742483316228222e-06,
    "VmaxICp": 5.25944681413537e-05,
    "VmaxINp": 2.48865446150434e-05,
    "gammaDp": 0.4939939696420429,
    "omegaP": 2.300481078675899e-05
}