{
    "KICp": 210.96671976562533,
    "KINp": 0.0037417644849803,
    "KlossROSp": 3.050295786905828e-06,
    "Koverflowp": 6.66252005449867e-06,
    "KprodROSp": 4.696016771488469e-09,
    "Mp": 5.574377667451342e-06,
    "VmaxICp": 3.697962616582305e-05,
    "VmaxINp": 5.260969931238668e-05,
    "gammaDp": 0.1317877609207549,
    "omegaP": 1.5521092890725598e-05
}