{
    "KICp": 106.6005858935962,
    "KINp": 0.1643578994310396,
    "KlossROSp": 2.474580230292315e-07,
    "Koverflowp": 1.157407407407407e-06,
    "KprodROSp": 3.677692325085214e-08,
    "Mp": 3.039464278843265e-07,
    "VmaxICp": 2.0536470752577983e-05,
    "VmaxINp": 2.159119053409363e-05,
    "gammaDp": 0.8,
    "omegaP": 3.405555555555556e-05
}