{
    "KICp": 100.73410269823611,
    "KINp": 0.1459200231104373,
    "KlossROSp": 7.482584604675243e-06,
    "Koverflowp": 3.83948597446305e-07,
    "KprodROSp": 4.696016771488469e-09,
    "Mp": 8.017353403333967e-06,
    "VmaxICp": 5.405823460337353e-05,
    "VmaxINp": 4.320497995557115e-05,
    "gammaDp": 0.3811617727736859,
    "omegaP": 5.081967093833491e-05
}