{
    "KICp": 11.76492191048403,
    "KINp": 0.161382458410327,
    "KlossROSp": 7.792840064800131e-07,
    "Koverflowp": 1.939756822583057e-07,
    "KprodROSp": 1.9420394596780313e-08,
    "Mp": 5.428300257704798e-06,
    "VmaxICp": 2.876181815571465e-05,
    "VmaxINp": 4.500286028582312e-05,
    "gammaDp": 0.2669596200526273,
    "omegaP": 3.405555555555556e-05
}