{
    "KICp": 37.0,
    "KINp": 0.0347406001120657,
    "KlossROSp": 2.7963774973477164e-06,
    "Koverflowp": 8.535616044213021e-06,
    "KprodROSp": 3.3741438529991286e-08,
    "Mp": 8.972194363834589e-06,
    "VmaxICp": 4.037457223056232e-05,
    "VmaxINp": 3.903407561263602e-05,
    "gammaDp": 0.6604102609324973,
    "omegaP": 3.405555555555556e-05
}