{
    "KICp": 37.0,
    "KINp": 0.0065071820812023,
    "KlossROSp": 1.9844102140372335e-07,
    "Koverflowp": 1.157407407407407e-06,
    "KprodROSp": 4.4509248774073934e-08,
    "Mp": 1.157407407407407e-06,
    "VmaxICp": 3.6862854252684094e-05,
    "VmaxINp": 1.1111820760265586e-05,
    "gammaDp": 0.8,
    "omegaP": 2.23958889247622e-05
}