{
    "KICp": 6.7404063673147725,
    "KINp": 0.02,
    "KlossROSp": 1.956673654786862e-06,
    "Koverflowp": 9.256162702924786e-06,
    "KprodROSp": 4.696016771488469e-09,
    "Mp": 6.108799992450167e-06,
    "VmaxICp": 4.74721846078614e-05,
    "VmaxINp": 3.577035245613459e-05,
    "gammaDp": 0.8,
    "omegaP": 4.622610128724919e-05
}