{
    "KICp": 62.58438816858,
    "KINp": 0.1160407924723671,
    "KlossROSp": 1.956673654786862e-06,
    "Koverflowp": 1.783582421023005e-06,
    "KprodROSp": 7.73584542622572e-10,
    "Mp": 8.425663222629215e-06,
    "VmaxICp": 4.893744988148899e-05,
    "VmaxINp": 3.137167447924317e-05,
    "gammaDp": 0.278587571091295,
    "omegaP": 5.732163963147621e-05
}