{
    "KICp": 37.030955222126615,
    "KINp": 0.068166032192067,
    "KlossROSp": 1.2993657805694778e-05,
    "Koverflowp": 9.12813694912672e-07,
    "KprodROSp": 4.5733265468717465e-08,
    "Mp": 1.1043042698174783e-05,
    "VmaxICp": 4.470706533366232e-05,
    "VmaxINp": 3.042144986378712e-05,
    "gammaDp": 0.3075555296012478,
    "omegaP": 7.350844368609102e-06
}