{
    "KICp": 102.30952450168613,
    "KINp": 0.0392504698224112,
    "KlossROSp": 8.351591014409596e-06,
    "Koverflowp": 3.5634217092493257e-07,
    "KprodROSp": 1.173231766518806e-09,
    "Mp": 4.5095729261278506e-06,
    "VmaxICp": 4.987401030052069e-05,
    "VmaxINp": 5.222871340936141e-05,
    "gammaDp": 0.2467212960270931,
    "omegaP": 9.725542193282356e-05
}