{
    "KICp": 37.0,
    "KINp": 0.0085873178165886,
    "KlossROSp": 7.419769727361329e-07,
    "Koverflowp": 5.222353001097045e-07,
    "KprodROSp": 4.912015551231672e-09,
    "Mp": 6.699367956390063e-06,
    "VmaxICp": 5.472762078600605e-05,
    "VmaxINp": 4.583241620914136e-05,
    "gammaDp": 0.3540140907797693,
    "omegaP": 1.0231072384074508e-05
}