{
    "KICp": 77.67595324020003,
    "KINp": 0.1318127841402946,
    "KlossROSp": 1.956673654786862e-06,
    "Koverflowp": 8.941080910414187e-07,
    "KprodROSp": 1.1281059634021003e-09,
    "Mp": 2.0981357119761093e-06,
    "VmaxICp": 2.2440260792913457e-05,
    "VmaxINp": 2.5208039415336768e-05,
    "gammaDp": 0.1240878971406183,
    "omegaP": 1.1636183335738728e-05
}