{
    "KICp": 170.71842517524362,
    "KINp": 0.0798816015071847,
    "KlossROSp": 4.726212476362867e-06,
    "Koverflowp": 3.5634217092493257e-07,
    "KprodROSp": 1.173231766518806e-09,
    "Mp": 4.5095729261278506e-06,
    "VmaxICp": 4.987401030052069e-05,
    "VmaxINp": 5.222871340936141e-05,
    "gammaDp": 0.4355178448156449,
    "omegaP": 9.725542193282356e-05
}