{
    "KICp": 37.0,
    "KINp": 0.02,
    "KlossROSp": 1.1385467879460636e-05,
    "Koverflowp": 1.7246346399190505e-07,
    "KprodROSp": 4.696016771488469e-09,
    "Mp": 4.040141011287944e-06,
    "VmaxICp": 4.747391651950309e-05,
    "VmaxINp": 2.686773515263748e-05,
    "gammaDp": 0.8,
    "omegaP": 1.3096712344961246e-05
}