{
    "KICp": 37.0,
    "KINp": 0.0025021970278518,
    "KlossROSp": 3.479694362298736e-06,
    "Koverflowp": 1.157407407407407e-06,
    "KprodROSp": 6.570140279551762e-10,
    "Mp": 3.2652272317719675e-06,
    "VmaxICp": 3.029451727365148e-05,
    "VmaxINp": 4.6777916073005263e-05,
    "gammaDp": 0.1262615550705322,
    "omegaP": 3.405555555555556e-05
}