{
    "KICp": 106.6005858935962,
    "KINp": 0.1553119505630851,
    "KlossROSp": 2.474580230292315e-07,
    "Koverflowp": 1.065275593325761e-06,
    "KprodROSp": 3.677692325085214e-08,
    "Mp": 2.304099089824938e-06,
    "VmaxICp": 2.091680659910672e-05,
    "VmaxINp": 5.200467997670756e-05,
    "gammaDp": 0.8,
    "omegaP": 3.405555555555556e-05
}