{
    "KICp": 20.17522700195026,
    "KINp": 0.0155529592607305,
    "KlossROSp": 2.045564493887443e-06,
    "Koverflowp": 1.157407407407407e-06,
    "KprodROSp": 1.001047641603618e-09,
    "Mp": 2.8968316109214618e-06,
    "VmaxICp": 4.85957603928452e-05,
    "VmaxINp": 3.066299629072713e-05,
    "gammaDp": 0.3319551409749412,
    "omegaP": 3.405555555555556e-05
}