{
    "KICp": 37.794596229945306,
    "KINp": 0.1370573256307304,
    "KlossROSp": 2.7272630063239905e-06,
    "Koverflowp": 3.129724224543968e-06,
    "KprodROSp": 6.580624332594724e-09,
    "Mp": 2.8198759248620447e-06,
    "VmaxICp": 5.423256638076823e-05,
    "VmaxINp": 2.157598278290241e-05,
    "gammaDp": 0.11401203675037,
    "omegaP": 3.4883497329057586e-05
}