{
    "KICp": 126.77173406908388,
    "KINp": 0.0887368564624077,
    "KlossROSp": 2.2608907590791425e-07,
    "Koverflowp": 3.3550332958434824e-07,
    "KprodROSp": 1.6690175365129414e-09,
    "Mp": 8.462701742894062e-06,
    "VmaxICp": 4.0205364980135496e-05,
    "VmaxINp": 3.8345127351252814e-05,
    "gammaDp": 0.2805749230768503,
    "omegaP": 3.405555555555556e-05
}