{
    "KICp": 77.52171132136851,
    "KINp": 0.1345460293741547,
    "KlossROSp": 1.956673654786862e-06,
    "Koverflowp": 1.219693127557543e-07,
    "KprodROSp": 2.7743274384037e-08,
    "Mp": 4.55418970602267e-06,
    "VmaxICp": 3.3269796328997924e-05,
    "VmaxINp": 5.2038305955897945e-05,
    "gammaDp": 0.8,
    "omegaP": 3.133966945219152e-05
}