{
    "KICp": 246.36298030352808,
    "KINp": 0.1160407924723671,
    "KlossROSp": 8.885203668874508e-06,
    "Koverflowp": 1.783582421023005e-06,
    "KprodROSp": 7.73584542622572e-10,
    "Mp": 5.5256981904379735e-06,
    "VmaxICp": 4.893744988148899e-05,
    "VmaxINp": 3.137167447924317e-05,
    "gammaDp": 0.2035845303802162,
    "omegaP": 5.849707460735874e-05
}