{
    "KICp": 55.64482942855523,
    "KINp": 0.0112220895548746,
    "KlossROSp": 1.6993799247757386e-06,
    "Koverflowp": 1.157407407407407e-06,
    "KprodROSp": 7.460145053060784e-09,
    "Mp": 3.82783269529205e-06,
    "VmaxICp": 2.698031616908635e-05,
    "VmaxINp": 2.066507753717669e-05,
    "gammaDp": 0.1759100405399626,
    "omegaP": 1.84222764539636e-05
}