{
    "KICp": 7.163156332164751,
    "KINp": 0.02,
    "KlossROSp": 9.434023716908372e-07,
    "Koverflowp": 7.984729086947669e-06,
    "KprodROSp": 7.56381779358268e-10,
    "Mp": 3.959409749492035e-06,
    "VmaxICp": 5.170147875319137e-05,
    "VmaxINp": 1.875846409082253e-05,
    "gammaDp": 0.5244286764203232,
    "omegaP": 1.239494425955945e-05
}