{
    "KICp": 72.56078589696223,
    "KINp": 0.0175851114342375,
    "KlossROSp": 7.03334250893103e-07,
    "Koverflowp": 2.037960208827757e-06,
    "KprodROSp": 7.65701592082205e-09,
    "Mp": 2.8198759248620447e-06,
    "VmaxICp": 5.423256638076823e-05,
    "VmaxINp": 2.157598278290241e-05,
    "gammaDp": 0.11401203675037,
    "omegaP": 3.4883497329057586e-05
}