{
    "KICp": 5.106568290024828,
    "KINp": 0.1904679605687804,
    "KlossROSp": 4.337329691549783e-06,
    "Koverflowp": 2.1259365703127103e-06,
    "KprodROSp": 3.346606582628375e-09,
    "Mp": 7.763010390039215e-06,
    "VmaxICp": 5.479027945391308e-05,
    "VmaxINp": 3.5807843471153834e-05,
    "gammaDp": 0.2901172820489898,
    "omegaP": 4.60187845241175e-05
}