{
    "KICp": 77.52171132136851,
    "KINp": 0.1151912346598792,
    "KlossROSp": 1.6404363125727483e-05,
    "Koverflowp": 1.7484118874998935e-06,
    "KprodROSp": 1.9226325961816887e-08,
    "Mp": 4.55418970602267e-06,
    "VmaxICp": 3.3269796328997924e-05,
    "VmaxINp": 5.2038305955897945e-05,
    "gammaDp": 0.8,
    "omegaP": 3.777497134215453e-06
}