{
    "KICp": 55.64482942855523,
    "KINp": 0.0112220895548746,
    "KlossROSp": 1.579775341556565e-05,
    "Koverflowp": 1.157407407407407e-06,
    "KprodROSp": 6.2652927112923265e-09,
    "Mp": 3.82783269529205e-06,
    "VmaxICp": 2.698031616908635e-05,
    "VmaxINp": 2.066507753717669e-05,
    "gammaDp": 0.1622178963644734,
    "omegaP": 6.151236412371657e-05
}