{
    "KICp": 43.91399264627052,
    "KINp": 0.1318127841402946,
    "KlossROSp": 9.247823928537918e-06,
    "Koverflowp": 1.157407407407407e-06,
    "KprodROSp": 5.1866879288158865e-09,
    "Mp": 2.0981357119761093e-06,
    "VmaxICp": 2.2440260792913457e-05,
    "VmaxINp": 2.5208039415336768e-05,
    "gammaDp": 0.1980864228862736,
    "omegaP": 1.1636183335738728e-05
}