{
    "EOh": 3.645018963971662e-07,
    "KINh": 0.098179064196656,
    "KOCh": 1.143830748116773,
    "KONh": 0.16882898484177045,
    "Mh": 1.221264331376978e-07,
    "VmaxINh": 6.92057336118876e-05,
    "VmaxOCh": 0.0006626964078456243,
    "VmaxONh": 3.772030232026588e-05,
    "gammaDh": 0.40868293461618005
}