{
    "EOh": 1.1101673440286366e-06,
    "KINh": 0.21971584715062573,
    "KOCh": 0.24950678242987198,
    "KONh": 0.25027237886561776,
    "Mh": 1.0997677422600708e-06,
    "VmaxINh": 5.199601059487768e-05,
    "VmaxOCh": 0.00011114879566252117,
    "VmaxONh": 1.5046295984003923e-05,
    "gammaDh": 0.6067011135298006
}