{
    "EOh": 1.1534033833458047e-05,
    "KINh": 0.5627891915055289,
    "KOCh": 0.11367600176473967,
    "KONh": 1.0884078430943123,
    "Mh": 1.1729347043011687e-07,
    "VmaxINh": 7.111608441203724e-05,
    "VmaxOCh": 0.0005991505962129593,
    "VmaxONh": 1.818824427699421e-06,
    "gammaDh": 0.8995597618923191
}