{
    "KINh": 0.02503110535052525,
    "KOCh": 0.03113803196417757,
    "KONh": 1.2170403926277071,
    "Mh": 1.1571133467985323e-05,
    "VmaxINh": 0.00015040231374874666,
    "VmaxOCh": 0.0006687843126123414,
    "VmaxONh": 2.0263534460438442e-06,
    "gammaDh": 0.8996066913653873
}