{
    "EOh": 2.581856625583269e-06,
    "KINh": 0.6653994154167856,
    "KOCh": 0.5274336843766149,
    "KONh": 0.6521740214778102,
    "Mh": 1.5565977014581867e-06,
    "VmaxINh": 3.321896380138405e-05,
    "VmaxOCh": 3.425812471611651e-05,
    "VmaxONh": 4.447162445364448e-05,
    "gammaDh": 0.3636900124487831
}