{
    "KINh": 0.025027238108125807,
    "KOCh": 0.04141076093031789,
    "KONh": 0.8695438158837093,
    "Mh": 1.0536605154650874e-05,
    "VmaxINh": 2.2569743610950248e-05,
    "VmaxOCh": 0.000164569411697676,
    "VmaxONh": 1.5084224754173957e-06,
    "gammaDh": 0.8910767666992816
}