{
    "EOh": 2.037481810457949e-06,
    "KINh": 1.0292517487387376,
    "KOCh": 0.7259922752356994,
    "KONh": 0.10715365966998262,
    "Mh": 1.195010880210771e-07,
    "VmaxINh": 1.6221882878406718e-05,
    "VmaxOCh": 0.0005980107341852092,
    "VmaxONh": 9.289516801672858e-05,
    "gammaDh": 0.8999997797553225
}