{
    "KINh": 0.02783808046735948,
    "KOCh": 0.03964935590171047,
    "KONh": 1.0975115206703105,
    "Mh": 6.089009605448648e-06,
    "VmaxINh": 1.6013676053217017e-05,
    "VmaxOCh": 0.0006454221741850759,
    "VmaxONh": 2.738437817182227e-06,
    "gammaDh": 0.8710706751147214
}