{
    "KINh": 0.3448199507201234,
    "KOCh": 0.279001331133342,
    "KONh": 0.19297846180488287,
    "Mh": 3.1762693804556574e-06,
    "VmaxINh": 6.864241493465621e-05,
    "VmaxOCh": 8.121658333447089e-05,
    "VmaxONh": 5.629603296477715e-06,
    "gammaDh": 0.8996637833861666
}