{
    "KINh": 0.40850531200065265,
    "KOCh": 0.10549157072759997,
    "KONh": 0.7779913927050449,
    "Mh": 1.144947558161812e-05,
    "VmaxINh": 0.00014866292074097677,
    "VmaxOCh": 0.0003928834150215131,
    "VmaxONh": 1.293456346383614e-05,
    "gammaDh": 0.7451299104259995
}