{
    "KINh": 0.5449848171734683,
    "KOCh": 0.2433280886906535,
    "KONh": 0.34948596615890315,
    "Mh": 2.1566272467705556e-07,
    "VmaxINh": 8.206179598127135e-05,
    "VmaxOCh": 4.6128928277199936e-05,
    "VmaxONh": 2.3192319614822764e-06,
    "gammaDh": 0.8964206145635981
}