{
    "KINh": 0.18739115760497022,
    "KOCh": 0.026561884712682976,
    "KONh": 1.250541505581471,
    "Mh": 1.1574074074074043e-05,
    "VmaxINh": 0.00015046293884734727,
    "VmaxOCh": 0.0006770559386166151,
    "VmaxONh": 4.573257817055104e-06,
    "gammaDh": 0.8999999999999999
}