{
    "KINh": 0.7882148135943187,
    "KOCh": 0.10456124300243151,
    "KONh": 0.026546099374600774,
    "Mh": 1.0411539447137073e-05,
    "VmaxINh": 0.00014814502132228058,
    "VmaxOCh": 0.0005167993189098949,
    "VmaxONh": 1.2513949341819649e-05,
    "gammaDh": 0.8999999999999999
}