{
    "KINh": 0.4232881979523658,
    "KOCh": 0.12602280564363416,
    "KONh": 0.7494253820145343,
    "Mh": 7.43322867995425e-06,
    "VmaxINh": 4.7514854674019226e-05,
    "VmaxOCh": 5.875532957627343e-05,
    "VmaxONh": 4.885931681032228e-06,
    "gammaDh": 0.8956881960452109
}