{
    "EOh": 3.2544235106052733e-06,
    "KINh": 0.032051416488217986,
    "KOCh": 0.025027237261323856,
    "KONh": 0.025237833448169086,
    "Mh": 1.1573765623603059e-05,
    "VmaxINh": 6.649569768522682e-05,
    "VmaxOCh": 0.0006457511554170907,
    "VmaxONh": 0.0001460077887687606,
    "gammaDh": 0.10000127275269313
}