{
    "KICp": 37.0,
    "KINp": 0.0023820345562684,
    "KlossROSp": 4.2616425383126245e-06,
    "Koverflowp": 5.684584207990549e-06,
    "KprodROSp": 4.696016771488469e-09,
    "Mp": 3.414079520580977e-06,
    "VmaxICp": 1.925429911762008e-05,
    "VmaxINp": 4.259320436435776e-05,
    "gammaDp": 0.6803812284090027,
    "omegaP": 9.427405109873905e-06
}