{
    "KICp": 14.162188545946176,
    "KINp": 0.02,
    "KlossROSp": 1.1778892614069349e-05,
    "Koverflowp": 3.757105613343615e-07,
    "KprodROSp": 3.2379733693264214e-08,
    "Mp": 2.3824532519365635e-06,
    "VmaxICp": 1.7980492074121536e-05,
    "VmaxINp": 4.544411439449651e-05,
    "gammaDp": 0.3088775792844856,
    "omegaP": 1.3526108714718513e-05
}