{
    "KICp": 37.0,
    "KINp": 0.02,
    "KlossROSp": 3.687676574288917e-06,
    "Koverflowp": 2.293266518394235e-07,
    "KprodROSp": 3.431245972775828e-09,
    "Mp": 2.8174978669718795e-06,
    "VmaxICp": 3.480314165435765e-05,
    "VmaxINp": 1.822678624878668e-05,
    "gammaDp": 0.1881447507415024,
    "omegaP": 4.270449408309628e-05
}