{
    "KICp": 42.48336885623121,
    "KINp": 0.0095258585110016,
    "KlossROSp": 1.2444460719086906e-06,
    "Koverflowp": 2.057402341755776e-07,
    "KprodROSp": 6.070751421500644e-09,
    "Mp": 5.24913549353252e-06,
    "VmaxICp": 5.161664924285753e-05,
    "VmaxINp": 3.875445435143543e-05,
    "gammaDp": 0.8,
    "omegaP": 1.1031551883027166e-05
}