{
    "KICp": 5.590541842053238,
    "KINp": 0.0027161210356005,
    "KlossROSp": 1.0190684825265403e-05,
    "Koverflowp": 2.872279576855295e-07,
    "KprodROSp": 8.22448159749096e-09,
    "Mp": 3.663258239591993e-06,
    "VmaxICp": 3.712442890277069e-05,
    "VmaxINp": 2.129882945205324e-05,
    "gammaDp": 0.8,
    "omegaP": 3.876699062580735e-05
}