{
    "KICp": 121.83475969606832,
    "KINp": 0.0037609389585154,
    "KlossROSp": 1.5516123006762293e-05,
    "Koverflowp": 1.157407407407407e-06,
    "KprodROSp": 2.7693541219409792e-09,
    "Mp": 3.956914295647754e-06,
    "VmaxICp": 4.074314635663007e-05,
    "VmaxINp": 4.088194439312095e-05,
    "gammaDp": 0.8,
    "omegaP": 7.602126123272628e-05
}