{
    "KICp": 300.556713748646,
    "KINp": 0.02,
    "KlossROSp": 1.322011267597787e-06,
    "Koverflowp": 4.844264450632295e-07,
    "KprodROSp": 1.376892177290506e-08,
    "Mp": 6.291396274095231e-06,
    "VmaxICp": 4.121411215069441e-05,
    "VmaxINp": 4.101553930279434e-05,
    "gammaDp": 0.8,
    "omegaP": 3.405555555555556e-05
}