{
    "KICp": 11.467864859392572,
    "KINp": 0.0063161716714447,
    "KlossROSp": 1.956673654786862e-06,
    "Koverflowp": 1.8540241536189825e-07,
    "KprodROSp": 3.431245972775828e-09,
    "Mp": 2.8174978669718795e-06,
    "VmaxICp": 4.0492215720650007e-05,
    "VmaxINp": 1.822678624878668e-05,
    "gammaDp": 0.5293670618985806,
    "omegaP": 1.90717067565651e-05
}