{
    "KICp": 13.03540713684993,
    "KINp": 0.0228758699301549,
    "KlossROSp": 3.513972359739113e-07,
    "Koverflowp": 1.8054487699900344e-06,
    "KprodROSp": 5.577054723470507e-10,
    "Mp": 4.499219943641697e-06,
    "VmaxICp": 2.734813246087426e-05,
    "VmaxINp": 2.6812560046389496e-05,
    "gammaDp": 0.1245110730765081,
    "omegaP": 7.954657966059338e-06
}