{
    "KICp": 37.0,
    "KINp": 0.1392421893631124,
    "KlossROSp": 7.162102666417954e-07,
    "Koverflowp": 3.4100868711203618e-06,
    "KprodROSp": 6.444022632879891e-09,
    "Mp": 7.57289814677547e-06,
    "VmaxICp": 4.223210210852268e-05,
    "VmaxINp": 4.077157401324523e-05,
    "gammaDp": 0.8,
    "omegaP": 1.6919047177670958e-05
}