{
    "KICp": 7.947630937996618,
    "KINp": 0.0022487654789706,
    "KlossROSp": 1.5012908459036695e-05,
    "Koverflowp": 7.332976595614838e-06,
    "KprodROSp": 4.696016771488469e-09,
    "Mp": 2.1430333954038333e-06,
    "VmaxICp": 2.9407452781291527e-05,
    "VmaxINp": 1.7179247596711887e-05,
    "gammaDp": 0.2465563002328946,
    "omegaP": 2.9136055387918973e-05
}