{
    "KICp": 105.80466658104952,
    "KINp": 0.0556889492586192,
    "KlossROSp": 3.0265837067129855e-07,
    "Koverflowp": 1.0897957949546952e-05,
    "KprodROSp": 1.941998948083513e-09,
    "Mp": 3.763681891286164e-06,
    "VmaxICp": 4.808648452185363e-05,
    "VmaxINp": 1.884082610698918e-05,
    "gammaDp": 0.8563939129438671,
    "omegaP": 1.4636310230976818e-05
}