{
    "KICp": 37.0,
    "KINp": 0.02,
    "KlossROSp": 1.5616629414098746e-05,
    "Koverflowp": 5.400224802118877e-06,
    "KprodROSp": 3.990402455352899e-09,
    "Mp": 2.8174978669718795e-06,
    "VmaxICp": 4.0492215720650007e-05,
    "VmaxINp": 1.822678624878668e-05,
    "gammaDp": 0.1881447507415024,
    "omegaP": 4.294646467501997e-06
}