{
    "KICp": 59.66976766674801,
    "KINp": 0.0048452928723922,
    "KlossROSp": 1.956673654786862e-06,
    "Koverflowp": 1.157407407407407e-06,
    "KprodROSp": 4.696016771488469e-09,
    "Mp": 4.4049697280221335e-06,
    "VmaxICp": 5.103080189861304e-05,
    "VmaxINp": 3.0719766057318805e-05,
    "gammaDp": 0.3612974966731954,
    "omegaP": 2.100405023052549e-05
}