{
    "KICp": 44.36865929494152,
    "KINp": 0.1704481977350347,
    "KlossROSp": 3.2746583839944464e-07,
    "Koverflowp": 3.866878407202962e-06,
    "KprodROSp": 6.113356492417491e-09,
    "Mp": 6.368736764842728e-06,
    "VmaxICp": 3.466075852697105e-05,
    "VmaxINp": 3.286253299644545e-05,
    "gammaDp": 0.6181332078505329,
    "omegaP": 5.464435997123901e-06
}