{
    "KICp": 10.306283932252311,
    "KINp": 0.0044315856702809,
    "KlossROSp": 8.714112656230991e-07,
    "Koverflowp": 7.688935846595883e-07,
    "KprodROSp": 4.696016771488469e-09,
    "Mp": 2.9814433507170675e-06,
    "VmaxICp": 2.3129652448000227e-05,
    "VmaxINp": 2.747159575338965e-05,
    "gammaDp": 0.2588941902515831,
    "omegaP": 3.405555555555556e-05
}