{
    "KICp": 307.49990552409764,
    "KINp": 0.0187398257935352,
    "KlossROSp": 1.0965440355433893e-05,
    "Koverflowp": 1.525003153286448e-07,
    "KprodROSp": 3.326197464766632e-08,
    "Mp": 3.607081325386225e-06,
    "VmaxICp": 3.89824184367685e-05,
    "VmaxINp": 1.5354274324365523e-05,
    "gammaDp": 0.8,
    "omegaP": 4.494214720454055e-06
}