{
    "KICp": 40.07655289877056,
    "KINp": 0.0022541585783982,
    "KlossROSp": 2.736827175594468e-07,
    "Koverflowp": 6.332186684873111e-07,
    "KprodROSp": 3.6325507970100854e-08,
    "Mp": 1.157407407407407e-06,
    "VmaxICp": 1.7976264451924794e-05,
    "VmaxINp": 2.509647701883552e-05,
    "gammaDp": 0.3343708319455645,
    "omegaP": 1.3706913472879383e-05
}