{
    "KICp": 44.36865929494152,
    "KINp": 0.1605260112811691,
    "KlossROSp": 2.543530956745379e-06,
    "Koverflowp": 1.99312700597258e-06,
    "KprodROSp": 6.113356492417491e-09,
    "Mp": 6.368736764842728e-06,
    "VmaxICp": 5.330231891991289e-05,
    "VmaxINp": 3.286253299644545e-05,
    "gammaDp": 0.8,
    "omegaP": 0.0001033070550459
}