{
    "KICp": 9.806079068749709,
    "KINp": 0.02,
    "KlossROSp": 6.025757492300087e-06,
    "Koverflowp": 3.21928978002327e-06,
    "KprodROSp": 2.620252770260226e-09,
    "Mp": 6.291396274095231e-06,
    "VmaxICp": 4.121411215069441e-05,
    "VmaxINp": 4.101553930279434e-05,
    "gammaDp": 0.8,
    "omegaP": 3.405555555555556e-05
}