{
    "KICp": 37.0,
    "KINp": 0.0154048820400667,
    "KlossROSp": 4.2616425383126245e-06,
    "Koverflowp": 3.343108622056298e-06,
    "KprodROSp": 1.9064053849443037e-09,
    "Mp": 3.414079520580977e-06,
    "VmaxICp": 2.283812700331396e-05,
    "VmaxINp": 2.106938830058234e-05,
    "gammaDp": 0.3356526543388585,
    "omegaP": 9.427405109873905e-06
}