{
    "KICp": 6.30434171306,
    "KINp": 0.0023312466870787,
    "KlossROSp": 1.956673654786862e-06,
    "Koverflowp": 2.38673480932634e-06,
    "KprodROSp": 3.344639525697395e-08,
    "Mp": 2.1970624017258564e-06,
    "VmaxICp": 2.5136628598366574e-05,
    "VmaxINp": 2.8951862945013496e-05,
    "gammaDp": 0.4233581483903424,
    "omegaP": 5.139555360544962e-05
}