{
    "KICp": 60.43741257457592,
    "KINp": 0.0151557532493862,
    "KlossROSp": 1.1790772944473442e-06,
    "Koverflowp": 3.334162599287797e-06,
    "KprodROSp": 1.3474694837709449e-08,
    "Mp": 3.956914295647754e-06,
    "VmaxICp": 4.074314635663007e-05,
    "VmaxINp": 4.088194439312095e-05,
    "gammaDp": 0.2188994380406596,
    "omegaP": 3.405555555555556e-05
}