{
    "KICp": 105.99477494941836,
    "KINp": 0.0079323989814869,
    "KlossROSp": 1.956673654786862e-06,
    "Koverflowp": 5.903625778838484e-06,
    "KprodROSp": 4.1428113271339817e-08,
    "Mp": 4.22051635770621e-06,
    "VmaxICp": 4.208626742097198e-05,
    "VmaxINp": 3.409012376726405e-05,
    "gammaDp": 0.1073698894821655,
    "omegaP": 4.76740020322727e-06
}