{
    "KICp": 5.590541842053238,
    "KINp": 0.0084037386110447,
    "KlossROSp": 1.802087756016421e-05,
    "Koverflowp": 3.089981064703348e-07,
    "KprodROSp": 8.22448159749096e-09,
    "Mp": 3.663258239591993e-06,
    "VmaxICp": 3.712442890277069e-05,
    "VmaxINp": 2.129882945205324e-05,
    "gammaDp": 0.2712762001810941,
    "omegaP": 3.405555555555556e-05
}