{
    "KICp": 15.1952314276383,
    "KINp": 0.0048452928723922,
    "KlossROSp": 2.776855780366536e-06,
    "Koverflowp": 1.5381392101714374e-07,
    "KprodROSp": 4.696016771488469e-09,
    "Mp": 4.4049697280221335e-06,
    "VmaxICp": 5.103080189861304e-05,
    "VmaxINp": 3.362407786741984e-05,
    "gammaDp": 0.1305535175245152,
    "omegaP": 7.710754193274603e-05
}