{
    "KICp": 37.0,
    "KINp": 0.0072035443401219,
    "KlossROSp": 6.7240822163846965e-06,
    "Koverflowp": 1.157407407407407e-06,
    "KprodROSp": 6.444022632879891e-09,
    "Mp": 7.57289814677547e-06,
    "VmaxICp": 2.402853337150167e-05,
    "VmaxINp": 4.077157401324523e-05,
    "gammaDp": 0.1508791431713121,
    "omegaP": 1.2093791867715428e-05
}