{
    "KICp": 117.20888193556932,
    "KINp": 0.0089340403788603,
    "KlossROSp": 5.263908667569253e-06,
    "Koverflowp": 4.953656775843501e-07,
    "KprodROSp": 1.2863224162532194e-09,
    "Mp": 3.298831466903652e-06,
    "VmaxICp": 5.1863463010227965e-05,
    "VmaxINp": 1.9587008952729434e-05,
    "gammaDp": 0.8,
    "omegaP": 6.629805034328737e-06
}