{
    "KICp": 15.442365396248384,
    "KINp": 0.02,
    "KlossROSp": 7.243227455053965e-07,
    "Koverflowp": 1.8054487699900344e-06,
    "KprodROSp": 5.577054723470507e-10,
    "Mp": 2.819487545822329e-06,
    "VmaxICp": 2.734813246087426e-05,
    "VmaxINp": 2.6812560046389496e-05,
    "gammaDp": 0.1478051857878216,
    "omegaP": 5.858649827116175e-06
}