{
    "KICp": 6.011807204079239,
    "KINp": 0.0034768964845979,
    "KlossROSp": 1.268400404419892e-05,
    "Koverflowp": 5.53377344672237e-07,
    "KprodROSp": 3.486491194559148e-09,
    "Mp": 3.298831466903652e-06,
    "VmaxICp": 5.1863463010227965e-05,
    "VmaxINp": 1.9587008952729434e-05,
    "gammaDp": 0.8,
    "omegaP": 6.629805034328737e-06
}