{
    "KICp": 5.214812280420403,
    "KINp": 0.02,
    "KlossROSp": 3.0265837067129855e-07,
    "Koverflowp": 1.290821800579866e-06,
    "KprodROSp": 1.941998948083513e-09,
    "Mp": 3.2477094289543903e-06,
    "VmaxICp": 4.808648452185363e-05,
    "VmaxINp": 1.884082610698918e-05,
    "gammaDp": 0.1707089795848013,
    "omegaP": 3.4913068870909e-06
}