{
    "KICp": 12.921372652493949,
    "KINp": 0.1248998119010638,
    "KlossROSp": 2.200198351128496e-07,
    "Koverflowp": 8.099210501876448e-06,
    "KprodROSp": 3.6325507970100854e-08,
    "Mp": 1.157407407407407e-06,
    "VmaxICp": 1.7976264451924794e-05,
    "VmaxINp": 2.509647701883552e-05,
    "gammaDp": 0.3745814102900138,
    "omegaP": 1.4002610993344542e-05
}