{
    "KICp": 16.903827632447403,
    "KINp": 0.0585937230976973,
    "KlossROSp": 3.1248540906142385e-07,
    "Koverflowp": 5.130677259098378e-06,
    "KprodROSp": 4.696016771488469e-09,
    "Mp": 3.4544828557841703e-06,
    "VmaxICp": 4.200081091475253e-05,
    "VmaxINp": 1.3151341173374586e-05,
    "gammaDp": 0.5408401103312417,
    "omegaP": 4.459120457663031e-06
}