{
    "KICp": 37.0,
    "KINp": 0.0080796323268656,
    "KlossROSp": 2.2532969357314008e-06,
    "Koverflowp": 2.690805042077437e-07,
    "KprodROSp": 1.3758426423687468e-08,
    "Mp": 6.4471197500475104e-06,
    "VmaxICp": 2.6441570732678325e-05,
    "VmaxINp": 5.458067169634076e-05,
    "gammaDp": 0.5501923564846675,
    "omegaP": 1.2200991738155757e-05
}