{
    "KICp": 16.69242639652751,
    "KINp": 0.0367896265486039,
    "KlossROSp": 1.0965440355433893e-05,
    "Koverflowp": 1.157407407407407e-06,
    "KprodROSp": 2.872184850210991e-09,
    "Mp": 3.607081325386225e-06,
    "VmaxICp": 3.89824184367685e-05,
    "VmaxINp": 1.5354274324365523e-05,
    "gammaDp": 0.8,
    "omegaP": 1.1569118842510508e-05
}