{
    "KICp": 10.831159568843072,
    "KINp": 0.02,
    "KlossROSp": 8.720627917092385e-06,
    "Koverflowp": 1.157407407407407e-06,
    "KprodROSp": 9.554415669133523e-10,
    "Mp": 6.264969106377449e-06,
    "VmaxICp": 3.5535554052203684e-05,
    "VmaxINp": 3.687545362728062e-05,
    "gammaDp": 0.5166710973270178,
    "omegaP": 4.6175002152064704e-05
}