{
    "KICp": 37.0,
    "KINp": 0.0215582361617979,
    "KlossROSp": 1.54628350056509e-05,
    "Koverflowp": 8.246056843033107e-06,
    "KprodROSp": 3.431245972775828e-09,
    "Mp": 2.8174978669718795e-06,
    "VmaxICp": 4.0492215720650007e-05,
    "VmaxINp": 1.822678624878668e-05,
    "gammaDp": 0.2767264988085354,
    "omegaP": 1.90717067565651e-05
}