{
    "KICp": 7.947630937996618,
    "KINp": 0.02,
    "KlossROSp": 3.223357558476332e-07,
    "Koverflowp": 7.332976595614838e-06,
    "KprodROSp": 4.696016771488469e-09,
    "Mp": 3.854339648670468e-06,
    "VmaxICp": 2.9407452781291527e-05,
    "VmaxINp": 1.7179247596711887e-05,
    "gammaDp": 0.8,
    "omegaP": 3.635511723798767e-06
}