{
    "KICp": 11.435179642595354,
    "KINp": 0.02,
    "KlossROSp": 1.956673654786862e-06,
    "Koverflowp": 1.157407407407407e-06,
    "KprodROSp": 1.206187838628189e-09,
    "Mp": 3.06718393776238e-06,
    "VmaxICp": 2.336426462339048e-05,
    "VmaxINp": 2.239948033698982e-05,
    "gammaDp": 0.5201536025014698,
    "omegaP": 1.2376189203557067e-05
}