{
    "KICp": 5.399510882164105,
    "KINp": 0.0205790317103816,
    "KlossROSp": 2.248954065018235e-07,
    "Koverflowp": 2.846426070218472e-06,
    "KprodROSp": 3.023245123737945e-08,
    "Mp": 2.969134387391964e-06,
    "VmaxICp": 1.6889546930540395e-05,
    "VmaxINp": 3.400114838203094e-05,
    "gammaDp": 0.1411444059509929,
    "omegaP": 6.448133972295984e-06
}