{
    "KICp": 9.806079068749709,
    "KINp": 0.02,
    "KlossROSp": 1.956673654786862e-06,
    "Koverflowp": 1.157407407407407e-06,
    "KprodROSp": 4.4713548128771673e-08,
    "Mp": 6.291396274095231e-06,
    "VmaxICp": 4.121411215069441e-05,
    "VmaxINp": 3.528815532867298e-05,
    "gammaDp": 0.8,
    "omegaP": 8.141804598278801e-06
}