{
    "KICp": 73.95660829141104,
    "KINp": 0.02,
    "KlossROSp": 3.68696958524753e-07,
    "Koverflowp": 1.157407407407407e-06,
    "KprodROSp": 4.4016231152542567e-08,
    "Mp": 9.479718650473767e-07,
    "VmaxICp": 3.593727847542897e-05,
    "VmaxINp": 2.46817517322258e-05,
    "gammaDp": 0.5570264405229947,
    "omegaP": 3.405555555555556e-05
}