{
    "KICp": 295.8168947516007,
    "KINp": 0.0032523499793254,
    "KlossROSp": 1.956673654786862e-06,
    "Koverflowp": 1.3866891288949595e-06,
    "KprodROSp": 1.3758426423687468e-08,
    "Mp": 2.618357932368701e-06,
    "VmaxICp": 2.6441570732678325e-05,
    "VmaxINp": 5.458067169634076e-05,
    "gammaDp": 0.5501923564846675,
    "omegaP": 9.03608942208711e-06
}