{
    "KICp": 172.46376661333483,
    "KINp": 0.1591520625353784,
    "KlossROSp": 5.028931567254058e-06,
    "Koverflowp": 9.613791796404507e-07,
    "KprodROSp": 3.1082029762092383e-08,
    "Mp": 2.8030295428625653e-06,
    "VmaxICp": 1.754290303380653e-05,
    "VmaxINp": 4.2413811432136654e-05,
    "gammaDp": 0.8232897938175536,
    "omegaP": 6.605381889201512e-06
}