{
    "KICp": 287.67085964236543,
    "KINp": 0.0023312466870787,
    "KlossROSp": 5.4210838535525e-06,
    "Koverflowp": 2.933725784970288e-07,
    "KprodROSp": 2.301179666551745e-08,
    "Mp": 2.1970624017258564e-06,
    "VmaxICp": 2.5136628598366574e-05,
    "VmaxINp": 2.8951862945013496e-05,
    "gammaDp": 0.3130372547380203,
    "omegaP": 1.1335859183770256e-05
}