{
    "KICp": 9.678421581110044,
    "KINp": 0.02,
    "KlossROSp": 3.513972359739113e-07,
    "Koverflowp": 1.8054487699900344e-06,
    "KprodROSp": 5.577054723470507e-10,
    "Mp": 4.499219943641697e-06,
    "VmaxICp": 1.7874674319795723e-05,
    "VmaxINp": 5.553228709349146e-05,
    "gammaDp": 0.1478051857878216,
    "omegaP": 1.804174090531797e-05
}