{
    "KICp": 5.441318274767725,
    "KINp": 0.02,
    "KlossROSp": 1.114097429458616e-06,
    "Koverflowp": 3.2744730046469524e-06,
    "KprodROSp": 9.780559186241492e-09,
    "Mp": 1.115643622447458e-05,
    "VmaxICp": 4.893268533125205e-05,
    "VmaxINp": 4.594230865814768e-05,
    "gammaDp": 0.1962044184349715,
    "omegaP": 6.217511951722958e-05
}