{
    "KICp": 44.36865929494152,
    "KINp": 0.0126495069672626,
    "KlossROSp": 4.845298115270747e-06,
    "Koverflowp": 3.079144897327329e-07,
    "KprodROSp": 1.6309359904522148e-08,
    "Mp": 6.899318510846058e-06,
    "VmaxICp": 5.330231891991289e-05,
    "VmaxINp": 3.286253299644545e-05,
    "gammaDp": 0.8,
    "omegaP": 5.464435997123901e-06
}