{
    "KICp": 109.79126603297232,
    "KINp": 0.0215241206170003,
    "KlossROSp": 1.3218132677557922e-06,
    "Koverflowp": 4.055507313637564e-06,
    "KprodROSp": 8.046236056481514e-09,
    "Mp": 5.834237580375887e-06,
    "VmaxICp": 5.421064990466707e-05,
    "VmaxINp": 3.053607769736618e-05,
    "gammaDp": 0.8,
    "omegaP": 4.9525177663807824e-05
}