{
    "KICp": 37.0,
    "KINp": 0.0040000994333111,
    "KlossROSp": 7.291987836385562e-06,
    "Koverflowp": 1.157407407407407e-06,
    "KprodROSp": 1.206187838628189e-09,
    "Mp": 3.06718393776238e-06,
    "VmaxICp": 3.025220180419209e-05,
    "VmaxINp": 2.239948033698982e-05,
    "gammaDp": 0.1542773958233181,
    "omegaP": 1.0193501418764904e-05
}