{
    "KICp": 30.374640167188154,
    "KINp": 0.02,
    "KlossROSp": 1.3454266455518144e-05,
    "Koverflowp": 1.157407407407407e-06,
    "KprodROSp": 1.0858110227311933e-08,
    "Mp": 4.257771926089581e-06,
    "VmaxICp": 3.973993930812526e-05,
    "VmaxINp": 1.5265736826300427e-05,
    "gammaDp": 0.5230234323691122,
    "omegaP": 3.11665586150419e-05
}