{
    "KICp": 5.214812280420403,
    "KINp": 0.02,
    "KlossROSp": 7.217094276861934e-06,
    "Koverflowp": 1.8321356666752591e-06,
    "KprodROSp": 2.730497785619627e-09,
    "Mp": 3.763681891286164e-06,
    "VmaxICp": 4.808648452185363e-05,
    "VmaxINp": 1.884082610698918e-05,
    "gammaDp": 0.2760106086147633,
    "omegaP": 3.4913068870909e-06
}