{
    "KICp": 30.642206042829528,
    "KINp": 0.0061211648363795,
    "KlossROSp": 1.1790772944473442e-06,
    "Koverflowp": 2.556814206025684e-07,
    "KprodROSp": 5.1419566149579335e-09,
    "Mp": 3.956914295647754e-06,
    "VmaxICp": 4.074314635663007e-05,
    "VmaxINp": 4.088194439312095e-05,
    "gammaDp": 0.8,
    "omegaP": 3.405555555555556e-05
}