{
    "KICp": 16.048962660663747,
    "KINp": 0.02,
    "KlossROSp": 1.4938119160204097e-06,
    "Koverflowp": 4.902021482552596e-07,
    "KprodROSp": 2.5139329020372717e-09,
    "Mp": 3.663258239591993e-06,
    "VmaxICp": 3.712442890277069e-05,
    "VmaxINp": 2.129882945205324e-05,
    "gammaDp": 0.8,
    "omegaP": 3.405555555555556e-05
}