{
    "KICp": 79.10313636032421,
    "KINp": 0.0078940477461429,
    "KlossROSp": 6.520301413580957e-07,
    "Koverflowp": 1.157407407407407e-06,
    "KprodROSp": 2.4734738276338013e-08,
    "Mp": 2.0081225974966205e-06,
    "VmaxICp": 3.593727847542897e-05,
    "VmaxINp": 2.46817517322258e-05,
    "gammaDp": 0.4044033354642245,
    "omegaP": 3.405555555555556e-05
}