{
    "KICp": 79.10313636032421,
    "KINp": 0.1688651686718694,
    "KlossROSp": 6.520301413580957e-07,
    "Koverflowp": 1.157407407407407e-06,
    "KprodROSp": 1.4536827395736652e-09,
    "Mp": 2.228047131932524e-06,
    "VmaxICp": 3.593727847542897e-05,
    "VmaxINp": 2.46817517322258e-05,
    "gammaDp": 0.3101599593458391,
    "omegaP": 3.405555555555556e-05
}