{
    "KICp": 37.0,
    "KINp": 0.02,
    "KlossROSp": 2.910164790458739e-07,
    "Koverflowp": 1.157407407407407e-06,
    "KprodROSp": 4.696016771488469e-09,
    "Mp": 3.406145217069761e-06,
    "VmaxICp": 3.626342504995979e-05,
    "VmaxINp": 3.3717905259994925e-05,
    "gammaDp": 0.8,
    "omegaP": 2.0789888570852267e-05
}