{
    "KICp": 346.6745986224625,
    "KINp": 0.02,
    "KlossROSp": 1.956673654786862e-06,
    "Koverflowp": 2.67521047611529e-06,
    "KprodROSp": 2.2329247510060593e-09,
    "Mp": 6.291396274095231e-06,
    "VmaxICp": 4.121411215069441e-05,
    "VmaxINp": 4.101553930279434e-05,
    "gammaDp": 0.8,
    "omegaP": 1.1229648901737164e-05
}