{
    "KICp": 177.46978049922814,
    "KINp": 0.0500347988598262,
    "KlossROSp": 3.0047721761653145e-06,
    "Koverflowp": 3.350720796161488e-06,
    "KprodROSp": 2.168973188093501e-09,
    "Mp": 5.330885310418907e-06,
    "VmaxICp": 3.4730387369865115e-05,
    "VmaxINp": 1.8586952428588617e-05,
    "gammaDp": 0.240009738956683,
    "omegaP": 3.405555555555556e-05
}