{
    "KICp": 37.0,
    "KINp": 0.0037880300227995,
    "KlossROSp": 2.910164790458739e-07,
    "Koverflowp": 2.5417536540261663e-06,
    "KprodROSp": 1.4749330594140565e-08,
    "Mp": 2.596435460337305e-06,
    "VmaxICp": 3.626342504995979e-05,
    "VmaxINp": 3.2329688908962023e-05,
    "gammaDp": 0.8,
    "omegaP": 3.405555555555556e-05
}