{
    "KICp": 7.125060181751719,
    "KINp": 0.02,
    "KlossROSp": 1.4938119160204097e-06,
    "Koverflowp": 1.157407407407407e-06,
    "KprodROSp": 3.2244334670408606e-08,
    "Mp": 3.663258239591993e-06,
    "VmaxICp": 3.712442890277069e-05,
    "VmaxINp": 2.129882945205324e-05,
    "gammaDp": 0.8,
    "omegaP": 4.233670392377734e-06
}