{
    "KICp": 49.11452040211322,
    "KINp": 0.024137847129636,
    "KlossROSp": 1.956673654786862e-06,
    "Koverflowp": 5.320860412362477e-06,
    "KprodROSp": 4.696016771488469e-09,
    "Mp": 4.22051635770621e-06,
    "VmaxICp": 4.208626742097198e-05,
    "VmaxINp": 3.409012376726405e-05,
    "gammaDp": 0.1073698894821655,
    "omegaP": 7.079865472219804e-05
}