{
    "KICp": 37.0,
    "KINp": 0.02,
    "KlossROSp": 4.2616425383126245e-06,
    "Koverflowp": 3.343108622056298e-06,
    "KprodROSp": 4.696016771488469e-09,
    "Mp": 7.939671370145858e-06,
    "VmaxICp": 3.522345744364121e-05,
    "VmaxINp": 2.106938830058234e-05,
    "gammaDp": 0.3356526543388585,
    "omegaP": 8.11933167107752e-06
}