{
    "KICp": 5.590541842053238,
    "KINp": 0.1612129727512936,
    "KlossROSp": 1.4938119160204097e-06,
    "Koverflowp": 5.277253139802468e-06,
    "KprodROSp": 5.185297143599018e-09,
    "Mp": 3.663258239591993e-06,
    "VmaxICp": 3.712442890277069e-05,
    "VmaxINp": 2.129882945205324e-05,
    "gammaDp": 0.8,
    "omegaP": 7.850596578794162e-06
}