{
    "KICp": 350.7197457762204,
    "KINp": 0.0170147962972486,
    "KlossROSp": 1.956673654786862e-06,
    "Koverflowp": 1.157407407407407e-06,
    "KprodROSp": 2.181835798341645e-09,
    "Mp": 3.06718393776238e-06,
    "VmaxICp": 3.8795938208344473e-05,
    "VmaxINp": 2.239948033698982e-05,
    "gammaDp": 0.5406192080497606,
    "omegaP": 6.355756214798147e-06
}