{
    "KICp": 9.806079068749709,
    "KINp": 0.0098975660536308,
    "KlossROSp": 1.956673654786862e-06,
    "Koverflowp": 7.97314479986572e-06,
    "KprodROSp": 2.2329247510060593e-09,
    "Mp": 6.291396274095231e-06,
    "VmaxICp": 4.121411215069441e-05,
    "VmaxINp": 4.101553930279434e-05,
    "gammaDp": 0.2918493755748417,
    "omegaP": 3.405555555555556e-05
}