{
    "KICp": 315.6844484481576,
    "KINp": 0.0111373820006915,
    "KlossROSp": 3.1248540906142385e-07,
    "Koverflowp": 5.130677259098378e-06,
    "KprodROSp": 1.616353223246157e-09,
    "Mp": 3.4544828557841703e-06,
    "VmaxICp": 4.200081091475253e-05,
    "VmaxINp": 1.3045630501987876e-05,
    "gammaDp": 0.1472211624805595,
    "omegaP": 4.459120457663031e-06
}