{
    "KICp": 103.5466347974364,
    "KINp": 0.02,
    "KlossROSp": 4.2616425383126245e-06,
    "Koverflowp": 3.343108622056298e-06,
    "KprodROSp": 6.383820383252957e-10,
    "Mp": 3.414079520580977e-06,
    "VmaxICp": 3.407754905540647e-05,
    "VmaxINp": 2.106938830058234e-05,
    "gammaDp": 0.1394037360912206,
    "omegaP": 9.427405109873905e-06
}