{
    "KICp": 307.49990552409764,
    "KINp": 0.0187398257935352,
    "KlossROSp": 1.0965440355433893e-05,
    "Koverflowp": 1.2266379263552734e-07,
    "KprodROSp": 4.696016771488469e-09,
    "Mp": 4.059688418321639e-06,
    "VmaxICp": 3.89824184367685e-05,
    "VmaxINp": 1.5354274324365523e-05,
    "gammaDp": 0.6299247513543748,
    "omegaP": 3.7572158045724345e-06
}