{
    "KICp": 37.0,
    "KINp": 0.0021528670063201,
    "KlossROSp": 1.956673654786862e-06,
    "Koverflowp": 1.576036186667335e-06,
    "KprodROSp": 8.426108132937526e-10,
    "Mp": 4.22051635770621e-06,
    "VmaxICp": 4.208626742097198e-05,
    "VmaxINp": 3.409012376726405e-05,
    "gammaDp": 0.1073698894821655,
    "omegaP": 4.639930272723226e-05
}