{
    "KICp": 111.19423272795376,
    "KINp": 0.1323156571387009,
    "KlossROSp": 1.3218132677557922e-06,
    "Koverflowp": 1.9765671931678554e-06,
    "KprodROSp": 2.520402741677176e-09,
    "Mp": 7.240191556543695e-06,
    "VmaxICp": 5.421064990466707e-05,
    "VmaxINp": 5.180238264218523e-05,
    "gammaDp": 0.1499425048424501,
    "omegaP": 4.636443363084633e-05
}