{
    "KICp": 38.16482121662881,
    "KINp": 0.0113488450464871,
    "KlossROSp": 3.047105035442456e-07,
    "Koverflowp": 1.941518698194293e-06,
    "KprodROSp": 1.5699427889847076e-08,
    "Mp": 4.962790339159087e-06,
    "VmaxICp": 5.442678023324557e-05,
    "VmaxINp": 1.5428196971093192e-05,
    "gammaDp": 0.1339866952204252,
    "omegaP": 4.7744562845755386e-06
}