{
    "KICp": 9.678421581110044,
    "KINp": 0.02,
    "KlossROSp": 3.513972359739113e-07,
    "Koverflowp": 4.202227843414968e-06,
    "KprodROSp": 5.577054723470507e-10,
    "Mp": 3.455575491911773e-06,
    "VmaxICp": 2.734813246087426e-05,
    "VmaxINp": 2.6812560046389496e-05,
    "gammaDp": 0.4107534395503466,
    "omegaP": 7.954657966059338e-06
}