{
    "KICp": 111.19423272795376,
    "KINp": 0.006419823110067,
    "KlossROSp": 1.3218132677557922e-06,
    "Koverflowp": 2.230859140491661e-06,
    "KprodROSp": 2.520402741677176e-09,
    "Mp": 3.1323671655552564e-06,
    "VmaxICp": 5.421064990466707e-05,
    "VmaxINp": 3.053607769736618e-05,
    "gammaDp": 0.8,
    "omegaP": 4.636443363084633e-05
}