{
    "KICp": 37.0,
    "KINp": 0.1914806131915084,
    "KlossROSp": 1.956673654786862e-06,
    "Koverflowp": 1.157407407407407e-06,
    "KprodROSp": 4.696016771488469e-09,
    "Mp": 4.22051635770621e-06,
    "VmaxICp": 4.208626742097198e-05,
    "VmaxINp": 3.409012376726405e-05,
    "gammaDp": 0.6725717293803019,
    "omegaP": 2.5703252407087088e-05
}