{
    "KICp": 13.33475468820083,
    "KINp": 0.0022785537272312,
    "KlossROSp": 1.956673654786862e-06,
    "Koverflowp": 4.48134029134816e-07,
    "KprodROSp": 4.675264715138137e-09,
    "Mp": 3.761444679152003e-06,
    "VmaxICp": 5.4360949067258784e-05,
    "VmaxINp": 3.673618478191355e-05,
    "gammaDp": 0.2426051724079275,
    "omegaP": 0.0001218490661235
}