{
    "KICp": 26.098887204718743,
    "KINp": 0.0029313681509282,
    "KlossROSp": 1.7702104711627496e-05,
    "Koverflowp": 8.997410190948216e-06,
    "KprodROSp": 3.364547586287484e-08,
    "Mp": 9.967993671724875e-06,
    "VmaxICp": 3.813281665378847e-05,
    "VmaxINp": 4.038388820960855e-05,
    "gammaDp": 0.1709192264839525,
    "omegaP": 5.578093114547261e-06
}