{
    "KICp": 210.45047422883573,
    "KINp": 0.0187398257935352,
    "KlossROSp": 1.0965440355433893e-05,
    "Koverflowp": 9.545628700867242e-07,
    "KprodROSp": 4.696016771488469e-09,
    "Mp": 3.607081325386225e-06,
    "VmaxICp": 3.89824184367685e-05,
    "VmaxINp": 1.5354274324365523e-05,
    "gammaDp": 0.1547267099624842,
    "omegaP": 1.1569118842510508e-05
}