{
    "KICp": 8.206604111499656,
    "KINp": 0.0126495069672626,
    "KlossROSp": 1.0469040133530007e-06,
    "Koverflowp": 1.99312700597258e-06,
    "KprodROSp": 6.113356492417491e-09,
    "Mp": 6.368736764842728e-06,
    "VmaxICp": 5.330231891991289e-05,
    "VmaxINp": 3.286253299644545e-05,
    "gammaDp": 0.1745509797278112,
    "omegaP": 5.464435997123901e-06
}