{
    "KICp": 37.0,
    "KINp": 0.0045575822881511,
    "KlossROSp": 2.2012691891292882e-07,
    "Koverflowp": 2.925274330554641e-06,
    "KprodROSp": 2.1228041013606965e-08,
    "Mp": 1.968349145131297e-07,
    "VmaxICp": 2.230977149916805e-05,
    "VmaxINp": 3.880156088971853e-05,
    "gammaDp": 0.2955257015774674,
    "omegaP": 3.827136961978959e-05
}