{
    "KICp": 307.49990552409764,
    "KINp": 0.0187398257935352,
    "KlossROSp": 4.5208173287662843e-07,
    "Koverflowp": 1.157407407407407e-06,
    "KprodROSp": 2.186017505704643e-09,
    "Mp": 3.607081325386225e-06,
    "VmaxICp": 3.89824184367685e-05,
    "VmaxINp": 1.5354274324365523e-05,
    "gammaDp": 0.8,
    "omegaP": 4.469842815206455e-06
}