{
    "KICp": 88.18960269013918,
    "KINp": 0.1248998119010638,
    "KlossROSp": 2.736827175594468e-07,
    "Koverflowp": 6.332186684873111e-07,
    "KprodROSp": 3.6325507970100854e-08,
    "Mp": 5.844825408558018e-07,
    "VmaxICp": 1.7976264451924794e-05,
    "VmaxINp": 2.509647701883552e-05,
    "gammaDp": 0.3316707961170481,
    "omegaP": 1.4002610993344542e-05
}