{
    "KICp": 307.49990552409764,
    "KINp": 0.0187398257935352,
    "KlossROSp": 3.463942727274002e-07,
    "Koverflowp": 1.157407407407407e-06,
    "KprodROSp": 4.696016771488469e-09,
    "Mp": 3.607081325386225e-06,
    "VmaxICp": 3.511612842191582e-05,
    "VmaxINp": 2.208606096544296e-05,
    "gammaDp": 0.1216639129398009,
    "omegaP": 1.1569118842510508e-05
}