{
    "KICp": 37.0,
    "KINp": 0.02,
    "KlossROSp": 2.4623200012155315e-06,
    "Koverflowp": 1.5515997337656213e-07,
    "KprodROSp": 3.431245972775828e-09,
    "Mp": 2.8174978669718795e-06,
    "VmaxICp": 4.0492215720650007e-05,
    "VmaxINp": 1.822678624878668e-05,
    "gammaDp": 0.1881447507415024,
    "omegaP": 3.473866724962711e-06
}