{
    "KICp": 34.20617264180989,
    "KINp": 0.0092266489649109,
    "KlossROSp": 2.324657987670966e-07,
    "Koverflowp": 1.157407407407407e-06,
    "KprodROSp": 4.696016771488469e-09,
    "Mp": 8.175447357534845e-06,
    "VmaxICp": 2.890823406486391e-05,
    "VmaxINp": 3.465856203601823e-05,
    "gammaDp": 0.5389261179038403,
    "omegaP": 1.1870028465267458e-05
}