{
    "KICp": 37.0,
    "KINp": 0.02,
    "KlossROSp": 8.415546344644242e-06,
    "Koverflowp": 1.4789464391548704e-07,
    "KprodROSp": 4.696016771488469e-09,
    "Mp": 3.725590176560001e-06,
    "VmaxICp": 2.149824863357084e-05,
    "VmaxINp": 1.804849726976992e-05,
    "gammaDp": 0.1197152358579488,
    "omegaP": 6.704738604718126e-06
}