{
    "KICp": 315.6844484481576,
    "KINp": 0.02374811770875,
    "KlossROSp": 3.138020747563083e-07,
    "Koverflowp": 5.130677259098378e-06,
    "KprodROSp": 3.598342789472145e-08,
    "Mp": 3.4544828557841703e-06,
    "VmaxICp": 4.200081091475253e-05,
    "VmaxINp": 3.243331650442342e-05,
    "gammaDp": 0.1472211624805595,
    "omegaP": 5.026314620293573e-05
}