{
    "KICp": 26.098887204718743,
    "KINp": 0.02,
    "KlossROSp": 1.7702104711627496e-05,
    "Koverflowp": 1.5788474907943176e-07,
    "KprodROSp": 3.364547586287484e-08,
    "Mp": 5.363240818316166e-06,
    "VmaxICp": 3.813281665378847e-05,
    "VmaxINp": 4.038388820960855e-05,
    "gammaDp": 0.830281916264256,
    "omegaP": 1.6534198636605687e-05
}