{
    "KICp": 16.45992111461909,
    "KINp": 0.0020336527079465,
    "KlossROSp": 1.2108957941096185e-06,
    "Koverflowp": 1.157407407407407e-06,
    "KprodROSp": 4.696016771488469e-09,
    "Mp": 8.175447357534845e-06,
    "VmaxICp": 2.890823406486391e-05,
    "VmaxINp": 4.3893961911170624e-05,
    "gammaDp": 0.8,
    "omegaP": 5.8479337986809005e-06
}