{
    "KICp": 37.0,
    "KINp": 0.02,
    "KlossROSp": 2.481153200493855e-06,
    "Koverflowp": 2.057402341755776e-07,
    "KprodROSp": 1.2403459271610832e-08,
    "Mp": 1.0643164052245212e-05,
    "VmaxICp": 5.161664924285753e-05,
    "VmaxINp": 3.875445435143543e-05,
    "gammaDp": 0.3532553496237878,
    "omegaP": 1.1031551883027166e-05
}