{
    "KICp": 37.0,
    "KINp": 0.0197560077241702,
    "KlossROSp": 3.184916300168425e-07,
    "Koverflowp": 8.669435626254033e-07,
    "KprodROSp": 2.1358666935172786e-08,
    "Mp": 2.248654260181114e-06,
    "VmaxICp": 2.3785212382907525e-05,
    "VmaxINp": 2.075886407033449e-05,
    "gammaDp": 0.1762735522383627,
    "omegaP": 7.336420161563625e-06
}