{
    "KICp": 19.16565444903992,
    "KINp": 0.0077973583786549,
    "KlossROSp": 5.995613301445416e-06,
    "Koverflowp": 1.157407407407407e-06,
    "KprodROSp": 9.554415669133523e-10,
    "Mp": 8.403558225257352e-06,
    "VmaxICp": 3.5535554052203684e-05,
    "VmaxINp": 5.376446108622896e-05,
    "gammaDp": 0.1542717466208867,
    "omegaP": 4.6175002152064704e-05
}