{
    "KICp": 39.95069243607064,
    "KINp": 0.02,
    "KlossROSp": 4.2616425383126245e-06,
    "Koverflowp": 3.343108622056298e-06,
    "KprodROSp": 4.696016771488469e-09,
    "Mp": 3.414079520580977e-06,
    "VmaxICp": 1.925429911762008e-05,
    "VmaxINp": 3.812038191247216e-05,
    "gammaDp": 0.3356526543388585,
    "omegaP": 1.469528661965207e-05
}