{
    "KICp": 37.0,
    "KINp": 0.02,
    "KlossROSp": 1.956673654786862e-06,
    "Koverflowp": 9.89363812096631e-06,
    "KprodROSp": 1.206187838628189e-09,
    "Mp": 3.3356351064023554e-06,
    "VmaxICp": 3.8795938208344473e-05,
    "VmaxINp": 2.239948033698982e-05,
    "gammaDp": 0.1235633465007192,
    "omegaP": 6.355756214798147e-06
}