{
    "KICp": 307.49990552409764,
    "KINp": 0.0187398257935352,
    "KlossROSp": 8.190849799418439e-06,
    "Koverflowp": 1.157407407407407e-06,
    "KprodROSp": 6.479145909883316e-10,
    "Mp": 2.0663642445346617e-06,
    "VmaxICp": 3.89824184367685e-05,
    "VmaxINp": 1.5354274324365523e-05,
    "gammaDp": 0.8,
    "omegaP": 1.1569118842510508e-05
}