{
    "KICp": 9.678421581110044,
    "KINp": 0.0118464557692752,
    "KlossROSp": 3.513972359739113e-07,
    "Koverflowp": 1.8054487699900344e-06,
    "KprodROSp": 2.475225945125873e-09,
    "Mp": 4.499219943641697e-06,
    "VmaxICp": 2.734813246087426e-05,
    "VmaxINp": 2.6812560046389496e-05,
    "gammaDp": 0.5570138032304346,
    "omegaP": 7.954657966059338e-06
}