{
    "KICp": 37.0,
    "KINp": 0.0032523499793254,
    "KlossROSp": 1.956673654786862e-06,
    "Koverflowp": 2.690805042077437e-07,
    "KprodROSp": 1.3758426423687468e-08,
    "Mp": 7.170596080414019e-06,
    "VmaxICp": 4.637327067599873e-05,
    "VmaxINp": 5.458067169634076e-05,
    "gammaDp": 0.1136141074836386,
    "omegaP": 3.586909349531327e-05
}