{
    "KICp": 5.214812280420403,
    "KINp": 0.02,
    "KlossROSp": 5.343273764046687e-07,
    "Koverflowp": 1.0897957949546952e-05,
    "KprodROSp": 3.850427572670767e-09,
    "Mp": 3.763681891286164e-06,
    "VmaxICp": 4.808648452185363e-05,
    "VmaxINp": 2.2339927544074968e-05,
    "gammaDp": 0.2394991179657668,
    "omegaP": 7.2102934841285854e-06
}