{
    "KICp": 5.590541842053238,
    "KINp": 0.02,
    "KlossROSp": 5.216978679344379e-06,
    "Koverflowp": 1.157407407407407e-06,
    "KprodROSp": 8.22448159749096e-09,
    "Mp": 2.7658864134471167e-06,
    "VmaxICp": 3.712442890277069e-05,
    "VmaxINp": 2.129882945205324e-05,
    "gammaDp": 0.3158916685031228,
    "omegaP": 4.882539615021727e-05
}