{
    "KICp": 186.57477631017983,
    "KINp": 0.0257967615385199,
    "KlossROSp": 3.0047721761653145e-06,
    "Koverflowp": 3.350720796161488e-06,
    "KprodROSp": 2.168973188093501e-09,
    "Mp": 3.4649503427521944e-06,
    "VmaxICp": 3.508261631051586e-05,
    "VmaxINp": 3.4460208179836426e-05,
    "gammaDp": 0.1227591231090983,
    "omegaP": 3.905130817414952e-05
}