{
    "KICp": 301.2657708125409,
    "KINp": 0.02,
    "KlossROSp": 1.1778892614069349e-05,
    "Koverflowp": 3.316283204700212e-06,
    "KprodROSp": 3.2379733693264214e-08,
    "Mp": 6.032648088894934e-06,
    "VmaxICp": 1.7980492074121536e-05,
    "VmaxINp": 4.544411439449651e-05,
    "gammaDp": 0.3307479117141377,
    "omegaP": 7.878609612467594e-06
}