{
    "KICp": 32.985098235771275,
    "KINp": 0.02,
    "KlossROSp": 5.159482272795217e-06,
    "Koverflowp": 8.669435626254033e-07,
    "KprodROSp": 4.6555786802399216e-08,
    "Mp": 2.248654260181114e-06,
    "VmaxICp": 2.3785212382907525e-05,
    "VmaxINp": 2.075886407033449e-05,
    "gammaDp": 0.1762735522383627,
    "omegaP": 7.336420161563625e-06
}