{
    "KICp": 72.93361102511096,
    "KINp": 0.02,
    "KlossROSp": 1.4010940701944971e-05,
    "Koverflowp": 5.429093148569422e-07,
    "KprodROSp": 4.696016771488469e-09,
    "Mp": 3.725590176560001e-06,
    "VmaxICp": 4.98766031812766e-05,
    "VmaxINp": 1.804849726976992e-05,
    "gammaDp": 0.1197152358579488,
    "omegaP": 6.566215170637619e-05
}