{
    "KICp": 9.678421581110044,
    "KINp": 0.1486742976704123,
    "KlossROSp": 3.513972359739113e-07,
    "Koverflowp": 1.8054487699900344e-06,
    "KprodROSp": 4.8063485729699615e-09,
    "Mp": 4.499219943641697e-06,
    "VmaxICp": 2.734813246087426e-05,
    "VmaxINp": 2.6812560046389496e-05,
    "gammaDp": 0.1425199215486703,
    "omegaP": 1.529969119700247e-05
}