{
    "KICp": 26.098887204718743,
    "KINp": 0.1100361540724015,
    "KlossROSp": 1.7702104711627496e-05,
    "Koverflowp": 6.830565364905113e-07,
    "KprodROSp": 7.212577724704705e-09,
    "Mp": 5.173228715971313e-06,
    "VmaxICp": 3.813281665378847e-05,
    "VmaxINp": 4.038388820960855e-05,
    "gammaDp": 0.1709192264839525,
    "omegaP": 5.578093114547261e-06
}