{
    "KICp": 26.098887204718743,
    "KINp": 0.02,
    "KlossROSp": 1.7702104711627496e-05,
    "Koverflowp": 5.653954829539038e-06,
    "KprodROSp": 4.601535459795327e-08,
    "Mp": 5.173228715971313e-06,
    "VmaxICp": 3.813281665378847e-05,
    "VmaxINp": 4.038388820960855e-05,
    "gammaDp": 0.1709192264839525,
    "omegaP": 7.051461639314378e-05
}