{
    "KICp": 68.23039638099429,
    "KINp": 0.0035395273750416,
    "KlossROSp": 2.6808287461655866e-06,
    "Koverflowp": 1.2377057878483837e-07,
    "KprodROSp": 2.2028533931243052e-08,
    "Mp": 1.157407407407407e-06,
    "VmaxICp": 5.4360949067258784e-05,
    "VmaxINp": 3.673618478191355e-05,
    "gammaDp": 0.2426051724079275,
    "omegaP": 0.0001218490661235
}