{
    "KICp": 29.86195055389793,
    "KINp": 0.0092142194538958,
    "KlossROSp": 3.0265837067129855e-07,
    "Koverflowp": 1.6500561887907806e-06,
    "KprodROSp": 7.378859180163736e-09,
    "Mp": 3.763681891286164e-06,
    "VmaxICp": 4.808648452185363e-05,
    "VmaxINp": 1.884082610698918e-05,
    "gammaDp": 0.2394991179657668,
    "omegaP": 3.4913068870909e-06
}