{
    "KICp": 65.11469155787763,
    "KINp": 0.0262909997390946,
    "KlossROSp": 8.108156034246046e-06,
    "Koverflowp": 2.206691670394697e-07,
    "KprodROSp": 2.7693541219409792e-09,
    "Mp": 3.956914295647754e-06,
    "VmaxICp": 4.074314635663007e-05,
    "VmaxINp": 4.088194439312095e-05,
    "gammaDp": 0.128084329804106,
    "omegaP": 3.405555555555556e-05
}