{
    "KICp": 37.0,
    "KINp": 0.0065799680634039,
    "KlossROSp": 7.162102666417954e-07,
    "Koverflowp": 1.157407407407407e-06,
    "KprodROSp": 1.1439761016350383e-09,
    "Mp": 7.57289814677547e-06,
    "VmaxICp": 4.434781579876785e-05,
    "VmaxINp": 4.077157401324523e-05,
    "gammaDp": 0.8,
    "omegaP": 1.4116777708766544e-05
}