{
    "KICp": 195.56269059073333,
    "KINp": 0.02,
    "KlossROSp": 5.967097016395019e-06,
    "Koverflowp": 1.486291061186504e-06,
    "KprodROSp": 3.364547586287484e-08,
    "Mp": 9.383199689627248e-06,
    "VmaxICp": 3.813281665378847e-05,
    "VmaxINp": 4.038388820960855e-05,
    "gammaDp": 0.1709192264839525,
    "omegaP": 5.578093114547261e-06
}