{
    "KICp": 77.48852828468692,
    "KINp": 0.02,
    "KlossROSp": 1.350481352532714e-06,
    "Koverflowp": 1.8054487699900344e-06,
    "KprodROSp": 1.0504262618477251e-08,
    "Mp": 4.499219943641697e-06,
    "VmaxICp": 2.734813246087426e-05,
    "VmaxINp": 2.6812560046389496e-05,
    "gammaDp": 0.1030847181075893,
    "omegaP": 7.954657966059338e-06
}