{
    "KICp": 125.5213528204763,
    "KINp": 0.1248998119010638,
    "KlossROSp": 2.736827175594468e-07,
    "Koverflowp": 9.592914150317012e-06,
    "KprodROSp": 3.6325507970100854e-08,
    "Mp": 1.157407407407407e-06,
    "VmaxICp": 4.231498754379728e-05,
    "VmaxINp": 2.509647701883552e-05,
    "gammaDp": 0.1953817555219627,
    "omegaP": 1.4002610993344542e-05
}