{
    "KICp": 129.37034634745396,
    "KINp": 0.0072035443401219,
    "KlossROSp": 9.511505501045329e-06,
    "Koverflowp": 7.815385986527413e-07,
    "KprodROSp": 8.062606769975048e-10,
    "Mp": 7.57289814677547e-06,
    "VmaxICp": 4.434781579876785e-05,
    "VmaxINp": 4.077157401324523e-05,
    "gammaDp": 0.8,
    "omegaP": 1.381147116323362e-05
}