{
    "KICp": 5.590541842053238,
    "KINp": 0.02,
    "KlossROSp": 1.4938119160204097e-06,
    "Koverflowp": 2.6493277522870455e-07,
    "KprodROSp": 1.532673502556098e-09,
    "Mp": 3.663258239591993e-06,
    "VmaxICp": 3.712442890277069e-05,
    "VmaxINp": 2.129882945205324e-05,
    "gammaDp": 0.1756092404332065,
    "omegaP": 3.405555555555556e-05
}