{
    "KICp": 12.008351543679812,
    "KINp": 0.0205224508550931,
    "KlossROSp": 1.956673654786862e-06,
    "Koverflowp": 1.388220158004226e-06,
    "KprodROSp": 4.696016771488469e-09,
    "Mp": 4.22051635770621e-06,
    "VmaxICp": 4.208626742097198e-05,
    "VmaxINp": 3.409012376726405e-05,
    "gammaDp": 0.1073698894821655,
    "omegaP": 4.76740020322727e-06
}