{
    "KICp": 47.39089377038286,
    "KINp": 0.02,
    "KlossROSp": 2.083429540791108e-07,
    "Koverflowp": 2.730701111099328e-06,
    "KprodROSp": 3.023245123737945e-08,
    "Mp": 7.518730552409919e-07,
    "VmaxICp": 1.6889546930540395e-05,
    "VmaxINp": 3.400114838203094e-05,
    "gammaDp": 0.1411444059509929,
    "omegaP": 1.3760966178285271e-05
}