{
    "KICp": 44.36865929494152,
    "KINp": 0.0126495069672626,
    "KlossROSp": 3.2746583839944464e-07,
    "Koverflowp": 1.8887501566256256e-06,
    "KprodROSp": 1.6605301538082668e-08,
    "Mp": 1.9844342122806034e-06,
    "VmaxICp": 5.330231891991289e-05,
    "VmaxINp": 1.5274052961154423e-05,
    "gammaDp": 0.8,
    "omegaP": 5.464435997123901e-06
}