{
    "KICp": 147.1167422904696,
    "KINp": 0.0032523499793254,
    "KlossROSp": 1.956673654786862e-06,
    "Koverflowp": 2.0326810225837607e-06,
    "KprodROSp": 1.3758426423687468e-08,
    "Mp": 6.4471197500475104e-06,
    "VmaxICp": 2.6441570732678325e-05,
    "VmaxINp": 5.458067169634076e-05,
    "gammaDp": 0.3650823049298486,
    "omegaP": 3.405555555555556e-05
}