{
    "KICp": 62.9946911866588,
    "KINp": 0.1065014362933084,
    "KlossROSp": 1.268400404419892e-05,
    "Koverflowp": 3.064720465279807e-07,
    "KprodROSp": 8.464244381844856e-10,
    "Mp": 3.298831466903652e-06,
    "VmaxICp": 5.1863463010227965e-05,
    "VmaxINp": 1.9587008952729434e-05,
    "gammaDp": 0.8,
    "omegaP": 6.629805034328737e-06
}