{
    "KICp": 315.6844484481576,
    "KINp": 0.0049906774648421,
    "KlossROSp": 1.721087501395673e-06,
    "Koverflowp": 5.130677259098378e-06,
    "KprodROSp": 6.672580695235323e-09,
    "Mp": 3.4544828557841703e-06,
    "VmaxICp": 4.200081091475253e-05,
    "VmaxINp": 1.5500391402043613e-05,
    "gammaDp": 0.1472211624805595,
    "omegaP": 3.759689663174533e-06
}