{
    "KICp": 37.0,
    "KINp": 0.02,
    "KlossROSp": 4.504288254761566e-07,
    "Koverflowp": 1.157407407407407e-06,
    "KprodROSp": 6.900994713174135e-09,
    "Mp": 3.4716180013840764e-06,
    "VmaxICp": 3.626342504995979e-05,
    "VmaxINp": 3.2329688908962023e-05,
    "gammaDp": 0.1567237527700408,
    "omegaP": 3.405555555555556e-05
}