{
    "KICp": 37.0,
    "KINp": 0.0536832202959951,
    "KlossROSp": 5.0935046394216505e-06,
    "Koverflowp": 3.316283204700212e-06,
    "KprodROSp": 3.2379733693264214e-08,
    "Mp": 2.3824532519365635e-06,
    "VmaxICp": 1.7980492074121536e-05,
    "VmaxINp": 4.544411439449651e-05,
    "gammaDp": 0.3088775792844856,
    "omegaP": 2.8455844996691844e-05
}