{
    "KICp": 38.16482121662881,
    "KINp": 0.0064626427342686,
    "KlossROSp": 2.767960788951509e-07,
    "Koverflowp": 3.790808017151746e-07,
    "KprodROSp": 1.5699427889847076e-08,
    "Mp": 1.157407407407407e-06,
    "VmaxICp": 5.442678023324557e-05,
    "VmaxINp": 2.767405340139278e-05,
    "gammaDp": 0.312945750797593,
    "omegaP": 3.615885963617161e-05
}