{
    "KICp": 5.214812280420403,
    "KINp": 0.02,
    "KlossROSp": 4.078135797533044e-07,
    "Koverflowp": 1.0897957949546952e-05,
    "KprodROSp": 3.666022704274607e-09,
    "Mp": 3.763681891286164e-06,
    "VmaxICp": 4.808648452185363e-05,
    "VmaxINp": 1.884082610698918e-05,
    "gammaDp": 0.3340257742894811,
    "omegaP": 3.771338619156772e-06
}