{
    "KICp": 9.678421581110044,
    "KINp": 0.0037117998767623,
    "KlossROSp": 3.513972359739113e-07,
    "Koverflowp": 1.8054487699900344e-06,
    "KprodROSp": 4.2149295100077526e-08,
    "Mp": 2.2234947555578967e-06,
    "VmaxICp": 2.734813246087426e-05,
    "VmaxINp": 1.7358747579244303e-05,
    "gammaDp": 0.1478051857878216,
    "omegaP": 7.954657966059338e-06
}