{
    "KICp": 38.16482121662881,
    "KINp": 0.0191993832378761,
    "KlossROSp": 3.047105035442456e-07,
    "Koverflowp": 4.30580198096163e-06,
    "KprodROSp": 1.5699427889847076e-08,
    "Mp": 1.157407407407407e-06,
    "VmaxICp": 5.442678023324557e-05,
    "VmaxINp": 1.4877276267335382e-05,
    "gammaDp": 0.7988605398862607,
    "omegaP": 3.615885963617161e-05
}