{
    "KICp": 10.954473379468546,
    "KINp": 0.02,
    "KlossROSp": 4.551099049743047e-06,
    "Koverflowp": 1.8054487699900344e-06,
    "KprodROSp": 5.577054723470507e-10,
    "Mp": 4.499219943641697e-06,
    "VmaxICp": 2.734813246087426e-05,
    "VmaxINp": 5.384434353164512e-05,
    "gammaDp": 0.1402003662643443,
    "omegaP": 7.954657966059338e-06
}