{
    "KICp": 47.47598818690257,
    "KINp": 0.02,
    "KlossROSp": 3.055334382747156e-07,
    "Koverflowp": 1.594833093795286e-07,
    "KprodROSp": 4.696016771488469e-09,
    "Mp": 3.725590176560001e-06,
    "VmaxICp": 4.98766031812766e-05,
    "VmaxINp": 1.804849726976992e-05,
    "gammaDp": 0.1197152358579488,
    "omegaP": 6.704738604718126e-06
}