{
    "KICp": 47.39089377038286,
    "KINp": 0.02,
    "KlossROSp": 2.248954065018235e-07,
    "Koverflowp": 1.833740692732479e-07,
    "KprodROSp": 3.023245123737945e-08,
    "Mp": 2.969134387391964e-06,
    "VmaxICp": 1.6889546930540395e-05,
    "VmaxINp": 3.0383300557179825e-05,
    "gammaDp": 0.1862749208565543,
    "omegaP": 1.3760966178285271e-05
}