{
    "KICp": 9.503267946571514,
    "KINp": 0.0458180260632838,
    "KlossROSp": 1.7702104711627496e-05,
    "Koverflowp": 5.888176046593174e-06,
    "KprodROSp": 1.339714982987939e-09,
    "Mp": 5.173228715971313e-06,
    "VmaxICp": 3.813281665378847e-05,
    "VmaxINp": 4.038388820960855e-05,
    "gammaDp": 0.1709192264839525,
    "omegaP": 5.578093114547261e-06
}