{
    "KICp": 37.0,
    "KINp": 0.0023690914382312,
    "KlossROSp": 1.3059086935350768e-06,
    "Koverflowp": 2.057402341755776e-07,
    "KprodROSp": 1.3476096507558952e-08,
    "Mp": 5.24913549353252e-06,
    "VmaxICp": 5.161664924285753e-05,
    "VmaxINp": 3.623203960918261e-05,
    "gammaDp": 0.8,
    "omegaP": 6.290708276219834e-05
}