{
    "KICp": 47.39089377038286,
    "KINp": 0.034447651793703,
    "KlossROSp": 2.248954065018235e-07,
    "Koverflowp": 7.492457794847924e-06,
    "KprodROSp": 3.023245123737945e-08,
    "Mp": 1.3474536791436245e-07,
    "VmaxICp": 1.6889546930540395e-05,
    "VmaxINp": 3.400114838203094e-05,
    "gammaDp": 0.8556290744962265,
    "omegaP": 2.862093494652362e-05
}