{
    "KICp": 4.832697324029728,
    "KINp": 0.002514406199258,
    "KlossROSp": 7.162102666417954e-07,
    "Koverflowp": 1.157407407407407e-06,
    "KprodROSp": 6.444022632879891e-09,
    "Mp": 4.514974093846434e-06,
    "VmaxICp": 4.434781579876785e-05,
    "VmaxINp": 4.077157401324523e-05,
    "gammaDp": 0.8,
    "omegaP": 1.381147116323362e-05
}