{
    "KICp": 6.30434171306,
    "KINp": 0.1085747132594858,
    "KlossROSp": 1.956673654786862e-06,
    "Koverflowp": 1.780191224573325e-06,
    "KprodROSp": 5.470540117626289e-10,
    "Mp": 2.1970624017258564e-06,
    "VmaxICp": 2.5136628598366574e-05,
    "VmaxINp": 2.8951862945013496e-05,
    "gammaDp": 0.3130372547380203,
    "omegaP": 1.1335859183770256e-05
}