{
    "KICp": 43.01228795298443,
    "KINp": 0.0247839126085914,
    "KlossROSp": 5.028931567254058e-06,
    "Koverflowp": 9.613791796404507e-07,
    "KprodROSp": 1.1627972327423186e-08,
    "Mp": 2.8030295428625653e-06,
    "VmaxICp": 1.754290303380653e-05,
    "VmaxINp": 4.2413811432136654e-05,
    "gammaDp": 0.8232897938175536,
    "omegaP": 3.7350915873824008e-06
}