{
    "KICp": 43.43854209345275,
    "KINp": 0.02,
    "KlossROSp": 1.734879646865169e-05,
    "Koverflowp": 5.888176046593174e-06,
    "KprodROSp": 3.364547586287484e-08,
    "Mp": 1.0127570193672985e-05,
    "VmaxICp": 3.813281665378847e-05,
    "VmaxINp": 4.038388820960855e-05,
    "gammaDp": 0.1709192264839525,
    "omegaP": 1.4808713804584404e-05
}