{
    "KICp": 37.0,
    "KINp": 0.1070175173956363,
    "KlossROSp": 1.956673654786862e-06,
    "Koverflowp": 1.157407407407407e-06,
    "KprodROSp": 3.197025134420757e-09,
    "Mp": 4.22051635770621e-06,
    "VmaxICp": 4.208626742097198e-05,
    "VmaxINp": 3.409012376726405e-05,
    "gammaDp": 0.1073698894821655,
    "omegaP": 7.137153829132524e-06
}