{
    "KICp": 19.16565444903992,
    "KINp": 0.0042352211836691,
    "KlossROSp": 2.622353192684558e-07,
    "Koverflowp": 1.5264173764242977e-06,
    "KprodROSp": 9.554415669133523e-10,
    "Mp": 7.641800671806235e-06,
    "VmaxICp": 3.5535554052203684e-05,
    "VmaxINp": 5.376446108622896e-05,
    "gammaDp": 0.5166710973270178,
    "omegaP": 4.6175002152064704e-05
}