{
    "KICp": 6.023883699770485,
    "KINp": 0.02,
    "KlossROSp": 3.0265837067129855e-07,
    "Koverflowp": 8.287922986377283e-07,
    "KprodROSp": 1.941998948083513e-09,
    "Mp": 4.501118131301977e-06,
    "VmaxICp": 4.808648452185363e-05,
    "VmaxINp": 1.884082610698918e-05,
    "gammaDp": 0.2394991179657668,
    "omegaP": 3.4913068870909e-06
}