{
    "KICp": 37.0,
    "KINp": 0.0567438628634502,
    "KlossROSp": 1.956673654786862e-06,
    "Koverflowp": 6.518979002897088e-07,
    "KprodROSp": 3.431245972775828e-09,
    "Mp": 2.8174978669718795e-06,
    "VmaxICp": 4.0492215720650007e-05,
    "VmaxINp": 1.56478664348739e-05,
    "gammaDp": 0.1881447507415024,
    "omegaP": 2.9323620861157265e-05
}