{
    "KICp": 37.0,
    "KINp": 0.0072035443401219,
    "KlossROSp": 9.542558106746344e-06,
    "Koverflowp": 7.538674796621694e-07,
    "KprodROSp": 6.444022632879891e-09,
    "Mp": 7.57289814677547e-06,
    "VmaxICp": 4.434781579876785e-05,
    "VmaxINp": 4.077157401324523e-05,
    "gammaDp": 0.6379338214339128,
    "omegaP": 5.640820265917321e-06
}