{
    "KICp": 9.678421581110044,
    "KINp": 0.02,
    "KlossROSp": 1.4228858443765318e-06,
    "Koverflowp": 6.899724995850086e-06,
    "KprodROSp": 1.469051780180604e-09,
    "Mp": 4.499219943641697e-06,
    "VmaxICp": 2.734813246087426e-05,
    "VmaxINp": 2.6812560046389496e-05,
    "gammaDp": 0.1478051857878216,
    "omegaP": 1.45870453392194e-05
}