{
    "KICp": 37.0,
    "KINp": 0.0914069370337846,
    "KlossROSp": 1.956673654786862e-06,
    "Koverflowp": 1.861343430400193e-07,
    "KprodROSp": 1.206187838628189e-09,
    "Mp": 3.06718393776238e-06,
    "VmaxICp": 3.8795938208344473e-05,
    "VmaxINp": 2.239948033698982e-05,
    "gammaDp": 0.1542773958233181,
    "omegaP": 5.365588382965631e-05
}