{
    "KICp": 37.0,
    "KINp": 0.02,
    "KlossROSp": 8.647906293907014e-07,
    "Koverflowp": 3.2818176130668062e-06,
    "KprodROSp": 1.1622242249685155e-09,
    "Mp": 3.4844144706755573e-06,
    "VmaxICp": 4.98766031812766e-05,
    "VmaxINp": 1.804849726976992e-05,
    "gammaDp": 0.1197152358579488,
    "omegaP": 6.704738604718126e-06
}