{
    "KICp": 37.0,
    "KINp": 0.0198290177276838,
    "KlossROSp": 6.972590621663562e-06,
    "Koverflowp": 1.157407407407407e-06,
    "KprodROSp": 5.06209630822203e-10,
    "Mp": 8.175447357534845e-06,
    "VmaxICp": 2.890823406486391e-05,
    "VmaxINp": 4.3893961911170624e-05,
    "gammaDp": 0.5798643437717209,
    "omegaP": 1.1870028465267458e-05
}