{
    "KICp": 5.441318274767725,
    "KINp": 0.0489963692121592,
    "KlossROSp": 6.498456177711339e-07,
    "Koverflowp": 3.2744730046469524e-06,
    "KprodROSp": 9.780559186241492e-09,
    "Mp": 1.115643622447458e-05,
    "VmaxICp": 4.728690554651925e-05,
    "VmaxINp": 4.594230865814768e-05,
    "gammaDp": 0.1962044184349715,
    "omegaP": 8.585734806027499e-06
}