{
    "KICp": 37.0,
    "KINp": 0.02,
    "KlossROSp": 4.2616425383126245e-06,
    "Koverflowp": 1.984078900648865e-07,
    "KprodROSp": 1.6577561412378894e-08,
    "Mp": 3.414079520580977e-06,
    "VmaxICp": 1.925429911762008e-05,
    "VmaxINp": 2.106938830058234e-05,
    "gammaDp": 0.1518276696160158,
    "omegaP": 9.427405109873905e-06
}