{
    "KICp": 5.590541842053238,
    "KINp": 0.02,
    "KlossROSp": 4.532163008156391e-07,
    "Koverflowp": 2.6842034911181704e-07,
    "KprodROSp": 2.3238874006559972e-08,
    "Mp": 2.038173655304584e-06,
    "VmaxICp": 3.712442890277069e-05,
    "VmaxINp": 2.129882945205324e-05,
    "gammaDp": 0.8,
    "omegaP": 3.405555555555556e-05
}