{
    "KICp": 53.02689897118642,
    "KINp": 0.0026085434847699,
    "KlossROSp": 2.732502960334053e-07,
    "Koverflowp": 1.99312700597258e-06,
    "KprodROSp": 6.113356492417491e-09,
    "Mp": 7.963099058773887e-06,
    "VmaxICp": 5.330231891991289e-05,
    "VmaxINp": 3.286253299644545e-05,
    "gammaDp": 0.8,
    "omegaP": 5.464435997123901e-06
}