{
    "KICp": 37.0,
    "KINp": 0.02,
    "KlossROSp": 2.109411923948083e-07,
    "Koverflowp": 8.669435626254033e-07,
    "KprodROSp": 5.162056627868931e-10,
    "Mp": 2.248654260181114e-06,
    "VmaxICp": 2.3785212382907525e-05,
    "VmaxINp": 2.3844284061375226e-05,
    "gammaDp": 0.3318147198955404,
    "omegaP": 7.336420161563625e-06
}