{
    "KICp": 21.608877315404136,
    "KINp": 0.02,
    "KlossROSp": 1.3059086935350768e-06,
    "Koverflowp": 2.057402341755776e-07,
    "KprodROSp": 2.1127785369874404e-09,
    "Mp": 5.24913549353252e-06,
    "VmaxICp": 5.161664924285753e-05,
    "VmaxINp": 3.875445435143543e-05,
    "gammaDp": 0.1425553071374615,
    "omegaP": 2.694801287621454e-05
}