{
    "KICp": 6.365262070458238,
    "KINp": 0.02,
    "KlossROSp": 2.910164790458739e-07,
    "Koverflowp": 1.157407407407407e-06,
    "KprodROSp": 4.696016771488469e-09,
    "Mp": 2.596435460337305e-06,
    "VmaxICp": 3.626342504995979e-05,
    "VmaxINp": 3.2329688908962023e-05,
    "gammaDp": 0.3303552566829335,
    "omegaP": 7.378263770433792e-05
}