{
    "KICp": 47.39089377038286,
    "KINp": 0.02,
    "KlossROSp": 2.248954065018235e-07,
    "Koverflowp": 7.492457794847924e-06,
    "KprodROSp": 1.5088869796421364e-08,
    "Mp": 2.969134387391964e-06,
    "VmaxICp": 1.6889546930540395e-05,
    "VmaxINp": 3.400114838203094e-05,
    "gammaDp": 0.2895517213510125,
    "omegaP": 1.2820013895269744e-05
}