{
    "KICp": 138.81828348823782,
    "KINp": 0.02,
    "KlossROSp": 3.513972359739113e-07,
    "Koverflowp": 1.8054487699900344e-06,
    "KprodROSp": 8.885172137695716e-09,
    "Mp": 4.499219943641697e-06,
    "VmaxICp": 2.734813246087426e-05,
    "VmaxINp": 2.6812560046389496e-05,
    "gammaDp": 0.1478051857878216,
    "omegaP": 1.2507257464340916e-05
}