{
    "KICp": 9.806079068749709,
    "KINp": 0.02,
    "KlossROSp": 1.731640686392427e-05,
    "Koverflowp": 1.157407407407407e-06,
    "KprodROSp": 2.2329247510060593e-09,
    "Mp": 9.928800794901268e-06,
    "VmaxICp": 3.2842942672063864e-05,
    "VmaxINp": 4.101553930279434e-05,
    "gammaDp": 0.8,
    "omegaP": 3.405555555555556e-05
}