{
    "KICp": 37.0,
    "KINp": 0.02,
    "KlossROSp": 1.956673654786862e-06,
    "Koverflowp": 1.3747443475473277e-06,
    "KprodROSp": 1.206187838628189e-09,
    "Mp": 7.871093893925954e-06,
    "VmaxICp": 3.8795938208344473e-05,
    "VmaxINp": 2.239948033698982e-05,
    "gammaDp": 0.4348027012057797,
    "omegaP": 6.355756214798147e-06
}