{
    "KICp": 19.80889517575214,
    "KINp": 0.0061282004240315,
    "KlossROSp": 6.62425427469655e-06,
    "Koverflowp": 4.055507313637564e-06,
    "KprodROSp": 2.520402741677176e-09,
    "Mp": 7.240191556543695e-06,
    "VmaxICp": 5.421064990466707e-05,
    "VmaxINp": 3.053607769736618e-05,
    "gammaDp": 0.8,
    "omegaP": 4.636443363084633e-05
}