{
    "KICp": 37.0,
    "KINp": 0.0032778134334224,
    "KlossROSp": 1.956673654786862e-06,
    "Koverflowp": 2.960525847801456e-06,
    "KprodROSp": 1.0904983462353884e-08,
    "Mp": 3.06718393776238e-06,
    "VmaxICp": 3.8795938208344473e-05,
    "VmaxINp": 2.239948033698982e-05,
    "gammaDp": 0.1542773958233181,
    "omegaP": 6.355756214798147e-06
}