{
    "KICp": 15.1952314276383,
    "KINp": 0.0065117534757803,
    "KlossROSp": 1.066001533001981e-06,
    "Koverflowp": 1.157407407407407e-06,
    "KprodROSp": 8.976647267918201e-10,
    "Mp": 4.4049697280221335e-06,
    "VmaxICp": 5.103080189861304e-05,
    "VmaxINp": 3.362407786741984e-05,
    "gammaDp": 0.6843171018653337,
    "omegaP": 1.555693204401969e-05
}