{
    "KICp": 18.47689511437759,
    "KINp": 0.0262909997390946,
    "KlossROSp": 1.1790772944473442e-06,
    "Koverflowp": 1.157407407407407e-06,
    "KprodROSp": 2.7693541219409792e-09,
    "Mp": 3.956914295647754e-06,
    "VmaxICp": 4.074314635663007e-05,
    "VmaxINp": 4.088194439312095e-05,
    "gammaDp": 0.1521411701593795,
    "omegaP": 2.321989934882125e-05
}