{
    "KICp": 60.43741257457592,
    "KINp": 0.0262909997390946,
    "KlossROSp": 1.254466739736275e-05,
    "Koverflowp": 1.157407407407407e-06,
    "KprodROSp": 7.700378012790826e-10,
    "Mp": 3.956914295647754e-06,
    "VmaxICp": 4.074314635663007e-05,
    "VmaxINp": 4.088194439312095e-05,
    "gammaDp": 0.3967323862037251,
    "omegaP": 3.405555555555556e-05
}