{
    "KICp": 202.30694323052683,
    "KINp": 0.0113488450464871,
    "KlossROSp": 3.047105035442456e-07,
    "Koverflowp": 1.941518698194293e-06,
    "KprodROSp": 3.03741739049861e-09,
    "Mp": 5.137668132562651e-06,
    "VmaxICp": 5.442678023324557e-05,
    "VmaxINp": 2.767405340139278e-05,
    "gammaDp": 0.312945750797593,
    "omegaP": 3.615885963617161e-05
}