{
    "KICp": 169.36341029365764,
    "KINp": 0.02,
    "KlossROSp": 8.647906293907014e-07,
    "Koverflowp": 5.429093148569422e-07,
    "KprodROSp": 1.0339013751697498e-09,
    "Mp": 3.725590176560001e-06,
    "VmaxICp": 2.264954334950797e-05,
    "VmaxINp": 1.804849726976992e-05,
    "gammaDp": 0.1621575622114957,
    "omegaP": 6.704738604718126e-06
}