{
    "KICp": 37.0,
    "KINp": 0.02,
    "KlossROSp": 8.647906293907014e-07,
    "Koverflowp": 6.208949084561014e-07,
    "KprodROSp": 2.4511823619926673e-09,
    "Mp": 3.725590176560001e-06,
    "VmaxICp": 4.98766031812766e-05,
    "VmaxINp": 1.804849726976992e-05,
    "gammaDp": 0.4634273858559342,
    "omegaP": 6.704738604718126e-06
}