{
    "KICp": 186.57477631017983,
    "KINp": 0.0257967615385199,
    "KlossROSp": 1.83688178323012e-06,
    "Koverflowp": 3.350720796161488e-06,
    "KprodROSp": 1.120564988888706e-08,
    "Mp": 3.4649503427521944e-06,
    "VmaxICp": 3.4730387369865115e-05,
    "VmaxINp": 1.8586952428588617e-05,
    "gammaDp": 0.1227591231090983,
    "omegaP": 1.991981191281844e-05
}