{
    "KICp": 60.86367231262754,
    "KINp": 0.0470431425935178,
    "KlossROSp": 1.956673654786862e-06,
    "Koverflowp": 7.210400804315278e-06,
    "KprodROSp": 4.634284834413718e-08,
    "Mp": 1.1122150180091386e-06,
    "VmaxICp": 2.7992920785664416e-05,
    "VmaxINp": 2.736010440261861e-05,
    "gammaDp": 0.1886549982959495,
    "omegaP": 5.2856106969802696e-05
}