{
    "KICp": 8.610923122905216,
    "KINp": 0.1988095837309889,
    "KlossROSp": 2.452891284510862e-07,
    "Koverflowp": 3.6405597275752608e-06,
    "KprodROSp": 2.1228041013606965e-08,
    "Mp": 1.968349145131297e-07,
    "VmaxICp": 2.230977149916805e-05,
    "VmaxINp": 3.880156088971853e-05,
    "gammaDp": 0.3327789836080233,
    "omegaP": 3.827136961978959e-05
}