{
    "KICp": 6.30434171306,
    "KINp": 0.0052333277567312,
    "KlossROSp": 1.956673654786862e-06,
    "Koverflowp": 1.845248181037357e-07,
    "KprodROSp": 4.696016771488469e-09,
    "Mp": 3.214885481688089e-06,
    "VmaxICp": 2.5136628598366574e-05,
    "VmaxINp": 2.8951862945013496e-05,
    "gammaDp": 0.5350590624136718,
    "omegaP": 1.1335859183770256e-05
}