{
    "KICp": 10.913677613136564,
    "KINp": 0.0025153069932327,
    "KlossROSp": 1.956673654786862e-06,
    "Koverflowp": 2.293266518394235e-07,
    "KprodROSp": 1.9597509663422367e-09,
    "Mp": 2.8174978669718795e-06,
    "VmaxICp": 2.428184262451618e-05,
    "VmaxINp": 1.822678624878668e-05,
    "gammaDp": 0.1881447507415024,
    "omegaP": 1.90717067565651e-05
}