{
    "KICp": 120.24526438618992,
    "KINp": 0.0049906774648421,
    "KlossROSp": 3.1248540906142385e-07,
    "Koverflowp": 5.130677259098378e-06,
    "KprodROSp": 4.696016771488469e-09,
    "Mp": 8.338147775199596e-06,
    "VmaxICp": 4.200081091475253e-05,
    "VmaxINp": 2.827854531468948e-05,
    "gammaDp": 0.8899947829904594,
    "omegaP": 4.459120457663031e-06
}