{
    "KICp": 10.306283932252311,
    "KINp": 0.0060711044249203,
    "KlossROSp": 7.678181309605503e-07,
    "Koverflowp": 1.6619729854697606e-07,
    "KprodROSp": 4.620626002874847e-08,
    "Mp": 2.9814433507170675e-06,
    "VmaxICp": 2.3129652448000227e-05,
    "VmaxINp": 2.747159575338965e-05,
    "gammaDp": 0.2588941902515831,
    "omegaP": 6.373808204726303e-06
}