{
    "KICp": 5.214812280420403,
    "KINp": 0.003060232032056,
    "KlossROSp": 3.0265837067129855e-07,
    "Koverflowp": 1.0897957949546952e-05,
    "KprodROSp": 1.941998948083513e-09,
    "Mp": 6.774548912684606e-06,
    "VmaxICp": 4.0848093749316855e-05,
    "VmaxINp": 1.884082610698918e-05,
    "gammaDp": 0.2768795094244732,
    "omegaP": 3.4913068870909e-06
}