{
    "KICp": 37.0,
    "KINp": 0.0198290177276838,
    "KlossROSp": 2.324657987670966e-07,
    "Koverflowp": 1.157407407407407e-06,
    "KprodROSp": 1.6691666537330979e-09,
    "Mp": 5.611269758185865e-06,
    "VmaxICp": 2.3639769386519096e-05,
    "VmaxINp": 4.3893961911170624e-05,
    "gammaDp": 0.8,
    "omegaP": 1.1870028465267458e-05
}