{
    "KICp": 37.0,
    "KINp": 0.02,
    "KlossROSp": 1.3059086935350768e-06,
    "Koverflowp": 2.057402341755776e-07,
    "KprodROSp": 2.1127785369874404e-09,
    "Mp": 1.08933300145329e-05,
    "VmaxICp": 5.161664924285753e-05,
    "VmaxINp": 3.875445435143543e-05,
    "gammaDp": 0.1776685209840629,
    "omegaP": 1.5027729764436142e-05
}