{
    "KICp": 131.0726012469831,
    "KINp": 0.189786521640934,
    "KlossROSp": 2.248954065018235e-07,
    "Koverflowp": 7.492457794847924e-06,
    "KprodROSp": 3.023245123737945e-08,
    "Mp": 2.969134387391964e-06,
    "VmaxICp": 1.6889546930540395e-05,
    "VmaxINp": 3.400114838203094e-05,
    "gammaDp": 0.1411444059509929,
    "omegaP": 3.468943172032644e-05
}