{
    "KICp": 125.29442572351718,
    "KINp": 0.02,
    "KlossROSp": 1.9381057599978594e-06,
    "Koverflowp": 1.8054487699900344e-06,
    "KprodROSp": 5.577054723470507e-10,
    "Mp": 4.499219943641697e-06,
    "VmaxICp": 2.734813246087426e-05,
    "VmaxINp": 2.6812560046389496e-05,
    "gammaDp": 0.1478051857878216,
    "omegaP": 1.3130710128712264e-05
}