{
    "KICp": 41.12946562736647,
    "KINp": 0.1615730089134517,
    "KlossROSp": 1.7508609730849108e-06,
    "Koverflowp": 1.2204422080487292e-06,
    "KprodROSp": 6.444022632879891e-09,
    "Mp": 7.57289814677547e-06,
    "VmaxICp": 4.434781579876785e-05,
    "VmaxINp": 4.077157401324523e-05,
    "gammaDp": 0.8,
    "omegaP": 1.381147116323362e-05
}