{
    "KICp": 9.806079068749709,
    "KINp": 0.02,
    "KlossROSp": 1.956673654786862e-06,
    "Koverflowp": 1.437353171719889e-07,
    "KprodROSp": 1.6331332511387174e-09,
    "Mp": 6.291396274095231e-06,
    "VmaxICp": 4.121411215069441e-05,
    "VmaxINp": 4.101553930279434e-05,
    "gammaDp": 0.2013460792923849,
    "omegaP": 3.405555555555556e-05
}