{
    "KICp": 26.098887204718743,
    "KINp": 0.1018953304680633,
    "KlossROSp": 4.907716214960851e-06,
    "Koverflowp": 5.888176046593174e-06,
    "KprodROSp": 3.364547586287484e-08,
    "Mp": 5.173228715971313e-06,
    "VmaxICp": 3.813281665378847e-05,
    "VmaxINp": 4.038388820960855e-05,
    "gammaDp": 0.1709192264839525,
    "omegaP": 1.7812375656477725e-05
}