{
    "KICp": 13.311825198821278,
    "KINp": 0.0215241206170003,
    "KlossROSp": 1.3218132677557922e-06,
    "Koverflowp": 4.055507313637564e-06,
    "KprodROSp": 1.8628221617456672e-08,
    "Mp": 7.240191556543695e-06,
    "VmaxICp": 5.421064990466707e-05,
    "VmaxINp": 3.053607769736618e-05,
    "gammaDp": 0.358826245498491,
    "omegaP": 3.4273872797123057e-06
}