{
    "KICp": 166.4768649430503,
    "KINp": 0.0237963421220033,
    "KlossROSp": 3.2746583839944464e-07,
    "Koverflowp": 1.99312700597258e-06,
    "KprodROSp": 2.213284067234845e-09,
    "Mp": 6.368736764842728e-06,
    "VmaxICp": 5.330231891991289e-05,
    "VmaxINp": 4.071951062716584e-05,
    "gammaDp": 0.8,
    "omegaP": 5.464435997123901e-06
}