{
    "KICp": 35.48848547097867,
    "KINp": 0.0257967615385199,
    "KlossROSp": 1.5438767488780749e-06,
    "Koverflowp": 3.350720796161488e-06,
    "KprodROSp": 2.168973188093501e-09,
    "Mp": 3.679115237340051e-06,
    "VmaxICp": 3.4730387369865115e-05,
    "VmaxINp": 1.8586952428588617e-05,
    "gammaDp": 0.4079689740024835,
    "omegaP": 3.405555555555556e-05
}