{
    "KICp": 7.947630937996618,
    "KINp": 0.0072607435246113,
    "KlossROSp": 5.001894114929301e-06,
    "Koverflowp": 3.4802571955855774e-06,
    "KprodROSp": 1.4929497969070437e-08,
    "Mp": 2.845799654721097e-06,
    "VmaxICp": 2.9407452781291527e-05,
    "VmaxINp": 1.7179247596711887e-05,
    "gammaDp": 0.8,
    "omegaP": 2.9136055387918973e-05
}