{
    "KICp": 157.54482077245328,
    "KINp": 0.0113488450464871,
    "KlossROSp": 3.047105035442456e-07,
    "Koverflowp": 1.5675587417390218e-06,
    "KprodROSp": 1.5699427889847076e-08,
    "Mp": 1.157407407407407e-06,
    "VmaxICp": 5.442678023324557e-05,
    "VmaxINp": 2.4872961438734183e-05,
    "gammaDp": 0.1110435279030299,
    "omegaP": 3.615885963617161e-05
}