{
    "KICp": 15.869254733110582,
    "KINp": 0.02,
    "KlossROSp": 1.956673654786862e-06,
    "Koverflowp": 1.8601376550348979e-07,
    "KprodROSp": 3.842078722674447e-09,
    "Mp": 2.248654260181114e-06,
    "VmaxICp": 2.3785212382907525e-05,
    "VmaxINp": 2.075886407033449e-05,
    "gammaDp": 0.1446939762040576,
    "omegaP": 7.336420161563625e-06
}