{
    "KICp": 9.806079068749709,
    "KINp": 0.0059633431536339,
    "KlossROSp": 1.956673654786862e-06,
    "Koverflowp": 8.726250420231051e-07,
    "KprodROSp": 2.2329247510060593e-09,
    "Mp": 8.468233385752223e-06,
    "VmaxICp": 4.121411215069441e-05,
    "VmaxINp": 4.101553930279434e-05,
    "gammaDp": 0.8,
    "omegaP": 3.405555555555556e-05
}