{
    "KICp": 8.783550686617433,
    "KINp": 0.02,
    "KlossROSp": 1.1778892614069349e-05,
    "Koverflowp": 1.987838149746288e-06,
    "KprodROSp": 2.0532999649109117e-08,
    "Mp": 2.3824532519365635e-06,
    "VmaxICp": 1.7980492074121536e-05,
    "VmaxINp": 4.544411439449651e-05,
    "gammaDp": 0.3088775792844856,
    "omegaP": 3.405555555555556e-05
}