{
    "KICp": 77.24971954035009,
    "KINp": 0.0060971606241451,
    "KlossROSp": 8.516297768503625e-06,
    "Koverflowp": 3.293848931252349e-07,
    "KprodROSp": 1.0858110227311933e-08,
    "Mp": 4.257771926089581e-06,
    "VmaxICp": 3.973993930812526e-05,
    "VmaxINp": 1.5486382432992237e-05,
    "gammaDp": 0.1043042695671661,
    "omegaP": 3.405555555555556e-05
}