{
    "KICp": 79.10313636032421,
    "KINp": 0.0023001669748717,
    "KlossROSp": 6.520301413580957e-07,
    "Koverflowp": 1.157407407407407e-06,
    "KprodROSp": 4.4016231152542567e-08,
    "Mp": 6.971193129714733e-06,
    "VmaxICp": 3.593727847542897e-05,
    "VmaxINp": 2.46817517322258e-05,
    "gammaDp": 0.6393543760140367,
    "omegaP": 3.405555555555556e-05
}