{
    "KICp": 13.33475468820083,
    "KINp": 0.0197951658973349,
    "KlossROSp": 1.956673654786862e-06,
    "Koverflowp": 2.10560019839493e-06,
    "KprodROSp": 2.3138430251006987e-08,
    "Mp": 1.157407407407407e-06,
    "VmaxICp": 5.4360949067258784e-05,
    "VmaxINp": 3.632674499324902e-05,
    "gammaDp": 0.2426051724079275,
    "omegaP": 0.0001218490661235
}