{
    "KICp": 26.098887204718743,
    "KINp": 0.02,
    "KlossROSp": 1.1385313798831816e-06,
    "Koverflowp": 7.201896786823464e-07,
    "KprodROSp": 2.209693581071132e-08,
    "Mp": 5.173228715971313e-06,
    "VmaxICp": 3.813281665378847e-05,
    "VmaxINp": 4.038388820960855e-05,
    "gammaDp": 0.1709192264839525,
    "omegaP": 1.8847594889149627e-05
}