{
    "KICp": 13.33475468820083,
    "KINp": 0.0271618953783957,
    "KlossROSp": 2.1725349167146893e-07,
    "Koverflowp": 3.557376704571456e-06,
    "KprodROSp": 2.2028533931243052e-08,
    "Mp": 1.157407407407407e-06,
    "VmaxICp": 5.27211829147398e-05,
    "VmaxINp": 3.673618478191355e-05,
    "gammaDp": 0.2426051724079275,
    "omegaP": 0.0001218490661235
}