{
    "KICp": 10.699592798428704,
    "KINp": 0.0378216295028996,
    "KlossROSp": 1.64928446304037e-06,
    "Koverflowp": 2.057402341755776e-07,
    "KprodROSp": 2.1127785369874404e-09,
    "Mp": 5.24913549353252e-06,
    "VmaxICp": 5.161664924285753e-05,
    "VmaxINp": 3.875445435143543e-05,
    "gammaDp": 0.1457251586026571,
    "omegaP": 1.1031551883027166e-05
}