{
    "KICp": 276.1451059867289,
    "KINp": 0.0126495069672626,
    "KlossROSp": 3.2746583839944464e-07,
    "Koverflowp": 1.99312700597258e-06,
    "KprodROSp": 6.113356492417491e-09,
    "Mp": 1.0067396822441131e-05,
    "VmaxICp": 5.330231891991289e-05,
    "VmaxINp": 3.286253299644545e-05,
    "gammaDp": 0.1119417987475231,
    "omegaP": 5.464435997123901e-06
}