{
    "KICp": 23.04895227461143,
    "KINp": 0.0541300169472637,
    "KlossROSp": 5.028931567254058e-06,
    "Koverflowp": 2.5042198831246137e-06,
    "KprodROSp": 7.809046583140043e-09,
    "Mp": 2.8030295428625653e-06,
    "VmaxICp": 1.754290303380653e-05,
    "VmaxINp": 4.2413811432136654e-05,
    "gammaDp": 0.8232897938175536,
    "omegaP": 8.000503536914831e-06
}