{
    "KICp": 5.590541842053238,
    "KINp": 0.02,
    "KlossROSp": 9.82933657807996e-07,
    "Koverflowp": 1.157407407407407e-06,
    "KprodROSp": 9.171626431212927e-10,
    "Mp": 3.663258239591993e-06,
    "VmaxICp": 3.712442890277069e-05,
    "VmaxINp": 2.129882945205324e-05,
    "gammaDp": 0.3540431761290128,
    "omegaP": 3.405555555555556e-05
}