{
    "KICp": 97.1202863544702,
    "KINp": 0.0470431425935178,
    "KlossROSp": 1.956673654786862e-06,
    "Koverflowp": 6.021683744973626e-07,
    "KprodROSp": 4.634284834413718e-08,
    "Mp": 1.1122150180091386e-06,
    "VmaxICp": 4.255507296129159e-05,
    "VmaxINp": 2.736010440261861e-05,
    "gammaDp": 0.19850382585154,
    "omegaP": 5.2856106969802696e-05
}