{
    "KICp": 11.799383488075268,
    "KINp": 0.02,
    "KlossROSp": 4.2616425383126245e-06,
    "Koverflowp": 1.901310902184464e-06,
    "KprodROSp": 4.696016771488469e-09,
    "Mp": 3.414079520580977e-06,
    "VmaxICp": 1.925429911762008e-05,
    "VmaxINp": 2.106938830058234e-05,
    "gammaDp": 0.3356526543388585,
    "omegaP": 7.940701195117476e-06
}