{
    "KICp": 44.36865929494152,
    "KINp": 0.0223678667405789,
    "KlossROSp": 1.79840013933364e-06,
    "Koverflowp": 1.99312700597258e-06,
    "KprodROSp": 3.036595013930529e-09,
    "Mp": 6.368736764842728e-06,
    "VmaxICp": 5.330231891991289e-05,
    "VmaxINp": 3.286253299644545e-05,
    "gammaDp": 0.5161809745911803,
    "omegaP": 5.464435997123901e-06
}