{
    "KICp": 111.19423272795376,
    "KINp": 0.0137883619274756,
    "KlossROSp": 1.3218132677557922e-06,
    "Koverflowp": 4.055507313637564e-06,
    "KprodROSp": 4.9352946133795435e-09,
    "Mp": 7.240191556543695e-06,
    "VmaxICp": 5.421064990466707e-05,
    "VmaxINp": 2.767617130605751e-05,
    "gammaDp": 0.8,
    "omegaP": 4.636443363084633e-05
}