{
    "KICp": 37.0,
    "KINp": 0.0072087676916215,
    "KlossROSp": 8.647906293907014e-07,
    "Koverflowp": 5.429093148569422e-07,
    "KprodROSp": 4.696016771488469e-09,
    "Mp": 5.462132856050913e-06,
    "VmaxICp": 4.98766031812766e-05,
    "VmaxINp": 1.804849726976992e-05,
    "gammaDp": 0.1182562835587724,
    "omegaP": 3.462684357855347e-05
}