{
    "KICp": 323.80758051847204,
    "KINp": 0.0138796443660279,
    "KlossROSp": 1.956673654786862e-06,
    "Koverflowp": 1.157407407407407e-06,
    "KprodROSp": 1.8324589635206364e-08,
    "Mp": 6.291396274095231e-06,
    "VmaxICp": 4.121411215069441e-05,
    "VmaxINp": 4.101553930279434e-05,
    "gammaDp": 0.2344009393455709,
    "omegaP": 3.405555555555556e-05
}