{
    "KICp": 263.4537155640845,
    "KINp": 0.0052886295087148,
    "KlossROSp": 1.3218132677557922e-06,
    "Koverflowp": 4.055507313637564e-06,
    "KprodROSp": 2.5250702389270207e-08,
    "Mp": 7.240191556543695e-06,
    "VmaxICp": 5.421064990466707e-05,
    "VmaxINp": 3.053607769736618e-05,
    "gammaDp": 0.8,
    "omegaP": 4.636443363084633e-05
}