{
    "KICp": 45.2878482494299,
    "KINp": 0.0022785537272312,
    "KlossROSp": 2.2232342501702055e-07,
    "Koverflowp": 1.2377057878483837e-07,
    "KprodROSp": 2.2028533931243052e-08,
    "Mp": 4.304262001363696e-06,
    "VmaxICp": 5.4360949067258784e-05,
    "VmaxINp": 3.673618478191355e-05,
    "gammaDp": 0.2426051724079275,
    "omegaP": 2.1967210272008103e-05
}