{
    "KICp": 18.611689238134574,
    "KINp": 0.0136995107233217,
    "KlossROSp": 1.0965440355433893e-05,
    "Koverflowp": 1.157407407407407e-06,
    "KprodROSp": 1.5330846120595487e-09,
    "Mp": 3.607081325386225e-06,
    "VmaxICp": 3.89824184367685e-05,
    "VmaxINp": 1.5354274324365523e-05,
    "gammaDp": 0.8,
    "omegaP": 2.328561963397872e-05
}