{
    "KICp": 315.6844484481576,
    "KINp": 0.0336676062223068,
    "KlossROSp": 3.1248540906142385e-07,
    "Koverflowp": 5.130677259098378e-06,
    "KprodROSp": 6.914946057511489e-09,
    "Mp": 4.064235947990245e-06,
    "VmaxICp": 4.200081091475253e-05,
    "VmaxINp": 3.243331650442342e-05,
    "gammaDp": 0.1472211624805595,
    "omegaP": 4.459120457663031e-06
}