{
    "KICp": 37.0,
    "KINp": 0.0399233655025002,
    "KlossROSp": 6.82979713259151e-07,
    "Koverflowp": 2.293266518394235e-07,
    "KprodROSp": 4.723621275807436e-10,
    "Mp": 2.8174978669718795e-06,
    "VmaxICp": 4.0492215720650007e-05,
    "VmaxINp": 1.822678624878668e-05,
    "gammaDp": 0.1414101363005294,
    "omegaP": 1.90717067565651e-05
}