{
    "KICp": 226.6423555498836,
    "KINp": 0.019248799902316,
    "KlossROSp": 1.1790772944473442e-06,
    "Koverflowp": 1.157407407407407e-06,
    "KprodROSp": 2.7693541219409792e-09,
    "Mp": 3.956914295647754e-06,
    "VmaxICp": 4.074314635663007e-05,
    "VmaxINp": 2.41399361621484e-05,
    "gammaDp": 0.8,
    "omegaP": 2.9397076243291e-05
}