{
    "KICp": 37.0,
    "KINp": 0.02,
    "KlossROSp": 1.956673654786862e-06,
    "Koverflowp": 1.157407407407407e-06,
    "KprodROSp": 7.444884254929687e-10,
    "Mp": 4.22051635770621e-06,
    "VmaxICp": 4.208626742097198e-05,
    "VmaxINp": 3.409012376726405e-05,
    "gammaDp": 0.576108884788965,
    "omegaP": 1.0161756620533204e-05
}