{
    "KICp": 183.2964050513818,
    "KINp": 0.0060711044249203,
    "KlossROSp": 2.90720902041159e-06,
    "Koverflowp": 1.4186418560489316e-07,
    "KprodROSp": 5.010018636348959e-09,
    "Mp": 2.9814433507170675e-06,
    "VmaxICp": 2.3129652448000227e-05,
    "VmaxINp": 2.747159575338965e-05,
    "gammaDp": 0.3883390940152324,
    "omegaP": 3.405555555555556e-05
}