{
    "KICp": 6.30434171306,
    "KINp": 0.0048855541912045,
    "KlossROSp": 2.2011108702443023e-06,
    "Koverflowp": 2.38673480932634e-06,
    "KprodROSp": 4.696016771488469e-09,
    "Mp": 2.1970624017258564e-06,
    "VmaxICp": 2.5136628598366574e-05,
    "VmaxINp": 2.8951862945013496e-05,
    "gammaDp": 0.1043197275352328,
    "omegaP": 1.1335859183770256e-05
}