{
    "KICp": 44.36865929494152,
    "KINp": 0.0126495069672626,
    "KlossROSp": 7.873269557950677e-07,
    "Koverflowp": 1.99312700597258e-06,
    "KprodROSp": 6.113356492417491e-09,
    "Mp": 6.368736764842728e-06,
    "VmaxICp": 5.330231891991289e-05,
    "VmaxINp": 3.286253299644545e-05,
    "gammaDp": 0.4325426072663141,
    "omegaP": 3.517815089473615e-06
}