{
    "KICp": 159.3668727924873,
    "KINp": 0.02,
    "KlossROSp": 4.450012604490015e-06,
    "Koverflowp": 6.271058366990863e-06,
    "KprodROSp": 4.845109753192027e-10,
    "Mp": 3.763681891286164e-06,
    "VmaxICp": 4.808648452185363e-05,
    "VmaxINp": 1.884082610698918e-05,
    "gammaDp": 0.2394991179657668,
    "omegaP": 3.4913068870909e-06
}