{
    "KICp": 37.0,
    "KINp": 0.02,
    "KlossROSp": 1.956673654786862e-06,
    "Koverflowp": 1.157407407407407e-06,
    "KprodROSp": 2.552646959978054e-09,
    "Mp": 5.015026970687841e-06,
    "VmaxICp": 3.8795938208344473e-05,
    "VmaxINp": 2.239948033698982e-05,
    "gammaDp": 0.1542773958233181,
    "omegaP": 2.1325598021074308e-05
}