{
    "KICp": 10.306283932252311,
    "KINp": 0.0294830876599305,
    "KlossROSp": 4.676140202179326e-06,
    "Koverflowp": 1.4186418560489316e-07,
    "KprodROSp": 9.846276386897287e-10,
    "Mp": 2.9814433507170675e-06,
    "VmaxICp": 2.3129652448000227e-05,
    "VmaxINp": 2.747159575338965e-05,
    "gammaDp": 0.2588941902515831,
    "omegaP": 7.643404552661832e-06
}