{
    "KICp": 37.0,
    "KINp": 0.02,
    "KlossROSp": 1.956673654786862e-06,
    "Koverflowp": 1.157407407407407e-06,
    "KprodROSp": 2.3488503497264827e-09,
    "Mp": 9.73588552379477e-06,
    "VmaxICp": 4.208626742097198e-05,
    "VmaxINp": 2.2768620409543373e-05,
    "gammaDp": 0.1073698894821655,
    "omegaP": 4.76740020322727e-06
}