{
    "KICp": 5.590541842053238,
    "KINp": 0.0079833229162196,
    "KlossROSp": 1.4938119160204097e-06,
    "Koverflowp": 5.540103410965615e-07,
    "KprodROSp": 1.322862040218237e-09,
    "Mp": 3.663258239591993e-06,
    "VmaxICp": 3.712442890277069e-05,
    "VmaxINp": 2.129882945205324e-05,
    "gammaDp": 0.8,
    "omegaP": 3.405555555555556e-05
}