{
    "KICp": 15.1952314276383,
    "KINp": 0.0048452928723922,
    "KlossROSp": 2.968463678284593e-06,
    "Koverflowp": 3.254550749866548e-07,
    "KprodROSp": 4.696016771488469e-09,
    "Mp": 4.4049697280221335e-06,
    "VmaxICp": 5.103080189861304e-05,
    "VmaxINp": 3.362407786741984e-05,
    "gammaDp": 0.2011309190935402,
    "omegaP": 1.1631473523506822e-05
}