{
    "KICp": 11.60550891267194,
    "KINp": 0.02,
    "KlossROSp": 1.7702104711627496e-05,
    "Koverflowp": 5.888176046593174e-06,
    "KprodROSp": 3.364547586287484e-08,
    "Mp": 4.226128060429043e-06,
    "VmaxICp": 3.813281665378847e-05,
    "VmaxINp": 2.1570785728317545e-05,
    "gammaDp": 0.1709192264839525,
    "omegaP": 7.055470011740179e-06
}