{
    "KICp": 7.947630937996618,
    "KINp": 0.02,
    "KlossROSp": 2.34556095268108e-06,
    "Koverflowp": 7.332976595614838e-06,
    "KprodROSp": 5.171158354401362e-09,
    "Mp": 2.845799654721097e-06,
    "VmaxICp": 2.9407452781291527e-05,
    "VmaxINp": 1.7179247596711887e-05,
    "gammaDp": 0.1631553467155519,
    "omegaP": 2.9136055387918973e-05
}