{
    "KICp": 9.609833737685392,
    "KINp": 0.0257967615385199,
    "KlossROSp": 9.061427812091974e-06,
    "Koverflowp": 9.109421482868388e-06,
    "KprodROSp": 2.168973188093501e-09,
    "Mp": 3.4649503427521944e-06,
    "VmaxICp": 3.4730387369865115e-05,
    "VmaxINp": 1.8586952428588617e-05,
    "gammaDp": 0.1936032429378938,
    "omegaP": 3.405555555555556e-05
}