{
    "KICp": 125.5213528204763,
    "KINp": 0.0033968917001761,
    "KlossROSp": 2.736827175594468e-07,
    "Koverflowp": 6.332186684873111e-07,
    "KprodROSp": 3.6325507970100854e-08,
    "Mp": 1.157407407407407e-06,
    "VmaxICp": 3.514123960788516e-05,
    "VmaxINp": 2.509647701883552e-05,
    "gammaDp": 0.3745814102900138,
    "omegaP": 3.1690894332352576e-05
}