{
    "KICp": 255.35164811352044,
    "KINp": 0.0198290177276838,
    "KlossROSp": 1.3763537172643024e-06,
    "Koverflowp": 1.6248341583084528e-07,
    "KprodROSp": 4.696016771488469e-09,
    "Mp": 8.175447357534845e-06,
    "VmaxICp": 2.890823406486391e-05,
    "VmaxINp": 4.3893961911170624e-05,
    "gammaDp": 0.8,
    "omegaP": 1.1870028465267458e-05
}