{
    "KICp": 183.217965844523,
    "KINp": 0.0056857002435378,
    "KlossROSp": 1.114924130725846e-06,
    "Koverflowp": 1.157407407407407e-06,
    "KprodROSp": 9.554415669133523e-10,
    "Mp": 7.641800671806235e-06,
    "VmaxICp": 3.5535554052203684e-05,
    "VmaxINp": 5.376446108622896e-05,
    "gammaDp": 0.1482195649357698,
    "omegaP": 4.6175002152064704e-05
}