{
    "KICp": 74.99343815493071,
    "KINp": 0.013235795920455,
    "KlossROSp": 1.2977197763502376e-06,
    "Koverflowp": 1.157407407407407e-06,
    "KprodROSp": 8.22448159749096e-09,
    "Mp": 3.663258239591993e-06,
    "VmaxICp": 3.712442890277069e-05,
    "VmaxINp": 2.129882945205324e-05,
    "gammaDp": 0.8,
    "omegaP": 3.405555555555556e-05
}