{
    "KICp": 37.0,
    "KINp": 0.0032523499793254,
    "KlossROSp": 1.956673654786862e-06,
    "Koverflowp": 2.690805042077437e-07,
    "KprodROSp": 1.3758426423687468e-08,
    "Mp": 6.4471197500475104e-06,
    "VmaxICp": 2.4545668870468326e-05,
    "VmaxINp": 5.458067169634076e-05,
    "gammaDp": 0.3136376921514291,
    "omegaP": 4.747252498409255e-06
}