{
    "KICp": 60.43741257457592,
    "KINp": 0.1397609854590762,
    "KlossROSp": 1.1790772944473442e-06,
    "Koverflowp": 1.157407407407407e-06,
    "KprodROSp": 8.659020894317718e-09,
    "Mp": 3.956914295647754e-06,
    "VmaxICp": 4.074314635663007e-05,
    "VmaxINp": 4.088194439312095e-05,
    "gammaDp": 0.3318243055740903,
    "omegaP": 3.405555555555556e-05
}