{
    "KICp": 15.1952314276383,
    "KINp": 0.0048452928723922,
    "KlossROSp": 1.956673654786862e-06,
    "Koverflowp": 1.157407407407407e-06,
    "KprodROSp": 4.696016771488469e-09,
    "Mp": 5.763096031378915e-06,
    "VmaxICp": 5.103080189861304e-05,
    "VmaxINp": 3.581741392405342e-05,
    "gammaDp": 0.6843171018653337,
    "omegaP": 4.41704558926051e-05
}