{
    "KICp": 9.678421581110044,
    "KINp": 0.02,
    "KlossROSp": 8.087749143760917e-06,
    "Koverflowp": 1.8054487699900344e-06,
    "KprodROSp": 1.584258224483933e-09,
    "Mp": 4.499219943641697e-06,
    "VmaxICp": 2.734813246087426e-05,
    "VmaxINp": 2.6812560046389496e-05,
    "gammaDp": 0.1478051857878216,
    "omegaP": 1.3896422500303391e-05
}