{
    "KICp": 29.062453037183847,
    "KINp": 0.02,
    "KlossROSp": 1.8826522401474235e-06,
    "Koverflowp": 8.669435626254033e-07,
    "KprodROSp": 6.769691660997172e-10,
    "Mp": 2.248654260181114e-06,
    "VmaxICp": 2.3785212382907525e-05,
    "VmaxINp": 2.075886407033449e-05,
    "gammaDp": 0.1762735522383627,
    "omegaP": 1.946136753499919e-05
}