{
    "KICp": 37.0,
    "KINp": 0.0036088420716512,
    "KlossROSp": 4.540126049946776e-07,
    "Koverflowp": 8.669435626254033e-07,
    "KprodROSp": 4.696016771488469e-09,
    "Mp": 2.248654260181114e-06,
    "VmaxICp": 2.3785212382907525e-05,
    "VmaxINp": 2.075886407033449e-05,
    "gammaDp": 0.1762735522383627,
    "omegaP": 7.380387478546083e-06
}