{
    "KICp": 37.0,
    "KINp": 0.02,
    "KlossROSp": 1.6496584881423882e-06,
    "Koverflowp": 1.690835575874526e-07,
    "KprodROSp": 4.888749936742569e-09,
    "Mp": 2.596435460337305e-06,
    "VmaxICp": 3.626342504995979e-05,
    "VmaxINp": 3.2329688908962023e-05,
    "gammaDp": 0.1669883843080874,
    "omegaP": 3.405555555555556e-05
}