{
    "KICp": 7.947630937996618,
    "KINp": 0.02,
    "KlossROSp": 3.2881274450719434e-06,
    "Koverflowp": 5.635596598525383e-07,
    "KprodROSp": 4.696016771488469e-09,
    "Mp": 2.845799654721097e-06,
    "VmaxICp": 2.9407452781291527e-05,
    "VmaxINp": 1.7179247596711887e-05,
    "gammaDp": 0.1641199541741953,
    "omegaP": 2.9136055387918973e-05
}