{
    "KICp": 156.92907472184754,
    "KINp": 0.0032523499793254,
    "KlossROSp": 7.046697262405256e-06,
    "Koverflowp": 4.539600351534485e-07,
    "KprodROSp": 9.691915275176114e-10,
    "Mp": 6.4471197500475104e-06,
    "VmaxICp": 2.6441570732678325e-05,
    "VmaxINp": 5.458067169634076e-05,
    "gammaDp": 0.5501923564846675,
    "omegaP": 3.405555555555556e-05
}