{
    "KICp": 7.240834741184903,
    "KINp": 0.0029842288246138,
    "KlossROSp": 5.028931567254058e-06,
    "Koverflowp": 9.613791796404507e-07,
    "KprodROSp": 1.1627972327423186e-08,
    "Mp": 2.358058706460853e-06,
    "VmaxICp": 1.754290303380653e-05,
    "VmaxINp": 4.2413811432136654e-05,
    "gammaDp": 0.8232897938175536,
    "omegaP": 3.405555555555556e-05
}