{
    "KICp": 19.70366838778158,
    "KINp": 0.0023312466870787,
    "KlossROSp": 3.681385346912624e-06,
    "Koverflowp": 2.38673480932634e-06,
    "KprodROSp": 4.835308250949759e-10,
    "Mp": 2.1970624017258564e-06,
    "VmaxICp": 2.5136628598366574e-05,
    "VmaxINp": 2.8951862945013496e-05,
    "gammaDp": 0.3130372547380203,
    "omegaP": 1.1335859183770256e-05
}