{
    "KICp": 168.57378224978052,
    "KINp": 0.0298147981127559,
    "KlossROSp": 6.872002631395465e-06,
    "Koverflowp": 1.4186418560489316e-07,
    "KprodROSp": 1.9958015445027423e-09,
    "Mp": 2.9814433507170675e-06,
    "VmaxICp": 2.3129652448000227e-05,
    "VmaxINp": 2.747159575338965e-05,
    "gammaDp": 0.2588941902515831,
    "omegaP": 3.405555555555556e-05
}