{
    "KICp": 282.8000637172701,
    "KINp": 0.0126495069672626,
    "KlossROSp": 3.2746583839944464e-07,
    "Koverflowp": 1.99312700597258e-06,
    "KprodROSp": 3.714137221582164e-09,
    "Mp": 6.368736764842728e-06,
    "VmaxICp": 5.330231891991289e-05,
    "VmaxINp": 3.286253299644545e-05,
    "gammaDp": 0.8,
    "omegaP": 5.056522125656969e-06
}