{
    "KICp": 5.441318274767725,
    "KINp": 0.0038929860202739,
    "KlossROSp": 1.0404103647219777e-05,
    "Koverflowp": 5.795724446665151e-07,
    "KprodROSp": 1.2640605930395186e-08,
    "Mp": 1.115643622447458e-05,
    "VmaxICp": 2.9576691989431965e-05,
    "VmaxINp": 4.594230865814768e-05,
    "gammaDp": 0.1962044184349715,
    "omegaP": 1.0218865872316504e-05
}