{
    "KICp": 111.19423272795376,
    "KINp": 0.0215241206170003,
    "KlossROSp": 1.3218132677557922e-06,
    "Koverflowp": 5.442425926084131e-07,
    "KprodROSp": 7.0796854002307356e-09,
    "Mp": 7.240191556543695e-06,
    "VmaxICp": 5.421064990466707e-05,
    "VmaxINp": 3.053607769736618e-05,
    "gammaDp": 0.8,
    "omegaP": 2.086559270821683e-05
}