{
    "KICp": 37.0,
    "KINp": 0.02,
    "KlossROSp": 1.956673654786862e-06,
    "Koverflowp": 1.3660153561220805e-07,
    "KprodROSp": 4.696016771488469e-09,
    "Mp": 4.22051635770621e-06,
    "VmaxICp": 4.208626742097198e-05,
    "VmaxINp": 1.4837142823157218e-05,
    "gammaDp": 0.1768876227125042,
    "omegaP": 4.76740020322727e-06
}