{
    "KICp": 37.0,
    "KINp": 0.0084905714744793,
    "KlossROSp": 1.1778892614069349e-05,
    "Koverflowp": 3.2852499055321053e-07,
    "KprodROSp": 2.812004730620088e-09,
    "Mp": 2.3824532519365635e-06,
    "VmaxICp": 1.7980492074121536e-05,
    "VmaxINp": 4.544411439449651e-05,
    "gammaDp": 0.3088775792844856,
    "omegaP": 3.405555555555556e-05
}