{
    "KICp": 19.16565444903992,
    "KINp": 0.02,
    "KlossROSp": 8.720627917092385e-06,
    "Koverflowp": 2.412853626256005e-06,
    "KprodROSp": 8.227827817858736e-10,
    "Mp": 7.641800671806235e-06,
    "VmaxICp": 3.5535554052203684e-05,
    "VmaxINp": 3.419208314857841e-05,
    "gammaDp": 0.5166710973270178,
    "omegaP": 1.1465511423869452e-05
}