{
    "KICp": 9.806079068749709,
    "KINp": 0.0720025795344236,
    "KlossROSp": 1.956673654786862e-06,
    "Koverflowp": 1.157407407407407e-06,
    "KprodROSp": 2.2329247510060593e-09,
    "Mp": 6.291396274095231e-06,
    "VmaxICp": 2.026004112542948e-05,
    "VmaxINp": 4.101553930279434e-05,
    "gammaDp": 0.7096465398275491,
    "omegaP": 7.03442246806873e-06
}