{
    "KICp": 186.57477631017983,
    "KINp": 0.0257967615385199,
    "KlossROSp": 3.0047721761653145e-06,
    "Koverflowp": 3.350720796161488e-06,
    "KprodROSp": 8.208145772398187e-09,
    "Mp": 3.4649503427521944e-06,
    "VmaxICp": 3.4730387369865115e-05,
    "VmaxINp": 3.501120234096573e-05,
    "gammaDp": 0.5679191148004393,
    "omegaP": 3.405555555555556e-05
}