{
    "KICp": 6.30434171306,
    "KINp": 0.0023312466870787,
    "KlossROSp": 1.956673654786862e-06,
    "Koverflowp": 1.649985251978859e-06,
    "KprodROSp": 3.722650874902586e-09,
    "Mp": 7.146279863493923e-06,
    "VmaxICp": 2.5136628598366574e-05,
    "VmaxINp": 2.8951862945013496e-05,
    "gammaDp": 0.3130372547380203,
    "omegaP": 1.1335859183770256e-05
}