{
    "KICp": 37.0,
    "KINp": 0.02,
    "KlossROSp": 7.716107903703805e-07,
    "Koverflowp": 1.157407407407407e-06,
    "KprodROSp": 1.206187838628189e-09,
    "Mp": 3.502604767977141e-06,
    "VmaxICp": 3.8795938208344473e-05,
    "VmaxINp": 2.239948033698982e-05,
    "gammaDp": 0.1542773958233181,
    "omegaP": 8.889704613695152e-06
}