{
    "KICp": 195.7723725204709,
    "KINp": 0.0049906774648421,
    "KlossROSp": 3.1248540906142385e-07,
    "Koverflowp": 9.713202975821253e-07,
    "KprodROSp": 1.7403798155442742e-08,
    "Mp": 3.4544828557841703e-06,
    "VmaxICp": 4.200081091475253e-05,
    "VmaxINp": 3.243331650442342e-05,
    "gammaDp": 0.161689016436436,
    "omegaP": 4.459120457663031e-06
}