{
    "KICp": 6.30434171306,
    "KINp": 0.0023312466870787,
    "KlossROSp": 1.956673654786862e-06,
    "Koverflowp": 3.450428615242225e-07,
    "KprodROSp": 4.696016771488469e-09,
    "Mp": 2.1970624017258564e-06,
    "VmaxICp": 2.5136628598366574e-05,
    "VmaxINp": 2.8951862945013496e-05,
    "gammaDp": 0.1109309472825515,
    "omegaP": 4.569530887577272e-05
}