{
    "KICp": 18.96514357146842,
    "KINp": 0.1591520625353784,
    "KlossROSp": 5.028931567254058e-06,
    "Koverflowp": 5.469133416235811e-06,
    "KprodROSp": 2.329213946046428e-08,
    "Mp": 2.8030295428625653e-06,
    "VmaxICp": 1.754290303380653e-05,
    "VmaxINp": 4.2413811432136654e-05,
    "gammaDp": 0.4315790884192652,
    "omegaP": 3.405555555555556e-05
}