{
    "KICp": 47.39089377038286,
    "KINp": 0.02,
    "KlossROSp": 5.2629550159822425e-06,
    "Koverflowp": 1.115765259897601e-06,
    "KprodROSp": 3.023245123737945e-08,
    "Mp": 2.969134387391964e-06,
    "VmaxICp": 1.9612602080595203e-05,
    "VmaxINp": 4.26624066666065e-05,
    "gammaDp": 0.1411444059509929,
    "omegaP": 1.3760966178285271e-05
}