{
    "KICp": 37.0,
    "KINp": 0.02,
    "KlossROSp": 2.910164790458739e-07,
    "Koverflowp": 8.877397556900617e-07,
    "KprodROSp": 1.4488190653657752e-08,
    "Mp": 1.931217723486497e-06,
    "VmaxICp": 3.626342504995979e-05,
    "VmaxINp": 3.2329688908962023e-05,
    "gammaDp": 0.8,
    "omegaP": 3.405555555555556e-05
}