{
    "KICp": 6.30434171306,
    "KINp": 0.0023312466870787,
    "KlossROSp": 1.956673654786862e-06,
    "Koverflowp": 5.531968674219524e-06,
    "KprodROSp": 2.139653797180798e-09,
    "Mp": 2.1970624017258564e-06,
    "VmaxICp": 2.5136628598366574e-05,
    "VmaxINp": 2.8951862945013496e-05,
    "gammaDp": 0.4819602064772887,
    "omegaP": 1.1335859183770256e-05
}