{
    "KICp": 111.19423272795376,
    "KINp": 0.0215241206170003,
    "KlossROSp": 1.3218132677557922e-06,
    "Koverflowp": 1.4690486156535844e-07,
    "KprodROSp": 5.187458048688391e-10,
    "Mp": 7.240191556543695e-06,
    "VmaxICp": 5.421064990466707e-05,
    "VmaxINp": 4.546850817169e-05,
    "gammaDp": 0.2535344709791828,
    "omegaP": 4.636443363084633e-05
}