{
    "KICp": 16.198178311134864,
    "KINp": 0.1591520625353784,
    "KlossROSp": 5.028931567254058e-06,
    "Koverflowp": 9.613791796404507e-07,
    "KprodROSp": 1.1627972327423186e-08,
    "Mp": 2.8030295428625653e-06,
    "VmaxICp": 3.816438117604456e-05,
    "VmaxINp": 1.6940255273406997e-05,
    "gammaDp": 0.8232897938175536,
    "omegaP": 3.405555555555556e-05
}