{
    "KICp": 37.0,
    "KINp": 0.1968963473437518,
    "KlossROSp": 1.1361557853221728e-05,
    "Koverflowp": 2.293266518394235e-07,
    "KprodROSp": 3.5194182017916663e-09,
    "Mp": 2.8174978669718795e-06,
    "VmaxICp": 4.0492215720650007e-05,
    "VmaxINp": 1.822678624878668e-05,
    "gammaDp": 0.1881447507415024,
    "omegaP": 1.90717067565651e-05
}