{
    "KICp": 5.441318274767725,
    "KINp": 0.0220798508711885,
    "KlossROSp": 6.652075757981225e-06,
    "Koverflowp": 3.2744730046469524e-06,
    "KprodROSp": 9.780559186241492e-09,
    "Mp": 1.115643622447458e-05,
    "VmaxICp": 2.9576691989431965e-05,
    "VmaxINp": 4.594230865814768e-05,
    "gammaDp": 0.6048108940604218,
    "omegaP": 8.585734806027499e-06
}