{
    "KICp": 5.590541842053238,
    "KINp": 0.02,
    "KlossROSp": 1.4938119160204097e-06,
    "Koverflowp": 1.157407407407407e-06,
    "KprodROSp": 6.212610824482428e-10,
    "Mp": 3.663258239591993e-06,
    "VmaxICp": 5.182352627640096e-05,
    "VmaxINp": 2.129882945205324e-05,
    "gammaDp": 0.1264064216539859,
    "omegaP": 3.405555555555556e-05
}