{
    "KICp": 37.0,
    "KINp": 0.02,
    "KlossROSp": 9.665735742631287e-07,
    "Koverflowp": 1.1111464027019917e-06,
    "KprodROSp": 6.215589567428536e-09,
    "Mp": 5.24913549353252e-06,
    "VmaxICp": 5.161664924285753e-05,
    "VmaxINp": 3.875445435143543e-05,
    "gammaDp": 0.8,
    "omegaP": 0.0001159616016226
}