{
    "KICp": 37.0,
    "KINp": 0.0366842774970039,
    "KlossROSp": 4.098392092616635e-07,
    "Koverflowp": 3.316283204700212e-06,
    "KprodROSp": 3.2379733693264214e-08,
    "Mp": 2.3824532519365635e-06,
    "VmaxICp": 1.7980492074121536e-05,
    "VmaxINp": 4.544411439449651e-05,
    "gammaDp": 0.3088775792844856,
    "omegaP": 9.35823588041213e-06
}