{
    "KICp": 37.0,
    "KINp": 0.0055507759977819,
    "KlossROSp": 2.745056512805759e-07,
    "Koverflowp": 1.6726480543125858e-06,
    "KprodROSp": 3.2379733693264214e-08,
    "Mp": 2.3824532519365635e-06,
    "VmaxICp": 1.7980492074121536e-05,
    "VmaxINp": 4.544411439449651e-05,
    "gammaDp": 0.3712315516115571,
    "omegaP": 3.405555555555556e-05
}