{
    "KICp": 3.796420889611399,
    "KINp": 0.02,
    "KlossROSp": 1.4938119160204097e-06,
    "Koverflowp": 1.157407407407407e-06,
    "KprodROSp": 1.8196812168983915e-09,
    "Mp": 7.88470893165973e-06,
    "VmaxICp": 3.712442890277069e-05,
    "VmaxINp": 2.129882945205324e-05,
    "gammaDp": 0.8,
    "omegaP": 1.2856611500954706e-05
}