{
    "KICp": 65.81218464265974,
    "KINp": 0.0130627053486592,
    "KlossROSp": 2.910164790458739e-07,
    "Koverflowp": 7.79695726904531e-07,
    "KprodROSp": 4.696016771488469e-09,
    "Mp": 2.596435460337305e-06,
    "VmaxICp": 3.626342504995979e-05,
    "VmaxINp": 3.2329688908962023e-05,
    "gammaDp": 0.8,
    "omegaP": 3.405555555555556e-05
}