{
    "KICp": 10.306283932252311,
    "KINp": 0.0060711044249203,
    "KlossROSp": 9.125151365508963e-06,
    "Koverflowp": 3.431081836417437e-07,
    "KprodROSp": 4.696016771488469e-09,
    "Mp": 2.9814433507170675e-06,
    "VmaxICp": 3.465715628997886e-05,
    "VmaxINp": 2.747159575338965e-05,
    "gammaDp": 0.1543223264260145,
    "omegaP": 3.405555555555556e-05
}