{
    "KICp": 315.6844484481576,
    "KINp": 0.0570890277719233,
    "KlossROSp": 3.1248540906142385e-07,
    "Koverflowp": 3.03503416443717e-07,
    "KprodROSp": 4.696016771488469e-09,
    "Mp": 3.4544828557841703e-06,
    "VmaxICp": 3.49656424618551e-05,
    "VmaxINp": 3.243331650442342e-05,
    "gammaDp": 0.1472211624805595,
    "omegaP": 4.459120457663031e-06
}