{
    "KICp": 181.41531251274483,
    "KINp": 0.02,
    "KlossROSp": 8.720627917092385e-06,
    "Koverflowp": 1.157407407407407e-06,
    "KprodROSp": 1.927982883879212e-09,
    "Mp": 7.641800671806235e-06,
    "VmaxICp": 3.042415184695651e-05,
    "VmaxINp": 5.376446108622896e-05,
    "gammaDp": 0.5166710973270178,
    "omegaP": 4.6175002152064704e-05
}