{
    "KICp": 19.16565444903992,
    "KINp": 0.02,
    "KlossROSp": 8.720627917092385e-06,
    "Koverflowp": 1.157407407407407e-06,
    "KprodROSp": 9.554415669133523e-10,
    "Mp": 7.641800671806235e-06,
    "VmaxICp": 3.5535554052203684e-05,
    "VmaxINp": 3.640177361027981e-05,
    "gammaDp": 0.4307784667479181,
    "omegaP": 3.819140861133654e-06
}