{
    "KICp": 44.36865929494152,
    "KINp": 0.0582775696333895,
    "KlossROSp": 3.2746583839944464e-07,
    "Koverflowp": 6.062290900554476e-06,
    "KprodROSp": 2.2548296941417304e-09,
    "Mp": 6.368736764842728e-06,
    "VmaxICp": 5.330231891991289e-05,
    "VmaxINp": 3.286253299644545e-05,
    "gammaDp": 0.8,
    "omegaP": 5.464435997123901e-06
}