{
    "KICp": 86.2061312046571,
    "KINp": 0.1992715685383305,
    "KlossROSp": 1.3218132677557922e-06,
    "Koverflowp": 4.055507313637564e-06,
    "KprodROSp": 2.520402741677176e-09,
    "Mp": 7.240191556543695e-06,
    "VmaxICp": 5.421064990466707e-05,
    "VmaxINp": 3.053607769736618e-05,
    "gammaDp": 0.1732207603774654,
    "omegaP": 4.636443363084633e-05
}