{
    "KICp": 60.86367231262754,
    "KINp": 0.0175114871761715,
    "KlossROSp": 2.850886296082585e-07,
    "Koverflowp": 1.157407407407407e-06,
    "KprodROSp": 4.634284834413718e-08,
    "Mp": 1.1122150180091386e-06,
    "VmaxICp": 4.255507296129159e-05,
    "VmaxINp": 4.487145598340624e-05,
    "gammaDp": 0.3750289221687304,
    "omegaP": 5.2856106969802696e-05
}