{
    "KICp": 37.0,
    "KINp": 0.0924638316304538,
    "KlossROSp": 6.858724530520821e-07,
    "Koverflowp": 1.9319613851486882e-07,
    "KprodROSp": 4.696016771488469e-09,
    "Mp": 2.596435460337305e-06,
    "VmaxICp": 3.626342504995979e-05,
    "VmaxINp": 3.2329688908962023e-05,
    "gammaDp": 0.7672012584274456,
    "omegaP": 3.405555555555556e-05
}