{
    "KICp": 7.947630937996618,
    "KINp": 0.0060077838190502,
    "KlossROSp": 1.5012908459036695e-05,
    "Koverflowp": 1.2185501771026317e-06,
    "KprodROSp": 4.696016771488469e-09,
    "Mp": 2.845799654721097e-06,
    "VmaxICp": 2.9407452781291527e-05,
    "VmaxINp": 1.7179247596711887e-05,
    "gammaDp": 0.1704067832149233,
    "omegaP": 2.9136055387918973e-05
}