{
    "KICp": 37.0,
    "KINp": 0.02,
    "KlossROSp": 1.1778892614069349e-05,
    "Koverflowp": 1.3564925247771685e-07,
    "KprodROSp": 4.885181944447987e-10,
    "Mp": 2.3824532519365635e-06,
    "VmaxICp": 1.7980492074121536e-05,
    "VmaxINp": 4.544411439449651e-05,
    "gammaDp": 0.3088775792844856,
    "omegaP": 1.077319446653861e-05
}