{
    "KICp": 37.0,
    "KINp": 0.0553236964242613,
    "KlossROSp": 2.910164790458739e-07,
    "Koverflowp": 1.0243137766643667e-05,
    "KprodROSp": 4.696016771488469e-09,
    "Mp": 4.234383414617268e-06,
    "VmaxICp": 3.626342504995979e-05,
    "VmaxINp": 3.2329688908962023e-05,
    "gammaDp": 0.254213297537703,
    "omegaP": 3.405555555555556e-05
}