{
    "KICp": 3.7360038937518114,
    "KINp": 0.1988095837309889,
    "KlossROSp": 2.2012691891292882e-07,
    "Koverflowp": 9.686796997596278e-06,
    "KprodROSp": 2.1228041013606965e-08,
    "Mp": 3.799885316912088e-07,
    "VmaxICp": 2.230977149916805e-05,
    "VmaxINp": 4.673917349727954e-05,
    "gammaDp": 0.6536682993291867,
    "omegaP": 3.827136961978959e-05
}