{
    "KICp": 13.323533507400368,
    "KINp": 0.02,
    "KlossROSp": 1.5012908459036695e-05,
    "Koverflowp": 7.332976595614838e-06,
    "KprodROSp": 1.9860255824968704e-08,
    "Mp": 2.845799654721097e-06,
    "VmaxICp": 2.9407452781291527e-05,
    "VmaxINp": 1.7179247596711887e-05,
    "gammaDp": 0.1000668646811946,
    "omegaP": 5.441091108703483e-05
}