{
    "KICp": 52.91390773518527,
    "KINp": 0.0112670513950076,
    "KlossROSp": 2.920202023888211e-07,
    "Koverflowp": 5.888176046593174e-06,
    "KprodROSp": 3.364547586287484e-08,
    "Mp": 5.872823948328043e-06,
    "VmaxICp": 3.813281665378847e-05,
    "VmaxINp": 4.038388820960855e-05,
    "gammaDp": 0.1709192264839525,
    "omegaP": 5.578093114547261e-06
}