{
    "KICp": 307.49990552409764,
    "KINp": 0.0187398257935352,
    "KlossROSp": 1.0965440355433893e-05,
    "Koverflowp": 3.422005180686094e-07,
    "KprodROSp": 9.334456598268868e-09,
    "Mp": 3.607081325386225e-06,
    "VmaxICp": 3.89824184367685e-05,
    "VmaxINp": 1.5354274324365523e-05,
    "gammaDp": 0.55403738997693,
    "omegaP": 9.184478570673649e-06
}