{
    "KICp": 24.1097640455317,
    "KINp": 0.0401544612250075,
    "KlossROSp": 1.7702104711627496e-05,
    "Koverflowp": 5.888176046593174e-06,
    "KprodROSp": 3.364547586287484e-08,
    "Mp": 5.173228715971313e-06,
    "VmaxICp": 3.813281665378847e-05,
    "VmaxINp": 4.038388820960855e-05,
    "gammaDp": 0.1709192264839525,
    "omegaP": 7.880926324549295e-05
}