{
    "KICp": 20.3379252770144,
    "KINp": 0.02,
    "KOCp": 0.2365041070391476,
    "KONp": 0.0157687491292971,
    "Koverflowp": 4.174525656911884e-06,
    "Mp": 4.795997548114235e-06,
    "VmaxICp": 2.890570117444467e-05,
    "VmaxINp": 2.19300175763381e-05,
    "VmaxOCp": 1.6510593790591383e-05,
    "VmaxONp": 4.3092599957045313e-07,
    "gammaDp": 0.8
}