{
    "KICp": 37.0,
    "KINp": 0.0229122402286128,
    "KOCp": 0.0181496853161226,
    "KONp": 0.320068525453024,
    "Koverflowp": 1.73446988685733e-07,
    "Mp": 4.527255139440674e-06,
    "VmaxICp": 2.779199810503096e-05,
    "VmaxINp": 2.8362533645343945e-05,
    "VmaxOCp": 1.851851851851852e-06,
    "VmaxONp": 1.1111111111111112e-06,
    "gammaDp": 0.2856061084154079
}