{
    "KICp": 33.71864517335256,
    "KINp": 0.0676047761066915,
    "KOCp": 0.0400337833026748,
    "KONp": 0.183467713699625,
    "Koverflowp": 6.552757393257958e-07,
    "Mp": 3.991822068690919e-06,
    "VmaxICp": 4.077327973147716e-05,
    "VmaxINp": 2.0529793453750883e-05,
    "VmaxOCp": 1.3816931925976472e-05,
    "VmaxONp": 7.209792587260969e-06,
    "gammaDp": 0.1048028138610023
}