{
    "KICp": 276.1590207847254,
    "KINp": 0.0149004928908608,
    "KOCp": 0.0225413921542261,
    "KONp": 0.0357080521345687,
    "Koverflowp": 4.9744866800265015e-06,
    "Mp": 5.753948604069371e-06,
    "VmaxICp": 2.1552558624965174e-05,
    "VmaxINp": 1.9304902315010548e-05,
    "VmaxOCp": 1.851851851851852e-06,
    "VmaxONp": 3.6133311922852416e-06,
    "gammaDp": 0.1676065965324015
}