{
    "KICp": 16.846753631689158,
    "KINp": 0.02,
    "KOCp": 0.0474182041735155,
    "KONp": 0.1244978473101405,
    "Koverflowp": 1.6051092985219538e-07,
    "Mp": 4.996311120361449e-06,
    "VmaxICp": 2.4181139024993897e-05,
    "VmaxINp": 3.554171451114118e-05,
    "VmaxOCp": 1.851851851851852e-06,
    "VmaxONp": 2.404499972810808e-07,
    "gammaDp": 0.1172452143605229
}