{
    "KICp": 37.0,
    "KINp": 0.1270439531553386,
    "KOCp": 0.275625362577077,
    "KONp": 0.0456002492765738,
    "Koverflowp": 1.9005169489154825e-07,
    "Mp": 1.132063231349913e-05,
    "VmaxICp": 3.310307743458884e-05,
    "VmaxINp": 3.933286190442334e-05,
    "VmaxOCp": 2.631470494291249e-06,
    "VmaxONp": 1.1111111111111112e-06,
    "gammaDp": 0.6867003025897886
}