{
    "KICp": 37.0,
    "KINp": 0.0221567061378253,
    "KOCp": 0.2971998657987397,
    "KONp": 0.0272738445426605,
    "Koverflowp": 4.746419820415615e-07,
    "Mp": 4.795997548114235e-06,
    "VmaxICp": 2.890570117444467e-05,
    "VmaxINp": 2.19300175763381e-05,
    "VmaxOCp": 8.413736908614254e-07,
    "VmaxONp": 4.3092599957045313e-07,
    "gammaDp": 0.8
}