{
    "KICp": 22.39577733327573,
    "KINp": 0.0149004928908608,
    "KOCp": 0.0225413921542261,
    "KONp": 0.6146276807522284,
    "Koverflowp": 7.413433661970893e-07,
    "Mp": 5.055785387635935e-06,
    "VmaxICp": 2.1552558624965174e-05,
    "VmaxINp": 1.9304902315010548e-05,
    "VmaxOCp": 1.851851851851852e-06,
    "VmaxONp": 8.214203588619663e-06,
    "gammaDp": 0.1676065965324015
}