{
    "KICp": 333.9057421557014,
    "KINp": 0.02,
    "KOCp": 0.0584371188518049,
    "KONp": 0.7878536463313753,
    "Koverflowp": 3.925970618951997e-07,
    "Mp": 3.920583005805803e-06,
    "VmaxICp": 2.76944645019237e-05,
    "VmaxINp": 2.1408708130370475e-05,
    "VmaxOCp": 5.569603816767201e-06,
    "VmaxONp": 2.926990897073523e-07,
    "gammaDp": 0.1115491620242078
}