{
    "KICp": 122.3018302979926,
    "KINp": 0.0027978555989906,
    "KOCp": 0.1517735102979856,
    "KONp": 0.991236905403605,
    "Koverflowp": 1.935028853696031e-06,
    "Mp": 5.596241356799454e-06,
    "VmaxICp": 1.5889284305329055e-05,
    "VmaxINp": 2.281309587986658e-05,
    "VmaxOCp": 7.886269062944051e-06,
    "VmaxONp": 1.7433175765536956e-06,
    "gammaDp": 0.5957325151169048
}