{
    "KICp": 10.512179706468151,
    "KINp": 0.0021252265980659,
    "KOCp": 0.03,
    "KONp": 0.1,
    "Koverflowp": 3.2869536889058054e-06,
    "Mp": 4.059557340640635e-06,
    "VmaxICp": 4.179257654435416e-05,
    "VmaxINp": 1.20153053321119e-05,
    "VmaxOCp": 2.138954466469762e-07,
    "VmaxONp": 2.199761825485201e-07,
    "gammaDp": 0.8
}