{
    "KICp": 346.9397948967157,
    "KINp": 0.02,
    "KOCp": 0.0113791815856947,
    "KONp": 0.4117027394805264,
    "Koverflowp": 2.1916964156075346e-07,
    "Mp": 2.8207295531050256e-06,
    "VmaxICp": 2.2394627799576467e-05,
    "VmaxINp": 2.5107255465076124e-05,
    "VmaxOCp": 1.851851851851852e-06,
    "VmaxONp": 2.416752462480953e-07,
    "gammaDp": 0.380487955189002
}