{
    "KICp": 12.08675608261828,
    "KINp": 0.0248546857551929,
    "KOCp": 0.0602804205666056,
    "KONp": 0.1,
    "Koverflowp": 1.4319581021252764e-07,
    "Mp": 8.5782666141938e-06,
    "VmaxICp": 4.7053400643110015e-05,
    "VmaxINp": 2.402304291485333e-05,
    "VmaxOCp": 6.786302271628291e-06,
    "VmaxONp": 2.1297810849982867e-06,
    "gammaDp": 0.1591560174502589
}