{
    "KICp": 25.58432583134389,
    "KINp": 0.0046610419631271,
    "KOCp": 0.03,
    "KONp": 0.015971086846527,
    "Koverflowp": 1.157407407407407e-06,
    "Mp": 9.480008570058533e-06,
    "VmaxICp": 3.190925423282711e-05,
    "VmaxINp": 2.504951717216293e-05,
    "VmaxOCp": 1.851851851851852e-06,
    "VmaxONp": 9.52795864386342e-06,
    "gammaDp": 0.512088661718978
}