{
    "KICp": 24.35593390728737,
    "KINp": 0.1508508652104739,
    "KOCp": 0.0110096221041868,
    "KONp": 0.0100137686520703,
    "Koverflowp": 3.859376751606889e-07,
    "Mp": 8.12551570654503e-06,
    "VmaxICp": 2.807556510434625e-05,
    "VmaxINp": 3.424428103990256e-05,
    "VmaxOCp": 1.851851851851852e-06,
    "VmaxONp": 8.851840179748595e-07,
    "gammaDp": 0.6998493858929677
}