{
    "KICp": 37.0,
    "KINp": 0.0108182602482312,
    "KOCp": 0.03,
    "KONp": 0.1853706668192538,
    "Koverflowp": 6.075486473455305e-06,
    "Mp": 5.1455267709113935e-06,
    "VmaxICp": 1.8485164802546555e-05,
    "VmaxINp": 4.079815593341808e-05,
    "VmaxOCp": 5.528767298770197e-07,
    "VmaxONp": 2.743025955024526e-07,
    "gammaDp": 0.1339978277317989
}