{
    "KICp": 3.961927934144937,
    "KINp": 0.00203135871357,
    "KOCp": 0.0413212777493626,
    "KONp": 0.0438682655696012,
    "Koverflowp": 1.3545446936478146e-07,
    "Mp": 9.511628127712482e-06,
    "VmaxICp": 4.1302147953103455e-05,
    "VmaxINp": 1.92705224328164e-05,
    "VmaxOCp": 1.683396140055982e-06,
    "VmaxONp": 5.806751996242054e-06,
    "gammaDp": 0.5816889378582805
}