{
    "KICp": 10.761886837681596,
    "KINp": 0.02,
    "KOCp": 0.0569753902883128,
    "KONp": 0.0401738695311414,
    "Koverflowp": 2.91385480048877e-07,
    "Mp": 7.415327413025617e-06,
    "VmaxICp": 3.2164213536634954e-05,
    "VmaxINp": 2.9566231764846628e-05,
    "VmaxOCp": 4.234127125508625e-07,
    "VmaxONp": 5.892885782338873e-07,
    "gammaDp": 0.4098439590079967
}