{
    "KICp": 23.819506556934574,
    "KINp": 0.0312705690325166,
    "KOCp": 0.2253850158743798,
    "KONp": 0.2486145340291872,
    "Koverflowp": 8.992768320685223e-07,
    "Mp": 3.205337323964287e-06,
    "VmaxICp": 1.7155951413211243e-05,
    "VmaxINp": 4.075872733197966e-05,
    "VmaxOCp": 3.564125722464445e-06,
    "VmaxONp": 7.426096633089051e-06,
    "gammaDp": 0.1282146942380702
}