{
    "KICp": 42.28099064436717,
    "KINp": 0.0992344996641635,
    "KOCp": 0.0264807970350588,
    "KONp": 0.8278652616439762,
    "Koverflowp": 1.157407407407407e-06,
    "Mp": 4.296820746062805e-06,
    "VmaxICp": 3.0448129444143315e-05,
    "VmaxINp": 1.605879688750796e-05,
    "VmaxOCp": 8.112709824238491e-07,
    "VmaxONp": 1.0093775172361264e-06,
    "gammaDp": 0.4613089625874886
}