{
    "KICp": 36.81285927660878,
    "KINp": 0.0103606708465543,
    "KOCp": 0.03,
    "KONp": 0.1,
    "Koverflowp": 4.059463144247518e-07,
    "Mp": 7.517608529008158e-06,
    "VmaxICp": 3.586350807815944e-05,
    "VmaxINp": 3.788769480721616e-05,
    "VmaxOCp": 1.3073759485999263e-06,
    "VmaxONp": 1.1111111111111112e-06,
    "gammaDp": 0.8
}