{
    "KICp": 31.192381555323063,
    "KINp": 0.0537641413275295,
    "KOCp": 0.0108864786488931,
    "KONp": 0.0415430347470081,
    "Koverflowp": 1.157407407407407e-06,
    "Mp": 4.296820746062805e-06,
    "VmaxICp": 3.0448129444143315e-05,
    "VmaxINp": 2.6044407127365888e-05,
    "VmaxOCp": 1.5258003721262815e-06,
    "VmaxONp": 1.140122887199204e-07,
    "gammaDp": 0.2816496552041209
}