{
    "KICp": 302.1980900028143,
    "KINp": 0.0082282028713989,
    "KOCp": 0.1842509885860663,
    "KONp": 0.0100137686520703,
    "Koverflowp": 1.1887845709073337e-07,
    "Mp": 8.12551570654503e-06,
    "VmaxICp": 2.807556510434625e-05,
    "VmaxINp": 3.424428103990256e-05,
    "VmaxOCp": 4.820726603778826e-06,
    "VmaxONp": 8.851840179748595e-07,
    "gammaDp": 0.6998493858929677
}