{
    "KICp": 37.0,
    "KINp": 0.1163187175899951,
    "KOCp": 0.0491183794930369,
    "KONp": 0.320068525453024,
    "Koverflowp": 1.644871884811496e-06,
    "Mp": 3.5273102160920702e-06,
    "VmaxICp": 2.779199810503096e-05,
    "VmaxINp": 2.8362533645343945e-05,
    "VmaxOCp": 1.851851851851852e-06,
    "VmaxONp": 1.1111111111111112e-06,
    "gammaDp": 0.8
}