{
    "KICp": 4.685152730313669,
    "KINp": 0.0036383838204255,
    "KOCp": 0.03,
    "KONp": 0.1,
    "Koverflowp": 4.278989239075192e-06,
    "Mp": 2.9752244726227244e-06,
    "VmaxICp": 1.943238567146149e-05,
    "VmaxINp": 4.805946642067157e-05,
    "VmaxOCp": 1.0515097784969175e-06,
    "VmaxONp": 5.535290443026118e-07,
    "gammaDp": 0.2227639695768346
}