{
    "KICp": 37.0,
    "KINp": 0.0110221492371015,
    "KOCp": 0.0330613272606286,
    "KONp": 0.1,
    "Koverflowp": 9.170697041564132e-07,
    "Mp": 4.380313917168322e-06,
    "VmaxICp": 2.4312115948577014e-05,
    "VmaxINp": 1.7841128951664008e-05,
    "VmaxOCp": 1.5939324958608177e-06,
    "VmaxONp": 5.3974791374625e-07,
    "gammaDp": 0.8
}