{
    "KICp": 16.36967055833808,
    "KINp": 0.0676047761066915,
    "KOCp": 0.0032880684295811,
    "KONp": 0.3106273686176757,
    "Koverflowp": 1.157407407407407e-06,
    "Mp": 3.991822068690919e-06,
    "VmaxICp": 4.077327973147716e-05,
    "VmaxINp": 2.0529793453750883e-05,
    "VmaxOCp": 3.126828838991063e-06,
    "VmaxONp": 7.209792587260969e-06,
    "gammaDp": 0.1351735272156039
}