{
    "KICp": 46.70217327998681,
    "KINp": 0.0149004928908608,
    "KOCp": 0.0225413921542261,
    "KONp": 0.0723121135606857,
    "Koverflowp": 4.9744866800265015e-06,
    "Mp": 5.055785387635935e-06,
    "VmaxICp": 3.606898434123517e-05,
    "VmaxINp": 1.9304902315010548e-05,
    "VmaxOCp": 7.809601098919604e-06,
    "VmaxONp": 8.214203588619663e-06,
    "gammaDp": 0.1676065965324015
}