{
    "KICp": 89.01797832674467,
    "KINp": 0.1226774681501213,
    "KOCp": 0.1474968816017828,
    "KONp": 0.0186261503268445,
    "Koverflowp": 1.1526949422924296e-05,
    "Mp": 8.808886156444593e-06,
    "VmaxICp": 3.9949378560956914e-05,
    "VmaxINp": 4.971651429789562e-05,
    "VmaxOCp": 1.737532212051208e-06,
    "VmaxONp": 1.249815857839917e-07,
    "gammaDp": 0.2285094031037755
}