{
    "KICp": 42.28099064436717,
    "KINp": 0.0064107737882832,
    "KOCp": 0.0108864786488931,
    "KONp": 0.0415430347470081,
    "Koverflowp": 4.000997789580403e-06,
    "Mp": 8.268321990198738e-06,
    "VmaxICp": 3.0448129444143315e-05,
    "VmaxINp": 2.6044407127365888e-05,
    "VmaxOCp": 8.112709824238491e-07,
    "VmaxONp": 1.140122887199204e-07,
    "gammaDp": 0.4613089625874886
}