{
    "KICp": 119.20328525525122,
    "KINp": 0.1110317192861445,
    "KOCp": 0.0067847496172522,
    "KONp": 0.0367077762762165,
    "Koverflowp": 1.583412109863707e-06,
    "Mp": 4.346973752974822e-06,
    "VmaxICp": 3.0219399947751444e-05,
    "VmaxINp": 1.7238898354308257e-05,
    "VmaxOCp": 5.983654773135482e-06,
    "VmaxONp": 1.7069607872390269e-06,
    "gammaDp": 0.7998057066161939
}