{
    "KICp": 4.032048854992135,
    "KINp": 0.0025375792742895,
    "KOCp": 0.03,
    "KONp": 0.0241499662764248,
    "Koverflowp": 9.971224413209257e-07,
    "Mp": 9.909457843218385e-06,
    "VmaxICp": 4.038277395960402e-05,
    "VmaxINp": 3.642026189551653e-05,
    "VmaxOCp": 8.497077647980668e-06,
    "VmaxONp": 1.774464928309221e-07,
    "gammaDp": 0.2162325040132589
}