{
    "KICp": 226.63117446901737,
    "KINp": 0.02,
    "KOCp": 0.03,
    "KONp": 0.0129064761241203,
    "Koverflowp": 3.808920967597202e-06,
    "Mp": 5.097175874597245e-06,
    "VmaxICp": 2.5496700294188823e-05,
    "VmaxINp": 4.532348479466652e-05,
    "VmaxOCp": 6.56649216669818e-06,
    "VmaxONp": 1.143310772392115e-07,
    "gammaDp": 0.5224201546082601
}