{
    "KICp": 344.7577313273991,
    "KINp": 0.0047573709808465,
    "KOCp": 0.0499370381063536,
    "KONp": 0.0784962189941121,
    "Koverflowp": 1.1265971615001642e-06,
    "Mp": 8.630210850230515e-06,
    "VmaxICp": 3.200348804449425e-05,
    "VmaxINp": 4.601940573871051e-05,
    "VmaxOCp": 8.967547758736404e-06,
    "VmaxONp": 1.1111111111111112e-06,
    "gammaDp": 0.2424567996067326
}