{
    "KICp": 103.49545318921348,
    "KINp": 0.0157760841073942,
    "KOCp": 0.0031566513500977,
    "KONp": 0.0922872637442435,
    "Koverflowp": 4.928034549016282e-06,
    "Mp": 3.282617185945788e-06,
    "VmaxICp": 2.595348725447952e-05,
    "VmaxINp": 3.757313894888948e-05,
    "VmaxOCp": 1.8034816382883203e-06,
    "VmaxONp": 1.1111111111111112e-06,
    "gammaDp": 0.1971118028998714
}