{
    "KICp": 7.741322252391205,
    "KINp": 0.02,
    "KOCp": 0.1842509885860663,
    "KONp": 0.0100137686520703,
    "Koverflowp": 1.5679752767060554e-07,
    "Mp": 8.12551570654503e-06,
    "VmaxICp": 2.807556510434625e-05,
    "VmaxINp": 3.424428103990256e-05,
    "VmaxOCp": 1.851851851851852e-06,
    "VmaxONp": 8.851840179748595e-07,
    "gammaDp": 0.3272605968879958
}