{
    "KICp": 5.011411636051203,
    "KINp": 0.0992344996641635,
    "KOCp": 0.2135496607033697,
    "KONp": 0.0415430347470081,
    "Koverflowp": 2.737896189954873e-07,
    "Mp": 4.296820746062805e-06,
    "VmaxICp": 3.0448129444143315e-05,
    "VmaxINp": 2.6044407127365888e-05,
    "VmaxOCp": 8.112709824238491e-07,
    "VmaxONp": 2.158270777389209e-07,
    "gammaDp": 0.4613089625874886
}