{
    "KICp": 236.68714577816732,
    "KINp": 0.0089903576979615,
    "KOCp": 0.0068408819980142,
    "KONp": 0.1,
    "Koverflowp": 6.520849201362152e-06,
    "Mp": 6.746930790055138e-06,
    "VmaxICp": 2.8255068747065176e-05,
    "VmaxINp": 5.485124138770475e-05,
    "VmaxOCp": 5.755844523906518e-07,
    "VmaxONp": 1.1111111111111112e-06,
    "gammaDp": 0.124363086932662
}