{
    "KICp": 144.31603485072043,
    "KINp": 0.1934588097318117,
    "KOCp": 0.0410915336552375,
    "KONp": 0.1,
    "Koverflowp": 3.58473884249168e-06,
    "Mp": 4.5813648772106565e-06,
    "VmaxICp": 4.346919613732185e-05,
    "VmaxINp": 1.2137161688355012e-05,
    "VmaxOCp": 5.044530819096024e-07,
    "VmaxONp": 2.305442061069368e-07,
    "gammaDp": 0.2301729951596235
}