{
    "KICp": 9.036610572275446,
    "KINp": 0.0027978555989906,
    "KOCp": 0.2187953862046214,
    "KONp": 0.0827662481399773,
    "Koverflowp": 2.2567253431623127e-06,
    "Mp": 5.3520963636890406e-06,
    "VmaxICp": 1.5889284305329055e-05,
    "VmaxINp": 2.281309587986658e-05,
    "VmaxOCp": 7.886269062944051e-06,
    "VmaxONp": 1.3595795827011933e-06,
    "gammaDp": 0.7019876826518575
}