{
    "KICp": 12.88873123959968,
    "KINp": 0.1525080943187167,
    "KOCp": 0.03,
    "KONp": 0.1072348086321754,
    "Koverflowp": 2.073687647266628e-06,
    "Mp": 4.996311120361449e-06,
    "VmaxICp": 2.4181139024993897e-05,
    "VmaxINp": 3.554171451114118e-05,
    "VmaxOCp": 1.851851851851852e-06,
    "VmaxONp": 5.757232930997002e-07,
    "gammaDp": 0.1172452143605229
}