{
    "KICp": 185.1471321328162,
    "KINp": 0.02,
    "KOCp": 0.1842509885860663,
    "KONp": 0.0100137686520703,
    "Koverflowp": 3.859376751606889e-07,
    "Mp": 8.12551570654503e-06,
    "VmaxICp": 2.807556510434625e-05,
    "VmaxINp": 3.424428103990256e-05,
    "VmaxOCp": 1.851851851851852e-06,
    "VmaxONp": 6.7267373426180304e-06,
    "gammaDp": 0.2285877595534804
}