{
    "KICp": 17.98430750153151,
    "KINp": 0.0065838839879271,
    "KOCp": 0.03,
    "KONp": 0.0191858369901317,
    "Koverflowp": 8.200912117086078e-07,
    "Mp": 3.108561088377357e-06,
    "VmaxICp": 2.342351137303117e-05,
    "VmaxINp": 3.0438650994118908e-05,
    "VmaxOCp": 1.7795263781188883e-05,
    "VmaxONp": 1.2917977656803071e-06,
    "gammaDp": 0.1024350284223467
}