{
    "KICp": 66.64868943133132,
    "KINp": 0.0046610419631271,
    "KOCp": 0.03,
    "KONp": 0.1,
    "Koverflowp": 6.240477906216223e-07,
    "Mp": 9.480008570058533e-06,
    "VmaxICp": 3.190925423282711e-05,
    "VmaxINp": 2.504951717216293e-05,
    "VmaxOCp": 5.257133165143195e-07,
    "VmaxONp": 1.3524791136402637e-07,
    "gammaDp": 0.2400848329258487
}