{
    "KICp": 276.1590207847254,
    "KINp": 0.0469538577058195,
    "KOCp": 0.0225413921542261,
    "KONp": 0.0723121135606857,
    "Koverflowp": 4.9744866800265015e-06,
    "Mp": 5.055785387635935e-06,
    "VmaxICp": 3.1341081106985925e-05,
    "VmaxINp": 1.806245867794333e-05,
    "VmaxOCp": 1.851851851851852e-06,
    "VmaxONp": 8.214203588619663e-06,
    "gammaDp": 0.1676065965324015
}