{
    "KICp": 5.168503917402346,
    "KINp": 0.0434214715156141,
    "KOCp": 0.1585631793298155,
    "KONp": 0.0627386643351999,
    "Koverflowp": 3.918645427398791e-06,
    "Mp": 4.369347274316873e-06,
    "VmaxICp": 5.181338593752272e-05,
    "VmaxINp": 2.0372644956498023e-05,
    "VmaxOCp": 9.315442050773658e-07,
    "VmaxONp": 4.244826573036483e-07,
    "gammaDp": 0.1481017124417817
}