{
    "KICp": 37.0,
    "KINp": 0.0062411029859715,
    "KOCp": 0.1539927564105476,
    "KONp": 0.1034468605773896,
    "Koverflowp": 4.564462857860799e-06,
    "Mp": 4.059557340640635e-06,
    "VmaxICp": 4.179257654435416e-05,
    "VmaxINp": 1.20153053321119e-05,
    "VmaxOCp": 2.138954466469762e-07,
    "VmaxONp": 1.1111111111111112e-06,
    "gammaDp": 0.5795619261864438
}