{
    "KICp": 122.57610420791146,
    "KINp": 0.02,
    "KOCp": 0.0258693733621682,
    "KONp": 0.0799070108029859,
    "Koverflowp": 1.0584694768347406e-05,
    "Mp": 4.171561959100763e-06,
    "VmaxICp": 2.2394627799576467e-05,
    "VmaxINp": 2.5107255465076124e-05,
    "VmaxOCp": 1.851851851851852e-06,
    "VmaxONp": 1.1111111111111112e-06,
    "gammaDp": 0.380487955189002
}