{
    "KICp": 11.157136159363782,
    "KINp": 0.0047573709808465,
    "KOCp": 0.0576246690852492,
    "KONp": 0.0160352383241108,
    "Koverflowp": 3.126385129229702e-07,
    "Mp": 8.630210850230515e-06,
    "VmaxICp": 4.996143083543244e-05,
    "VmaxINp": 4.601940573871051e-05,
    "VmaxOCp": 2.7207131189186525e-07,
    "VmaxONp": 1.1111111111111112e-06,
    "gammaDp": 0.3919515623380437
}