{
    "KICp": 4.212776910358746,
    "KINp": 0.0063298990312855,
    "KOCp": 0.275625362577077,
    "KONp": 0.0143295378735861,
    "Koverflowp": 6.126660867785648e-07,
    "Mp": 1.132063231349913e-05,
    "VmaxICp": 3.310307743458884e-05,
    "VmaxINp": 3.933286190442334e-05,
    "VmaxOCp": 3.5752027139476245e-06,
    "VmaxONp": 5.829541035292899e-06,
    "gammaDp": 0.6867003025897886
}