{
    "KICp": 45.57886879937792,
    "KINp": 0.02,
    "KOCp": 0.0113791815856947,
    "KONp": 0.1,
    "Koverflowp": 2.577181096116772e-06,
    "Mp": 4.171561959100763e-06,
    "VmaxICp": 2.2394627799576467e-05,
    "VmaxINp": 2.5107255465076124e-05,
    "VmaxOCp": 3.2024001090370178e-06,
    "VmaxONp": 1.397615280541741e-06,
    "gammaDp": 0.380487955189002
}