{
    "KICp": 5.788352422074453,
    "KINp": 0.1774551448585289,
    "KOCp": 0.0403073247519331,
    "KONp": 0.1,
    "Koverflowp": 3.705750196931921e-07,
    "Mp": 4.4822727243706565e-06,
    "VmaxICp": 2.6845532702324368e-05,
    "VmaxINp": 3.067119277730698e-05,
    "VmaxOCp": 1.851851851851852e-06,
    "VmaxONp": 2.070725756109604e-06,
    "gammaDp": 0.8
}