{
    "KICp": 10.761886837681596,
    "KINp": 0.010163265987302,
    "KOCp": 0.0879555383877506,
    "KONp": 0.0401738695311414,
    "Koverflowp": 2.91385480048877e-07,
    "Mp": 6.346506438857892e-06,
    "VmaxICp": 3.2164213536634954e-05,
    "VmaxINp": 2.544506327212144e-05,
    "VmaxOCp": 4.234127125508625e-07,
    "VmaxONp": 1.1111111111111112e-06,
    "gammaDp": 0.2380051890482203
}