{
    "KICp": 144.31603485072043,
    "KINp": 0.1934588097318117,
    "KOCp": 0.0236257999703072,
    "KONp": 0.1,
    "Koverflowp": 3.58473884249168e-06,
    "Mp": 4.3497383551874166e-06,
    "VmaxICp": 5.4843956663897206e-05,
    "VmaxINp": 1.2137161688355012e-05,
    "VmaxOCp": 7.268239582264277e-06,
    "VmaxONp": 8.820980849207532e-07,
    "gammaDp": 0.2301729951596235
}