{
    "KICp": 45.90335479088988,
    "KINp": 0.0046610419631271,
    "KOCp": 0.0032289868963852,
    "KONp": 0.1,
    "Koverflowp": 2.770017675189347e-07,
    "Mp": 9.480008570058533e-06,
    "VmaxICp": 3.190925423282711e-05,
    "VmaxINp": 2.504951717216293e-05,
    "VmaxOCp": 1.851851851851852e-06,
    "VmaxONp": 1.3524791136402637e-07,
    "gammaDp": 0.1236423459762206
}