{
    "KICp": 73.57767752100591,
    "KINp": 0.1455404615043003,
    "KOCp": 0.0180610815514533,
    "KONp": 0.1,
    "Koverflowp": 9.551021505645264e-06,
    "Mp": 5.082378019445162e-06,
    "VmaxICp": 4.063774171901062e-05,
    "VmaxINp": 2.82422079652742e-05,
    "VmaxOCp": 7.109672143039754e-07,
    "VmaxONp": 7.72384087881726e-06,
    "gammaDp": 0.1240780377105891
}