{
    "KICp": 66.64868943133132,
    "KINp": 0.0046610419631271,
    "KOCp": 0.03,
    "KONp": 0.1,
    "Koverflowp": 1.157407407407407e-06,
    "Mp": 9.480008570058533e-06,
    "VmaxICp": 4.622399789220641e-05,
    "VmaxINp": 2.504951717216293e-05,
    "VmaxOCp": 1.851851851851852e-06,
    "VmaxONp": 1.1820937523337077e-07,
    "gammaDp": 0.2030415379757363
}