{
    "KICp": 6.075584018681245,
    "KINp": 0.0135332468979118,
    "KOCp": 0.0957457980070254,
    "KONp": 0.0744015684066003,
    "Koverflowp": 1.5522300379202297e-06,
    "Mp": 7.016790580266069e-06,
    "VmaxICp": 4.28880308827486e-05,
    "VmaxINp": 4.771973761317807e-05,
    "VmaxOCp": 1.851851851851852e-06,
    "VmaxONp": 1.017224819350012e-06,
    "gammaDp": 0.3576745321351345
}