{
    "KICp": 42.28099064436717,
    "KINp": 0.0992344996641635,
    "KOCp": 0.0060205468237856,
    "KONp": 0.0145931087071759,
    "Koverflowp": 1.157407407407407e-06,
    "Mp": 4.296820746062805e-06,
    "VmaxICp": 4.292043392924208e-05,
    "VmaxINp": 2.6044407127365888e-05,
    "VmaxOCp": 8.112709824238491e-07,
    "VmaxONp": 1.140122887199204e-07,
    "gammaDp": 0.1660149599573631
}