{
    "KICp": 245.83080372191995,
    "KINp": 0.0065573297094029,
    "KOCp": 0.03,
    "KONp": 0.0251343503535542,
    "Koverflowp": 1.3750511060988282e-07,
    "Mp": 8.506644337178534e-06,
    "VmaxICp": 3.375984010897506e-05,
    "VmaxINp": 4.036821378046299e-05,
    "VmaxOCp": 1.4699448712218087e-05,
    "VmaxONp": 1.3560500999135826e-07,
    "gammaDp": 0.1028769656927287
}