{
    "KICp": 22.80401885882944,
    "KINp": 0.02,
    "KOCp": 0.2215721063986428,
    "KONp": 0.1957445941855912,
    "Koverflowp": 2.6097276677201496e-07,
    "Mp": 3.024775613046963e-06,
    "VmaxICp": 2.381821756459739e-05,
    "VmaxINp": 2.847992837909186e-05,
    "VmaxOCp": 7.733742635064594e-06,
    "VmaxONp": 1.1111111111111112e-06,
    "gammaDp": 0.1421402363272513
}