{
    "KICp": 4.14306151455267,
    "KINp": 0.0058127208439055,
    "KOCp": 0.0602804205666056,
    "KONp": 0.2256159672866999,
    "Koverflowp": 1.4319581021252764e-07,
    "Mp": 4.68603647906894e-06,
    "VmaxICp": 2.115349219474232e-05,
    "VmaxINp": 2.074501712838079e-05,
    "VmaxOCp": 6.786302271628291e-06,
    "VmaxONp": 1.360421832094891e-06,
    "gammaDp": 0.1591560174502589
}