{
    "KICp": 338.13427922178755,
    "KINp": 0.02,
    "KOCp": 0.0185919326516714,
    "KONp": 0.0129064761241203,
    "Koverflowp": 2.1236263717515807e-06,
    "Mp": 5.097175874597245e-06,
    "VmaxICp": 2.5496700294188823e-05,
    "VmaxINp": 4.532348479466652e-05,
    "VmaxOCp": 4.981668643044985e-06,
    "VmaxONp": 2.732711828208519e-06,
    "gammaDp": 0.5224201546082601
}