{
    "KICp": 37.0,
    "KINp": 0.0085821229293805,
    "KOCp": 0.0763763354390771,
    "KONp": 0.4875818884752098,
    "Koverflowp": 1.157407407407407e-06,
    "Mp": 3.7133499278072296e-06,
    "VmaxICp": 3.900465720758953e-05,
    "VmaxINp": 1.3304369579353529e-05,
    "VmaxOCp": 2.2766149316504665e-07,
    "VmaxONp": 1.1111111111111112e-06,
    "gammaDp": 0.543489423582395
}