{
    "KICp": 24.065613346011528,
    "KINp": 0.0933637776278229,
    "KOCp": 0.0178236462533585,
    "KONp": 0.2244995685866616,
    "Koverflowp": 3.3972769044599653e-06,
    "Mp": 6.254581828594072e-06,
    "VmaxICp": 5.134398863116557e-05,
    "VmaxINp": 2.248886315312744e-05,
    "VmaxOCp": 1.851851851851852e-06,
    "VmaxONp": 3.951122989089444e-06,
    "gammaDp": 0.6952110211909056
}