{
    "KICp": 109.23764159290856,
    "KINp": 0.1011554072327379,
    "KOCp": 0.0664301215540978,
    "KONp": 0.0151968633086396,
    "Koverflowp": 5.13000482136855e-06,
    "Mp": 5.77078680242434e-06,
    "VmaxICp": 1.5212737761915949e-05,
    "VmaxINp": 4.39013755369389e-05,
    "VmaxOCp": 2.76914455174878e-06,
    "VmaxONp": 2.012252675827291e-06,
    "gammaDp": 0.1849622466295424
}