{
    "KICp": 279.23632449701574,
    "KINp": 0.1849821096727812,
    "KOCp": 0.1524017541385398,
    "KONp": 0.2244995685866616,
    "Koverflowp": 4.102260417212304e-07,
    "Mp": 4.540411535864318e-06,
    "VmaxICp": 5.134398863116557e-05,
    "VmaxINp": 1.4756534825800663e-05,
    "VmaxOCp": 1.851851851851852e-06,
    "VmaxONp": 3.951122989089444e-06,
    "gammaDp": 0.6952110211909056
}