{
    "KICp": 302.1980900028143,
    "KINp": 0.007471302008384,
    "KOCp": 0.0116857913240122,
    "KONp": 0.0516774816861766,
    "Koverflowp": 4.668912269259126e-06,
    "Mp": 8.12551570654503e-06,
    "VmaxICp": 2.807556510434625e-05,
    "VmaxINp": 3.424428103990256e-05,
    "VmaxOCp": 1.851851851851852e-06,
    "VmaxONp": 8.851840179748595e-07,
    "gammaDp": 0.6998493858929677
}