{
    "KICp": 8.538166495320409,
    "KINp": 0.02,
    "KOCp": 0.0030406244629072,
    "KONp": 0.2933401018339956,
    "Koverflowp": 2.460451990342533e-07,
    "Mp": 8.808886156444593e-06,
    "VmaxICp": 3.9949378560956914e-05,
    "VmaxINp": 4.971651429789562e-05,
    "VmaxOCp": 1.737532212051208e-06,
    "VmaxONp": 1.249815857839917e-07,
    "gammaDp": 0.1027983938169343
}