{
    "KICp": 18.94922667709541,
    "KINp": 0.0103606708465543,
    "KOCp": 0.03,
    "KONp": 0.1,
    "Koverflowp": 2.0614645543392122e-07,
    "Mp": 7.517608529008158e-06,
    "VmaxICp": 3.1848681207162683e-05,
    "VmaxINp": 3.788769480721616e-05,
    "VmaxOCp": 3.714540362557187e-07,
    "VmaxONp": 1.1111111111111112e-06,
    "gammaDp": 0.8
}