{
    "KICp": 11.020970833071692,
    "KINp": 0.1031924401109323,
    "KOCp": 0.0062524461510148,
    "KONp": 0.6101555202893773,
    "Koverflowp": 7.512216955407999e-06,
    "Mp": 4.606998824842393e-06,
    "VmaxICp": 1.629153054889036e-05,
    "VmaxINp": 5.360307296395241e-05,
    "VmaxOCp": 7.7904845326673e-07,
    "VmaxONp": 5.703839523574076e-07,
    "gammaDp": 0.2209226182466001
}