{
    "KICp": 24.88776747763832,
    "KINp": 0.0502888614866701,
    "KOCp": 0.0152086298917292,
    "KONp": 0.0717732371824806,
    "Koverflowp": 3.083545347076293e-07,
    "Mp": 3.402020475044901e-06,
    "VmaxICp": 2.0319326291481647e-05,
    "VmaxINp": 3.006922786304919e-05,
    "VmaxOCp": 4.982581831040508e-07,
    "VmaxONp": 2.671886854931874e-07,
    "gammaDp": 0.1670067435990903
}