{
    "KICp": 17.98430750153151,
    "KINp": 0.0023680391637337,
    "KOCp": 0.2789192542421529,
    "KONp": 0.0191858369901317,
    "Koverflowp": 8.994754213570254e-06,
    "Mp": 3.108561088377357e-06,
    "VmaxICp": 2.342351137303117e-05,
    "VmaxINp": 3.0438650994118908e-05,
    "VmaxOCp": 1.851851851851852e-06,
    "VmaxONp": 2.467896236897137e-07,
    "gammaDp": 0.5707210672030835
}