{
    "KICp": 10.761886837681596,
    "KINp": 0.02,
    "KOCp": 0.0220558307853722,
    "KONp": 0.4995902913622778,
    "Koverflowp": 2.91385480048877e-07,
    "Mp": 7.415327413025617e-06,
    "VmaxICp": 3.2164213536634954e-05,
    "VmaxINp": 2.9566231764846628e-05,
    "VmaxOCp": 4.234127125508625e-07,
    "VmaxONp": 7.156462014707094e-06,
    "gammaDp": 0.2380051890482203
}