{
    "KICp": 37.0,
    "KINp": 0.0085821229293805,
    "KOCp": 0.1536395305087305,
    "KONp": 0.020396147290895,
    "Koverflowp": 4.509579937840213e-07,
    "Mp": 3.7133499278072296e-06,
    "VmaxICp": 3.900465720758953e-05,
    "VmaxINp": 2.292700380223735e-05,
    "VmaxOCp": 1.851851851851852e-06,
    "VmaxONp": 1.1111111111111112e-06,
    "gammaDp": 0.543489423582395
}