{
    "KICp": 338.13427922178755,
    "KINp": 0.12150652548374,
    "KOCp": 0.03,
    "KONp": 0.0129064761241203,
    "Koverflowp": 1.754892291058257e-07,
    "Mp": 5.097175874597245e-06,
    "VmaxICp": 2.5496700294188823e-05,
    "VmaxINp": 1.6781519815826753e-05,
    "VmaxOCp": 6.452296529580494e-07,
    "VmaxONp": 1.1998989409629974e-06,
    "gammaDp": 0.1140291285059653
}