{
    "KICp": 245.83080372191995,
    "KINp": 0.0500498821909709,
    "KOCp": 0.03,
    "KONp": 0.0103033876449182,
    "Koverflowp": 1.3559170469158866e-07,
    "Mp": 8.506644337178534e-06,
    "VmaxICp": 3.375984010897506e-05,
    "VmaxINp": 4.036821378046299e-05,
    "VmaxOCp": 6.223922467769518e-06,
    "VmaxONp": 1.9697347057445934e-07,
    "gammaDp": 0.101497816299206
}