{
    "KICp": 37.0,
    "KINp": 0.0068052698654448,
    "KOCp": 0.0957457980070254,
    "KONp": 0.0206885175306239,
    "Koverflowp": 1.5522300379202297e-06,
    "Mp": 9.031448261983609e-06,
    "VmaxICp": 4.28880308827486e-05,
    "VmaxINp": 4.771973761317807e-05,
    "VmaxOCp": 4.869418390109287e-07,
    "VmaxONp": 8.454450854663274e-06,
    "gammaDp": 0.4048330293376525
}