{
    "KICp": 68.38176826700506,
    "KINp": 0.003178346214602,
    "KOCp": 0.0118909542787252,
    "KONp": 0.1,
    "Koverflowp": 3.4796797618758643e-06,
    "Mp": 6.746930790055138e-06,
    "VmaxICp": 2.8255068747065176e-05,
    "VmaxINp": 5.485124138770475e-05,
    "VmaxOCp": 5.514715035916864e-06,
    "VmaxONp": 1.1111111111111112e-06,
    "gammaDp": 0.8
}