{
    "KICp": 4.032048854992135,
    "KINp": 0.0576536802292362,
    "KOCp": 0.03,
    "KONp": 0.7196885493501789,
    "Koverflowp": 9.971224413209257e-07,
    "Mp": 7.879190356605352e-06,
    "VmaxICp": 4.038277395960402e-05,
    "VmaxINp": 4.133430258972753e-05,
    "VmaxOCp": 8.497077647980668e-06,
    "VmaxONp": 5.719845890586237e-07,
    "gammaDp": 0.1252852043413335
}