{
    "KICp": 37.0,
    "KINp": 0.0208408356884483,
    "KOCp": 0.0129866543847944,
    "KONp": 0.0321139001549993,
    "Koverflowp": 2.3496261794414726e-07,
    "Mp": 6.304565505801087e-06,
    "VmaxICp": 1.6747136486733537e-05,
    "VmaxINp": 3.479613986745275e-05,
    "VmaxOCp": 1.851851851851852e-06,
    "VmaxONp": 1.380981640438629e-06,
    "gammaDp": 0.1078119584514088
}