{
    "KICp": 10.761886837681596,
    "KINp": 0.02,
    "KOCp": 0.0879555383877506,
    "KONp": 0.0401738695311414,
    "Koverflowp": 6.89688091620445e-06,
    "Mp": 7.415327413025617e-06,
    "VmaxICp": 3.2164213536634954e-05,
    "VmaxINp": 2.617481283424651e-05,
    "VmaxOCp": 4.234127125508625e-07,
    "VmaxONp": 5.138415627219009e-07,
    "gammaDp": 0.2380051890482203
}