{
    "KICp": 42.28099064436717,
    "KINp": 0.0992344996641635,
    "KOCp": 0.0108864786488931,
    "KONp": 0.0415430347470081,
    "Koverflowp": 4.117736514019232e-06,
    "Mp": 4.296820746062805e-06,
    "VmaxICp": 3.0448129444143315e-05,
    "VmaxINp": 2.6044407127365888e-05,
    "VmaxOCp": 9.170425946157858e-06,
    "VmaxONp": 1.140122887199204e-07,
    "gammaDp": 0.268306429747984
}