{
    "KICp": 6.495022203930974,
    "KINp": 0.1596892270692828,
    "KOCp": 0.03,
    "KONp": 0.1853706668192538,
    "Koverflowp": 1.574284096395948e-06,
    "Mp": 5.1455267709113935e-06,
    "VmaxICp": 1.8485164802546555e-05,
    "VmaxINp": 3.051128142185509e-05,
    "VmaxOCp": 9.51415388883177e-06,
    "VmaxONp": 2.743025955024526e-07,
    "gammaDp": 0.8
}