{
    "KICp": 24.246835435859023,
    "KINp": 0.1819587530631637,
    "KOCp": 0.0113791815856947,
    "KONp": 0.1,
    "Koverflowp": 5.086787107003403e-06,
    "Mp": 4.171561959100763e-06,
    "VmaxICp": 2.2394627799576467e-05,
    "VmaxINp": 2.5107255465076124e-05,
    "VmaxOCp": 1.851851851851852e-06,
    "VmaxONp": 1.1111111111111112e-06,
    "gammaDp": 0.5151872379105334
}