{
    "KICp": 37.0,
    "KINp": 0.0108182602482312,
    "KOCp": 0.0054732668148691,
    "KONp": 0.1853706668192538,
    "Koverflowp": 2.779620857313265e-06,
    "Mp": 5.1455267709113935e-06,
    "VmaxICp": 5.350897786348744e-05,
    "VmaxINp": 3.051128142185509e-05,
    "VmaxOCp": 5.528767298770197e-07,
    "VmaxONp": 2.743025955024526e-07,
    "gammaDp": 0.8
}