{
    "KICp": 338.13427922178755,
    "KINp": 0.02,
    "KOCp": 0.03,
    "KONp": 0.2515364867984009,
    "Koverflowp": 7.547909271966808e-06,
    "Mp": 5.097175874597245e-06,
    "VmaxICp": 2.5496700294188823e-05,
    "VmaxINp": 4.532348479466652e-05,
    "VmaxOCp": 6.452296529580494e-07,
    "VmaxONp": 1.8039782693271282e-07,
    "gammaDp": 0.5224201546082601
}