{
    "KICp": 12.911414683007868,
    "KINp": 0.0108182602482312,
    "KOCp": 0.03,
    "KONp": 0.9546083227218608,
    "Koverflowp": 1.574284096395948e-06,
    "Mp": 5.1455267709113935e-06,
    "VmaxICp": 1.8485164802546555e-05,
    "VmaxINp": 4.756462441461712e-05,
    "VmaxOCp": 5.528767298770197e-07,
    "VmaxONp": 6.051267270877539e-06,
    "gammaDp": 0.8
}