{
    "KICp": 37.0,
    "KINp": 0.094551805526393,
    "KOCp": 0.03,
    "KONp": 0.7892293646606692,
    "Koverflowp": 5.233895931202767e-06,
    "Mp": 4.9195305396961366e-06,
    "VmaxICp": 5.147800890662647e-05,
    "VmaxINp": 2.349968721679737e-05,
    "VmaxOCp": 2.065853327149602e-07,
    "VmaxONp": 1.1111111111111112e-06,
    "gammaDp": 0.8
}