{
    "KICp": 37.0,
    "KINp": 0.0061118619933294,
    "KOCp": 0.0067847496172522,
    "KONp": 0.0285761006661342,
    "Koverflowp": 1.583412109863707e-06,
    "Mp": 4.346973752974822e-06,
    "VmaxICp": 3.0219399947751444e-05,
    "VmaxINp": 1.7238898354308257e-05,
    "VmaxOCp": 5.923909258702551e-07,
    "VmaxONp": 2.701365285971834e-06,
    "gammaDp": 0.1937573860600783
}