{
    "KICp": 65.5416661277622,
    "KINp": 0.047266425009795,
    "KOCp": 0.0235334965189318,
    "KONp": 0.0101475284850661,
    "Koverflowp": 3.291740682233825e-07,
    "Mp": 4.4822727243706565e-06,
    "VmaxICp": 2.6845532702324368e-05,
    "VmaxINp": 3.067119277730698e-05,
    "VmaxOCp": 1.851851851851852e-06,
    "VmaxONp": 2.070725756109604e-06,
    "gammaDp": 0.8
}