{
    "KICp": 45.44193650883599,
    "KINp": 0.0215683258345691,
    "KOCp": 0.0062524461510148,
    "KONp": 0.6101555202893773,
    "Koverflowp": 8.099632638053963e-07,
    "Mp": 4.606998824842393e-06,
    "VmaxICp": 2.838035442990264e-05,
    "VmaxINp": 2.7620172223704028e-05,
    "VmaxOCp": 2.321160055602893e-07,
    "VmaxONp": 5.703839523574076e-07,
    "gammaDp": 0.1929945652775568
}