{
    "KICp": 302.1980900028143,
    "KINp": 0.02,
    "KOCp": 0.1269781954777542,
    "KONp": 0.0100137686520703,
    "Koverflowp": 1.123385321515546e-06,
    "Mp": 8.12551570654503e-06,
    "VmaxICp": 2.807556510434625e-05,
    "VmaxINp": 3.424428103990256e-05,
    "VmaxOCp": 5.640097160073995e-07,
    "VmaxONp": 8.851840179748595e-07,
    "gammaDp": 0.6998493858929677
}