{
    "KICp": 37.0,
    "KINp": 0.0419122574381434,
    "KOCp": 0.03,
    "KONp": 0.1,
    "Koverflowp": 4.564462857860799e-06,
    "Mp": 4.059557340640635e-06,
    "VmaxICp": 4.179257654435416e-05,
    "VmaxINp": 1.20153053321119e-05,
    "VmaxOCp": 2.138954466469762e-07,
    "VmaxONp": 2.674720876327224e-07,
    "gammaDp": 0.2111772161519288
}