{
    "KICp": 282.3451336096954,
    "KINp": 0.047266425009795,
    "KOCp": 0.0118442258938905,
    "KONp": 0.1,
    "Koverflowp": 3.705750196931921e-07,
    "Mp": 4.4822727243706565e-06,
    "VmaxICp": 2.6845532702324368e-05,
    "VmaxINp": 3.067119277730698e-05,
    "VmaxOCp": 1.851851851851852e-06,
    "VmaxONp": 1.2086900542243338e-06,
    "gammaDp": 0.8772734643252862
}