{
    "KICp": 89.01797832674467,
    "KINp": 0.194178556708363,
    "KOCp": 0.1474968816017828,
    "KONp": 0.0685809493666581,
    "Koverflowp": 2.460451990342533e-07,
    "Mp": 8.808886156444593e-06,
    "VmaxICp": 3.9949378560956914e-05,
    "VmaxINp": 4.971651429789562e-05,
    "VmaxOCp": 1.737532212051208e-06,
    "VmaxONp": 2.2306272124314577e-07,
    "gammaDp": 0.1086070412247698
}