{
    "KICp": 37.0,
    "KINp": 0.0135332468979118,
    "KOCp": 0.144532476556516,
    "KONp": 0.8144675429193454,
    "Koverflowp": 2.14251351648785e-06,
    "Mp": 7.016790580266069e-06,
    "VmaxICp": 2.4448910933322213e-05,
    "VmaxINp": 4.771973761317807e-05,
    "VmaxOCp": 1.851851851851852e-06,
    "VmaxONp": 1.864420569136897e-06,
    "gammaDp": 0.4048330293376525
}