{
    "KICp": 66.64868943133132,
    "KINp": 0.0284401258652995,
    "KOCp": 0.0286078109755665,
    "KONp": 0.1,
    "Koverflowp": 1.157407407407407e-06,
    "Mp": 9.480008570058533e-06,
    "VmaxICp": 3.190925423282711e-05,
    "VmaxINp": 2.504951717216293e-05,
    "VmaxOCp": 1.851851851851852e-06,
    "VmaxONp": 1.3524791136402637e-07,
    "gammaDp": 0.3020110810151625
}