{
    "KICp": 245.83080372191995,
    "KINp": 0.0065573297094029,
    "KOCp": 0.0260421548443148,
    "KONp": 0.0103033876449182,
    "Koverflowp": 4.97982085159741e-07,
    "Mp": 8.506644337178534e-06,
    "VmaxICp": 3.375984010897506e-05,
    "VmaxINp": 4.036821378046299e-05,
    "VmaxOCp": 5.832101755158435e-07,
    "VmaxONp": 1.928014268428107e-07,
    "gammaDp": 0.1267589253537589
}