{
    "KICp": 16.36967055833808,
    "KINp": 0.0676047761066915,
    "KOCp": 0.0400337833026748,
    "KONp": 0.0318129533615745,
    "Koverflowp": 1.157407407407407e-06,
    "Mp": 3.991822068690919e-06,
    "VmaxICp": 4.077327973147716e-05,
    "VmaxINp": 1.9612303578079617e-05,
    "VmaxOCp": 6.55116401376431e-06,
    "VmaxONp": 6.110883767032415e-07,
    "gammaDp": 0.1012204236402426
}