{
    "KICp": 122.3018302979926,
    "KINp": 0.0027978555989906,
    "KOCp": 0.1517735102979856,
    "KONp": 0.0221848064593894,
    "Koverflowp": 2.2567253431623127e-06,
    "Mp": 5.282839009408117e-06,
    "VmaxICp": 1.5889284305329055e-05,
    "VmaxINp": 2.2862359461223725e-05,
    "VmaxOCp": 7.886269062944051e-06,
    "VmaxONp": 2.241068979079414e-06,
    "gammaDp": 0.8
}