{
    "KICp": 224.04103175170783,
    "KINp": 0.1455404615043003,
    "KOCp": 0.0180610815514533,
    "KONp": 0.1,
    "Koverflowp": 1.157407407407407e-06,
    "Mp": 4.233345532733208e-06,
    "VmaxICp": 4.063774171901062e-05,
    "VmaxINp": 2.82422079652742e-05,
    "VmaxOCp": 2.75173587753886e-07,
    "VmaxONp": 4.453424733443766e-06,
    "gammaDp": 0.1240780377105891
}