{
    "KICp": 10.761886837681596,
    "KINp": 0.0023704454746526,
    "KOCp": 0.0879555383877506,
    "KONp": 0.0401738695311414,
    "Koverflowp": 8.821948327695249e-07,
    "Mp": 7.415327413025617e-06,
    "VmaxICp": 3.2164213536634954e-05,
    "VmaxINp": 3.741657904824195e-05,
    "VmaxOCp": 4.234127125508625e-07,
    "VmaxONp": 1.1111111111111112e-06,
    "gammaDp": 0.2380051890482203
}