{
    "KICp": 9.534701563972265,
    "KINp": 0.0056866551923397,
    "KOCp": 0.0062524461510148,
    "KONp": 0.6101555202893773,
    "Koverflowp": 9.403506759353267e-07,
    "Mp": 4.606998824842393e-06,
    "VmaxICp": 1.629153054889036e-05,
    "VmaxINp": 2.7620172223704028e-05,
    "VmaxOCp": 1.851851851851852e-06,
    "VmaxONp": 5.703839523574076e-07,
    "gammaDp": 0.1929945652775568
}