{
    "KICp": 6.14482993406788,
    "KINp": 0.0039983874800009,
    "KOCp": 0.03,
    "KONp": 0.0323740785229531,
    "Koverflowp": 9.372738584247958e-07,
    "Mp": 7.517608529008158e-06,
    "VmaxICp": 3.586350807815944e-05,
    "VmaxINp": 3.788769480721616e-05,
    "VmaxOCp": 1.851851851851852e-06,
    "VmaxONp": 1.1111111111111112e-06,
    "gammaDp": 0.8
}