{
    "KICp": 8.77295527755611,
    "KINp": 0.0065573297094029,
    "KOCp": 0.03,
    "KONp": 0.0103033876449182,
    "Koverflowp": 1.3559170469158866e-07,
    "Mp": 8.506644337178534e-06,
    "VmaxICp": 3.375984010897506e-05,
    "VmaxINp": 1.6184605777895768e-05,
    "VmaxOCp": 5.832101755158435e-07,
    "VmaxONp": 8.281844901025427e-06,
    "gammaDp": 0.1294564222981689
}