{
    "KICp": 37.0,
    "KINp": 0.0320162631323662,
    "KOCp": 0.0852472611688843,
    "KONp": 0.4409049798733168,
    "Koverflowp": 1.157407407407407e-06,
    "Mp": 5.617280335519175e-06,
    "VmaxICp": 3.413649850059168e-05,
    "VmaxINp": 3.5640439944111886e-05,
    "VmaxOCp": 1.851851851851852e-06,
    "VmaxONp": 9.39231194485021e-06,
    "gammaDp": 0.6777907584602009
}