{
    "KICp": 17.130735585710315,
    "KINp": 0.02,
    "KOCp": 0.03,
    "KONp": 0.0276609134390378,
    "Koverflowp": 2.9008968776220053e-07,
    "Mp": 5.097175874597245e-06,
    "VmaxICp": 2.5496700294188823e-05,
    "VmaxINp": 4.532348479466652e-05,
    "VmaxOCp": 6.452296529580494e-07,
    "VmaxONp": 3.378492431416443e-06,
    "gammaDp": 0.5224201546082601
}