{
    "KICp": 12.013016846063806,
    "KINp": 0.0181118205739067,
    "KOCp": 0.0957457980070254,
    "KONp": 0.2055547734366114,
    "Koverflowp": 5.815909478436968e-07,
    "Mp": 7.016790580266069e-06,
    "VmaxICp": 4.28880308827486e-05,
    "VmaxINp": 4.771973761317807e-05,
    "VmaxOCp": 1.851851851851852e-06,
    "VmaxONp": 8.454450854663274e-06,
    "gammaDp": 0.4048330293376525
}