{
    "KICp": 17.98430750153151,
    "KINp": 0.0023680391637337,
    "KOCp": 0.1800093433874845,
    "KONp": 0.0191858369901317,
    "Koverflowp": 5.827643372946553e-07,
    "Mp": 3.108561088377357e-06,
    "VmaxICp": 2.342351137303117e-05,
    "VmaxINp": 3.0438650994118908e-05,
    "VmaxOCp": 2.7967715352036026e-07,
    "VmaxONp": 1.3373938731561613e-07,
    "gammaDp": 0.3141115248330413
}