{
    "KICp": 24.88776747763832,
    "KINp": 0.0502888614866701,
    "KOCp": 0.0152086298917292,
    "KONp": 0.1602790832707811,
    "Koverflowp": 6.700828544341642e-06,
    "Mp": 3.402020475044901e-06,
    "VmaxICp": 2.0319326291481647e-05,
    "VmaxINp": 3.006922786304919e-05,
    "VmaxOCp": 5.326802910913469e-07,
    "VmaxONp": 1.1111111111111112e-06,
    "gammaDp": 0.8775671516782722
}