{
    "KICp": 4.685152730313669,
    "KINp": 0.175905852074793,
    "KOCp": 0.2142921552003784,
    "KONp": 0.1,
    "Koverflowp": 1.9296937601799163e-06,
    "Mp": 2.9752244726227244e-06,
    "VmaxICp": 1.943238567146149e-05,
    "VmaxINp": 4.805946642067157e-05,
    "VmaxOCp": 1.0515097784969175e-06,
    "VmaxONp": 1.107652957893935e-06,
    "gammaDp": 0.24710774441966
}