{
    "KICp": 37.0,
    "KINp": 0.02,
    "KOCp": 0.0617024207875618,
    "KONp": 0.0157687491292971,
    "Koverflowp": 4.746419820415615e-07,
    "Mp": 3.685388527326943e-06,
    "VmaxICp": 2.890570117444467e-05,
    "VmaxINp": 4.745614952790077e-05,
    "VmaxOCp": 6.975134117735318e-07,
    "VmaxONp": 4.3092599957045313e-07,
    "gammaDp": 0.8
}