{
    "KICp": 10.761886837681596,
    "KINp": 0.02,
    "KOCp": 0.0879555383877506,
    "KONp": 0.0401738695311414,
    "Koverflowp": 4.550533053657992e-06,
    "Mp": 7.415327413025617e-06,
    "VmaxICp": 2.1030413824350387e-05,
    "VmaxINp": 2.9566231764846628e-05,
    "VmaxOCp": 4.234127125508625e-07,
    "VmaxONp": 1.1111111111111112e-06,
    "gammaDp": 0.1183273672048871
}