{
    "KICp": 52.35965627669084,
    "KINp": 0.003178346214602,
    "KOCp": 0.0068408819980142,
    "KONp": 0.010099547304934,
    "Koverflowp": 3.4796797618758643e-06,
    "Mp": 6.746930790055138e-06,
    "VmaxICp": 2.8255068747065176e-05,
    "VmaxINp": 5.485124138770475e-05,
    "VmaxOCp": 6.118322686443265e-06,
    "VmaxONp": 1.1111111111111112e-06,
    "gammaDp": 0.3929368773217231
}