{
    "KICp": 11.867555169300166,
    "KINp": 0.0678451994029012,
    "KOCp": 0.0074483847212205,
    "KONp": 0.0922872637442435,
    "Koverflowp": 4.928034549016282e-06,
    "Mp": 3.282617185945788e-06,
    "VmaxICp": 2.595348725447952e-05,
    "VmaxINp": 2.2704931535473472e-05,
    "VmaxOCp": 1.8034816382883203e-06,
    "VmaxONp": 1.947215075260635e-07,
    "gammaDp": 0.1564573079519972
}