{
    "KICp": 17.98430750153151,
    "KINp": 0.0023680391637337,
    "KOCp": 0.0335450090913116,
    "KONp": 0.1255147370898136,
    "Koverflowp": 1.3985192180209171e-06,
    "Mp": 3.108561088377357e-06,
    "VmaxICp": 2.342351137303117e-05,
    "VmaxINp": 3.0438650994118908e-05,
    "VmaxOCp": 1.851851851851852e-06,
    "VmaxONp": 1.610890399777348e-06,
    "gammaDp": 0.3141115248330413
}