{
    "KICp": 11.020970833071692,
    "KINp": 0.0139561683178402,
    "KOCp": 0.0062524461510148,
    "KONp": 0.6101555202893773,
    "Koverflowp": 7.512216955407999e-06,
    "Mp": 4.906205269300939e-06,
    "VmaxICp": 1.629153054889036e-05,
    "VmaxINp": 2.7620172223704028e-05,
    "VmaxOCp": 3.631562622029079e-06,
    "VmaxONp": 5.703839523574076e-07,
    "gammaDp": 0.1929945652775568
}