{
    "KICp": 37.0,
    "KINp": 0.02,
    "KOCp": 0.0386929145121508,
    "KONp": 0.1140608213770529,
    "Koverflowp": 4.447973762808291e-06,
    "Mp": 5.336823484848419e-06,
    "VmaxICp": 2.6060711614398434e-05,
    "VmaxINp": 2.349968721679737e-05,
    "VmaxOCp": 1.851851851851852e-06,
    "VmaxONp": 1.1111111111111112e-06,
    "gammaDp": 0.8
}