{
    "KICp": 18.03397554902297,
    "KINp": 0.0352702425407963,
    "KOCp": 0.03,
    "KONp": 0.1072348086321754,
    "Koverflowp": 2.987076146488003e-07,
    "Mp": 4.996311120361449e-06,
    "VmaxICp": 2.4181139024993897e-05,
    "VmaxINp": 3.554171451114118e-05,
    "VmaxOCp": 1.851851851851852e-06,
    "VmaxONp": 2.692166170379725e-07,
    "gammaDp": 0.1172452143605229
}