{
    "KICp": 81.11667555213208,
    "KINp": 0.1089137449566173,
    "KOCp": 0.03,
    "KONp": 0.1,
    "Koverflowp": 4.0652847244740777e-07,
    "Mp": 7.517608529008158e-06,
    "VmaxICp": 3.586350807815944e-05,
    "VmaxINp": 2.4805617769968536e-05,
    "VmaxOCp": 1.851851851851852e-06,
    "VmaxONp": 1.4506643245257655e-06,
    "gammaDp": 0.8
}