{
    "KICp": 245.83080372191995,
    "KINp": 0.0065573297094029,
    "KOCp": 0.0289775151661992,
    "KONp": 0.0103033876449182,
    "Koverflowp": 9.019958897577374e-07,
    "Mp": 8.506644337178534e-06,
    "VmaxICp": 3.375984010897506e-05,
    "VmaxINp": 4.036821378046299e-05,
    "VmaxOCp": 6.721194005660015e-06,
    "VmaxONp": 1.3560500999135826e-07,
    "gammaDp": 0.101497816299206
}