{
    "KICp": 126.84082817561372,
    "KINp": 0.1999303811878354,
    "KOCp": 0.03,
    "KONp": 0.0802570665250652,
    "Koverflowp": 2.9008968776220053e-07,
    "Mp": 5.097175874597245e-06,
    "VmaxICp": 2.5496700294188823e-05,
    "VmaxINp": 4.532348479466652e-05,
    "VmaxOCp": 1.198813968206492e-05,
    "VmaxONp": 1.1998989409629974e-06,
    "gammaDp": 0.5224201546082601
}