{
    "KICp": 8.219520900532963,
    "KINp": 0.0021252265980659,
    "KOCp": 0.112701678293009,
    "KONp": 0.1,
    "Koverflowp": 4.564462857860799e-06,
    "Mp": 4.059557340640635e-06,
    "VmaxICp": 4.179257654435416e-05,
    "VmaxINp": 1.20153053321119e-05,
    "VmaxOCp": 2.138954466469762e-07,
    "VmaxONp": 1.047259820655627e-06,
    "gammaDp": 0.8
}