{
    "KICp": 87.1374898893792,
    "KINp": 0.0231394099249535,
    "KOCp": 0.0499370381063536,
    "KONp": 0.0784962189941121,
    "Koverflowp": 1.3618683876694487e-06,
    "Mp": 8.630210850230515e-06,
    "VmaxICp": 4.996143083543244e-05,
    "VmaxINp": 4.601940573871051e-05,
    "VmaxOCp": 2.7207131189186525e-07,
    "VmaxONp": 2.677018320072996e-07,
    "gammaDp": 0.3919515623380437
}