{
    "KICp": 5.168503917402346,
    "KINp": 0.0732856164249606,
    "KOCp": 0.0061542607799999,
    "KONp": 0.1437655164605154,
    "Koverflowp": 3.918645427398791e-06,
    "Mp": 4.369347274316873e-06,
    "VmaxICp": 5.181338593752272e-05,
    "VmaxINp": 1.5504825806290713e-05,
    "VmaxOCp": 5.464098506498594e-07,
    "VmaxONp": 9.922639121322422e-06,
    "gammaDp": 0.1481017124417817
}