{
    "KICp": 37.0,
    "KINp": 0.0257921921589681,
    "KOCp": 0.1483682978911343,
    "KONp": 0.1853706668192538,
    "Koverflowp": 4.6890070560932934e-07,
    "Mp": 5.1455267709113935e-06,
    "VmaxICp": 1.8485164802546555e-05,
    "VmaxINp": 3.051128142185509e-05,
    "VmaxOCp": 5.528767298770197e-07,
    "VmaxONp": 2.743025955024526e-07,
    "gammaDp": 0.8
}