{
    "KICp": 13.630043210614192,
    "KINp": 0.0085821229293805,
    "KOCp": 0.0290597108224466,
    "KONp": 0.4875818884752098,
    "Koverflowp": 1.372463422151019e-07,
    "Mp": 3.7133499278072296e-06,
    "VmaxICp": 3.900465720758953e-05,
    "VmaxINp": 2.292700380223735e-05,
    "VmaxOCp": 5.058545470711504e-07,
    "VmaxONp": 1.1111111111111112e-06,
    "gammaDp": 0.543489423582395
}