{
    "KICp": 5.311412162483912,
    "KINp": 0.0047573709808465,
    "KOCp": 0.0064343684979949,
    "KONp": 0.0784962189941121,
    "Koverflowp": 1.1265971615001642e-06,
    "Mp": 3.7363842776850137e-06,
    "VmaxICp": 2.7242226234807263e-05,
    "VmaxINp": 4.601940573871051e-05,
    "VmaxOCp": 2.7207131189186525e-07,
    "VmaxONp": 1.1111111111111112e-06,
    "gammaDp": 0.3919515623380437
}