{
    "KICp": 113.51534957748994,
    "KINp": 0.0046610419631271,
    "KOCp": 0.03,
    "KONp": 0.1,
    "Koverflowp": 1.157407407407407e-06,
    "Mp": 9.480008570058533e-06,
    "VmaxICp": 3.190925423282711e-05,
    "VmaxINp": 2.504951717216293e-05,
    "VmaxOCp": 2.115591080877589e-07,
    "VmaxONp": 2.758041166203907e-06,
    "gammaDp": 0.5854340562033525
}