{
    "KICp": 276.1590207847254,
    "KINp": 0.0156511484358284,
    "KOCp": 0.0225413921542261,
    "KONp": 0.0723121135606857,
    "Koverflowp": 1.0632726495973935e-06,
    "Mp": 5.055785387635935e-06,
    "VmaxICp": 2.1552558624965174e-05,
    "VmaxINp": 1.9304902315010548e-05,
    "VmaxOCp": 1.851851851851852e-06,
    "VmaxONp": 8.214203588619663e-06,
    "gammaDp": 0.2604911856565887
}