{
    "KICp": 88.76487936230996,
    "KINp": 0.1331397096488941,
    "KOCp": 0.03,
    "KONp": 0.3158350647063491,
    "Koverflowp": 1.157407407407407e-06,
    "Mp": 9.480008570058533e-06,
    "VmaxICp": 3.190925423282711e-05,
    "VmaxINp": 2.504951717216293e-05,
    "VmaxOCp": 1.851851851851852e-06,
    "VmaxONp": 1.3524791136402637e-07,
    "gammaDp": 0.512088661718978
}