{
    "KICp": 35.62742893000932,
    "KINp": 0.004718058261751,
    "KOCp": 0.2253850158743798,
    "KONp": 0.0202094690456572,
    "Koverflowp": 8.992768320685223e-07,
    "Mp": 3.205337323964287e-06,
    "VmaxICp": 1.7155951413211243e-05,
    "VmaxINp": 4.075872733197966e-05,
    "VmaxOCp": 1.8291664729604607e-06,
    "VmaxONp": 9.325008710290232e-07,
    "gammaDp": 0.1282146942380702
}