{
    "KICp": 37.0,
    "KINp": 0.0135332468979118,
    "KOCp": 0.0159891290442197,
    "KONp": 0.8144675429193454,
    "Koverflowp": 1.5522300379202297e-06,
    "Mp": 7.016790580266069e-06,
    "VmaxICp": 4.010282436717158e-05,
    "VmaxINp": 4.771973761317807e-05,
    "VmaxOCp": 5.605959082860365e-06,
    "VmaxONp": 4.718894232802851e-06,
    "gammaDp": 0.4048330293376525
}