{
    "KICp": 18.94922667709541,
    "KINp": 0.0103606708465543,
    "KOCp": 0.03,
    "KONp": 0.1,
    "Koverflowp": 3.237925120814752e-07,
    "Mp": 7.517608529008158e-06,
    "VmaxICp": 3.586350807815944e-05,
    "VmaxINp": 3.788769480721616e-05,
    "VmaxOCp": 9.1832480233298e-06,
    "VmaxONp": 2.903760715959696e-07,
    "gammaDp": 0.8
}