{
    "KICp": 7.7831690870779395,
    "KINp": 0.0311780397807977,
    "KOCp": 0.0664301215540978,
    "KONp": 0.7325976459084543,
    "Koverflowp": 1.157407407407407e-06,
    "Mp": 3.298679913515351e-06,
    "VmaxICp": 1.5212737761915949e-05,
    "VmaxINp": 4.39013755369389e-05,
    "VmaxOCp": 2.76914455174878e-06,
    "VmaxONp": 1.6275305845247814e-07,
    "gammaDp": 0.1849622466295424
}