{
    "KICp": 51.64846935188889,
    "KINp": 0.0026009558633382,
    "KOCp": 0.0719580684311734,
    "KONp": 0.0103830123223887,
    "Koverflowp": 1.157407407407407e-06,
    "Mp": 4.629058383127795e-06,
    "VmaxICp": 4.063774171901062e-05,
    "VmaxINp": 2.82422079652742e-05,
    "VmaxOCp": 7.109672143039754e-07,
    "VmaxONp": 4.453424733443766e-06,
    "gammaDp": 0.1240780377105891
}