{
    "KICp": 24.88776747763832,
    "KINp": 0.0129718711339694,
    "KOCp": 0.0152086298917292,
    "KONp": 0.0143727290403315,
    "Koverflowp": 3.083545347076293e-07,
    "Mp": 3.402020475044901e-06,
    "VmaxICp": 2.0319326291481647e-05,
    "VmaxINp": 5.213968675894088e-05,
    "VmaxOCp": 1.851851851851852e-06,
    "VmaxONp": 1.1111111111111112e-06,
    "gammaDp": 0.1670067435990903
}