{
    "KICp": 142.38728005233284,
    "KINp": 0.0023680391637337,
    "KOCp": 0.0085675937098993,
    "KONp": 0.0191858369901317,
    "Koverflowp": 3.220606461727063e-07,
    "Mp": 3.108561088377357e-06,
    "VmaxICp": 2.342351137303117e-05,
    "VmaxINp": 3.0438650994118908e-05,
    "VmaxOCp": 1.851851851851852e-06,
    "VmaxONp": 1.2917977656803071e-06,
    "gammaDp": 0.3141115248330413
}