{
    "KICp": 168.33944223235963,
    "KINp": 0.0046610419631271,
    "KOCp": 0.0322508168032632,
    "KONp": 0.1,
    "Koverflowp": 1.157407407407407e-06,
    "Mp": 9.480008570058533e-06,
    "VmaxICp": 3.190925423282711e-05,
    "VmaxINp": 2.504951717216293e-05,
    "VmaxOCp": 1.851851851851852e-06,
    "VmaxONp": 1.847707766567606e-07,
    "gammaDp": 0.512088661718978
}