{
    "KICp": 20.245238706308303,
    "KINp": 0.0202191440973087,
    "KOCp": 0.2725180960724221,
    "KONp": 0.0143295378735861,
    "Koverflowp": 2.2376528367530825e-07,
    "Mp": 1.132063231349913e-05,
    "VmaxICp": 3.310307743458884e-05,
    "VmaxINp": 3.933286190442334e-05,
    "VmaxOCp": 3.5752027139476245e-06,
    "VmaxONp": 2.346637709990718e-06,
    "gammaDp": 0.6867003025897886
}