{
    "KICp": 75.39933692737829,
    "KINp": 0.0046749960095471,
    "KOCp": 0.03,
    "KONp": 0.0103033876449182,
    "Koverflowp": 2.878409765168232e-06,
    "Mp": 8.506644337178534e-06,
    "VmaxICp": 3.375984010897506e-05,
    "VmaxINp": 4.036821378046299e-05,
    "VmaxOCp": 5.832101755158435e-07,
    "VmaxONp": 1.3560500999135826e-07,
    "gammaDp": 0.1519516802816888
}