{
    "KICp": 126.032479153668,
    "KINp": 0.1263882112251733,
    "KOCp": 0.1474968816017828,
    "KONp": 0.2933401018339956,
    "Koverflowp": 4.16865151040936e-06,
    "Mp": 8.808886156444593e-06,
    "VmaxICp": 3.9949378560956914e-05,
    "VmaxINp": 4.971651429789562e-05,
    "VmaxOCp": 1.455850893742911e-06,
    "VmaxONp": 1.249815857839917e-07,
    "gammaDp": 0.1086070412247698
}