{
    "KICp": 4.685152730313669,
    "KINp": 0.0115274299147526,
    "KOCp": 0.0334130310943851,
    "KONp": 0.0214756911271358,
    "Koverflowp": 1.9296937601799163e-06,
    "Mp": 5.0697699183232495e-06,
    "VmaxICp": 1.943238567146149e-05,
    "VmaxINp": 4.805946642067157e-05,
    "VmaxOCp": 8.69112045412113e-06,
    "VmaxONp": 1.1111111111111112e-06,
    "gammaDp": 0.2227639695768346
}