{
    "KICp": 16.36967055833808,
    "KINp": 0.0164215553630239,
    "KOCp": 0.2313416652727179,
    "KONp": 0.1,
    "Koverflowp": 1.157407407407407e-06,
    "Mp": 3.991822068690919e-06,
    "VmaxICp": 4.077327973147716e-05,
    "VmaxINp": 2.0529793453750883e-05,
    "VmaxOCp": 1.3816931925976472e-05,
    "VmaxONp": 9.032682222685163e-07,
    "gammaDp": 0.1012204236402426
}