{
    "KICp": 37.0,
    "KINp": 0.0021252265980659,
    "KOCp": 0.03,
    "KONp": 0.1,
    "Koverflowp": 1.1404523095161125e-05,
    "Mp": 5.049040626184088e-06,
    "VmaxICp": 4.179257654435416e-05,
    "VmaxINp": 1.20153053321119e-05,
    "VmaxOCp": 2.4279507897904e-07,
    "VmaxONp": 2.9466045545318293e-07,
    "gammaDp": 0.8
}