{
    "KICp": 61.46529302363941,
    "KINp": 0.0135332468979118,
    "KOCp": 0.0957457980070254,
    "KONp": 0.8144675429193454,
    "Koverflowp": 3.691460443820768e-07,
    "Mp": 7.016790580266069e-06,
    "VmaxICp": 4.28880308827486e-05,
    "VmaxINp": 3.141060379865156e-05,
    "VmaxOCp": 1.851851851851852e-06,
    "VmaxONp": 2.712191330270234e-07,
    "gammaDp": 0.4048330293376525
}