{
    "KICp": 5.168503917402346,
    "KINp": 0.0025700151258738,
    "KOCp": 0.0779467188967196,
    "KONp": 0.7613800713193228,
    "Koverflowp": 3.918645427398791e-06,
    "Mp": 4.369347274316873e-06,
    "VmaxICp": 5.181338593752272e-05,
    "VmaxINp": 1.5504825806290713e-05,
    "VmaxOCp": 9.315442050773658e-07,
    "VmaxONp": 9.922639121322422e-06,
    "gammaDp": 0.1481017124417817
}