{
    "KICp": 37.0,
    "KINp": 0.0061118619933294,
    "KOCp": 0.0067847496172522,
    "KONp": 0.0367077762762165,
    "Koverflowp": 4.510086208353925e-06,
    "Mp": 4.346973752974822e-06,
    "VmaxICp": 2.2800355197206573e-05,
    "VmaxINp": 1.7238898354308257e-05,
    "VmaxOCp": 5.024734213782812e-06,
    "VmaxONp": 2.701365285971834e-06,
    "gammaDp": 0.7998057066161939
}