{
    "KICp": 7.505523869364281,
    "KINp": 0.0676047761066915,
    "KOCp": 0.0400337833026748,
    "KONp": 0.1,
    "Koverflowp": 1.157407407407407e-06,
    "Mp": 3.991822068690919e-06,
    "VmaxICp": 3.689855459148059e-05,
    "VmaxINp": 2.0529793453750883e-05,
    "VmaxOCp": 1.3816931925976472e-05,
    "VmaxONp": 1.784496372743602e-07,
    "gammaDp": 0.1012204236402426
}