{
    "KICp": 18.39705816160812,
    "KINp": 0.0021530658817038,
    "KOCp": 0.0499370381063536,
    "KONp": 0.0784962189941121,
    "Koverflowp": 1.1265971615001642e-06,
    "Mp": 8.630210850230515e-06,
    "VmaxICp": 4.996143083543244e-05,
    "VmaxINp": 4.601940573871051e-05,
    "VmaxOCp": 2.7207131189186525e-07,
    "VmaxONp": 1.4940306839344528e-07,
    "gammaDp": 0.3919515623380437
}