{
    "KICp": 96.87477348166009,
    "KINp": 0.0065573297094029,
    "KOCp": 0.0147829756540779,
    "KONp": 0.0103033876449182,
    "Koverflowp": 2.091066017334438e-07,
    "Mp": 8.506644337178534e-06,
    "VmaxICp": 3.375984010897506e-05,
    "VmaxINp": 4.036821378046299e-05,
    "VmaxOCp": 5.832101755158435e-07,
    "VmaxONp": 1.3560500999135826e-07,
    "gammaDp": 0.23568526723248
}