{
    "KICp": 276.1590207847254,
    "KINp": 0.0149004928908608,
    "KOCp": 0.0229248525995271,
    "KONp": 0.0723121135606857,
    "Koverflowp": 5.910874467400958e-07,
    "Mp": 5.055785387635935e-06,
    "VmaxICp": 2.1552558624965174e-05,
    "VmaxINp": 3.54348206800522e-05,
    "VmaxOCp": 1.851851851851852e-06,
    "VmaxONp": 8.214203588619663e-06,
    "gammaDp": 0.1676065965324015
}