{
    "KICp": 37.0,
    "KINp": 0.0108182602482312,
    "KOCp": 0.0339141093967305,
    "KONp": 0.1853706668192538,
    "Koverflowp": 1.574284096395948e-06,
    "Mp": 5.1455267709113935e-06,
    "VmaxICp": 1.8485164802546555e-05,
    "VmaxINp": 3.051128142185509e-05,
    "VmaxOCp": 5.609177482835793e-06,
    "VmaxONp": 4.327125440013619e-07,
    "gammaDp": 0.8
}