{
    "KICp": 346.9397948967157,
    "KINp": 0.02,
    "KOCp": 0.0113791815856947,
    "KONp": 0.1,
    "Koverflowp": 1.3829153425129348e-07,
    "Mp": 4.171561959100763e-06,
    "VmaxICp": 2.2394627799576467e-05,
    "VmaxINp": 2.5107255465076124e-05,
    "VmaxOCp": 1.3001253003636631e-06,
    "VmaxONp": 4.6431128330829204e-07,
    "gammaDp": 0.5538331650108996
}