{
    "KICp": 99.3028568486671,
    "KINp": 0.0400842640388751,
    "KOCp": 0.03,
    "KONp": 0.0393619257037742,
    "Koverflowp": 1.574284096395948e-06,
    "Mp": 5.1455267709113935e-06,
    "VmaxICp": 1.8485164802546555e-05,
    "VmaxINp": 3.051128142185509e-05,
    "VmaxOCp": 2.089194312594878e-06,
    "VmaxONp": 2.743025955024526e-07,
    "gammaDp": 0.8
}