{
    "KICp": 18.94922667709541,
    "KINp": 0.0145360397263306,
    "KOCp": 0.03,
    "KONp": 0.1836147676561892,
    "Koverflowp": 4.0652847244740777e-07,
    "Mp": 7.517608529008158e-06,
    "VmaxICp": 3.586350807815944e-05,
    "VmaxINp": 3.788769480721616e-05,
    "VmaxOCp": 3.3863990834256388e-06,
    "VmaxONp": 1.1111111111111112e-06,
    "gammaDp": 0.8
}