{
    "KICp": 122.3018302979926,
    "KINp": 0.164058796746435,
    "KOCp": 0.1517735102979856,
    "KONp": 0.991236905403605,
    "Koverflowp": 2.2567253431623127e-06,
    "Mp": 5.3520963636890406e-06,
    "VmaxICp": 4.246924205355893e-05,
    "VmaxINp": 2.281309587986658e-05,
    "VmaxOCp": 1.6141416418361485e-06,
    "VmaxONp": 1.3595795827011933e-06,
    "gammaDp": 0.8
}