{
    "KICp": 24.065613346011528,
    "KINp": 0.0182987842755959,
    "KOCp": 0.1524017541385398,
    "KONp": 0.2829108025508252,
    "Koverflowp": 6.537347576019423e-07,
    "Mp": 5.112198065619183e-06,
    "VmaxICp": 5.134398863116557e-05,
    "VmaxINp": 1.4756534825800663e-05,
    "VmaxOCp": 1.851851851851852e-06,
    "VmaxONp": 3.951122989089444e-06,
    "gammaDp": 0.226478302875717
}