{
    "KICp": 122.3018302979926,
    "KINp": 0.0027978555989906,
    "KOCp": 0.0880911096690925,
    "KONp": 0.991236905403605,
    "Koverflowp": 6.291696068480927e-06,
    "Mp": 5.3520963636890406e-06,
    "VmaxICp": 1.5889284305329055e-05,
    "VmaxINp": 2.281309587986658e-05,
    "VmaxOCp": 7.886269062944051e-06,
    "VmaxONp": 1.3595795827011933e-06,
    "gammaDp": 0.2379526357651226
}