{
    "KICp": 52.35965627669084,
    "KINp": 0.0136658130517574,
    "KOCp": 0.0257627849690584,
    "KONp": 0.1,
    "Koverflowp": 3.4796797618758643e-06,
    "Mp": 6.746930790055138e-06,
    "VmaxICp": 2.8255068747065176e-05,
    "VmaxINp": 5.485124138770475e-05,
    "VmaxOCp": 1.952803145689447e-07,
    "VmaxONp": 1.1111111111111112e-06,
    "gammaDp": 0.8
}