{
    "KICp": 37.0,
    "KINp": 0.0061118619933294,
    "KOCp": 0.0067847496172522,
    "KONp": 0.0367077762762165,
    "Koverflowp": 1.2577588051203564e-07,
    "Mp": 4.346973752974822e-06,
    "VmaxICp": 3.0219399947751444e-05,
    "VmaxINp": 1.7238898354308257e-05,
    "VmaxOCp": 2.183737261181466e-07,
    "VmaxONp": 8.659327060037186e-06,
    "gammaDp": 0.1175234790909215
}