{
    "KICp": 4.023673790293427,
    "KINp": 0.02,
    "KOCp": 0.2184315953040585,
    "KONp": 0.1129110835318727,
    "Koverflowp": 1.1247667611499922e-05,
    "Mp": 3.920583005805803e-06,
    "VmaxICp": 2.76944645019237e-05,
    "VmaxINp": 2.1408708130370475e-05,
    "VmaxOCp": 5.569603816767201e-06,
    "VmaxONp": 1.23729316215131e-07,
    "gammaDp": 0.3587747521475827
}