{
    "KICp": 65.59208215356148,
    "KINp": 0.0135332468979118,
    "KOCp": 0.0957457980070254,
    "KONp": 0.8144675429193454,
    "Koverflowp": 1.2362150234791673e-07,
    "Mp": 7.016790580266069e-06,
    "VmaxICp": 4.28880308827486e-05,
    "VmaxINp": 4.771973761317807e-05,
    "VmaxOCp": 1.851851851851852e-06,
    "VmaxONp": 9.712623030209535e-07,
    "gammaDp": 0.4048330293376525
}