{
    "KICp": 282.3451336096954,
    "KINp": 0.047266425009795,
    "KOCp": 0.215475843454682,
    "KONp": 0.2851292691576205,
    "Koverflowp": 3.705750196931921e-07,
    "Mp": 4.10841454214646e-06,
    "VmaxICp": 4.115058388143031e-05,
    "VmaxINp": 3.067119277730698e-05,
    "VmaxOCp": 1.851851851851852e-06,
    "VmaxONp": 2.070725756109604e-06,
    "gammaDp": 0.2413780074455697
}