{
    "KICp": 35.53397635127022,
    "KINp": 0.0103606708465543,
    "KOCp": 0.03,
    "KONp": 0.1,
    "Koverflowp": 4.0652847244740777e-07,
    "Mp": 7.517608529008158e-06,
    "VmaxICp": 3.586350807815944e-05,
    "VmaxINp": 3.788769480721616e-05,
    "VmaxOCp": 3.183199217338613e-06,
    "VmaxONp": 2.9441773745982733e-06,
    "gammaDp": 0.8
}