{
    "KICp": 9.868456015290937,
    "KINp": 0.0574552458665697,
    "KOCp": 0.0400337833026748,
    "KONp": 0.0869199569520112,
    "Koverflowp": 1.157407407407407e-06,
    "Mp": 3.991822068690919e-06,
    "VmaxICp": 4.077327973147716e-05,
    "VmaxINp": 2.0529793453750883e-05,
    "VmaxOCp": 1.3816931925976472e-05,
    "VmaxONp": 1.207160151308125e-07,
    "gammaDp": 0.1012204236402426
}