{
    "KICp": 18.94922667709541,
    "KINp": 0.0103606708465543,
    "KOCp": 0.03,
    "KONp": 0.4314966733293494,
    "Koverflowp": 4.0652847244740777e-07,
    "Mp": 6.271847479737103e-06,
    "VmaxICp": 2.0311592120433755e-05,
    "VmaxINp": 3.788769480721616e-05,
    "VmaxOCp": 6.063254850280633e-06,
    "VmaxONp": 1.1111111111111112e-06,
    "gammaDp": 0.8
}