{
    "KICp": 44.14442569133858,
    "KINp": 0.0306876665173961,
    "KOCp": 0.0879555383877506,
    "KONp": 0.0401738695311414,
    "Koverflowp": 2.91385480048877e-07,
    "Mp": 7.415327413025617e-06,
    "VmaxICp": 3.2164213536634954e-05,
    "VmaxINp": 2.9566231764846628e-05,
    "VmaxOCp": 4.234127125508625e-07,
    "VmaxONp": 1.1111111111111112e-06,
    "gammaDp": 0.7408823464831757
}