{
    "KICp": 37.0,
    "KINp": 0.0696063564861199,
    "KOCp": 0.0419551568717734,
    "KONp": 0.0911671408812588,
    "Koverflowp": 4.775132834761736e-06,
    "Mp": 4.380313917168322e-06,
    "VmaxICp": 3.862067888964813e-05,
    "VmaxINp": 1.7841128951664008e-05,
    "VmaxOCp": 1.8369170495020926e-05,
    "VmaxONp": 5.3974791374625e-07,
    "gammaDp": 0.8
}