{
    "KICp": 37.0,
    "KINp": 0.0135332468979118,
    "KOCp": 0.0049247246389334,
    "KONp": 0.8144675429193454,
    "Koverflowp": 1.5522300379202297e-06,
    "Mp": 7.016790580266069e-06,
    "VmaxICp": 4.28880308827486e-05,
    "VmaxINp": 1.8822688239018487e-05,
    "VmaxOCp": 1.851851851851852e-06,
    "VmaxONp": 2.613829913673616e-07,
    "gammaDp": 0.4048330293376525
}