{
    "KICp": 37.0,
    "KINp": 0.1011833736741492,
    "KOCp": 0.0129866543847944,
    "KONp": 0.1,
    "Koverflowp": 1.944446995555685e-07,
    "Mp": 6.304565505801087e-06,
    "VmaxICp": 1.6747136486733537e-05,
    "VmaxINp": 3.479613986745275e-05,
    "VmaxOCp": 1.851851851851852e-06,
    "VmaxONp": 4.086940905297485e-06,
    "gammaDp": 0.1006178268629032
}