{
    "KICp": 24.065613346011528,
    "KINp": 0.0476326551814114,
    "KOCp": 0.1524017541385398,
    "KONp": 0.2244995685866616,
    "Koverflowp": 3.5593557682516224e-06,
    "Mp": 4.540411535864318e-06,
    "VmaxICp": 5.134398863116557e-05,
    "VmaxINp": 1.4756534825800663e-05,
    "VmaxOCp": 6.098005323777663e-07,
    "VmaxONp": 3.951122989089444e-06,
    "gammaDp": 0.6952110211909056
}