{
    "KICp": 60.84741799547052,
    "KINp": 0.052083237490629,
    "KOCp": 0.0031566513500977,
    "KONp": 0.0997200941117511,
    "Koverflowp": 4.928034549016282e-06,
    "Mp": 3.282617185945788e-06,
    "VmaxICp": 2.595348725447952e-05,
    "VmaxINp": 3.840060039020881e-05,
    "VmaxOCp": 1.8034816382883203e-06,
    "VmaxONp": 4.858109355518379e-07,
    "gammaDp": 0.1564573079519972
}