{
    "KICp": 245.83080372191995,
    "KINp": 0.0065573297094029,
    "KOCp": 0.03,
    "KONp": 0.0396045239947967,
    "Koverflowp": 1.3559170469158866e-07,
    "Mp": 8.506644337178534e-06,
    "VmaxICp": 3.375984010897506e-05,
    "VmaxINp": 4.036821378046299e-05,
    "VmaxOCp": 5.832101755158435e-07,
    "VmaxONp": 4.99002567280261e-06,
    "gammaDp": 0.5859977336064551
}