{
    "KICp": 23.816470064399496,
    "KINp": 0.1455404615043003,
    "KOCp": 0.1710305971820379,
    "KONp": 0.1,
    "Koverflowp": 1.7664241118717196e-06,
    "Mp": 4.629058383127795e-06,
    "VmaxICp": 4.063774171901062e-05,
    "VmaxINp": 2.82422079652742e-05,
    "VmaxOCp": 2.996120164085276e-07,
    "VmaxONp": 4.453424733443766e-06,
    "gammaDp": 0.1240780377105891
}