{
    "KICp": 267.1435860902497,
    "KINp": 0.1833307021482715,
    "KOCp": 0.2572228336103126,
    "KONp": 0.0241499662764248,
    "Koverflowp": 9.971224413209257e-07,
    "Mp": 7.879190356605352e-06,
    "VmaxICp": 4.038277395960402e-05,
    "VmaxINp": 4.133430258972753e-05,
    "VmaxOCp": 8.497077647980668e-06,
    "VmaxONp": 2.07970002344076e-06,
    "gammaDp": 0.5018861352478587
}