{
    "KICp": 39.746337288665856,
    "KINp": 0.02,
    "KOCp": 0.0879555383877506,
    "KONp": 0.0401738695311414,
    "Koverflowp": 2.91385480048877e-07,
    "Mp": 7.415327413025617e-06,
    "VmaxICp": 3.2164213536634954e-05,
    "VmaxINp": 2.9566231764846628e-05,
    "VmaxOCp": 7.569385054504334e-07,
    "VmaxONp": 1.1111111111111112e-06,
    "gammaDp": 0.3099454281425985
}