{
    "KICp": 18.03397554902297,
    "KINp": 0.0303211845935323,
    "KOCp": 0.03,
    "KONp": 0.1072348086321754,
    "Koverflowp": 4.024638973247166e-06,
    "Mp": 4.996311120361449e-06,
    "VmaxICp": 2.4181139024993897e-05,
    "VmaxINp": 3.554171451114118e-05,
    "VmaxOCp": 2.883578009716681e-07,
    "VmaxONp": 8.713829220403831e-07,
    "gammaDp": 0.1172452143605229
}