{
    "KICp": 12.08675608261828,
    "KINp": 0.0058127208439055,
    "KOCp": 0.0601887309039012,
    "KONp": 0.1,
    "Koverflowp": 1.4319581021252764e-07,
    "Mp": 4.68603647906894e-06,
    "VmaxICp": 2.115349219474232e-05,
    "VmaxINp": 2.402304291485333e-05,
    "VmaxOCp": 6.786302271628291e-06,
    "VmaxONp": 1.447615164525949e-06,
    "gammaDp": 0.2616861985002738
}