{
    "KICp": 24.88776747763832,
    "KINp": 0.0502888614866701,
    "KOCp": 0.1093312171706856,
    "KONp": 0.9482572458068848,
    "Koverflowp": 3.083545347076293e-07,
    "Mp": 3.402020475044901e-06,
    "VmaxICp": 2.0319326291481647e-05,
    "VmaxINp": 3.006922786304919e-05,
    "VmaxOCp": 1.851851851851852e-06,
    "VmaxONp": 1.1111111111111112e-06,
    "gammaDp": 0.2392039292735677
}