{
    "KICp": 18.03397554902297,
    "KINp": 0.02,
    "KOCp": 0.03,
    "KONp": 0.1072348086321754,
    "Koverflowp": 3.074493336140804e-07,
    "Mp": 1.0002847334330212e-05,
    "VmaxICp": 2.4181139024993897e-05,
    "VmaxINp": 3.554171451114118e-05,
    "VmaxOCp": 1.57685435693434e-05,
    "VmaxONp": 2.404499972810808e-07,
    "gammaDp": 0.1172452143605229
}