{
    "KICp": 302.1980900028143,
    "KINp": 0.02,
    "KOCp": 0.1842509885860663,
    "KONp": 0.0100137686520703,
    "Koverflowp": 3.859376751606889e-07,
    "Mp": 8.12551570654503e-06,
    "VmaxICp": 2.807556510434625e-05,
    "VmaxINp": 4.4631308806079205e-05,
    "VmaxOCp": 1.3673435130711624e-06,
    "VmaxONp": 1.1662978080697893e-07,
    "gammaDp": 0.6998493858929677
}