{
    "KICp": 5.168503917402346,
    "KINp": 0.02,
    "KOCp": 0.0061542607799999,
    "KONp": 0.015610757742043,
    "Koverflowp": 3.918645427398791e-06,
    "Mp": 4.369347274316873e-06,
    "VmaxICp": 5.181338593752272e-05,
    "VmaxINp": 1.5504825806290713e-05,
    "VmaxOCp": 9.315442050773658e-07,
    "VmaxONp": 1.9696547402391806e-06,
    "gammaDp": 0.2214730660045651
}