{
    "KICp": 87.15746360825321,
    "KINp": 0.0149004928908608,
    "KOCp": 0.0225413921542261,
    "KONp": 0.0723121135606857,
    "Koverflowp": 4.9744866800265015e-06,
    "Mp": 3.405116077945183e-06,
    "VmaxICp": 2.1552558624965174e-05,
    "VmaxINp": 4.325123933140115e-05,
    "VmaxOCp": 1.851851851851852e-06,
    "VmaxONp": 8.214203588619663e-06,
    "gammaDp": 0.1676065965324015
}