{
    "KICp": 4.699758563556848,
    "KINp": 0.0269893216413106,
    "KOCp": 0.0400337833026748,
    "KONp": 0.1,
    "Koverflowp": 5.734468684179679e-07,
    "Mp": 3.991822068690919e-06,
    "VmaxICp": 4.077327973147716e-05,
    "VmaxINp": 2.0529793453750883e-05,
    "VmaxOCp": 1.3816931925976472e-05,
    "VmaxONp": 9.578118190440423e-06,
    "gammaDp": 0.1012204236402426
}