{
    "KICp": 76.430815714931,
    "KINp": 0.1011554072327379,
    "KOCp": 0.008874049522946,
    "KONp": 0.0174993859672357,
    "Koverflowp": 1.157407407407407e-06,
    "Mp": 3.298679913515351e-06,
    "VmaxICp": 1.5212737761915949e-05,
    "VmaxINp": 4.39013755369389e-05,
    "VmaxOCp": 2.76914455174878e-06,
    "VmaxONp": 1.028601167016683e-06,
    "gammaDp": 0.1849622466295424
}