{
    "KICp": 37.0,
    "KINp": 0.1469567970142686,
    "KOCp": 0.03,
    "KONp": 0.1,
    "Koverflowp": 1.571303954016737e-07,
    "Mp": 4.059557340640635e-06,
    "VmaxICp": 4.179257654435416e-05,
    "VmaxINp": 1.20153053321119e-05,
    "VmaxOCp": 2.138954466469762e-07,
    "VmaxONp": 1.225917222323086e-06,
    "gammaDp": 0.8
}