{
    "KICp": 276.1590207847254,
    "KINp": 0.0149004928908608,
    "KOCp": 0.1513517537519439,
    "KONp": 0.0168613334779453,
    "Koverflowp": 4.9744866800265015e-06,
    "Mp": 5.055785387635935e-06,
    "VmaxICp": 2.1552558624965174e-05,
    "VmaxINp": 1.9304902315010548e-05,
    "VmaxOCp": 1.851851851851852e-06,
    "VmaxONp": 4.0929829445933775e-06,
    "gammaDp": 0.1953712963231731
}