{
    "KICp": 37.0,
    "KINp": 0.1455404615043003,
    "KOCp": 0.0180610815514533,
    "KONp": 0.7851592430693223,
    "Koverflowp": 6.901483152202754e-07,
    "Mp": 4.629058383127795e-06,
    "VmaxICp": 4.063774171901062e-05,
    "VmaxINp": 2.82422079652742e-05,
    "VmaxOCp": 7.109672143039754e-07,
    "VmaxONp": 1.2901784913044062e-07,
    "gammaDp": 0.1240780377105891
}