{
    "KICp": 37.0,
    "KINp": 0.0021252265980659,
    "KOCp": 0.03,
    "KONp": 0.6799619658546889,
    "Koverflowp": 4.564462857860799e-06,
    "Mp": 4.059557340640635e-06,
    "VmaxICp": 4.179257654435416e-05,
    "VmaxINp": 1.20153053321119e-05,
    "VmaxOCp": 3.565416902792059e-07,
    "VmaxONp": 1.0839979435952422e-06,
    "gammaDp": 0.2068022648997957
}