{
    "KICp": 105.83994426968142,
    "KINp": 0.0023680391637337,
    "KOCp": 0.0485295593211328,
    "KONp": 0.0191858369901317,
    "Koverflowp": 3.3976304739228617e-07,
    "Mp": 3.108561088377357e-06,
    "VmaxICp": 2.342351137303117e-05,
    "VmaxINp": 3.0438650994118908e-05,
    "VmaxOCp": 1.851851851851852e-06,
    "VmaxONp": 7.981377093009109e-07,
    "gammaDp": 0.3141115248330413
}