{
    "KICp": 5.168503917402346,
    "KINp": 0.0356192861733075,
    "KOCp": 0.0061542607799999,
    "KONp": 0.8459640667928833,
    "Koverflowp": 3.918645427398791e-06,
    "Mp": 4.369347274316873e-06,
    "VmaxICp": 5.181338593752272e-05,
    "VmaxINp": 1.5504825806290713e-05,
    "VmaxOCp": 9.315442050773658e-07,
    "VmaxONp": 2.650910285746994e-07,
    "gammaDp": 0.1404742515646913
}