{
    "KICp": 10.64201566921658,
    "KINp": 0.0067353336412363,
    "KOCp": 0.0171056524574088,
    "KONp": 0.320068525453024,
    "Koverflowp": 1.73446988685733e-07,
    "Mp": 3.5273102160920702e-06,
    "VmaxICp": 2.779199810503096e-05,
    "VmaxINp": 1.4698484762175678e-05,
    "VmaxOCp": 3.667486888343984e-07,
    "VmaxONp": 1.1111111111111112e-06,
    "gammaDp": 0.8
}