{
    "KICp": 87.1374898893792,
    "KINp": 0.0047573709808465,
    "KOCp": 0.0261397426091876,
    "KONp": 0.1626548348932274,
    "Koverflowp": 1.1265971615001642e-06,
    "Mp": 8.630210850230515e-06,
    "VmaxICp": 4.996143083543244e-05,
    "VmaxINp": 4.601940573871051e-05,
    "VmaxOCp": 4.701711662330593e-07,
    "VmaxONp": 1.1111111111111112e-06,
    "gammaDp": 0.4363504244670291
}