{
    "KICp": 282.3451336096954,
    "KINp": 0.047266425009795,
    "KOCp": 0.215475843454682,
    "KONp": 0.1,
    "Koverflowp": 2.6335065329207585e-06,
    "Mp": 4.4822727243706565e-06,
    "VmaxICp": 2.6845532702324368e-05,
    "VmaxINp": 1.5736377261866864e-05,
    "VmaxOCp": 1.851851851851852e-06,
    "VmaxONp": 2.070725756109604e-06,
    "gammaDp": 0.7699067339954436
}