{
    "KICp": 276.1590207847254,
    "KINp": 0.0079670601829354,
    "KOCp": 0.0225413921542261,
    "KONp": 0.0134501913609037,
    "Koverflowp": 4.9744866800265015e-06,
    "Mp": 5.055785387635935e-06,
    "VmaxICp": 2.1552558624965174e-05,
    "VmaxINp": 1.9304902315010548e-05,
    "VmaxOCp": 1.851851851851852e-06,
    "VmaxONp": 5.167219457372014e-07,
    "gammaDp": 0.1676065965324015
}