{
    "KICp": 38.1317602614405,
    "KINp": 0.0025375792742895,
    "KOCp": 0.0102254347512098,
    "KONp": 0.0241499662764248,
    "Koverflowp": 9.971224413209257e-07,
    "Mp": 7.879190356605352e-06,
    "VmaxICp": 3.436482772811469e-05,
    "VmaxINp": 4.133430258972753e-05,
    "VmaxOCp": 8.497077647980668e-06,
    "VmaxONp": 2.07970002344076e-06,
    "gammaDp": 0.5583024774515375
}