{
    "KICp": 6.940485992802817,
    "KINp": 0.02,
    "KOCp": 0.03,
    "KONp": 0.0111025039069889,
    "Koverflowp": 3.319807360381692e-07,
    "Mp": 4.996311120361449e-06,
    "VmaxICp": 2.4181139024993897e-05,
    "VmaxINp": 3.554171451114118e-05,
    "VmaxOCp": 1.851851851851852e-06,
    "VmaxONp": 2.523964442015497e-07,
    "gammaDp": 0.1172452143605229
}