{
    "KICp": 37.0,
    "KINp": 0.1455404615043003,
    "KOCp": 0.02694234536008,
    "KONp": 0.1,
    "Koverflowp": 3.290459935904128e-06,
    "Mp": 4.629058383127795e-06,
    "VmaxICp": 4.063774171901062e-05,
    "VmaxINp": 2.82422079652742e-05,
    "VmaxOCp": 5.161602867621172e-06,
    "VmaxONp": 1.3985815466489237e-07,
    "gammaDp": 0.1240780377105891
}