{
    "KICp": 4.685152730313669,
    "KINp": 0.1132465446687208,
    "KOCp": 0.03,
    "KONp": 0.0435906694001609,
    "Koverflowp": 3.830763197628516e-06,
    "Mp": 7.988380711071825e-06,
    "VmaxICp": 1.943238567146149e-05,
    "VmaxINp": 4.805946642067157e-05,
    "VmaxOCp": 1.0515097784969175e-06,
    "VmaxONp": 1.1111111111111112e-06,
    "gammaDp": 0.2227639695768346
}