{
    "KICp": 37.0,
    "KINp": 0.0462299904848099,
    "KOCp": 0.0086860837036018,
    "KONp": 0.1853706668192538,
    "Koverflowp": 4.988533521287774e-07,
    "Mp": 3.163192647724276e-06,
    "VmaxICp": 1.8485164802546555e-05,
    "VmaxINp": 3.051128142185509e-05,
    "VmaxOCp": 5.528767298770197e-07,
    "VmaxONp": 2.743025955024526e-07,
    "gammaDp": 0.8
}