{
    "KICp": 97.53656599261473,
    "KINp": 0.1747430996255584,
    "KOCp": 0.03,
    "KONp": 0.1,
    "Koverflowp": 1.9296937601799163e-06,
    "Mp": 7.835284543718137e-06,
    "VmaxICp": 1.943238567146149e-05,
    "VmaxINp": 4.805946642067157e-05,
    "VmaxOCp": 1.0515097784969175e-06,
    "VmaxONp": 1.1111111111111112e-06,
    "gammaDp": 0.2227639695768346
}