{
    "KICp": 5.168503917402346,
    "KINp": 0.02,
    "KOCp": 0.0061542607799999,
    "KONp": 0.3446791052106713,
    "Koverflowp": 3.918645427398791e-06,
    "Mp": 4.782619262785868e-06,
    "VmaxICp": 3.652963707602551e-05,
    "VmaxINp": 1.5504825806290713e-05,
    "VmaxOCp": 3.8000747427355913e-06,
    "VmaxONp": 9.922639121322422e-06,
    "gammaDp": 0.1481017124417817
}