{
    "KICp": 17.429467090396685,
    "KINp": 0.02,
    "KOCp": 0.0378892267704719,
    "KONp": 0.7597152462653722,
    "Koverflowp": 1.157407407407407e-06,
    "Mp": 5.617280335519175e-06,
    "VmaxICp": 1.7641462442405583e-05,
    "VmaxINp": 3.5640439944111886e-05,
    "VmaxOCp": 1.851851851851852e-06,
    "VmaxONp": 1.1481375868056622e-06,
    "gammaDp": 0.2788221173766982
}