{
    "KICp": 103.49545318921348,
    "KINp": 0.0678451994029012,
    "KOCp": 0.0031566513500977,
    "KONp": 0.6232768653442744,
    "Koverflowp": 4.928034549016282e-06,
    "Mp": 3.282617185945788e-06,
    "VmaxICp": 2.595348725447952e-05,
    "VmaxINp": 3.840060039020881e-05,
    "VmaxOCp": 6.157144294695372e-07,
    "VmaxONp": 3.993168847164955e-06,
    "gammaDp": 0.1144479537186886
}