{
    "KICp": 251.772107565514,
    "KINp": 0.0027321721127883,
    "KOCp": 0.0193969570469367,
    "KONp": 0.0100137686520703,
    "Koverflowp": 3.859376751606889e-07,
    "Mp": 8.12551570654503e-06,
    "VmaxICp": 2.807556510434625e-05,
    "VmaxINp": 3.424428103990256e-05,
    "VmaxOCp": 2.6446502744924083e-06,
    "VmaxONp": 8.851840179748595e-07,
    "gammaDp": 0.6998493858929677
}