{
    "KICp": 55.27378599106355,
    "KINp": 0.0085821229293805,
    "KOCp": 0.0130322717494421,
    "KONp": 0.4875818884752098,
    "Koverflowp": 3.801427347762677e-06,
    "Mp": 3.7133499278072296e-06,
    "VmaxICp": 3.900465720758953e-05,
    "VmaxINp": 2.292700380223735e-05,
    "VmaxOCp": 1.851851851851852e-06,
    "VmaxONp": 1.1111111111111112e-06,
    "gammaDp": 0.8323021472325766
}