{
    "KICp": 24.88776747763832,
    "KINp": 0.0058406140430312,
    "KOCp": 0.2212395532790012,
    "KONp": 0.1602790832707811,
    "Koverflowp": 3.083545347076293e-07,
    "Mp": 3.402020475044901e-06,
    "VmaxICp": 2.0319326291481647e-05,
    "VmaxINp": 3.006922786304919e-05,
    "VmaxOCp": 9.14023969073979e-06,
    "VmaxONp": 1.1111111111111112e-06,
    "gammaDp": 0.1670067435990903
}