{
    "KICp": 4.023673790293427,
    "KINp": 0.02,
    "KOCp": 0.0551202357086168,
    "KONp": 0.1129110835318727,
    "Koverflowp": 2.891412926119907e-06,
    "Mp": 3.920583005805803e-06,
    "VmaxICp": 2.76944645019237e-05,
    "VmaxINp": 2.1408708130370475e-05,
    "VmaxOCp": 5.840607541978464e-07,
    "VmaxONp": 1.23729316215131e-07,
    "gammaDp": 0.1250072863221586
}