{
    "KICp": 4.023673790293427,
    "KINp": 0.02,
    "KOCp": 0.0584371188518049,
    "KONp": 0.1129110835318727,
    "Koverflowp": 3.925970618951997e-07,
    "Mp": 2.805626017503977e-06,
    "VmaxICp": 1.5248568598418195e-05,
    "VmaxINp": 2.1408708130370475e-05,
    "VmaxOCp": 5.569603816767201e-06,
    "VmaxONp": 1.23729316215131e-07,
    "gammaDp": 0.8888231875883754
}