{
    "KICp": 46.11337596691642,
    "KINp": 0.1039390654920758,
    "KOCp": 0.2253850158743798,
    "KONp": 0.0194411606716624,
    "Koverflowp": 8.992768320685223e-07,
    "Mp": 3.205337323964287e-06,
    "VmaxICp": 1.7155951413211243e-05,
    "VmaxINp": 4.075872733197966e-05,
    "VmaxOCp": 1.300853388373911e-06,
    "VmaxONp": 9.591720757856022e-07,
    "gammaDp": 0.1282146942380702
}