{
    "KICp": 80.14721070003317,
    "KINp": 0.0110221492371015,
    "KOCp": 0.0419551568717734,
    "KONp": 0.0291987754354431,
    "Koverflowp": 2.690310546516312e-06,
    "Mp": 4.380313917168322e-06,
    "VmaxICp": 3.862067888964813e-05,
    "VmaxINp": 1.7841128951664008e-05,
    "VmaxOCp": 2.766718597044686e-06,
    "VmaxONp": 5.3974791374625e-07,
    "gammaDp": 0.8
}