{
    "KICp": 12.17886757049381,
    "KINp": 0.0152443856025397,
    "KOCp": 0.03,
    "KONp": 0.1,
    "Koverflowp": 2.190997409638844e-06,
    "Mp": 9.480008570058533e-06,
    "VmaxICp": 3.190925423282711e-05,
    "VmaxINp": 2.504951717216293e-05,
    "VmaxOCp": 1.851851851851852e-06,
    "VmaxONp": 3.4161833564520087e-06,
    "gammaDp": 0.512088661718978
}