{
    "KICp": 282.3451336096954,
    "KINp": 0.0058963030033555,
    "KOCp": 0.215475843454682,
    "KONp": 0.6285393811394774,
    "Koverflowp": 4.377796945390593e-06,
    "Mp": 4.4822727243706565e-06,
    "VmaxICp": 2.6845532702324368e-05,
    "VmaxINp": 3.067119277730698e-05,
    "VmaxOCp": 1.851851851851852e-06,
    "VmaxONp": 2.070725756109604e-06,
    "gammaDp": 0.8
}