{
    "KICp": 221.0948720173904,
    "KINp": 0.0043678207808429,
    "KOCp": 0.0046444979468588,
    "KONp": 0.0367077762762165,
    "Koverflowp": 1.583412109863707e-06,
    "Mp": 4.346973752974822e-06,
    "VmaxICp": 3.0219399947751444e-05,
    "VmaxINp": 1.7238898354308257e-05,
    "VmaxOCp": 2.6650865570633567e-06,
    "VmaxONp": 2.701365285971834e-06,
    "gammaDp": 0.7998057066161939
}