{
    "KICp": 144.31603485072043,
    "KINp": 0.1934588097318117,
    "KOCp": 0.0236257999703072,
    "KONp": 0.027929790800646,
    "Koverflowp": 3.58473884249168e-06,
    "Mp": 4.3497383551874166e-06,
    "VmaxICp": 4.346919613732185e-05,
    "VmaxINp": 1.2137161688355012e-05,
    "VmaxOCp": 5.044530819096024e-07,
    "VmaxONp": 1.3838544833127808e-06,
    "gammaDp": 0.1442334337221092
}