{
    "KICp": 4.685152730313669,
    "KINp": 0.0115274299147526,
    "KOCp": 0.03,
    "KONp": 0.1,
    "Koverflowp": 1.9296937601799163e-06,
    "Mp": 6.959410287777602e-06,
    "VmaxICp": 1.943238567146149e-05,
    "VmaxINp": 5.530273776272656e-05,
    "VmaxOCp": 1.043445651173202e-05,
    "VmaxONp": 1.1111111111111112e-06,
    "gammaDp": 0.1007797797224816
}