{
    "KICp": 143.00616473871875,
    "KINp": 0.1565738126290929,
    "KOCp": 0.0061542607799999,
    "KONp": 0.0627386643351999,
    "Koverflowp": 3.918645427398791e-06,
    "Mp": 4.369347274316873e-06,
    "VmaxICp": 5.181338593752272e-05,
    "VmaxINp": 1.5504825806290713e-05,
    "VmaxOCp": 9.315442050773658e-07,
    "VmaxONp": 1.042527296814272e-05,
    "gammaDp": 0.1481017124417817
}