{
    "KICp": 37.0,
    "KINp": 0.02,
    "KOCp": 0.03,
    "KONp": 0.1140608213770529,
    "Koverflowp": 7.2930848124982655e-06,
    "Mp": 4.2032904512765735e-06,
    "VmaxICp": 5.147800890662647e-05,
    "VmaxINp": 2.349968721679737e-05,
    "VmaxOCp": 1.851851851851852e-06,
    "VmaxONp": 1.1111111111111112e-06,
    "gammaDp": 0.8898384348156234
}