{
    "KICp": 10.55468218665756,
    "KINp": 0.0992344996641635,
    "KOCp": 0.2281926177369583,
    "KONp": 0.0415430347470081,
    "Koverflowp": 1.157407407407407e-06,
    "Mp": 4.296820746062805e-06,
    "VmaxICp": 3.0448129444143315e-05,
    "VmaxINp": 2.6044407127365888e-05,
    "VmaxOCp": 6.758265043977603e-07,
    "VmaxONp": 1.6882175428311013e-07,
    "gammaDp": 0.4613089625874886
}