{
    "KICp": 4.023673790293427,
    "KINp": 0.0048635817217361,
    "KOCp": 0.2700102854202593,
    "KONp": 0.1129110835318727,
    "Koverflowp": 2.1501445157532543e-06,
    "Mp": 3.920583005805803e-06,
    "VmaxICp": 2.76944645019237e-05,
    "VmaxINp": 2.1408708130370475e-05,
    "VmaxOCp": 5.569603816767201e-06,
    "VmaxONp": 8.791619274281231e-07,
    "gammaDp": 0.8
}