{
    "KICp": 21.50032995769368,
    "KINp": 0.02,
    "KOCp": 0.03,
    "KONp": 0.1072348086321754,
    "Koverflowp": 4.024638973247166e-06,
    "Mp": 4.996311120361449e-06,
    "VmaxICp": 2.4181139024993897e-05,
    "VmaxINp": 2.260486781348613e-05,
    "VmaxOCp": 1.851851851851852e-06,
    "VmaxONp": 2.580948248238169e-07,
    "gammaDp": 0.1172452143605229
}