{
    "KICp": 26.365976443476168,
    "KINp": 0.0135332468979118,
    "KOCp": 0.0675751244772343,
    "KONp": 0.6077882410383194,
    "Koverflowp": 1.2416741891134097e-07,
    "Mp": 7.016790580266069e-06,
    "VmaxICp": 4.28880308827486e-05,
    "VmaxINp": 4.771973761317807e-05,
    "VmaxOCp": 1.851851851851852e-06,
    "VmaxONp": 8.454450854663274e-06,
    "gammaDp": 0.4048330293376525
}