{
    "KICp": 37.0,
    "KINp": 0.0085821229293805,
    "KOCp": 0.0034966122686951,
    "KONp": 0.4875818884752098,
    "Koverflowp": 1.157407407407407e-06,
    "Mp": 3.7133499278072296e-06,
    "VmaxICp": 3.900465720758953e-05,
    "VmaxINp": 2.292700380223735e-05,
    "VmaxOCp": 6.619993362368477e-07,
    "VmaxONp": 1.9594618309665813e-06,
    "gammaDp": 0.4135865780564627
}