{
    "KICp": 37.0,
    "KINp": 0.0035062563048073,
    "KOCp": 0.1476055394259022,
    "KONp": 0.1,
    "Koverflowp": 1.157407407407407e-06,
    "Mp": 6.304565505801087e-06,
    "VmaxICp": 1.6747136486733537e-05,
    "VmaxINp": 3.479613986745275e-05,
    "VmaxOCp": 1.1844636121425526e-05,
    "VmaxONp": 1.513764860771298e-06,
    "gammaDp": 0.8
}