{
    "KICp": 24.065613346011528,
    "KINp": 0.0182987842755959,
    "KOCp": 0.0407494407110315,
    "KONp": 0.1540974661261776,
    "Koverflowp": 3.3972769044599653e-06,
    "Mp": 4.540411535864318e-06,
    "VmaxICp": 5.134398863116557e-05,
    "VmaxINp": 2.920564538178909e-05,
    "VmaxOCp": 1.851851851851852e-06,
    "VmaxONp": 2.4528879796524783e-06,
    "gammaDp": 0.6952110211909056
}