{
    "KICp": 4.023673790293427,
    "KINp": 0.02,
    "KOCp": 0.2407802779974382,
    "KONp": 0.1129110835318727,
    "Koverflowp": 3.925970618951997e-07,
    "Mp": 3.920583005805803e-06,
    "VmaxICp": 2.76944645019237e-05,
    "VmaxINp": 3.087506225618975e-05,
    "VmaxOCp": 5.569603816767201e-06,
    "VmaxONp": 1.23729316215131e-07,
    "gammaDp": 0.1233453602971097
}