{
    "KICp": 99.93304386161864,
    "KINp": 0.0202191440973087,
    "KOCp": 0.275625362577077,
    "KONp": 0.0143295378735861,
    "Koverflowp": 1.920979629993365e-06,
    "Mp": 6.325244204571459e-06,
    "VmaxICp": 3.310307743458884e-05,
    "VmaxINp": 3.933286190442334e-05,
    "VmaxOCp": 3.5752027139476245e-06,
    "VmaxONp": 1.1111111111111112e-06,
    "gammaDp": 0.6867003025897886
}