{
    "KICp": 52.35965627669084,
    "KINp": 0.0810287275723398,
    "KOCp": 0.0068408819980142,
    "KONp": 0.1,
    "Koverflowp": 3.618630564858345e-06,
    "Mp": 6.746930790055138e-06,
    "VmaxICp": 2.8255068747065176e-05,
    "VmaxINp": 5.485124138770475e-05,
    "VmaxOCp": 5.755844523906518e-07,
    "VmaxONp": 1.2807191076099978e-06,
    "gammaDp": 0.8
}