{
    "KICp": 327.9582616857781,
    "KINp": 0.1455404615043003,
    "KOCp": 0.0037883102400467,
    "KONp": 0.1,
    "Koverflowp": 1.157407407407407e-06,
    "Mp": 4.629058383127795e-06,
    "VmaxICp": 4.063774171901062e-05,
    "VmaxINp": 2.82422079652742e-05,
    "VmaxOCp": 7.109672143039754e-07,
    "VmaxONp": 7.419779885560902e-07,
    "gammaDp": 0.189571515116558
}