{
    "KICp": 37.0,
    "KINp": 0.0438227112955508,
    "KOCp": 0.2253850158743798,
    "KONp": 0.2486145340291872,
    "Koverflowp": 4.070521006129201e-06,
    "Mp": 5.7177676969159495e-06,
    "VmaxICp": 3.557594881708646e-05,
    "VmaxINp": 4.075872733197966e-05,
    "VmaxOCp": 3.564125722464445e-06,
    "VmaxONp": 9.325008710290232e-07,
    "gammaDp": 0.1282146942380702
}