{
    "KICp": 66.64868943133132,
    "KINp": 0.0046610419631271,
    "KOCp": 0.0220798625110633,
    "KONp": 0.1,
    "Koverflowp": 6.025175707086732e-06,
    "Mp": 9.480008570058533e-06,
    "VmaxICp": 3.190925423282711e-05,
    "VmaxINp": 2.504951717216293e-05,
    "VmaxOCp": 1.851851851851852e-06,
    "VmaxONp": 1.899128442082349e-06,
    "gammaDp": 0.512088661718978
}