{
    "KICp": 37.0,
    "KINp": 0.0108182602482312,
    "KOCp": 0.03,
    "KONp": 0.1853706668192538,
    "Koverflowp": 1.9726527865813665e-07,
    "Mp": 2.8159526671802733e-06,
    "VmaxICp": 1.8485164802546555e-05,
    "VmaxINp": 3.051128142185509e-05,
    "VmaxOCp": 5.528767298770197e-07,
    "VmaxONp": 2.1086587937639845e-07,
    "gammaDp": 0.8
}