{
    "KICp": 89.01797832674467,
    "KINp": 0.0022197096810462,
    "KOCp": 0.1474968816017828,
    "KONp": 0.0912136627108688,
    "Koverflowp": 2.460451990342533e-07,
    "Mp": 8.808886156444593e-06,
    "VmaxICp": 3.9949378560956914e-05,
    "VmaxINp": 4.971651429789562e-05,
    "VmaxOCp": 2.8529294218510933e-06,
    "VmaxONp": 6.875831876714183e-06,
    "gammaDp": 0.1086070412247698
}