{
    "KICp": 66.64868943133132,
    "KINp": 0.0046610419631271,
    "KOCp": 0.0124952686699173,
    "KONp": 0.1,
    "Koverflowp": 1.157407407407407e-06,
    "Mp": 9.480008570058533e-06,
    "VmaxICp": 3.190925423282711e-05,
    "VmaxINp": 5.359561421254444e-05,
    "VmaxOCp": 4.6131970433792485e-06,
    "VmaxONp": 1.3524791136402637e-07,
    "gammaDp": 0.512088661718978
}