{
    "KICp": 37.0,
    "KINp": 0.0126637491793944,
    "KOCp": 0.0290597108224466,
    "KONp": 0.4875818884752098,
    "Koverflowp": 1.157407407407407e-06,
    "Mp": 4.800723135150243e-06,
    "VmaxICp": 3.900465720758953e-05,
    "VmaxINp": 2.292700380223735e-05,
    "VmaxOCp": 2.347559456870516e-07,
    "VmaxONp": 1.1111111111111112e-06,
    "gammaDp": 0.543489423582395
}