{
    "KICp": 66.94901220158144,
    "KINp": 0.0649650042569396,
    "KOCp": 0.03,
    "KONp": 0.1,
    "Koverflowp": 1.157407407407407e-06,
    "Mp": 9.480008570058533e-06,
    "VmaxICp": 3.190925423282711e-05,
    "VmaxINp": 2.504951717216293e-05,
    "VmaxOCp": 1.851851851851852e-06,
    "VmaxONp": 1.3524791136402637e-07,
    "gammaDp": 0.561133874860517
}