{
    "KICp": 37.0,
    "KINp": 0.0067353336412363,
    "KOCp": 0.1189429514998392,
    "KONp": 0.320068525453024,
    "Koverflowp": 2.870091092618794e-07,
    "Mp": 3.5273102160920702e-06,
    "VmaxICp": 2.779199810503096e-05,
    "VmaxINp": 2.8362533645343945e-05,
    "VmaxOCp": 1.851851851851852e-06,
    "VmaxONp": 1.864298471513453e-07,
    "gammaDp": 0.5756893982228705
}