{
    "KICp": 276.1590207847254,
    "KINp": 0.0149004928908608,
    "KOCp": 0.0225413921542261,
    "KONp": 0.0723121135606857,
    "Koverflowp": 4.9744866800265015e-06,
    "Mp": 2.319954174235101e-06,
    "VmaxICp": 2.1552558624965174e-05,
    "VmaxINp": 1.9304902315010548e-05,
    "VmaxOCp": 1.851851851851852e-06,
    "VmaxONp": 1.950996089525582e-06,
    "gammaDp": 0.102154018901575
}