{
    "KICp": 21.981668775899287,
    "KINp": 0.1039390654920758,
    "KOCp": 0.2253850158743798,
    "KONp": 0.2486145340291872,
    "Koverflowp": 2.494464944891971e-06,
    "Mp": 3.205337323964287e-06,
    "VmaxICp": 1.7155951413211243e-05,
    "VmaxINp": 4.075872733197966e-05,
    "VmaxOCp": 1.3068798380283304e-05,
    "VmaxONp": 9.325008710290232e-07,
    "gammaDp": 0.1282146942380702
}