{
    "KICp": 4.023673790293427,
    "KINp": 0.0641885364717249,
    "KOCp": 0.0584371188518049,
    "KONp": 0.1129110835318727,
    "Koverflowp": 3.954295601520066e-07,
    "Mp": 3.920583005805803e-06,
    "VmaxICp": 2.29098208748744e-05,
    "VmaxINp": 2.1408708130370475e-05,
    "VmaxOCp": 5.569603816767201e-06,
    "VmaxONp": 1.23729316215131e-07,
    "gammaDp": 0.8
}