{
    "KICp": 122.3018302979926,
    "KINp": 0.0027978555989906,
    "KOCp": 0.0494969759018208,
    "KONp": 0.991236905403605,
    "Koverflowp": 2.2567253431623127e-06,
    "Mp": 5.3520963636890406e-06,
    "VmaxICp": 1.5889284305329055e-05,
    "VmaxINp": 3.641130381181581e-05,
    "VmaxOCp": 1.6700548277774196e-06,
    "VmaxONp": 1.721364700668605e-06,
    "gammaDp": 0.8
}