{
    "KICp": 37.0,
    "KINp": 0.0202191440973087,
    "KOCp": 0.275625362577077,
    "KONp": 0.2634657207534124,
    "Koverflowp": 1.3384754147088602e-06,
    "Mp": 1.132063231349913e-05,
    "VmaxICp": 3.310307743458884e-05,
    "VmaxINp": 3.933286190442334e-05,
    "VmaxOCp": 3.5752027139476245e-06,
    "VmaxONp": 1.1111111111111112e-06,
    "gammaDp": 0.1289133441404129
}