{
    "KICp": 9.178811981544904,
    "KINp": 0.02,
    "KOCp": 0.03,
    "KONp": 0.0129064761241203,
    "Koverflowp": 2.574434571750064e-06,
    "Mp": 5.097175874597245e-06,
    "VmaxICp": 2.5496700294188823e-05,
    "VmaxINp": 4.532348479466652e-05,
    "VmaxOCp": 6.452296529580494e-07,
    "VmaxONp": 1.613902301215132e-06,
    "gammaDp": 0.2425403247964004
}