{
    "KICp": 12.188057440442549,
    "KINp": 0.0502888614866701,
    "KOCp": 0.0982623820312027,
    "KONp": 0.0115957495980129,
    "Koverflowp": 3.083545347076293e-07,
    "Mp": 3.87468532443431e-06,
    "VmaxICp": 2.0319326291481647e-05,
    "VmaxINp": 3.006922786304919e-05,
    "VmaxOCp": 1.851851851851852e-06,
    "VmaxONp": 1.1111111111111112e-06,
    "gammaDp": 0.1670067435990903
}