{
    "KICp": 52.35965627669084,
    "KINp": 0.003178346214602,
    "KOCp": 0.0068408819980142,
    "KONp": 0.1,
    "Koverflowp": 5.506892364849253e-06,
    "Mp": 6.746930790055138e-06,
    "VmaxICp": 2.8255068747065176e-05,
    "VmaxINp": 5.485124138770475e-05,
    "VmaxOCp": 5.755844523906518e-07,
    "VmaxONp": 4.040441120430884e-06,
    "gammaDp": 0.3080367072250168
}