{
    "KICp": 37.0,
    "KINp": 0.0140178405924244,
    "KOCp": 0.0072536073602076,
    "KONp": 0.299272821555187,
    "Koverflowp": 9.170697041564132e-07,
    "Mp": 4.380313917168322e-06,
    "VmaxICp": 3.862067888964813e-05,
    "VmaxINp": 1.7841128951664008e-05,
    "VmaxOCp": 9.787025767663336e-06,
    "VmaxONp": 5.3974791374625e-07,
    "gammaDp": 0.8
}