{
    "KICp": 103.49545318921348,
    "KINp": 0.0144609941714703,
    "KOCp": 0.0047554517034708,
    "KONp": 0.0922872637442435,
    "Koverflowp": 4.928034549016282e-06,
    "Mp": 5.485482542789697e-06,
    "VmaxICp": 2.595348725447952e-05,
    "VmaxINp": 3.840060039020881e-05,
    "VmaxOCp": 6.858354131660598e-07,
    "VmaxONp": 1.1111111111111112e-06,
    "gammaDp": 0.1564573079519972
}