{
    "KICp": 43.9435580018578,
    "KINp": 0.02,
    "KOCp": 0.1842509885860663,
    "KONp": 0.0448867213580439,
    "Koverflowp": 7.220769747837817e-07,
    "Mp": 8.12551570654503e-06,
    "VmaxICp": 4.778136791488806e-05,
    "VmaxINp": 3.424428103990256e-05,
    "VmaxOCp": 1.851851851851852e-06,
    "VmaxONp": 8.851840179748595e-07,
    "gammaDp": 0.6998493858929677
}