{
    "KICp": 5.823112596852383,
    "KINp": 0.1737212653693556,
    "KOCp": 0.0427536283142224,
    "KONp": 0.4314322460080381,
    "Koverflowp": 1.574284096395948e-06,
    "Mp": 5.1455267709113935e-06,
    "VmaxICp": 1.8485164802546555e-05,
    "VmaxINp": 3.051128142185509e-05,
    "VmaxOCp": 5.528767298770197e-07,
    "VmaxONp": 2.743025955024526e-07,
    "gammaDp": 0.8
}