{
    "KICp": 16.36967055833808,
    "KINp": 0.0267312135050319,
    "KOCp": 0.0200940119765272,
    "KONp": 0.0318897546088598,
    "Koverflowp": 7.763873016262882e-06,
    "Mp": 3.991822068690919e-06,
    "VmaxICp": 4.077327973147716e-05,
    "VmaxINp": 2.0529793453750883e-05,
    "VmaxOCp": 1.3816931925976472e-05,
    "VmaxONp": 7.209792587260969e-06,
    "gammaDp": 0.1012204236402426
}