{
    "KICp": 37.0,
    "KINp": 0.0606243951430693,
    "KOCp": 0.03,
    "KONp": 0.1,
    "Koverflowp": 2.5014724236169493e-07,
    "Mp": 4.059557340640635e-06,
    "VmaxICp": 4.179257654435416e-05,
    "VmaxINp": 1.20153053321119e-05,
    "VmaxOCp": 2.968690570600235e-07,
    "VmaxONp": 1.1111111111111112e-06,
    "gammaDp": 0.8
}