{
    "KICp": 37.0,
    "KINp": 0.0589853840279594,
    "KOCp": 0.0248790653629498,
    "KONp": 0.2421803640324066,
    "Koverflowp": 2.44750407833231e-07,
    "Mp": 3.205337323964287e-06,
    "VmaxICp": 1.7155951413211243e-05,
    "VmaxINp": 4.075872733197966e-05,
    "VmaxOCp": 3.564125722464445e-06,
    "VmaxONp": 9.325008710290232e-07,
    "gammaDp": 0.1282146942380702
}