{
    "KICp": 11.020970833071692,
    "KINp": 0.0132589315412645,
    "KOCp": 0.0109412391426541,
    "KONp": 0.6101555202893773,
    "Koverflowp": 7.512216955407999e-06,
    "Mp": 4.606998824842393e-06,
    "VmaxICp": 1.629153054889036e-05,
    "VmaxINp": 2.7620172223704028e-05,
    "VmaxOCp": 1.851851851851852e-06,
    "VmaxONp": 2.761852593936386e-07,
    "gammaDp": 0.1929945652775568
}