{
    "KICp": 52.35965627669084,
    "KINp": 0.003178346214602,
    "KOCp": 0.0068408819980142,
    "KONp": 0.1,
    "Koverflowp": 1.0405228249611866e-05,
    "Mp": 6.746930790055138e-06,
    "VmaxICp": 4.377931687730513e-05,
    "VmaxINp": 5.485124138770475e-05,
    "VmaxOCp": 5.755844523906518e-07,
    "VmaxONp": 3.283730432869383e-07,
    "gammaDp": 0.4527215120360128
}