{
    "KICp": 6.971909935927885,
    "KINp": 0.02,
    "KOCp": 0.03,
    "KONp": 0.0154141430960049,
    "Koverflowp": 2.9008968776220053e-07,
    "Mp": 4.071007703443878e-06,
    "VmaxICp": 2.5496700294188823e-05,
    "VmaxINp": 4.532348479466652e-05,
    "VmaxOCp": 6.452296529580494e-07,
    "VmaxONp": 1.1998989409629974e-06,
    "gammaDp": 0.5224201546082601
}