{
    "KICp": 37.0,
    "KINp": 0.02,
    "KOCp": 0.0041464240694714,
    "KONp": 0.1873551605502092,
    "Koverflowp": 1.922896648094086e-06,
    "Mp": 4.9195305396961366e-06,
    "VmaxICp": 5.147800890662647e-05,
    "VmaxINp": 2.349968721679737e-05,
    "VmaxOCp": 1.851851851851852e-06,
    "VmaxONp": 1.1111111111111112e-06,
    "gammaDp": 0.8
}