{
    "KICp": 10.780242753177538,
    "KINp": 0.0071894105311967,
    "KOCp": 0.0664301215540978,
    "KONp": 0.0174993859672357,
    "Koverflowp": 1.157407407407407e-06,
    "Mp": 3.298679913515351e-06,
    "VmaxICp": 1.5212737761915949e-05,
    "VmaxINp": 5.160779823187497e-05,
    "VmaxOCp": 2.76914455174878e-06,
    "VmaxONp": 2.012252675827291e-06,
    "gammaDp": 0.3792578268228683
}