{
    "KICp": 75.33304228393585,
    "KINp": 0.02,
    "KOCp": 0.2309366784466547,
    "KONp": 0.0129064761241203,
    "Koverflowp": 5.037634600273935e-06,
    "Mp": 5.097175874597245e-06,
    "VmaxICp": 2.5496700294188823e-05,
    "VmaxINp": 4.532348479466652e-05,
    "VmaxOCp": 6.452296529580494e-07,
    "VmaxONp": 1.1998989409629974e-06,
    "gammaDp": 0.727689219241596
}