{
    "KICp": 346.9397948967157,
    "KINp": 0.0024910496768706,
    "KOCp": 0.0113791815856947,
    "KONp": 0.1,
    "Koverflowp": 4.3749433946270514e-07,
    "Mp": 4.471603534740955e-06,
    "VmaxICp": 2.2394627799576467e-05,
    "VmaxINp": 2.5107255465076124e-05,
    "VmaxOCp": 1.851851851851852e-06,
    "VmaxONp": 1.1111111111111112e-06,
    "gammaDp": 0.380487955189002
}