{
    "KICp": 144.31603485072043,
    "KINp": 0.0021991030903419,
    "KOCp": 0.0236257999703072,
    "KONp": 0.0259226221320761,
    "Koverflowp": 6.472915857847476e-06,
    "Mp": 4.3497383551874166e-06,
    "VmaxICp": 4.346919613732185e-05,
    "VmaxINp": 1.2137161688355012e-05,
    "VmaxOCp": 5.044530819096024e-07,
    "VmaxONp": 6.15463223024103e-07,
    "gammaDp": 0.2301729951596235
}