{
    "KICp": 276.1590207847254,
    "KINp": 0.0149004928908608,
    "KOCp": 0.0225413921542261,
    "KONp": 0.507540457444997,
    "Koverflowp": 4.84617647147845e-06,
    "Mp": 4.273270075019303e-06,
    "VmaxICp": 2.1552558624965174e-05,
    "VmaxINp": 1.9304902315010548e-05,
    "VmaxOCp": 1.851851851851852e-06,
    "VmaxONp": 5.350159777788224e-07,
    "gammaDp": 0.1676065965324015
}