{
    "KICp": 276.1590207847254,
    "KINp": 0.0149004928908608,
    "KOCp": 0.2496598952798509,
    "KONp": 0.0723121135606857,
    "Koverflowp": 2.289659990967617e-07,
    "Mp": 5.055785387635935e-06,
    "VmaxICp": 2.1552558624965174e-05,
    "VmaxINp": 2.3822525157491725e-05,
    "VmaxOCp": 2.65260711410716e-07,
    "VmaxONp": 8.214203588619663e-06,
    "gammaDp": 0.1676065965324015
}