{
    "KICp": 37.0,
    "KINp": 0.0135332468979118,
    "KOCp": 0.0957457980070254,
    "KONp": 0.8144675429193454,
    "Koverflowp": 3.4065859162206974e-07,
    "Mp": 7.016790580266069e-06,
    "VmaxICp": 4.28880308827486e-05,
    "VmaxINp": 4.771973761317807e-05,
    "VmaxOCp": 1.851851851851852e-06,
    "VmaxONp": 5.04995593441066e-07,
    "gammaDp": 0.6288907689530512
}