{
    "KICp": 346.9397948967157,
    "KINp": 0.0333671945471106,
    "KOCp": 0.0157979821351658,
    "KONp": 0.1,
    "Koverflowp": 2.577181096116772e-06,
    "Mp": 4.171561959100763e-06,
    "VmaxICp": 2.2394627799576467e-05,
    "VmaxINp": 2.5107255465076124e-05,
    "VmaxOCp": 1.851851851851852e-06,
    "VmaxONp": 1.856253681799701e-07,
    "gammaDp": 0.5503000630049535
}