{
    "KICp": 40.86765033154101,
    "KINp": 0.0176594296771639,
    "KOCp": 0.0664301215540978,
    "KONp": 0.2357142117340456,
    "Koverflowp": 1.157407407407407e-06,
    "Mp": 3.298679913515351e-06,
    "VmaxICp": 1.5212737761915949e-05,
    "VmaxINp": 4.39013755369389e-05,
    "VmaxOCp": 2.76914455174878e-06,
    "VmaxONp": 2.012252675827291e-06,
    "gammaDp": 0.1849622466295424
}