{
    "KICp": 346.9397948967157,
    "KINp": 0.02,
    "KOCp": 0.0113791815856947,
    "KONp": 0.5029025772779692,
    "Koverflowp": 5.216522126377405e-07,
    "Mp": 4.171561959100763e-06,
    "VmaxICp": 2.2394627799576467e-05,
    "VmaxINp": 2.5107255465076124e-05,
    "VmaxOCp": 1.851851851851852e-06,
    "VmaxONp": 1.8125578078871736e-06,
    "gammaDp": 0.336436388249591
}