{
    "KICp": 166.40944388574894,
    "KINp": 0.0345584844046571,
    "KOCp": 0.0413212777493626,
    "KONp": 0.0438682655696012,
    "Koverflowp": 2.619172613589149e-06,
    "Mp": 9.511628127712482e-06,
    "VmaxICp": 4.1302147953103455e-05,
    "VmaxINp": 1.92705224328164e-05,
    "VmaxOCp": 1.851851851851852e-06,
    "VmaxONp": 4.26431882770121e-06,
    "gammaDp": 0.5816889378582805
}