{
    "KICp": 18.94922667709541,
    "KINp": 0.0243611335201894,
    "KOCp": 0.0047157339578949,
    "KONp": 0.1,
    "Koverflowp": 7.289196495080506e-06,
    "Mp": 7.517608529008158e-06,
    "VmaxICp": 3.586350807815944e-05,
    "VmaxINp": 3.788769480721616e-05,
    "VmaxOCp": 7.606581939968212e-06,
    "VmaxONp": 1.1111111111111112e-06,
    "gammaDp": 0.8
}