{
    "KICp": 8.260118176503298,
    "KINp": 0.0160449217468507,
    "KOCp": 0.0290597108224466,
    "KONp": 0.4875818884752098,
    "Koverflowp": 1.157407407407407e-06,
    "Mp": 3.7133499278072296e-06,
    "VmaxICp": 3.900465720758953e-05,
    "VmaxINp": 2.292700380223735e-05,
    "VmaxOCp": 1.9200959388932137e-07,
    "VmaxONp": 1.1111111111111112e-06,
    "gammaDp": 0.543489423582395
}