{
    "KICp": 18.03397554902297,
    "KINp": 0.02,
    "KOCp": 0.0081033238978746,
    "KONp": 0.9627025032794344,
    "Koverflowp": 3.543749340621401e-07,
    "Mp": 4.996311120361449e-06,
    "VmaxICp": 2.4181139024993897e-05,
    "VmaxINp": 3.554171451114118e-05,
    "VmaxOCp": 1.851851851851852e-06,
    "VmaxONp": 2.404499972810808e-07,
    "gammaDp": 0.1172452143605229
}