{
    "KICp": 338.13427922178755,
    "KINp": 0.1033183598310673,
    "KOCp": 0.0071221551187371,
    "KONp": 0.02371841067821,
    "Koverflowp": 2.9008968776220053e-07,
    "Mp": 5.097175874597245e-06,
    "VmaxICp": 2.5496700294188823e-05,
    "VmaxINp": 4.532348479466652e-05,
    "VmaxOCp": 4.191617007623124e-06,
    "VmaxONp": 1.1998989409629974e-06,
    "gammaDp": 0.5224201546082601
}