{
    "KICp": 5.916326488281966,
    "KINp": 0.0149004928908608,
    "KOCp": 0.0225413921542261,
    "KONp": 0.0723121135606857,
    "Koverflowp": 2.3005078103790814e-07,
    "Mp": 5.055785387635935e-06,
    "VmaxICp": 2.1552558624965174e-05,
    "VmaxINp": 1.9304902315010548e-05,
    "VmaxOCp": 9.511012661990922e-07,
    "VmaxONp": 8.214203588619663e-06,
    "gammaDp": 0.239484345263555
}