{
    "KICp": 37.0,
    "KINp": 0.0144770171605755,
    "KOCp": 0.2365041070391476,
    "KONp": 0.0157687491292971,
    "Koverflowp": 4.746419820415615e-07,
    "Mp": 4.795997548114235e-06,
    "VmaxICp": 2.890570117444467e-05,
    "VmaxINp": 2.19300175763381e-05,
    "VmaxOCp": 1.851851851851852e-06,
    "VmaxONp": 1.886379513127428e-06,
    "gammaDp": 0.6337727600448292
}