{
    "KICp": 37.0,
    "KINp": 0.0202191440973087,
    "KOCp": 0.275625362577077,
    "KONp": 0.0143295378735861,
    "Koverflowp": 6.126660867785648e-07,
    "Mp": 1.132063231349913e-05,
    "VmaxICp": 3.310307743458884e-05,
    "VmaxINp": 3.933286190442334e-05,
    "VmaxOCp": 4.840820197888877e-06,
    "VmaxONp": 1.0956013885313257e-05,
    "gammaDp": 0.4776314800660022
}