{
    "KICp": 11.020970833071692,
    "KINp": 0.0215683258345691,
    "KOCp": 0.0062524461510148,
    "KONp": 0.6101555202893773,
    "Koverflowp": 7.512216955407999e-06,
    "Mp": 4.606998824842393e-06,
    "VmaxICp": 3.459445873830047e-05,
    "VmaxINp": 2.7620172223704028e-05,
    "VmaxOCp": 1.651144319283404e-06,
    "VmaxONp": 5.703839523574076e-07,
    "gammaDp": 0.1360418275259622
}