{
    "KICp": 4.023673790293427,
    "KINp": 0.0029943040776641,
    "KOCp": 0.0768333156205022,
    "KONp": 0.0113124411264128,
    "Koverflowp": 3.925970618951997e-07,
    "Mp": 3.920583005805803e-06,
    "VmaxICp": 2.76944645019237e-05,
    "VmaxINp": 2.1408708130370475e-05,
    "VmaxOCp": 1.9852418492613814e-06,
    "VmaxONp": 1.23729316215131e-07,
    "gammaDp": 0.8
}