{
    "KICp": 89.01797832674467,
    "KINp": 0.02,
    "KOCp": 0.0045051322852404,
    "KONp": 0.6579489509920831,
    "Koverflowp": 2.460451990342533e-07,
    "Mp": 6.334758108250058e-06,
    "VmaxICp": 3.9949378560956914e-05,
    "VmaxINp": 4.971651429789562e-05,
    "VmaxOCp": 1.737532212051208e-06,
    "VmaxONp": 1.249815857839917e-07,
    "gammaDp": 0.148116190385787
}