{
    "KICp": 24.065613346011528,
    "KINp": 0.0182987842755959,
    "KOCp": 0.1524017541385398,
    "KONp": 0.0628213574567916,
    "Koverflowp": 3.3972769044599653e-06,
    "Mp": 4.540411535864318e-06,
    "VmaxICp": 5.134398863116557e-05,
    "VmaxINp": 1.3100320303812458e-05,
    "VmaxOCp": 1.851851851851852e-06,
    "VmaxONp": 1.2776129519271298e-07,
    "gammaDp": 0.5741595517425128
}