{
    "KICp": 52.35965627669084,
    "KINp": 0.1720929161322986,
    "KOCp": 0.0146081686981079,
    "KONp": 0.1,
    "Koverflowp": 1.270107455665925e-06,
    "Mp": 6.746930790055138e-06,
    "VmaxICp": 2.8255068747065176e-05,
    "VmaxINp": 5.485124138770475e-05,
    "VmaxOCp": 2.4084792197907884e-07,
    "VmaxONp": 1.1111111111111112e-06,
    "gammaDp": 0.8
}