{
    "KICp": 18.94922667709541,
    "KINp": 0.0103606708465543,
    "KOCp": 0.0833628273281664,
    "KONp": 0.0236487147926966,
    "Koverflowp": 1.4243275644076585e-07,
    "Mp": 7.517608529008158e-06,
    "VmaxICp": 3.586350807815944e-05,
    "VmaxINp": 3.788769480721616e-05,
    "VmaxOCp": 8.56450832121288e-06,
    "VmaxONp": 1.1111111111111112e-06,
    "gammaDp": 0.8
}