{
    "KICp": 346.9397948967157,
    "KINp": 0.02,
    "KOCp": 0.1411672068345025,
    "KONp": 0.5099339656188766,
    "Koverflowp": 2.577181096116772e-06,
    "Mp": 4.171561959100763e-06,
    "VmaxICp": 2.2394627799576467e-05,
    "VmaxINp": 2.5107255465076124e-05,
    "VmaxOCp": 1.851851851851852e-06,
    "VmaxONp": 3.5681311422214964e-06,
    "gammaDp": 0.380487955189002
}