{
    "KICp": 4.719958584812471,
    "KINp": 0.0033604826254585,
    "KOCp": 0.0061542607799999,
    "KONp": 0.0627386643351999,
    "Koverflowp": 7.72575550790446e-06,
    "Mp": 4.369347274316873e-06,
    "VmaxICp": 5.181338593752272e-05,
    "VmaxINp": 1.5504825806290713e-05,
    "VmaxOCp": 9.315442050773658e-07,
    "VmaxONp": 9.922639121322422e-06,
    "gammaDp": 0.1481017124417817
}