{
    "KICp": 37.0,
    "KINp": 0.1455404615043003,
    "KOCp": 0.0058921106112181,
    "KONp": 0.1,
    "Koverflowp": 3.07692425692188e-07,
    "Mp": 4.3025486027603576e-06,
    "VmaxICp": 4.063774171901062e-05,
    "VmaxINp": 2.82422079652742e-05,
    "VmaxOCp": 7.109672143039754e-07,
    "VmaxONp": 5.274292955652079e-06,
    "gammaDp": 0.1240780377105891
}