{
    "KICp": 52.35965627669084,
    "KINp": 0.0188588007487744,
    "KOCp": 0.0068408819980142,
    "KONp": 0.1,
    "Koverflowp": 8.6520437371206e-07,
    "Mp": 6.746930790055138e-06,
    "VmaxICp": 2.8255068747065176e-05,
    "VmaxINp": 5.485124138770475e-05,
    "VmaxOCp": 5.755844523906518e-07,
    "VmaxONp": 3.9690741276651645e-06,
    "gammaDp": 0.1328962451597826
}