{
    "KICp": 276.1590207847254,
    "KINp": 0.0048627371716214,
    "KOCp": 0.0225413921542261,
    "KONp": 0.0723121135606857,
    "Koverflowp": 9.624870652971494e-07,
    "Mp": 5.055785387635935e-06,
    "VmaxICp": 2.1552558624965174e-05,
    "VmaxINp": 1.3628862770626784e-05,
    "VmaxOCp": 2.735418639476166e-07,
    "VmaxONp": 8.214203588619663e-06,
    "gammaDp": 0.1676065965324015
}