{
    "KICp": 184.7309657993192,
    "KINp": 0.0103155600697704,
    "KOCp": 0.0957457980070254,
    "KONp": 0.8144675429193454,
    "Koverflowp": 1.5522300379202297e-06,
    "Mp": 7.016790580266069e-06,
    "VmaxICp": 4.28880308827486e-05,
    "VmaxINp": 4.771973761317807e-05,
    "VmaxOCp": 1.851851851851852e-06,
    "VmaxONp": 8.454450854663274e-06,
    "gammaDp": 0.5594805594552863
}