{
    "KICp": 37.0,
    "KINp": 0.02,
    "KOCp": 0.2365041070391476,
    "KONp": 0.1006587387017244,
    "Koverflowp": 8.096973298304777e-07,
    "Mp": 4.795997548114235e-06,
    "VmaxICp": 2.890570117444467e-05,
    "VmaxINp": 2.19300175763381e-05,
    "VmaxOCp": 1.851851851851852e-06,
    "VmaxONp": 3.066373056379657e-07,
    "gammaDp": 0.8
}