{
    "KICp": 4.505267944400567,
    "KINp": 0.0065573297094029,
    "KOCp": 0.1609104446410107,
    "KONp": 0.2550566980985211,
    "Koverflowp": 1.3559170469158866e-07,
    "Mp": 8.506644337178534e-06,
    "VmaxICp": 3.375984010897506e-05,
    "VmaxINp": 4.036821378046299e-05,
    "VmaxOCp": 6.173802673359492e-07,
    "VmaxONp": 1.3560500999135826e-07,
    "gammaDp": 0.101497816299206
}