{
    "KICp": 89.01797832674467,
    "KINp": 0.02,
    "KOCp": 0.1474968816017828,
    "KONp": 0.1928471685044257,
    "Koverflowp": 2.460451990342533e-07,
    "Mp": 8.808886156444593e-06,
    "VmaxICp": 3.9949378560956914e-05,
    "VmaxINp": 3.9887044987950464e-05,
    "VmaxOCp": 1.737532212051208e-06,
    "VmaxONp": 2.739648926889469e-07,
    "gammaDp": 0.1086070412247698
}