{
    "KICp": 11.020970833071692,
    "KINp": 0.0215683258345691,
    "KOCp": 0.1422233672310534,
    "KONp": 0.015723267259676,
    "Koverflowp": 2.0371228557219378e-07,
    "Mp": 4.606998824842393e-06,
    "VmaxICp": 1.629153054889036e-05,
    "VmaxINp": 2.7620172223704028e-05,
    "VmaxOCp": 1.851851851851852e-06,
    "VmaxONp": 4.03499308787665e-06,
    "gammaDp": 0.1929945652775568
}