{
    "KICp": 12.08675608261828,
    "KINp": 0.0058127208439055,
    "KOCp": 0.0782270860143766,
    "KONp": 0.0326682997273736,
    "Koverflowp": 1.4319581021252764e-07,
    "Mp": 4.68603647906894e-06,
    "VmaxICp": 2.115349219474232e-05,
    "VmaxINp": 2.402304291485333e-05,
    "VmaxOCp": 2.537791026972676e-07,
    "VmaxONp": 2.3346790745303976e-06,
    "gammaDp": 0.1591560174502589
}