{
    "KICp": 24.82978389185161,
    "KINp": 0.0676047761066915,
    "KOCp": 0.0400337833026748,
    "KONp": 0.1,
    "Koverflowp": 1.157407407407407e-06,
    "Mp": 3.991822068690919e-06,
    "VmaxICp": 4.077327973147716e-05,
    "VmaxINp": 1.016381440877142e-05,
    "VmaxOCp": 4.131511878730944e-07,
    "VmaxONp": 7.209792587260969e-06,
    "gammaDp": 0.2300107694620769
}