{
    "KICp": 37.0,
    "KINp": 0.0108182602482312,
    "KOCp": 0.0043044521424053,
    "KONp": 0.1853706668192538,
    "Koverflowp": 1.574284096395948e-06,
    "Mp": 5.1455267709113935e-06,
    "VmaxICp": 1.8485164802546555e-05,
    "VmaxINp": 3.051128142185509e-05,
    "VmaxOCp": 5.801970664942447e-07,
    "VmaxONp": 1.923797887993701e-07,
    "gammaDp": 0.2024009685340246
}