{
    "KICp": 3.961927934144937,
    "KINp": 0.0023616618177313,
    "KOCp": 0.0162999967474601,
    "KONp": 0.0438682655696012,
    "Koverflowp": 4.294224108831317e-06,
    "Mp": 9.511628127712482e-06,
    "VmaxICp": 4.1302147953103455e-05,
    "VmaxINp": 1.92705224328164e-05,
    "VmaxOCp": 1.851851851851852e-06,
    "VmaxONp": 4.26431882770121e-06,
    "gammaDp": 0.3751074916529563
}