{
    "KICp": 212.76773273703645,
    "KINp": 0.02,
    "KOCp": 0.03,
    "KONp": 0.1140608213770529,
    "Koverflowp": 1.8558762336097288e-06,
    "Mp": 4.9195305396961366e-06,
    "VmaxICp": 5.147800890662647e-05,
    "VmaxINp": 1.8025386145759463e-05,
    "VmaxOCp": 1.851851851851852e-06,
    "VmaxONp": 1.1111111111111112e-06,
    "gammaDp": 0.8
}