{
    "KICp": 37.0,
    "KINp": 0.0045496297382159,
    "KOCp": 0.0072243896984889,
    "KONp": 0.5077799585257216,
    "Koverflowp": 1.5522300379202297e-06,
    "Mp": 7.016790580266069e-06,
    "VmaxICp": 4.28880308827486e-05,
    "VmaxINp": 4.771973761317807e-05,
    "VmaxOCp": 1.851851851851852e-06,
    "VmaxONp": 2.548474447863695e-07,
    "gammaDp": 0.4048330293376525
}