{
    "KICp": 37.0,
    "KINp": 0.0108182602482312,
    "KOCp": 0.1395803326279924,
    "KONp": 0.4731441682706146,
    "Koverflowp": 1.574284096395948e-06,
    "Mp": 5.190372797968139e-06,
    "VmaxICp": 1.8485164802546555e-05,
    "VmaxINp": 3.051128142185509e-05,
    "VmaxOCp": 5.528767298770197e-07,
    "VmaxONp": 2.743025955024526e-07,
    "gammaDp": 0.8
}