{
    "KICp": 18.03397554902297,
    "KINp": 0.0236927917507223,
    "KOCp": 0.0475963863117522,
    "KONp": 0.5478565712446912,
    "Koverflowp": 4.024638973247166e-06,
    "Mp": 4.996311120361449e-06,
    "VmaxICp": 2.4181139024993897e-05,
    "VmaxINp": 3.554171451114118e-05,
    "VmaxOCp": 1.851851851851852e-06,
    "VmaxONp": 1.957563414306688e-07,
    "gammaDp": 0.1172452143605229
}