{
    "KICp": 17.98430750153151,
    "KINp": 0.025083583122198,
    "KOCp": 0.2509687803024354,
    "KONp": 0.0191858369901317,
    "Koverflowp": 8.200912117086078e-07,
    "Mp": 3.108561088377357e-06,
    "VmaxICp": 2.342351137303117e-05,
    "VmaxINp": 3.0438650994118908e-05,
    "VmaxOCp": 4.987387696285454e-07,
    "VmaxONp": 1.8347854892890368e-06,
    "gammaDp": 0.3141115248330413
}