{
    "KICp": 37.0,
    "KINp": 0.010435738672494,
    "KOCp": 0.03,
    "KONp": 0.1850402049069793,
    "Koverflowp": 4.564462857860799e-06,
    "Mp": 4.059557340640635e-06,
    "VmaxICp": 4.179257654435416e-05,
    "VmaxINp": 1.20153053321119e-05,
    "VmaxOCp": 2.138954466469762e-07,
    "VmaxONp": 7.563645754378782e-07,
    "gammaDp": 0.8
}