{
    "KICp": 191.4013160124321,
    "KINp": 0.02,
    "KOCp": 0.0113791815856947,
    "KONp": 0.1,
    "Koverflowp": 1.7314064781099297e-06,
    "Mp": 4.171561959100763e-06,
    "VmaxICp": 4.267147472726953e-05,
    "VmaxINp": 2.5107255465076124e-05,
    "VmaxOCp": 1.851851851851852e-06,
    "VmaxONp": 1.1111111111111112e-06,
    "gammaDp": 0.380487955189002
}