{
    "KICp": 4.032048854992135,
    "KINp": 0.0025375792742895,
    "KOCp": 0.03,
    "KONp": 0.0241499662764248,
    "Koverflowp": 9.971224413209257e-07,
    "Mp": 7.879190356605352e-06,
    "VmaxICp": 4.038277395960402e-05,
    "VmaxINp": 3.678527043184546e-05,
    "VmaxOCp": 7.037386678367581e-06,
    "VmaxONp": 2.076618516318909e-07,
    "gammaDp": 0.8326945290291534
}