{
    "KICp": 37.0,
    "KINp": 0.0211098314272593,
    "KOCp": 0.0419551568717734,
    "KONp": 0.1,
    "Koverflowp": 9.170697041564132e-07,
    "Mp": 4.380313917168322e-06,
    "VmaxICp": 3.862067888964813e-05,
    "VmaxINp": 1.7841128951664008e-05,
    "VmaxOCp": 7.844525081389946e-07,
    "VmaxONp": 5.3974791374625e-07,
    "gammaDp": 0.5971449153187836
}