{
    "KICp": 70.67203337282172,
    "KINp": 0.02,
    "KOCp": 0.1286764446265195,
    "KONp": 0.1,
    "Koverflowp": 2.577181096116772e-06,
    "Mp": 4.171561959100763e-06,
    "VmaxICp": 2.2394627799576467e-05,
    "VmaxINp": 1.9280901513226133e-05,
    "VmaxOCp": 1.851851851851852e-06,
    "VmaxONp": 1.1111111111111112e-06,
    "gammaDp": 0.380487955189002
}