{
    "KICp": 37.0,
    "KINp": 0.1816587948778123,
    "KOCp": 0.2169355883286995,
    "KONp": 0.2486145340291872,
    "Koverflowp": 8.376476368524635e-07,
    "Mp": 3.205337323964287e-06,
    "VmaxICp": 1.7155951413211243e-05,
    "VmaxINp": 4.075872733197966e-05,
    "VmaxOCp": 3.564125722464445e-06,
    "VmaxONp": 2.35363281245322e-06,
    "gammaDp": 0.1282146942380702
}