{
    "KICp": 89.01797832674467,
    "KINp": 0.02,
    "KOCp": 0.235973054406889,
    "KONp": 0.2933401018339956,
    "Koverflowp": 2.460451990342533e-07,
    "Mp": 8.808886156444593e-06,
    "VmaxICp": 2.174163205757736e-05,
    "VmaxINp": 4.971651429789562e-05,
    "VmaxOCp": 1.3515527349209452e-06,
    "VmaxONp": 1.249815857839917e-07,
    "gammaDp": 0.1086070412247698
}