{
    "KICp": 64.80503584300456,
    "KINp": 0.02,
    "KOCp": 0.0058284794365218,
    "KONp": 0.0627386643351999,
    "Koverflowp": 3.918645427398791e-06,
    "Mp": 4.369347274316873e-06,
    "VmaxICp": 5.181338593752272e-05,
    "VmaxINp": 1.5504825806290713e-05,
    "VmaxOCp": 9.315442050773658e-07,
    "VmaxONp": 9.922639121322422e-06,
    "gammaDp": 0.1536109969730803
}