{
    "KICp": 89.01797832674467,
    "KINp": 0.0060403056402738,
    "KOCp": 0.1474968816017828,
    "KONp": 0.0256518695328714,
    "Koverflowp": 2.464025976626382e-07,
    "Mp": 8.808886156444593e-06,
    "VmaxICp": 3.9949378560956914e-05,
    "VmaxINp": 4.971651429789562e-05,
    "VmaxOCp": 1.737532212051208e-06,
    "VmaxONp": 9.878059918477588e-07,
    "gammaDp": 0.1086070412247698
}