{
    "KICp": 6.119674367980987,
    "KINp": 0.0357934436592431,
    "KOCp": 0.0113791815856947,
    "KONp": 0.1,
    "Koverflowp": 2.577181096116772e-06,
    "Mp": 4.171561959100763e-06,
    "VmaxICp": 2.2394627799576467e-05,
    "VmaxINp": 2.5107255465076124e-05,
    "VmaxOCp": 7.695928760840532e-06,
    "VmaxONp": 1.1111111111111112e-06,
    "gammaDp": 0.380487955189002
}