{
    "KICp": 9.79191826330769,
    "KINp": 0.0110221492371015,
    "KOCp": 0.0419551568717734,
    "KONp": 0.1,
    "Koverflowp": 2.437698456481023e-06,
    "Mp": 4.380313917168322e-06,
    "VmaxICp": 3.862067888964813e-05,
    "VmaxINp": 1.7841128951664008e-05,
    "VmaxOCp": 4.0127600384437055e-06,
    "VmaxONp": 5.3974791374625e-07,
    "gammaDp": 0.3305996334705958
}