{
    "KICp": 4.685152730313669,
    "KINp": 0.0289491034510814,
    "KOCp": 0.03,
    "KONp": 0.2684095660538964,
    "Koverflowp": 1.9296937601799163e-06,
    "Mp": 2.9752244726227244e-06,
    "VmaxICp": 1.943238567146149e-05,
    "VmaxINp": 4.805946642067157e-05,
    "VmaxOCp": 2.414919393060804e-06,
    "VmaxONp": 1.1111111111111112e-06,
    "gammaDp": 0.2227639695768346
}