{
    "KICp": 338.13427922178755,
    "KINp": 0.02,
    "KOCp": 0.0273549629568655,
    "KONp": 0.1630764964236334,
    "Koverflowp": 2.9008968776220053e-07,
    "Mp": 3.106277397433737e-06,
    "VmaxICp": 2.5496700294188823e-05,
    "VmaxINp": 4.532348479466652e-05,
    "VmaxOCp": 6.452296529580494e-07,
    "VmaxONp": 1.3837787091188544e-07,
    "gammaDp": 0.5224201546082601
}