{
    "KICp": 11.020970833071692,
    "KINp": 0.0034034906726074,
    "KOCp": 0.0062524461510148,
    "KONp": 0.6101555202893773,
    "Koverflowp": 7.512216955407999e-06,
    "Mp": 4.606998824842393e-06,
    "VmaxICp": 5.506896369342501e-05,
    "VmaxINp": 1.2777036353984455e-05,
    "VmaxOCp": 1.851851851851852e-06,
    "VmaxONp": 5.703839523574076e-07,
    "gammaDp": 0.1929945652775568
}