{
    "KICp": 37.0,
    "KINp": 0.02,
    "KOCp": 0.0852472611688843,
    "KONp": 0.7597152462653722,
    "Koverflowp": 1.157407407407407e-06,
    "Mp": 5.391183215652053e-06,
    "VmaxICp": 1.7641462442405583e-05,
    "VmaxINp": 3.5640439944111886e-05,
    "VmaxOCp": 2.789666114140131e-07,
    "VmaxONp": 4.8225286057206974e-06,
    "gammaDp": 0.4233759701651731
}