{
    "KICp": 4.9847273425385685,
    "KINp": 0.0046610419631271,
    "KOCp": 0.0773450158386486,
    "KONp": 0.1,
    "Koverflowp": 1.157407407407407e-06,
    "Mp": 8.438811813725496e-06,
    "VmaxICp": 3.190925423282711e-05,
    "VmaxINp": 2.504951717216293e-05,
    "VmaxOCp": 5.85433243885132e-06,
    "VmaxONp": 1.3524791136402637e-07,
    "gammaDp": 0.512088661718978
}