{
    "KICp": 37.0,
    "KINp": 0.02,
    "KOCp": 0.03,
    "KONp": 0.1140608213770529,
    "Koverflowp": 1.6121660657947622e-06,
    "Mp": 8.284458140296615e-06,
    "VmaxICp": 2.582944114258929e-05,
    "VmaxINp": 2.349968721679737e-05,
    "VmaxOCp": 3.742478737341568e-06,
    "VmaxONp": 1.1111111111111112e-06,
    "gammaDp": 0.7120459492093719
}