{
    "KICp": 37.0,
    "KINp": 0.0135332468979118,
    "KOCp": 0.0957457980070254,
    "KONp": 0.0103449329721777,
    "Koverflowp": 9.997499571299363e-07,
    "Mp": 7.016790580266069e-06,
    "VmaxICp": 2.124311429893108e-05,
    "VmaxINp": 4.771973761317807e-05,
    "VmaxOCp": 1.851851851851852e-06,
    "VmaxONp": 8.454450854663274e-06,
    "gammaDp": 0.4048330293376525
}