{
    "KICp": 3.974121304949088,
    "KINp": 0.02,
    "KOCp": 0.0852472611688843,
    "KONp": 0.7597152462653722,
    "Koverflowp": 1.157407407407407e-06,
    "Mp": 7.416426394643108e-06,
    "VmaxICp": 1.7641462442405583e-05,
    "VmaxINp": 3.5640439944111886e-05,
    "VmaxOCp": 6.180015946734251e-06,
    "VmaxONp": 1.1861908549733425e-07,
    "gammaDp": 0.1390672726951135
}