{
    "KICp": 86.67167571070374,
    "KINp": 0.0115274299147526,
    "KOCp": 0.03,
    "KONp": 0.1,
    "Koverflowp": 1.9296937601799163e-06,
    "Mp": 2.9752244726227244e-06,
    "VmaxICp": 1.943238567146149e-05,
    "VmaxINp": 3.499633783471081e-05,
    "VmaxOCp": 1.0515097784969175e-06,
    "VmaxONp": 4.3568591655049657e-07,
    "gammaDp": 0.2227639695768346
}