{
    "KICp": 7.7831690870779395,
    "KINp": 0.1011554072327379,
    "KOCp": 0.0184660465315548,
    "KONp": 0.0174993859672357,
    "Koverflowp": 4.787370261053114e-07,
    "Mp": 3.298679913515351e-06,
    "VmaxICp": 1.5212737761915949e-05,
    "VmaxINp": 4.39013755369389e-05,
    "VmaxOCp": 3.711144920097764e-07,
    "VmaxONp": 2.012252675827291e-06,
    "gammaDp": 0.1849622466295424
}