{
    "KICp": 37.0,
    "KINp": 0.1039390654920758,
    "KOCp": 0.2253850158743798,
    "KONp": 0.1943015519346932,
    "Koverflowp": 8.992768320685223e-07,
    "Mp": 3.205337323964287e-06,
    "VmaxICp": 1.7155951413211243e-05,
    "VmaxINp": 4.075872733197966e-05,
    "VmaxOCp": 3.564125722464445e-06,
    "VmaxONp": 6.322086324949025e-07,
    "gammaDp": 0.17540176952355
}