{
    "KICp": 131.91529154749622,
    "KINp": 0.02,
    "KOCp": 0.03,
    "KONp": 0.1072348086321754,
    "Koverflowp": 4.024638973247166e-06,
    "Mp": 7.690758337827677e-06,
    "VmaxICp": 2.4181139024993897e-05,
    "VmaxINp": 3.554171451114118e-05,
    "VmaxOCp": 1.851851851851852e-06,
    "VmaxONp": 2.404499972810808e-07,
    "gammaDp": 0.213371099169864
}