{
    "KICp": 89.01797832674467,
    "KINp": 0.02,
    "KOCp": 0.1474968816017828,
    "KONp": 0.1346374941721583,
    "Koverflowp": 2.460451990342533e-07,
    "Mp": 8.808886156444593e-06,
    "VmaxICp": 3.9949378560956914e-05,
    "VmaxINp": 4.971651429789562e-05,
    "VmaxOCp": 1.737532212051208e-06,
    "VmaxONp": 5.780324044752751e-06,
    "gammaDp": 0.1999099783716703
}