{
    "KICp": 4.685152730313669,
    "KINp": 0.0115274299147526,
    "KOCp": 0.0356599918074408,
    "KONp": 0.0431113799184108,
    "Koverflowp": 1.9296937601799163e-06,
    "Mp": 2.9752244726227244e-06,
    "VmaxICp": 1.5057715139577791e-05,
    "VmaxINp": 4.805946642067157e-05,
    "VmaxOCp": 6.836530445866193e-06,
    "VmaxONp": 1.1111111111111112e-06,
    "gammaDp": 0.2227639695768346
}