{
    "KICp": 14.823745205344895,
    "KINp": 0.0110221492371015,
    "KOCp": 0.0419551568717734,
    "KONp": 0.4899121631345,
    "Koverflowp": 9.170697041564132e-07,
    "Mp": 4.380313917168322e-06,
    "VmaxICp": 7.732598746279378e-06,
    "VmaxINp": 4.4913030443797245e-05,
    "VmaxOCp": 1.8369170495020926e-05,
    "VmaxONp": 5.3974791374625e-07,
    "gammaDp": 0.8
}