{
    "KICp": 7.667711978378902,
    "KINp": 0.0182987842755959,
    "KOCp": 0.1524017541385398,
    "KONp": 0.0613493217528462,
    "Koverflowp": 3.3972769044599653e-06,
    "Mp": 4.540411535864318e-06,
    "VmaxICp": 5.134398863116557e-05,
    "VmaxINp": 1.4756534825800663e-05,
    "VmaxOCp": 9.559266835942412e-07,
    "VmaxONp": 3.951122989089444e-06,
    "gammaDp": 0.1273137533178072
}