{
    "KICp": 37.0,
    "KINp": 0.0208408356884483,
    "KOCp": 0.0129866543847944,
    "KONp": 0.1,
    "Koverflowp": 1.157407407407407e-06,
    "Mp": 6.304565505801087e-06,
    "VmaxICp": 3.229179743317301e-05,
    "VmaxINp": 3.479613986745275e-05,
    "VmaxOCp": 1.851851851851852e-06,
    "VmaxONp": 1.47547311085237e-07,
    "gammaDp": 0.2692131899565969
}