{
    "KICp": 89.01797832674467,
    "KINp": 0.02,
    "KOCp": 0.1474968816017828,
    "KONp": 0.2933401018339956,
    "Koverflowp": 2.460451990342533e-07,
    "Mp": 8.808886156444593e-06,
    "VmaxICp": 3.759451645503804e-05,
    "VmaxINp": 4.971651429789562e-05,
    "VmaxOCp": 1.8884196347982475e-06,
    "VmaxONp": 2.102942804140164e-06,
    "gammaDp": 0.120084842053204
}