{
    "KICp": 37.0,
    "KINp": 0.0054029362965134,
    "KOCp": 0.2253850158743798,
    "KONp": 0.2486145340291872,
    "Koverflowp": 8.992768320685223e-07,
    "Mp": 3.135768086525745e-06,
    "VmaxICp": 1.7155951413211243e-05,
    "VmaxINp": 5.437039899527636e-05,
    "VmaxOCp": 1.3748923763893397e-05,
    "VmaxONp": 9.325008710290232e-07,
    "gammaDp": 0.1282146942380702
}