{
    "KICp": 45.08669165844465,
    "KINp": 0.0502888614866701,
    "KOCp": 0.012929656184066,
    "KONp": 0.1602790832707811,
    "Koverflowp": 3.083545347076293e-07,
    "Mp": 3.402020475044901e-06,
    "VmaxICp": 2.0319326291481647e-05,
    "VmaxINp": 3.006922786304919e-05,
    "VmaxOCp": 6.803821453965454e-07,
    "VmaxONp": 1.1111111111111112e-06,
    "gammaDp": 0.1670067435990903
}