{
    "KICp": 37.0,
    "KINp": 0.0067353336412363,
    "KOCp": 0.1189429514998392,
    "KONp": 0.320068525453024,
    "Koverflowp": 1.1881122982043401e-07,
    "Mp": 3.5273102160920702e-06,
    "VmaxICp": 2.7539821568390005e-05,
    "VmaxINp": 2.8362533645343945e-05,
    "VmaxOCp": 1.131747290171909e-06,
    "VmaxONp": 1.1111111111111112e-06,
    "gammaDp": 0.1348609665556466
}