{
    "KICp": 37.0,
    "KINp": 0.0040414818762173,
    "KOCp": 0.1189429514998392,
    "KONp": 0.0652346089470182,
    "Koverflowp": 1.73446988685733e-07,
    "Mp": 3.5273102160920702e-06,
    "VmaxICp": 2.779199810503096e-05,
    "VmaxINp": 2.8362533645343945e-05,
    "VmaxOCp": 1.851851851851852e-06,
    "VmaxONp": 3.2278974987250327e-06,
    "gammaDp": 0.1340825337627083
}