{
    "KICp": 42.28099064436717,
    "KINp": 0.0992344996641635,
    "KOCp": 0.0108864786488931,
    "KONp": 0.0415430347470081,
    "Koverflowp": 1.3054677366121498e-06,
    "Mp": 4.296820746062805e-06,
    "VmaxICp": 4.242682079389293e-05,
    "VmaxINp": 2.6044407127365888e-05,
    "VmaxOCp": 7.720174079206348e-07,
    "VmaxONp": 1.140122887199204e-07,
    "gammaDp": 0.4613089625874886
}