{
    "KICp": 97.67847145547805,
    "KINp": 0.1934588097318117,
    "KOCp": 0.0236257999703072,
    "KONp": 0.1,
    "Koverflowp": 2.736940455177717e-07,
    "Mp": 4.3497383551874166e-06,
    "VmaxICp": 4.346919613732185e-05,
    "VmaxINp": 1.2137161688355012e-05,
    "VmaxOCp": 2.432021251943212e-07,
    "VmaxONp": 5.680280068536463e-06,
    "gammaDp": 0.2301729951596235
}