{
    "KICp": 21.06437797119421,
    "KINp": 0.003178346214602,
    "KOCp": 0.0031721394902894,
    "KONp": 0.1,
    "Koverflowp": 3.4796797618758643e-06,
    "Mp": 6.746930790055138e-06,
    "VmaxICp": 1.892031476245012e-05,
    "VmaxINp": 5.485124138770475e-05,
    "VmaxOCp": 1.8505570477864065e-05,
    "VmaxONp": 1.1111111111111112e-06,
    "gammaDp": 0.8
}