{
    "KICp": 37.0,
    "KINp": 0.0232633285787368,
    "KOCp": 0.0957457980070254,
    "KONp": 0.8144675429193454,
    "Koverflowp": 2.028081296909424e-06,
    "Mp": 7.016790580266069e-06,
    "VmaxICp": 4.28880308827486e-05,
    "VmaxINp": 4.771973761317807e-05,
    "VmaxOCp": 1.851851851851852e-06,
    "VmaxONp": 1.425684956156621e-07,
    "gammaDp": 0.4048330293376525
}