{
    "KICp": 7.7831690870779395,
    "KINp": 0.1011554072327379,
    "KOCp": 0.0664301215540978,
    "KONp": 0.0174993859672357,
    "Koverflowp": 8.115661846286722e-06,
    "Mp": 3.298679913515351e-06,
    "VmaxICp": 1.5212737761915949e-05,
    "VmaxINp": 4.39013755369389e-05,
    "VmaxOCp": 1.169318007821677e-06,
    "VmaxONp": 1.128737315610485e-06,
    "gammaDp": 0.1849622466295424
}