{
    "KICp": 87.1374898893792,
    "KINp": 0.0520951844696799,
    "KOCp": 0.0499370381063536,
    "KONp": 0.4292862926803474,
    "Koverflowp": 1.1265971615001642e-06,
    "Mp": 8.630210850230515e-06,
    "VmaxICp": 4.996143083543244e-05,
    "VmaxINp": 4.601940573871051e-05,
    "VmaxOCp": 2.7207131189186525e-07,
    "VmaxONp": 1.1111111111111112e-06,
    "gammaDp": 0.6380167480272715
}