{
    "KICp": 17.306687890673043,
    "KINp": 0.0053079783858942,
    "KOCp": 0.0067847496172522,
    "KONp": 0.0367077762762165,
    "Koverflowp": 1.583412109863707e-06,
    "Mp": 4.346973752974822e-06,
    "VmaxICp": 3.0219399947751444e-05,
    "VmaxINp": 1.7238898354308257e-05,
    "VmaxOCp": 2.9764560579524335e-07,
    "VmaxONp": 5.384423745767311e-07,
    "gammaDp": 0.7998057066161939
}