{
    "KICp": 4.551005960052241,
    "KINp": 0.047266425009795,
    "KOCp": 0.1831984070036202,
    "KONp": 0.1,
    "Koverflowp": 3.705750196931921e-07,
    "Mp": 4.4822727243706565e-06,
    "VmaxICp": 1.651642338999663e-05,
    "VmaxINp": 3.067119277730698e-05,
    "VmaxOCp": 1.851851851851852e-06,
    "VmaxONp": 2.070725756109604e-06,
    "gammaDp": 0.8
}