{
    "KICp": 18.03397554902297,
    "KINp": 0.02,
    "KOCp": 0.03,
    "KONp": 0.055521804357291,
    "Koverflowp": 4.024638973247166e-06,
    "Mp": 2.9700911221958505e-06,
    "VmaxICp": 2.4181139024993897e-05,
    "VmaxINp": 3.554171451114118e-05,
    "VmaxOCp": 1.851851851851852e-06,
    "VmaxONp": 3.736252670477793e-06,
    "gammaDp": 0.1172452143605229
}