{
    "EOh": 1.1396473280991603e-06,
    "KINh": 0.2302420425298119,
    "KOCh": 0.2532556925381685,
    "KONh": 0.2502723352076287,
    "Mh": 1.0508010221628297e-06,
    "VmaxINh": 3.0586183576667805e-05,
    "VmaxOCh": 7.900720901807262e-05,
    "VmaxONh": 1.5046296296296312e-05,
    "gammaDh": 0.5950981657931331
}