{
    "KINh": 0.02604330161255773,
    "KOCh": 0.03273656959939297,
    "KONh": 0.06118114133108734,
    "Mh": 2.5972459116602627e-07,
    "VmaxINh": 0.00015031908714675094,
    "VmaxOCh": 2.686760829074968e-05,
    "VmaxONh": 2.5174040331234736e-06,
    "gammaDh": 0.45741937620306994
}