{
    "KINh": 0.04785133927226706,
    "KOCh": 0.06904164019885078,
    "KONh": 1.22347609574548,
    "Mh": 7.792687902239365e-06,
    "VmaxINh": 0.00012908448510026572,
    "VmaxOCh": 0.0006716678311852005,
    "VmaxONh": 1.7557405829954537e-06,
    "gammaDh": 0.8984316310761146
}