{
    "EOh": 5.54583236960195e-07,
    "KINh": 1.1646983566690774,
    "KOCh": 0.16974059568638575,
    "KONh": 0.9446980723875482,
    "Mh": 5.410837295670108e-07,
    "VmaxINh": 4.5789914012559423e-05,
    "VmaxOCh": 0.00016484569190191746,
    "VmaxONh": 5.220258215989128e-06,
    "gammaDh": 0.6988348421228818
}