{
    "EOh": 1.5818895595156746e-07,
    "KINh": 0.19235544605317387,
    "KOCh": 1.202657552606142,
    "KONh": 0.11952540725167078,
    "Mh": 1.2236441398693048e-07,
    "VmaxINh": 0.00012145285198955153,
    "VmaxOCh": 0.0006039531462229404,
    "VmaxONh": 5.951636561520932e-05,
    "gammaDh": 0.894501760656886
}