{
    "EOh": 4.052645418891984e-07,
    "KINh": 1.1402227251504748,
    "KOCh": 0.12923447944371053,
    "KONh": 0.6134331333140011,
    "Mh": 3.6852651517373846e-07,
    "VmaxINh": 4.552510445425011e-05,
    "VmaxOCh": 0.0002198061632608218,
    "VmaxONh": 4.866845170491753e-06,
    "gammaDh": 0.7488421861868362
}