{
    "KINh": 0.16758254839524156,
    "KOCh": 0.14149669171898263,
    "KONh": 1.228836355596446,
    "Mh": 1.0654418266729989e-05,
    "VmaxINh": 0.00015038872228516231,
    "VmaxOCh": 0.0006449513977404842,
    "VmaxONh": 9.441032437086549e-06,
    "gammaDh": 0.8994972976721615
}