{
    "KINh": 0.6032839272339848,
    "KOCh": 0.07226956186668407,
    "KONh": 0.09463623608825736,
    "Mh": 2.56795219770973e-06,
    "VmaxINh": 9.707682134730736e-05,
    "VmaxOCh": 3.889731657871086e-05,
    "VmaxONh": 2.4561476243667645e-06,
    "gammaDh": 0.7118541278459907
}