{
    "KINh": 0.3965794079390604,
    "KOCh": 0.05479414053202165,
    "KONh": 0.9747746438196535,
    "Mh": 2.887250531022212e-06,
    "VmaxINh": 6.043348729493102e-05,
    "VmaxOCh": 4.114280536436891e-05,
    "VmaxONh": 2.5636876207516758e-06,
    "gammaDh": 0.7893184635785051
}