{
    "EOh": 1.1399774738806756e-06,
    "KINh": 0.22648541401370895,
    "KOCh": 0.25181276020235926,
    "KONh": 0.2502723352076287,
    "Mh": 1.1103410979827862e-06,
    "VmaxINh": 3.0657555650892744e-05,
    "VmaxOCh": 8.028643680345706e-05,
    "VmaxONh": 1.5046296296296312e-05,
    "gammaDh": 0.6043041245913552
}