{
    "KINh": 1.034970813565368,
    "KOCh": 0.05052528367842268,
    "KONh": 1.2297692413355328,
    "Mh": 1.1445829811357724e-05,
    "VmaxINh": 0.00012487492028285556,
    "VmaxOCh": 0.0006220788864973148,
    "VmaxONh": 1.5047557467936156e-06,
    "gammaDh": 0.8987543904994844
}