{
    "KICp": 188.99563116919785,
    "KINp": 0.02,
    "KlossROSp": 1.9845390322331657e-06,
    "KprodROSp": 2.5930835340736125e-08,
    "Mp": 3.178872826092078e-06,
    "VmaxICp": 3.848341966451229e-05,
    "VmaxINp": 3.0370223038709184e-05,
    "gammaDp": 0.8,
    "omegaP": 8.512953316534417e-05
}