{
    "KICp": 158.46192711511935,
    "KINp": 0.0736853567811834,
    "KlossROSp": 8.472902217950813e-07,
    "KprodROSp": 2.3277761909042757e-09,
    "Mp": 9.588782505257245e-06,
    "VmaxICp": 4.931713485514451e-05,
    "VmaxINp": 3.208823679912533e-05,
    "gammaDp": 0.6391398384513108,
    "omegaP": 3.405555555555556e-05
}