{
    "KICp": 73.64941906819593,
    "KINp": 0.02,
    "KlossROSp": 2.0721569710451294e-07,
    "KprodROSp": 5.855062078575506e-10,
    "Mp": 4.153312188509815e-06,
    "VmaxICp": 2.4683059163255835e-05,
    "VmaxINp": 5.166600287522624e-05,
    "gammaDp": 0.5347074427159156,
    "omegaP": 4.186698778659839e-06
}