{
    "KICp": 47.151181074351705,
    "KINp": 0.1011622644456106,
    "KlossROSp": 2.5471280649303512e-06,
    "KprodROSp": 4.696016771488469e-09,
    "Mp": 3.7446671650318655e-06,
    "VmaxICp": 2.013810388348756e-05,
    "VmaxINp": 2.2022950377812635e-05,
    "gammaDp": 0.8586340865886362,
    "omegaP": 4.225466628728108e-06
}