{
    "KICp": 39.32795190463181,
    "KINp": 0.0031653959519884,
    "KlossROSp": 1.7353841499754882e-05,
    "KprodROSp": 1.650383145403924e-09,
    "Mp": 4.79358885393699e-06,
    "VmaxICp": 1.902207446881097e-05,
    "VmaxINp": 4.188942970962128e-05,
    "gammaDp": 0.2949423188685002,
    "omegaP": 5.435429747439072e-06
}