{
    "KICp": 14.284995980353488,
    "KINp": 0.1697969345174425,
    "KlossROSp": 2.492738920594076e-07,
    "KprodROSp": 2.5961640922359288e-08,
    "Mp": 3.063002687529042e-07,
    "VmaxICp": 2.1139600279442736e-05,
    "VmaxINp": 2.112496654134728e-05,
    "gammaDp": 0.8,
    "omegaP": 3.405555555555556e-05
}