{
    "KICp": 37.0,
    "KINp": 0.1504764856129653,
    "KlossROSp": 8.550420673363796e-07,
    "KprodROSp": 5.032366179710928e-09,
    "Mp": 9.588782505257245e-06,
    "VmaxICp": 4.931713485514451e-05,
    "VmaxINp": 3.208823679912533e-05,
    "gammaDp": 0.4097869022784481,
    "omegaP": 3.405555555555556e-05
}