{
    "KICp": 32.60850135395225,
    "KINp": 0.02,
    "KlossROSp": 7.042882059224295e-06,
    "KprodROSp": 4.696016771488469e-09,
    "Mp": 4.416895320317135e-06,
    "VmaxICp": 3.993751705047464e-05,
    "VmaxINp": 2.469509074802268e-05,
    "gammaDp": 0.2534136940818808,
    "omegaP": 5.59801955716824e-06
}