{
    "KICp": 187.2086723074252,
    "KINp": 0.02,
    "KlossROSp": 1.2502501918181396e-06,
    "KprodROSp": 7.645039051929725e-10,
    "Mp": 7.503293033486222e-06,
    "VmaxICp": 4.892405721357411e-05,
    "VmaxINp": 3.2943900637877665e-05,
    "gammaDp": 0.4028722906231358,
    "omegaP": 1.0004645756017928e-05
}