{
    "KICp": 32.60850135395225,
    "KINp": 0.02,
    "KlossROSp": 1.5533910744917933e-05,
    "KprodROSp": 1.3744251922061834e-09,
    "Mp": 9.337173338900044e-06,
    "VmaxICp": 3.993751705047464e-05,
    "VmaxINp": 2.469509074802268e-05,
    "gammaDp": 0.3935123116637762,
    "omegaP": 3.355103152133536e-05
}