{
    "KICp": 37.0,
    "KINp": 0.0020380205705997,
    "KlossROSp": 1.1024937006579047e-06,
    "KprodROSp": 1.823277816035954e-08,
    "Mp": 2.400287153417288e-06,
    "VmaxICp": 3.899739479399928e-05,
    "VmaxINp": 4.13242207074172e-05,
    "gammaDp": 0.1553441100000146,
    "omegaP": 0.0001132152889033
}