{
    "KICp": 13.468559908516823,
    "KINp": 0.0067383653160009,
    "KlossROSp": 2.5471280649303512e-06,
    "KprodROSp": 4.696016771488469e-09,
    "Mp": 5.192375289647625e-06,
    "VmaxICp": 2.013810388348756e-05,
    "VmaxINp": 3.0147982926684752e-05,
    "gammaDp": 0.1416785871225535,
    "omegaP": 3.773513724570252e-06
}