{
    "KICp": 12.815517977349778,
    "KINp": 0.0736853567811834,
    "KlossROSp": 8.472902217950813e-07,
    "KprodROSp": 3.6357669009680635e-09,
    "Mp": 9.588782505257245e-06,
    "VmaxICp": 4.931713485514451e-05,
    "VmaxINp": 3.208823679912533e-05,
    "gammaDp": 0.3871925474943885,
    "omegaP": 4.26035552826122e-05
}