{
    "KICp": 37.0,
    "KINp": 0.002064248640524,
    "KlossROSp": 1.0119650691310369e-05,
    "KprodROSp": 6.515979789905638e-10,
    "Mp": 2.8099840690424494e-06,
    "VmaxICp": 2.1240346205160816e-05,
    "VmaxINp": 3.130880259801415e-05,
    "gammaDp": 0.1448180677391539,
    "omegaP": 3.405555555555556e-05
}