{
    "KICp": 187.2086723074252,
    "KINp": 0.0661365015520755,
    "KlossROSp": 4.14463644502557e-06,
    "KprodROSp": 1.4546549849198e-09,
    "Mp": 7.503293033486222e-06,
    "VmaxICp": 3.3452842767887355e-05,
    "VmaxINp": 3.2943900637877665e-05,
    "gammaDp": 0.1177806420778483,
    "omegaP": 2.87698636833174e-05
}