{
    "KICp": 10.753716429499391,
    "KINp": 0.1245140802466044,
    "KlossROSp": 3.638184164213016e-06,
    "KprodROSp": 1.4546549849198e-09,
    "Mp": 7.503293033486222e-06,
    "VmaxICp": 3.3452842767887355e-05,
    "VmaxINp": 3.2943900637877665e-05,
    "gammaDp": 0.4993210166629779,
    "omegaP": 1.0004645756017928e-05
}