{
    "KICp": 47.151181074351705,
    "KINp": 0.0198436163603201,
    "KlossROSp": 1.3369138731166276e-06,
    "KprodROSp": 2.0809543426321475e-08,
    "Mp": 3.7446671650318655e-06,
    "VmaxICp": 2.013810388348756e-05,
    "VmaxINp": 3.0147982926684752e-05,
    "gammaDp": 0.8586340865886362,
    "omegaP": 8.225138370271479e-06
}