{
    "KICp": 143.32494981824172,
    "KINp": 0.021597734791628,
    "KlossROSp": 1.4088610385166622e-06,
    "KprodROSp": 1.877437708646436e-08,
    "Mp": 7.377085206798467e-06,
    "VmaxICp": 3.518474060376374e-05,
    "VmaxINp": 3.101826173183714e-05,
    "gammaDp": 0.6902261150378276,
    "omegaP": 3.405555555555556e-05
}