{
    "KICp": 56.49051367101993,
    "KINp": 0.0680433387760821,
    "KlossROSp": 1.956673654786862e-06,
    "KprodROSp": 4.696016771488469e-09,
    "Mp": 4.074819496812039e-06,
    "VmaxICp": 2.9487889789535124e-05,
    "VmaxINp": 2.964778904713885e-05,
    "gammaDp": 0.8,
    "omegaP": 4.8591424761992045e-06
}