{
    "KICp": 303.3474000315432,
    "KINp": 0.1662274824340334,
    "KlossROSp": 1.7353841499754882e-05,
    "KprodROSp": 2.7098063957280913e-09,
    "Mp": 4.79358885393699e-06,
    "VmaxICp": 1.902207446881097e-05,
    "VmaxINp": 2.7959416329357783e-05,
    "gammaDp": 0.2562997574932572,
    "omegaP": 5.435429747439072e-06
}