{
    "KICp": 246.00664619778573,
    "KINp": 0.021597734791628,
    "KlossROSp": 7.904828153567457e-06,
    "KprodROSp": 4.696016771488469e-09,
    "Mp": 7.377085206798467e-06,
    "VmaxICp": 3.2925322320219906e-05,
    "VmaxINp": 3.101826173183714e-05,
    "gammaDp": 0.5832560213856587,
    "omegaP": 3.405555555555556e-05
}