{
    "KICp": 55.568163515610976,
    "KINp": 0.0031192230239849,
    "KlossROSp": 6.568048694026086e-06,
    "KprodROSp": 6.624767406599329e-10,
    "Mp": 2.3274918508029555e-06,
    "VmaxICp": 4.6144575882783305e-05,
    "VmaxINp": 2.1050459191272463e-05,
    "gammaDp": 0.6612185980431108,
    "omegaP": 3.405555555555556e-05
}