{
    "KICp": 77.64269151118457,
    "KINp": 0.0091648178577502,
    "KlossROSp": 6.610357352627092e-07,
    "KprodROSp": 5.396405056399672e-10,
    "Mp": 4.153312188509815e-06,
    "VmaxICp": 2.4683059163255835e-05,
    "VmaxINp": 5.166600287522624e-05,
    "gammaDp": 0.7827811870529734,
    "omegaP": 3.405555555555556e-05
}