{
    "KICp": 184.95150981564728,
    "KINp": 0.0043847813325103,
    "KlossROSp": 5.342579189246619e-06,
    "KprodROSp": 2.8044707902426356e-09,
    "Mp": 2.6986029840623345e-06,
    "VmaxICp": 2.118093625798832e-05,
    "VmaxINp": 3.340893843116118e-05,
    "gammaDp": 0.3995964053900601,
    "omegaP": 3.405555555555556e-05
}