{
    "KICp": 37.0,
    "KINp": 0.0273861854939935,
    "KlossROSp": 7.57902506659885e-07,
    "KprodROSp": 3.24284991448675e-09,
    "Mp": 6.12595917797717e-06,
    "VmaxICp": 3.076400427135547e-05,
    "VmaxINp": 3.782190380501624e-05,
    "gammaDp": 0.6005824568174261,
    "omegaP": 3.1116825105976414e-05
}