{
    "KICp": 142.3824100086568,
    "KINp": 0.0038171887751612,
    "KlossROSp": 1.931700291888874e-06,
    "KprodROSp": 8.43068655200403e-10,
    "Mp": 2.3274918508029555e-06,
    "VmaxICp": 4.6144575882783305e-05,
    "VmaxINp": 1.7302123474789968e-05,
    "gammaDp": 0.3629192179370715,
    "omegaP": 3.405555555555556e-05
}