{
    "KICp": 6.482626391247701,
    "KINp": 0.0748391923541201,
    "KlossROSp": 4.687108800061045e-06,
    "KprodROSp": 2.1288271749937242e-08,
    "Mp": 3.3520120856468066e-06,
    "VmaxICp": 5.166470922809985e-05,
    "VmaxINp": 1.8961599767903416e-05,
    "gammaDp": 0.1074252099616348,
    "omegaP": 5.9086911106165024e-05
}