{
    "KICp": 20.66795904726034,
    "KINp": 0.1988745602087968,
    "KlossROSp": 3.1082170987964106e-06,
    "KprodROSp": 4.696016771488469e-09,
    "Mp": 2.3433903140653178e-06,
    "VmaxICp": 1.9656488355427304e-05,
    "VmaxINp": 5.310295864752918e-05,
    "gammaDp": 0.6916311571488168,
    "omegaP": 1.4577121911774878e-05
}