{
    "KICp": 52.94507445383773,
    "KINp": 0.0061603736237288,
    "KlossROSp": 8.682669768110501e-06,
    "KprodROSp": 3.323904236445275e-08,
    "Mp": 3.719431494250281e-06,
    "VmaxICp": 3.941198841649784e-05,
    "VmaxINp": 2.947036894161184e-05,
    "gammaDp": 0.2391310811408974,
    "omegaP": 5.634246333089975e-05
}