{
    "KICp": 114.36387125509393,
    "KINp": 0.0043578420575895,
    "KlossROSp": 2.4022986823581187e-06,
    "KprodROSp": 1.0979307778641544e-08,
    "Mp": 7.76943375022838e-06,
    "VmaxICp": 3.602698144777584e-05,
    "VmaxINp": 2.964778904713885e-05,
    "gammaDp": 0.8,
    "omegaP": 4.8591424761992045e-06
}