{
    "KICp": 4.22465942490793,
    "KINp": 0.0022154658185835,
    "KlossROSp": 1.9669069620522736e-06,
    "KprodROSp": 2.421168268544994e-09,
    "Mp": 5.710554974000541e-06,
    "VmaxICp": 3.971928540075149e-05,
    "VmaxINp": 4.9773793424871633e-05,
    "gammaDp": 0.1082991999741651,
    "omegaP": 2.6203268661928065e-05
}