{
    "KICp": 23.12032357131154,
    "KINp": 0.02,
    "KlossROSp": 1.5533910744917933e-05,
    "KprodROSp": 3.021913572600049e-09,
    "Mp": 9.337173338900044e-06,
    "VmaxICp": 3.993751705047464e-05,
    "VmaxINp": 2.469509074802268e-05,
    "gammaDp": 0.184373128702586,
    "omegaP": 5.59801955716824e-06
}