{
    "KICp": 12.593372827010503,
    "KINp": 0.0413847429490923,
    "KlossROSp": 1.4946298463744566e-05,
    "KprodROSp": 4.696016771488469e-09,
    "Mp": 5.952526699406955e-06,
    "VmaxICp": 4.5775886009488726e-05,
    "VmaxINp": 2.5960342890921425e-05,
    "gammaDp": 0.4945939542602953,
    "omegaP": 3.405555555555556e-05
}