{
    "KICp": 4.712339002848926,
    "KINp": 0.0158152943877002,
    "KlossROSp": 3.3631915649766525e-07,
    "KprodROSp": 6.858275137798621e-10,
    "Mp": 5.710554974000541e-06,
    "VmaxICp": 3.971928540075149e-05,
    "VmaxINp": 4.9773793424871633e-05,
    "gammaDp": 0.4784241879096089,
    "omegaP": 2.6203268661928065e-05
}