{
    "KICp": 4.076801087797087,
    "KINp": 0.0071822361317489,
    "KlossROSp": 1.7281684289279482e-05,
    "KprodROSp": 1.3029915003521089e-08,
    "Mp": 3.3929043068357546e-06,
    "VmaxICp": 2.507847662950445e-05,
    "VmaxINp": 2.0184421597636385e-05,
    "gammaDp": 0.5808455397454123,
    "omegaP": 7.575460164419982e-06
}