{
    "KICp": 11.131787262328954,
    "KINp": 0.125023759594489,
    "KlossROSp": 1.400223649891096e-06,
    "KprodROSp": 8.735766407857904e-09,
    "Mp": 2.116036487624421e-06,
    "VmaxICp": 3.848341966451229e-05,
    "VmaxINp": 3.0370223038709184e-05,
    "gammaDp": 0.8,
    "omegaP": 8.512953316534417e-05
}