{
    "KICp": 11.131787262328954,
    "KINp": 0.0578292673294493,
    "KlossROSp": 1.2121346748348728e-05,
    "KprodROSp": 2.5930835340736125e-08,
    "Mp": 2.8523635339295367e-06,
    "VmaxICp": 3.848341966451229e-05,
    "VmaxINp": 3.0370223038709184e-05,
    "gammaDp": 0.777894795834282,
    "omegaP": 8.512953316534417e-05
}