{
    "KICp": 143.32494981824172,
    "KINp": 0.021597734791628,
    "KlossROSp": 3.1503092431202777e-06,
    "KprodROSp": 4.696016771488469e-09,
    "Mp": 7.377085206798467e-06,
    "VmaxICp": 3.518474060376374e-05,
    "VmaxINp": 4.551158735597072e-05,
    "gammaDp": 0.8,
    "omegaP": 1.3122219800874517e-05
}