{
    "KICp": 187.2086723074252,
    "KINp": 0.02,
    "KlossROSp": 4.263546544990613e-06,
    "KprodROSp": 6.595823990783212e-10,
    "Mp": 3.426039899049569e-06,
    "VmaxICp": 3.3452842767887355e-05,
    "VmaxINp": 3.2943900637877665e-05,
    "gammaDp": 0.1177806420778483,
    "omegaP": 1.0004645756017928e-05
}