{
    "KICp": 85.63470205174656,
    "KINp": 0.0109049087615409,
    "KlossROSp": 1.1194412755374392e-06,
    "KprodROSp": 3.5779116923451803e-09,
    "Mp": 4.848754942047774e-06,
    "VmaxICp": 3.890285504592702e-05,
    "VmaxINp": 3.641241026060827e-05,
    "gammaDp": 0.1391609225021353,
    "omegaP": 6.530786245383137e-06
}