{
    "KICp": 145.32312705877686,
    "KINp": 0.033946024442171,
    "KlossROSp": 1.2806594939517772e-05,
    "KprodROSp": 4.92653257942185e-10,
    "Mp": 3.719431494250281e-06,
    "VmaxICp": 3.74841688719025e-05,
    "VmaxINp": 2.947036894161184e-05,
    "gammaDp": 0.8,
    "omegaP": 8.434230752909639e-05
}