{
    "KICp": 114.36387125509393,
    "KINp": 0.0043578420575895,
    "KlossROSp": 6.468635512640246e-06,
    "KprodROSp": 4.696016771488469e-09,
    "Mp": 7.76943375022838e-06,
    "VmaxICp": 4.4342547506684e-05,
    "VmaxINp": 5.325466760390287e-05,
    "gammaDp": 0.2808053585115003,
    "omegaP": 4.8591424761992045e-06
}