{
    "KICp": 5.680472402695634,
    "KINp": 0.1149505524921369,
    "KlossROSp": 6.4978364282543965e-06,
    "KprodROSp": 1.2424776923009093e-08,
    "Mp": 4.848754942047774e-06,
    "VmaxICp": 3.890285504592702e-05,
    "VmaxINp": 3.641241026060827e-05,
    "gammaDp": 0.653519899681723,
    "omegaP": 0.0001084336411588
}