{
    "KICp": 8.737186272477897,
    "KINp": 0.1686556132871301,
    "KlossROSp": 3.214658162972835e-07,
    "KprodROSp": 4.696016771488469e-09,
    "Mp": 3.1650983406953275e-06,
    "VmaxICp": 4.5775886009488726e-05,
    "VmaxINp": 2.5960342890921425e-05,
    "gammaDp": 0.1757203195807493,
    "omegaP": 7.437523669621324e-05
}