{
    "KICp": 4.076801087797087,
    "KINp": 0.02,
    "KlossROSp": 1.7281684289279482e-05,
    "KprodROSp": 9.86390644543807e-10,
    "Mp": 2.609479295395868e-06,
    "VmaxICp": 2.507847662950445e-05,
    "VmaxINp": 2.0184421597636385e-05,
    "gammaDp": 0.1154586959893522,
    "omegaP": 7.482027906047913e-06
}