{
    "KICp": 38.8812096503118,
    "KINp": 0.0104080980275665,
    "KlossROSp": 2.174344091934376e-06,
    "KprodROSp": 7.662446667261344e-09,
    "Mp": 2.631055197490588e-06,
    "VmaxICp": 1.99171845067449e-05,
    "VmaxINp": 3.822379427227215e-05,
    "gammaDp": 0.1222061991378154,
    "omegaP": 4.083157978807823e-05
}