{
    "KICp": 68.96442049569123,
    "KINp": 0.0364474801496569,
    "KlossROSp": 1.1194412755374392e-06,
    "KprodROSp": 4.1947056702314407e-08,
    "Mp": 4.848754942047774e-06,
    "VmaxICp": 3.890285504592702e-05,
    "VmaxINp": 3.641241026060827e-05,
    "gammaDp": 0.1060104421343246,
    "omegaP": 6.530786245383137e-06
}