{
    "KICp": 55.568163515610976,
    "KINp": 0.0052453041603819,
    "KlossROSp": 8.956649352885165e-07,
    "KprodROSp": 4.696016771488469e-09,
    "Mp": 2.3274918508029555e-06,
    "VmaxICp": 4.6144575882783305e-05,
    "VmaxINp": 2.1050459191272463e-05,
    "gammaDp": 0.2232567750659204,
    "omegaP": 2.0164674398162967e-05
}