{
    "KICp": 37.0,
    "KINp": 0.0139067869167597,
    "KlossROSp": 1.429812416770284e-05,
    "KprodROSp": 2.678643121185797e-09,
    "Mp": 6.12595917797717e-06,
    "VmaxICp": 4.297768423590867e-05,
    "VmaxINp": 3.782190380501624e-05,
    "gammaDp": 0.8,
    "omegaP": 6.154571942035656e-05
}