{
    "KICp": 37.0,
    "KINp": 0.02,
    "KlossROSp": 1.0119650691310369e-05,
    "KprodROSp": 4.696016771488469e-09,
    "Mp": 3.810242329062861e-06,
    "VmaxICp": 3.685776596526279e-05,
    "VmaxINp": 2.9809103723637578e-05,
    "gammaDp": 0.2009642407806955,
    "omegaP": 3.405555555555556e-05
}