{
    "KICp": 24.467674003189146,
    "KINp": 0.1681905644953231,
    "KlossROSp": 9.47794224408639e-07,
    "KprodROSp": 4.6594414498313054e-09,
    "Mp": 9.302611999102303e-06,
    "VmaxICp": 4.244425338569979e-05,
    "VmaxINp": 3.6716459800313335e-05,
    "gammaDp": 0.3213921609015647,
    "omegaP": 3.954795191365771e-06
}