{
    "KICp": 25.4664810111874,
    "KINp": 0.0522974572574974,
    "KlossROSp": 1.956673654786862e-06,
    "KprodROSp": 2.246478671030987e-09,
    "Mp": 3.041028783258166e-06,
    "VmaxICp": 2.8781754133990336e-05,
    "VmaxINp": 3.299501182080956e-05,
    "gammaDp": 0.2510738212003035,
    "omegaP": 3.405555555555556e-05
}