{
    "KICp": 278.926922357186,
    "KINp": 0.0155899513228246,
    "KlossROSp": 5.358692381281825e-06,
    "KprodROSp": 8.471092238629619e-09,
    "Mp": 2.631055197490588e-06,
    "VmaxICp": 1.99171845067449e-05,
    "VmaxINp": 3.822379427227215e-05,
    "gammaDp": 0.2866092102253252,
    "omegaP": 3.405555555555556e-05
}