{
    "KICp": 260.1941258700423,
    "KINp": 0.0065758245954284,
    "KlossROSp": 5.342579189246619e-06,
    "KprodROSp": 1.0240254406165163e-08,
    "Mp": 2.6986029840623345e-06,
    "VmaxICp": 2.118093625798832e-05,
    "VmaxINp": 3.340893843116118e-05,
    "gammaDp": 0.3728120693494703,
    "omegaP": 5.022674342007747e-06
}