{
    "KICp": 303.3474000315432,
    "KINp": 0.0547911098414607,
    "KlossROSp": 2.291149771084399e-06,
    "KprodROSp": 1.650383145403924e-09,
    "Mp": 4.79358885393699e-06,
    "VmaxICp": 1.902207446881097e-05,
    "VmaxINp": 2.7959416329357783e-05,
    "gammaDp": 0.4013158368171481,
    "omegaP": 4.284086031069405e-06
}