{
    "KICp": 87.71392698129559,
    "KINp": 0.0200284825850891,
    "KlossROSp": 2.125264079374724e-06,
    "KprodROSp": 1.307114562650846e-08,
    "Mp": 3.3809301718440675e-06,
    "VmaxICp": 4.320413457714583e-05,
    "VmaxINp": 2.056529861503231e-05,
    "gammaDp": 0.1929478753507916,
    "omegaP": 3.405555555555556e-05
}