{
    "KICp": 13.891387395812536,
    "KINp": 0.003747437850438,
    "KlossROSp": 1.956673654786862e-06,
    "KprodROSp": 4.696016771488469e-09,
    "Mp": 6.946343325333469e-06,
    "VmaxICp": 3.821681793172279e-05,
    "VmaxINp": 2.154704960611592e-05,
    "gammaDp": 0.8,
    "omegaP": 3.1811728605040766e-05
}