{
    "KICp": 37.0,
    "KINp": 0.0024580661547569,
    "KlossROSp": 1.23772350340141e-05,
    "KprodROSp": 1.7116278466274308e-08,
    "Mp": 6.12595917797717e-06,
    "VmaxICp": 4.125656963534813e-05,
    "VmaxINp": 3.782190380501624e-05,
    "gammaDp": 0.4210350955480307,
    "omegaP": 3.1116825105976414e-05
}