{
    "KICp": 10.784656098435134,
    "KINp": 0.0366456050886864,
    "KlossROSp": 1.956673654786862e-06,
    "KprodROSp": 8.642534323659302e-10,
    "Mp": 4.2713031253665055e-06,
    "VmaxICp": 3.335550915309005e-05,
    "VmaxINp": 3.1660453210273745e-05,
    "gammaDp": 0.4516860100181459,
    "omegaP": 3.0494067694522727e-05
}