{
    "KICp": 24.467674003189146,
    "KINp": 0.0613825749127128,
    "KlossROSp": 1.7971058635456196e-05,
    "KprodROSp": 4.943775332678041e-09,
    "Mp": 9.302611999102303e-06,
    "VmaxICp": 4.244425338569979e-05,
    "VmaxINp": 3.6716459800313335e-05,
    "gammaDp": 0.2268971717509829,
    "omegaP": 3.954795191365771e-06
}