{
    "KICp": 63.41003247044585,
    "KINp": 0.0583061184796944,
    "KlossROSp": 1.956673654786862e-06,
    "KprodROSp": 1.1869439183260715e-09,
    "Mp": 3.041028783258166e-06,
    "VmaxICp": 3.3874948634843694e-05,
    "VmaxINp": 3.299501182080956e-05,
    "gammaDp": 0.3687670015924242,
    "omegaP": 3.405555555555556e-05
}