{
    "KICp": 5.583144289651072,
    "KINp": 0.1665985872546971,
    "KlossROSp": 1.7281684289279482e-05,
    "KprodROSp": 3.8623685457167464e-09,
    "Mp": 3.3929043068357546e-06,
    "VmaxICp": 2.507847662950445e-05,
    "VmaxINp": 2.0184421597636385e-05,
    "gammaDp": 0.5271663441706805,
    "omegaP": 6.281718722948826e-06
}