{
    "KICp": 5.259710301427519,
    "KINp": 0.0135375256333966,
    "KlossROSp": 1.956673654786862e-06,
    "KprodROSp": 1.0461511262404576e-08,
    "Mp": 2.3433903140653178e-06,
    "VmaxICp": 1.9656488355427304e-05,
    "VmaxINp": 5.310295864752918e-05,
    "gammaDp": 0.6916311571488168,
    "omegaP": 3.625344202751988e-06
}