{
    "KICp": 10.784656098435134,
    "KINp": 0.0075653981926445,
    "KlossROSp": 1.956673654786862e-06,
    "KprodROSp": 9.111384259440319e-10,
    "Mp": 4.2713031253665055e-06,
    "VmaxICp": 3.335550915309005e-05,
    "VmaxINp": 3.1660453210273745e-05,
    "gammaDp": 0.2109120556980213,
    "omegaP": 1.862261653175072e-05
}