{
    "KICp": 95.846926380577,
    "KINp": 0.1663349633134161,
    "KlossROSp": 2.777350202467449e-07,
    "KprodROSp": 1.113640459993986e-08,
    "Mp": 6.211666658731448e-06,
    "VmaxICp": 4.244425338569979e-05,
    "VmaxINp": 3.6716459800313335e-05,
    "gammaDp": 0.5494328495019554,
    "omegaP": 3.954795191365771e-06
}