{
    "KICp": 6.256016585526653,
    "KINp": 0.02,
    "KlossROSp": 2.514165250708799e-07,
    "KprodROSp": 2.421168268544994e-09,
    "Mp": 5.960240803278236e-06,
    "VmaxICp": 3.971928540075149e-05,
    "VmaxINp": 4.9773793424871633e-05,
    "gammaDp": 0.4916395403078122,
    "omegaP": 2.6203268661928065e-05
}