{
    "KICp": 6.038984255923454,
    "KINp": 0.0115350683352378,
    "KlossROSp": 3.926567181538442e-06,
    "KprodROSp": 2.4438203863874178e-08,
    "Mp": 2.528134729981133e-06,
    "VmaxICp": 4.2161950176859934e-05,
    "VmaxINp": 2.106541788412113e-05,
    "gammaDp": 0.3020155366200284,
    "omegaP": 3.405555555555556e-05
}