{
    "KICp": 37.0,
    "KINp": 0.0582415809675819,
    "KlossROSp": 7.045875697935909e-07,
    "KprodROSp": 5.3144252970312905e-09,
    "Mp": 2.806355181815191e-06,
    "VmaxICp": 2.1139600279442736e-05,
    "VmaxINp": 3.7258831554357485e-05,
    "gammaDp": 0.8,
    "omegaP": 3.405555555555556e-05
}