{
    "KICp": 37.0,
    "KINp": 0.0025055495413936,
    "KlossROSp": 6.329563408549004e-07,
    "KprodROSp": 1.823277816035954e-08,
    "Mp": 2.400287153417288e-06,
    "VmaxICp": 1.9297436992927136e-05,
    "VmaxINp": 4.13242207074172e-05,
    "gammaDp": 0.2409121935454431,
    "omegaP": 3.213864878797709e-05
}