{
    "KICp": 4.076801087797087,
    "KINp": 0.02,
    "KlossROSp": 2.698722661438593e-07,
    "KprodROSp": 9.86390644543807e-10,
    "Mp": 4.094179563691387e-06,
    "VmaxICp": 2.507847662950445e-05,
    "VmaxINp": 2.0184421597636385e-05,
    "gammaDp": 0.4593664028429082,
    "omegaP": 7.575460164419982e-06
}