{
    "KICp": 91.52598093237786,
    "KINp": 0.0024316025014763,
    "KlossROSp": 1.956673654786862e-06,
    "KprodROSp": 4.696016771488469e-09,
    "Mp": 6.251794663711662e-06,
    "VmaxICp": 3.986000267436834e-05,
    "VmaxINp": 2.1950636937434224e-05,
    "gammaDp": 0.669059540813762,
    "omegaP": 2.965658223463858e-05
}