{
    "KICp": 46.25140500924181,
    "KINp": 0.0032010575433635,
    "KlossROSp": 1.956673654786862e-06,
    "KprodROSp": 6.094535521061285e-10,
    "Mp": 3.1650983406953275e-06,
    "VmaxICp": 4.5775886009488726e-05,
    "VmaxINp": 3.0074508131509942e-05,
    "gammaDp": 0.7203524390316686,
    "omegaP": 3.405555555555556e-05
}