{
    "KICp": 61.41950239607118,
    "KINp": 0.003747437850438,
    "KlossROSp": 1.956673654786862e-06,
    "KprodROSp": 5.672239039875835e-10,
    "Mp": 6.946343325333469e-06,
    "VmaxICp": 3.821681793172279e-05,
    "VmaxINp": 2.3591947493665908e-05,
    "gammaDp": 0.4976164486084509,
    "omegaP": 3.405555555555556e-05
}