{
    "KICp": 255.67665202287225,
    "KINp": 0.0037563959915461,
    "KlossROSp": 4.994546392040364e-07,
    "KprodROSp": 4.2070913068351935e-08,
    "Mp": 4.407669700561288e-06,
    "VmaxICp": 4.418289867904912e-05,
    "VmaxINp": 2.106541788412113e-05,
    "gammaDp": 0.3020155366200284,
    "omegaP": 3.405555555555556e-05
}