{
    "KICp": 31.411550528132675,
    "KINp": 0.0150660611683832,
    "KlossROSp": 5.854744911229848e-06,
    "KprodROSp": 1.6682188317200487e-09,
    "Mp": 3.3520120856468066e-06,
    "VmaxICp": 5.166470922809985e-05,
    "VmaxINp": 1.8961599767903416e-05,
    "gammaDp": 0.189771501248009,
    "omegaP": 5.9086911106165024e-05
}