{
    "KICp": 16.174914699738697,
    "KINp": 0.1411048183746924,
    "KlossROSp": 1.956673654786862e-06,
    "KprodROSp": 8.642534323659302e-10,
    "Mp": 4.2713031253665055e-06,
    "VmaxICp": 3.335550915309005e-05,
    "VmaxINp": 3.1660453210273745e-05,
    "gammaDp": 0.2359634829825716,
    "omegaP": 4.699084085999391e-05
}