{
    "KICp": 31.727978982806857,
    "KINp": 0.0225209246515421,
    "KlossROSp": 4.97660735492565e-06,
    "KprodROSp": 2.5930835340736125e-08,
    "Mp": 4.296370297285145e-06,
    "VmaxICp": 3.848341966451229e-05,
    "VmaxINp": 3.0370223038709184e-05,
    "gammaDp": 0.8,
    "omegaP": 8.512953316534417e-05
}