{
    "KICp": 12.33620858239944,
    "KINp": 0.1282677036585255,
    "KlossROSp": 5.500994675801805e-07,
    "KprodROSp": 8.642534323659302e-10,
    "Mp": 4.2713031253665055e-06,
    "VmaxICp": 3.335550915309005e-05,
    "VmaxINp": 3.1660453210273745e-05,
    "gammaDp": 0.3515042878388986,
    "omegaP": 1.862261653175072e-05
}