{
    "KICp": 16.540738860500667,
    "KINp": 0.02,
    "KlossROSp": 1.2502501918181396e-06,
    "KprodROSp": 1.4546549849198e-09,
    "Mp": 3.818789938324517e-06,
    "VmaxICp": 3.3452842767887355e-05,
    "VmaxINp": 3.2943900637877665e-05,
    "gammaDp": 0.3847723473456588,
    "omegaP": 4.352901944318547e-05
}