{
    "KICp": 19.767400998159147,
    "KINp": 0.0037563959915461,
    "KlossROSp": 8.57787330251176e-06,
    "KprodROSp": 1.1762838132211588e-08,
    "Mp": 4.407669700561288e-06,
    "VmaxICp": 4.2161950176859934e-05,
    "VmaxINp": 2.106541788412113e-05,
    "gammaDp": 0.6825746656994488,
    "omegaP": 3.405555555555556e-05
}