{
    "KICp": 178.63968210353158,
    "KINp": 0.0067383653160009,
    "KlossROSp": 2.5471280649303512e-06,
    "KprodROSp": 7.039857273714922e-10,
    "Mp": 3.576751557911432e-06,
    "VmaxICp": 2.013810388348756e-05,
    "VmaxINp": 3.0147982926684752e-05,
    "gammaDp": 0.8586340865886362,
    "omegaP": 7.715857117409953e-06
}