{
    "KICp": 4.076801087797087,
    "KINp": 0.02,
    "KlossROSp": 3.52364709522878e-06,
    "KprodROSp": 9.86390644543807e-10,
    "Mp": 3.3929043068357546e-06,
    "VmaxICp": 2.2480204416073127e-05,
    "VmaxINp": 2.0184421597636385e-05,
    "gammaDp": 0.5271663441706805,
    "omegaP": 5.194582864019331e-06
}