{
    "KICp": 25.70107665675604,
    "KINp": 0.1149505524921369,
    "KlossROSp": 1.1194412755374392e-06,
    "KprodROSp": 1.2424776923009093e-08,
    "Mp": 4.848754942047774e-06,
    "VmaxICp": 3.890285504592702e-05,
    "VmaxINp": 1.940096559800077e-05,
    "gammaDp": 0.1177095740042881,
    "omegaP": 6.530786245383137e-06
}