{
    "KICp": 113.66965054523293,
    "KINp": 0.021597734791628,
    "KlossROSp": 1.0390502876397156e-05,
    "KprodROSp": 4.696016771488469e-09,
    "Mp": 7.377085206798467e-06,
    "VmaxICp": 3.518474060376374e-05,
    "VmaxINp": 3.0543812348435314e-05,
    "gammaDp": 0.2717549081128094,
    "omegaP": 3.405555555555556e-05
}