{
    "KICp": 333.9658156039284,
    "KINp": 0.012905410042433,
    "KlossROSp": 2.3647064342448265e-07,
    "KprodROSp": 4.696016771488469e-09,
    "Mp": 3.7446671650318655e-06,
    "VmaxICp": 2.013810388348756e-05,
    "VmaxINp": 3.0147982926684752e-05,
    "gammaDp": 0.8586340865886362,
    "omegaP": 1.1444724885879572e-05
}