{
    "KICp": 255.67665202287225,
    "KINp": 0.0121450166650111,
    "KlossROSp": 3.913754241711165e-07,
    "KprodROSp": 2.4438203863874178e-08,
    "Mp": 3.149610924701281e-06,
    "VmaxICp": 4.2161950176859934e-05,
    "VmaxINp": 5.1859839679672194e-05,
    "gammaDp": 0.3020155366200284,
    "omegaP": 7.727732945341808e-05
}