{
    "KICp": 275.7729583580985,
    "KINp": 0.0219225233991924,
    "KlossROSp": 1.956673654786862e-06,
    "KprodROSp": 1.2124179447938448e-08,
    "Mp": 4.2713031253665055e-06,
    "VmaxICp": 3.335550915309005e-05,
    "VmaxINp": 2.8702451549312048e-05,
    "gammaDp": 0.2359634829825716,
    "omegaP": 1.862261653175072e-05
}