{
    "KICp": 255.67665202287225,
    "KINp": 0.1907703840557044,
    "KlossROSp": 3.913754241711165e-07,
    "KprodROSp": 2.4438203863874178e-08,
    "Mp": 4.407669700561288e-06,
    "VmaxICp": 5.273449209478576e-05,
    "VmaxINp": 2.106541788412113e-05,
    "gammaDp": 0.1632391862555657,
    "omegaP": 7.259834631197703e-05
}