{
    "KICp": 24.467674003189146,
    "KINp": 0.1663349633134161,
    "KlossROSp": 8.679790825400471e-07,
    "KprodROSp": 1.284125056208454e-09,
    "Mp": 9.302611999102303e-06,
    "VmaxICp": 4.842884806428689e-05,
    "VmaxINp": 3.6716459800313335e-05,
    "gammaDp": 0.5494328495019554,
    "omegaP": 1.7992116388053004e-05
}