{
    "KICp": 23.908666409866942,
    "KINp": 0.0127065045018373,
    "KlossROSp": 1.7353841499754882e-05,
    "KprodROSp": 1.650383145403924e-09,
    "Mp": 4.79358885393699e-06,
    "VmaxICp": 1.902207446881097e-05,
    "VmaxINp": 2.7959416329357783e-05,
    "gammaDp": 0.7914033538752027,
    "omegaP": 4.756088974941503e-06
}