{
    "KICp": 4.076801087797087,
    "KINp": 0.043563319746219,
    "KlossROSp": 1.7281684289279482e-05,
    "KprodROSp": 3.910957678305265e-08,
    "Mp": 3.3929043068357546e-06,
    "VmaxICp": 2.507847662950445e-05,
    "VmaxINp": 2.0184421597636385e-05,
    "gammaDp": 0.600973554310072,
    "omegaP": 2.324575478564691e-05
}