{
    "KICp": 7.8921381779048705,
    "KINp": 0.1149505524921369,
    "KlossROSp": 1.1194412755374392e-06,
    "KprodROSp": 1.6800037644162323e-08,
    "Mp": 4.848754942047774e-06,
    "VmaxICp": 3.890285504592702e-05,
    "VmaxINp": 3.641241026060827e-05,
    "gammaDp": 0.5296663020593552,
    "omegaP": 5.826338075517556e-06
}