{
    "KICp": 4.566092426170146,
    "KINp": 0.0941712437360717,
    "KlossROSp": 1.956673654786862e-06,
    "KprodROSp": 2.2579497687845522e-08,
    "Mp": 6.1721157256538975e-06,
    "VmaxICp": 2.944763042626885e-05,
    "VmaxINp": 3.518043281457682e-05,
    "gammaDp": 0.2033383225033457,
    "omegaP": 2.9716334660675648e-05
}