{
    "KICp": 52.323721409919706,
    "KINp": 0.0025055495413936,
    "KlossROSp": 3.177546459264814e-07,
    "KprodROSp": 5.377235004505717e-09,
    "Mp": 2.400287153417288e-06,
    "VmaxICp": 3.899739479399928e-05,
    "VmaxINp": 4.13242207074172e-05,
    "gammaDp": 0.2404779478494957,
    "omegaP": 5.452329963184416e-05
}