{
    "KICp": 4.712339002848926,
    "KINp": 0.02,
    "KlossROSp": 8.670474381391777e-06,
    "KprodROSp": 2.685917346414732e-09,
    "Mp": 5.710554974000541e-06,
    "VmaxICp": 3.971928540075149e-05,
    "VmaxINp": 4.9773793424871633e-05,
    "gammaDp": 0.7833581335102136,
    "omegaP": 2.6203268661928065e-05
}