{
    "KICp": 7.399139032284545,
    "KINp": 0.0026214755953738,
    "KlossROSp": 3.669827600236904e-07,
    "KprodROSp": 2.5256750736888554e-09,
    "Mp": 6.946343325333469e-06,
    "VmaxICp": 3.821681793172279e-05,
    "VmaxINp": 2.3591947493665908e-05,
    "gammaDp": 0.8,
    "omegaP": 3.405555555555556e-05
}