{
    "KICp": 37.0,
    "KINp": 0.0025055495413936,
    "KlossROSp": 6.329563408549004e-07,
    "KprodROSp": 1.2589701809972493e-08,
    "Mp": 2.993967456278011e-06,
    "VmaxICp": 3.899739479399928e-05,
    "VmaxINp": 4.13242207074172e-05,
    "gammaDp": 0.1948853635431985,
    "omegaP": 5.452329963184416e-05
}