{
    "KICp": 37.0,
    "KINp": 0.025844621397476,
    "KlossROSp": 1.956673654786862e-06,
    "KprodROSp": 6.840387213543223e-09,
    "Mp": 2.3460551526960394e-06,
    "VmaxICp": 1.9656488355427304e-05,
    "VmaxINp": 5.310295864752918e-05,
    "gammaDp": 0.6916311571488168,
    "omegaP": 8.07817484253342e-06
}