{
    "KICp": 8.737186272477897,
    "KINp": 0.0413847429490923,
    "KlossROSp": 1.9351647317659407e-06,
    "KprodROSp": 3.006945827703021e-09,
    "Mp": 3.1650983406953275e-06,
    "VmaxICp": 4.5775886009488726e-05,
    "VmaxINp": 2.5960342890921425e-05,
    "gammaDp": 0.1512466190383044,
    "omegaP": 3.58208964219206e-05
}