{
    "KICp": 37.0,
    "KINp": 0.0698300393394201,
    "KlossROSp": 2.174344091934376e-06,
    "KprodROSp": 7.662446667261344e-09,
    "Mp": 2.631055197490588e-06,
    "VmaxICp": 1.99171845067449e-05,
    "VmaxINp": 2.6666770432286515e-05,
    "gammaDp": 0.1045907892343654,
    "omegaP": 1.1285810301822996e-05
}