{
    "KICp": 37.0,
    "KINp": 0.0338303674413966,
    "KlossROSp": 1.956673654786862e-06,
    "KprodROSp": 4.696016771488469e-09,
    "Mp": 6.946343325333469e-06,
    "VmaxICp": 3.821681793172279e-05,
    "VmaxINp": 2.1790036700518763e-05,
    "gammaDp": 0.3117782142950464,
    "omegaP": 3.405555555555556e-05
}