{
    "KICp": 37.0,
    "KINp": 0.02,
    "KlossROSp": 1.0119650691310369e-05,
    "KprodROSp": 1.09424993784768e-09,
    "Mp": 3.826087782958878e-06,
    "VmaxICp": 2.1240346205160816e-05,
    "VmaxINp": 2.171505608904246e-05,
    "gammaDp": 0.1448180677391539,
    "omegaP": 7.5965454674990785e-06
}