{
    "KICp": 99.17466216611736,
    "KINp": 0.0236371764208534,
    "KlossROSp": 1.1002256682229608e-05,
    "KprodROSp": 1.4546549849198e-09,
    "Mp": 7.503293033486222e-06,
    "VmaxICp": 3.3452842767887355e-05,
    "VmaxINp": 3.2943900637877665e-05,
    "gammaDp": 0.1177806420778483,
    "omegaP": 1.0703590451712863e-05
}