{
    "KICp": 114.36387125509393,
    "KINp": 0.0043578420575895,
    "KlossROSp": 5.195201033057836e-06,
    "KprodROSp": 1.0980153946532694e-09,
    "Mp": 7.76943375022838e-06,
    "VmaxICp": 4.4342547506684e-05,
    "VmaxINp": 3.8508412229559744e-05,
    "gammaDp": 0.8,
    "omegaP": 4.8591424761992045e-06
}