{
    "KICp": 10.784656098435134,
    "KINp": 0.0463598443309831,
    "KlossROSp": 1.1547780877248065e-06,
    "KprodROSp": 8.642534323659302e-10,
    "Mp": 4.2713031253665055e-06,
    "VmaxICp": 3.335550915309005e-05,
    "VmaxINp": 3.1660453210273745e-05,
    "gammaDp": 0.2359634829825716,
    "omegaP": 6.811756126761905e-06
}