{
    "KICp": 187.2086723074252,
    "KINp": 0.02,
    "KlossROSp": 1.2502501918181396e-06,
    "KprodROSp": 2.7648504126279156e-09,
    "Mp": 3.1777035926684386e-06,
    "VmaxICp": 1.98472563846366e-05,
    "VmaxINp": 3.2943900637877665e-05,
    "gammaDp": 0.1177806420778483,
    "omegaP": 1.0004645756017928e-05
}