{
    "KICp": 42.5093947032826,
    "KINp": 0.0322011636306366,
    "KlossROSp": 3.855581695372966e-07,
    "KprodROSp": 2.421168268544994e-09,
    "Mp": 5.710554974000541e-06,
    "VmaxICp": 3.971928540075149e-05,
    "VmaxINp": 4.9773793424871633e-05,
    "gammaDp": 0.1356855899377008,
    "omegaP": 2.6203268661928065e-05
}