{
    "KICp": 15.28165232991988,
    "KINp": 0.0456071413928161,
    "KlossROSp": 1.9548015566520546e-05,
    "KprodROSp": 4.696016771488469e-09,
    "Mp": 7.76943375022838e-06,
    "VmaxICp": 4.4342547506684e-05,
    "VmaxINp": 2.964778904713885e-05,
    "gammaDp": 0.8770293903238479,
    "omegaP": 4.8591424761992045e-06
}