{
    "KICp": 10.784656098435134,
    "KINp": 0.0205415791588274,
    "KlossROSp": 1.7447669043455993e-05,
    "KprodROSp": 8.642534323659302e-10,
    "Mp": 4.2713031253665055e-06,
    "VmaxICp": 3.335550915309005e-05,
    "VmaxINp": 1.6766566696294374e-05,
    "gammaDp": 0.2359634829825716,
    "omegaP": 3.2333685732853886e-05
}