{
    "KICp": 8.737186272477897,
    "KINp": 0.005252421166909,
    "KlossROSp": 1.956673654786862e-06,
    "KprodROSp": 4.696016771488469e-09,
    "Mp": 3.430539792370344e-06,
    "VmaxICp": 4.5775886009488726e-05,
    "VmaxINp": 2.5130380863601008e-05,
    "gammaDp": 0.1071918040526547,
    "omegaP": 3.405555555555556e-05
}