{
    "KICp": 52.94507445383773,
    "KINp": 0.0171635011230177,
    "KlossROSp": 1.2806594939517772e-05,
    "KprodROSp": 7.068920875597419e-09,
    "Mp": 3.719431494250281e-06,
    "VmaxICp": 3.941198841649784e-05,
    "VmaxINp": 2.947036894161184e-05,
    "gammaDp": 0.2978102136665308,
    "omegaP": 1.163465259962569e-05
}