{
    "KICp": 5.680472402695634,
    "KINp": 0.0351339108234426,
    "KlossROSp": 4.989846469214402e-06,
    "KprodROSp": 1.2424776923009093e-08,
    "Mp": 4.848754942047774e-06,
    "VmaxICp": 3.890285504592702e-05,
    "VmaxINp": 3.641241026060827e-05,
    "gammaDp": 0.8,
    "omegaP": 0.0001022443612028
}