{
    "KICp": 5.680472402695634,
    "KINp": 0.033186686612984,
    "KlossROSp": 1.1194412755374392e-06,
    "KprodROSp": 9.684745126516292e-09,
    "Mp": 4.848754942047774e-06,
    "VmaxICp": 3.890285504592702e-05,
    "VmaxINp": 5.027105124436819e-05,
    "gammaDp": 0.8,
    "omegaP": 6.530786245383137e-06
}