{
    "KICp": 238.0246870139027,
    "KINp": 0.1414069592813673,
    "KlossROSp": 8.430218813702025e-06,
    "KprodROSp": 1.307114562650846e-08,
    "Mp": 2.892904890740657e-06,
    "VmaxICp": 4.320413457714583e-05,
    "VmaxINp": 2.330981226261696e-05,
    "gammaDp": 0.165716023584164,
    "omegaP": 3.950732334188945e-06
}