{
    "KICp": 16.640721325839866,
    "KINp": 0.0038171887751612,
    "KlossROSp": 3.857447780806872e-06,
    "KprodROSp": 4.696016771488469e-09,
    "Mp": 2.3274918508029555e-06,
    "VmaxICp": 2.8019372188301223e-05,
    "VmaxINp": 2.1050459191272463e-05,
    "gammaDp": 0.3629192179370715,
    "omegaP": 3.405555555555556e-05
}