{
    "KICp": 37.0,
    "KINp": 0.0155899513228246,
    "KlossROSp": 1.0016368071879103e-06,
    "KprodROSp": 1.673215128973403e-08,
    "Mp": 2.631055197490588e-06,
    "VmaxICp": 4.592087667785513e-05,
    "VmaxINp": 3.822379427227215e-05,
    "gammaDp": 0.1045907892343654,
    "omegaP": 3.980903037958544e-05
}