{
    "KICp": 243.9381118711694,
    "KINp": 0.02,
    "KlossROSp": 6.266597579265666e-07,
    "KprodROSp": 5.855062078575506e-10,
    "Mp": 4.153312188509815e-06,
    "VmaxICp": 2.4683059163255835e-05,
    "VmaxINp": 5.166600287522624e-05,
    "gammaDp": 0.8936457069814666,
    "omegaP": 3.405555555555556e-05
}