{
    "KICp": 52.94507445383773,
    "KINp": 0.0061603736237288,
    "KlossROSp": 1.4504262276494707e-05,
    "KprodROSp": 4.92653257942185e-10,
    "Mp": 3.69372146267714e-06,
    "VmaxICp": 3.941198841649784e-05,
    "VmaxINp": 2.947036894161184e-05,
    "gammaDp": 0.4171953598387742,
    "omegaP": 3.4486075773517776e-06
}