{
    "KICp": 42.5919589479144,
    "KINp": 0.019559498124302,
    "KlossROSp": 6.67875177778856e-07,
    "KprodROSp": 5.7008947527883196e-09,
    "Mp": 2.3433903140653178e-06,
    "VmaxICp": 1.9656488355427304e-05,
    "VmaxINp": 5.310295864752918e-05,
    "gammaDp": 0.6916311571488168,
    "omegaP": 1.4577121911774878e-05
}