{
    "KICp": 8.570753707108896,
    "KINp": 0.012510762340746,
    "KlossROSp": 1.418860098011654e-05,
    "KprodROSp": 4.696016771488469e-09,
    "Mp": 3.7446671650318655e-06,
    "VmaxICp": 2.013810388348756e-05,
    "VmaxINp": 3.0147982926684752e-05,
    "gammaDp": 0.8586340865886362,
    "omegaP": 7.715857117409953e-06
}