{
    "KICp": 8.737186272477897,
    "KINp": 0.0413847429490923,
    "KlossROSp": 2.426026702374835e-07,
    "KprodROSp": 5.678872882719577e-10,
    "Mp": 3.1650983406953275e-06,
    "VmaxICp": 4.5775886009488726e-05,
    "VmaxINp": 2.5960342890921425e-05,
    "gammaDp": 0.7203524390316686,
    "omegaP": 6.474222883408658e-06
}