{
    "KICp": 134.62839943090307,
    "KINp": 0.0256407807395232,
    "KlossROSp": 2.5013199654444574e-07,
    "KprodROSp": 2.2579497687845522e-08,
    "Mp": 2.6032197969536834e-06,
    "VmaxICp": 2.944763042626885e-05,
    "VmaxINp": 3.518043281457682e-05,
    "gammaDp": 0.2033383225033457,
    "omegaP": 3.405555555555556e-05
}