{
    "KICp": 4.712339002848926,
    "KINp": 0.0047571954513332,
    "KlossROSp": 4.759919832141578e-07,
    "KprodROSp": 3.396886177162613e-09,
    "Mp": 5.710554974000541e-06,
    "VmaxICp": 2.2348540586036727e-05,
    "VmaxINp": 4.9773793424871633e-05,
    "gammaDp": 0.1356855899377008,
    "omegaP": 2.6203268661928065e-05
}