{
    "KICp": 8.737186272477897,
    "KINp": 0.0500387937653376,
    "KlossROSp": 1.956673654786862e-06,
    "KprodROSp": 4.696016771488469e-09,
    "Mp": 8.269675451544384e-06,
    "VmaxICp": 4.5775886009488726e-05,
    "VmaxINp": 2.5960342890921425e-05,
    "gammaDp": 0.205771706595797,
    "omegaP": 1.5102684325230636e-05
}