{
    "KICp": 5.680472402695634,
    "KINp": 0.1693672915046556,
    "KlossROSp": 1.1194412755374392e-06,
    "KprodROSp": 2.563208212517934e-09,
    "Mp": 4.848754942047774e-06,
    "VmaxICp": 3.890285504592702e-05,
    "VmaxINp": 3.641241026060827e-05,
    "gammaDp": 0.8,
    "omegaP": 3.150445622981578e-05
}