{
    "KICp": 3.9202698102595344,
    "KINp": 0.0036447685413118,
    "KlossROSp": 2.785535431694702e-07,
    "KprodROSp": 2.620617052755797e-08,
    "Mp": 3.063002687529042e-07,
    "VmaxICp": 2.1139600279442736e-05,
    "VmaxINp": 3.7258831554357485e-05,
    "gammaDp": 0.8,
    "omegaP": 3.405555555555556e-05
}