{
    "KICp": 37.0,
    "KINp": 0.1766119726426706,
    "KlossROSp": 1.956673654786862e-06,
    "KprodROSp": 1.0248025459658902e-09,
    "Mp": 4.892013753933489e-06,
    "VmaxICp": 1.9656488355427304e-05,
    "VmaxINp": 5.310295864752918e-05,
    "gammaDp": 0.6916311571488168,
    "omegaP": 1.3537366038100428e-05
}