{
    "KICp": 25.4664810111874,
    "KINp": 0.0339818078507116,
    "KlossROSp": 1.7576569762729187e-05,
    "KprodROSp": 1.1869439183260715e-09,
    "Mp": 3.124850146294372e-06,
    "VmaxICp": 3.3874948634843694e-05,
    "VmaxINp": 3.299501182080956e-05,
    "gammaDp": 0.2510738212003035,
    "omegaP": 4.656867263964e-06
}