{
    "KICp": 143.32494981824172,
    "KINp": 0.0030575420109821,
    "KlossROSp": 1.534113022390103e-05,
    "KprodROSp": 4.696016771488469e-09,
    "Mp": 3.9768678599130765e-06,
    "VmaxICp": 3.518474060376374e-05,
    "VmaxINp": 3.101826173183714e-05,
    "gammaDp": 0.8,
    "omegaP": 3.405555555555556e-05
}