{
    "KICp": 215.0382829477045,
    "KINp": 0.007710837404512,
    "KlossROSp": 3.3631915649766525e-07,
    "KprodROSp": 4.886819985434214e-10,
    "Mp": 5.710554974000541e-06,
    "VmaxICp": 2.841432237601069e-05,
    "VmaxINp": 4.9773793424871633e-05,
    "gammaDp": 0.1356855899377008,
    "omegaP": 2.6203268661928065e-05
}