{
    "KICp": 271.182999363792,
    "KINp": 0.02,
    "KlossROSp": 1.5210901702531456e-06,
    "KprodROSp": 2.8044707902426356e-09,
    "Mp": 5.2740930075071286e-06,
    "VmaxICp": 3.3359904142880645e-05,
    "VmaxINp": 3.340893843116118e-05,
    "gammaDp": 0.3728120693494703,
    "omegaP": 3.405555555555556e-05
}