{
    "KICp": 23.821195970611345,
    "KINp": 0.1393421006788769,
    "KlossROSp": 3.910245515090746e-07,
    "KprodROSp": 4.696016771488469e-09,
    "Mp": 2.3433903140653178e-06,
    "VmaxICp": 1.9656488355427304e-05,
    "VmaxINp": 5.310295864752918e-05,
    "gammaDp": 0.6916311571488168,
    "omegaP": 1.4577121911774878e-05
}