{
    "KICp": 17.49128896623506,
    "KINp": 0.02,
    "KlossROSp": 1.0119650691310369e-05,
    "KprodROSp": 4.696016771488469e-09,
    "Mp": 2.085802339602069e-06,
    "VmaxICp": 2.1240346205160816e-05,
    "VmaxINp": 2.9809103723637578e-05,
    "gammaDp": 0.2978885401395329,
    "omegaP": 3.405555555555556e-05
}