{
    "KICp": 31.356656251942017,
    "KINp": 0.0147453451547944,
    "KlossROSp": 1.996787477544239e-06,
    "KprodROSp": 2.2579497687845522e-08,
    "Mp": 6.1721157256538975e-06,
    "VmaxICp": 2.944763042626885e-05,
    "VmaxINp": 3.518043281457682e-05,
    "gammaDp": 0.187819752821086,
    "omegaP": 3.405555555555556e-05
}