{
    "KICp": 14.0662906901232,
    "KINp": 0.0137482215722709,
    "KlossROSp": 1.5533910744917933e-05,
    "KprodROSp": 4.696016771488469e-09,
    "Mp": 9.337173338900044e-06,
    "VmaxICp": 3.993751705047464e-05,
    "VmaxINp": 2.469509074802268e-05,
    "gammaDp": 0.6338235808623243,
    "omegaP": 5.308869799860545e-06
}