{
    "KICp": 179.640384836016,
    "KINp": 0.021917586023979,
    "KlossROSp": 3.913754241711165e-07,
    "KprodROSp": 2.4438203863874178e-08,
    "Mp": 5.10242195896766e-06,
    "VmaxICp": 4.2161950176859934e-05,
    "VmaxINp": 2.106541788412113e-05,
    "gammaDp": 0.3020155366200284,
    "omegaP": 3.405555555555556e-05
}