{
    "KICp": 25.4664810111874,
    "KINp": 0.02,
    "KlossROSp": 1.0405170909287784e-06,
    "KprodROSp": 1.4803031583921462e-08,
    "Mp": 3.041028783258166e-06,
    "VmaxICp": 3.3874948634843694e-05,
    "VmaxINp": 3.299501182080956e-05,
    "gammaDp": 0.1011678746281132,
    "omegaP": 1.0710266582381748e-05
}