{
    "KICp": 143.32494981824172,
    "KINp": 0.021597734791628,
    "KlossROSp": 4.810616079348962e-07,
    "KprodROSp": 5.844119949013032e-09,
    "Mp": 7.377085206798467e-06,
    "VmaxICp": 3.518474060376374e-05,
    "VmaxINp": 3.101826173183714e-05,
    "gammaDp": 0.8,
    "omegaP": 6.238686042308896e-06
}