{
    "KICp": 172.62410764092877,
    "KINp": 0.1176291990904344,
    "KlossROSp": 1.3404309603701055e-05,
    "KprodROSp": 8.642534323659302e-10,
    "Mp": 3.662895933733536e-06,
    "VmaxICp": 3.335550915309005e-05,
    "VmaxINp": 3.1660453210273745e-05,
    "gammaDp": 0.2359634829825716,
    "omegaP": 6.331783718786644e-06
}