{
    "KICp": 42.67655810282768,
    "KINp": 0.02,
    "KlossROSp": 2.2258825146045e-06,
    "KprodROSp": 1.8434557820751408e-08,
    "Mp": 2.8523635339295367e-06,
    "VmaxICp": 3.848341966451229e-05,
    "VmaxINp": 3.0370223038709184e-05,
    "gammaDp": 0.8,
    "omegaP": 2.8171749323045133e-05
}