{
    "KICp": 4.076801087797087,
    "KINp": 0.0027277417727851,
    "KlossROSp": 7.976840739550149e-06,
    "KprodROSp": 9.86390644543807e-10,
    "Mp": 3.3929043068357546e-06,
    "VmaxICp": 2.507847662950445e-05,
    "VmaxINp": 4.031286575286296e-05,
    "gammaDp": 0.1591065022069747,
    "omegaP": 7.575460164419982e-06
}