{
    "KICp": 69.239373290186,
    "KINp": 0.002380186621047,
    "KlossROSp": 1.7281684289279482e-05,
    "KprodROSp": 9.86390644543807e-10,
    "Mp": 3.3929043068357546e-06,
    "VmaxICp": 2.507847662950445e-05,
    "VmaxINp": 2.0184421597636385e-05,
    "gammaDp": 0.5271663441706805,
    "omegaP": 3.7266429025672605e-05
}