{
    "KICp": 134.62839943090307,
    "KINp": 0.0147453451547944,
    "KlossROSp": 1.993625360671737e-07,
    "KprodROSp": 2.2579497687845522e-08,
    "Mp": 2.206908269483136e-06,
    "VmaxICp": 2.944763042626885e-05,
    "VmaxINp": 3.518043281457682e-05,
    "gammaDp": 0.2033383225033457,
    "omegaP": 2.511511825313051e-05
}