{
    "KICp": 26.21847644635429,
    "KINp": 0.0155899513228246,
    "KlossROSp": 6.254046765544843e-07,
    "KprodROSp": 7.662446667261344e-09,
    "Mp": 2.631055197490588e-06,
    "VmaxICp": 1.99171845067449e-05,
    "VmaxINp": 3.822379427227215e-05,
    "gammaDp": 0.1031463066263404,
    "omegaP": 3.405555555555556e-05
}