{
    "KICp": 197.85263353384147,
    "KINp": 0.0022823684594207,
    "KlossROSp": 1.7937768959794022e-06,
    "KprodROSp": 2.2579497687845522e-08,
    "Mp": 6.1721157256538975e-06,
    "VmaxICp": 2.944763042626885e-05,
    "VmaxINp": 3.518043281457682e-05,
    "gammaDp": 0.2033383225033457,
    "omegaP": 3.405555555555556e-05
}