{
    "KICp": 318.16465999383644,
    "KINp": 0.0147453451547944,
    "KlossROSp": 3.140101081652797e-07,
    "KprodROSp": 2.2708374106186594e-09,
    "Mp": 6.1721157256538975e-06,
    "VmaxICp": 2.944763042626885e-05,
    "VmaxINp": 3.518043281457682e-05,
    "gammaDp": 0.2033383225033457,
    "omegaP": 3.405555555555556e-05
}