{
    "KICp": 66.51508440126989,
    "KINp": 0.0067383653160009,
    "KlossROSp": 1.26891362018595e-05,
    "KprodROSp": 4.696016771488469e-09,
    "Mp": 3.7446671650318655e-06,
    "VmaxICp": 2.013810388348756e-05,
    "VmaxINp": 3.0147982926684752e-05,
    "gammaDp": 0.1070956860742374,
    "omegaP": 7.715857117409953e-06
}