{
    "KICp": 8.932340893627734,
    "KINp": 0.003747437850438,
    "KlossROSp": 2.8521245924620455e-07,
    "KprodROSp": 1.3123882229527167e-09,
    "Mp": 6.946343325333469e-06,
    "VmaxICp": 3.821681793172279e-05,
    "VmaxINp": 2.3591947493665908e-05,
    "gammaDp": 0.8,
    "omegaP": 3.405555555555556e-05
}