{
    "KICp": 55.568163515610976,
    "KINp": 0.0070213485930274,
    "KlossROSp": 1.525861814466654e-06,
    "KprodROSp": 4.696016771488469e-09,
    "Mp": 2.3274918508029555e-06,
    "VmaxICp": 4.6144575882783305e-05,
    "VmaxINp": 2.1050459191272463e-05,
    "gammaDp": 0.103987764974499,
    "omegaP": 1.6135410105985637e-05
}