{
    "KICp": 4.076801087797087,
    "KINp": 0.0132114070818529,
    "KlossROSp": 8.945697870268645e-07,
    "KprodROSp": 4.685990152339444e-09,
    "Mp": 3.3929043068357546e-06,
    "VmaxICp": 2.507847662950445e-05,
    "VmaxINp": 2.0184421597636385e-05,
    "gammaDp": 0.5271663441706805,
    "omegaP": 7.575460164419982e-06
}