{
    "KICp": 143.32494981824172,
    "KINp": 0.021597734791628,
    "KlossROSp": 4.4120107325706294e-07,
    "KprodROSp": 2.1940374404632076e-08,
    "Mp": 7.377085206798467e-06,
    "VmaxICp": 5.1400814016376605e-05,
    "VmaxINp": 3.101826173183714e-05,
    "gammaDp": 0.8,
    "omegaP": 4.824872016359006e-06
}