{
    "KICp": 52.94507445383773,
    "KINp": 0.0061603736237288,
    "KlossROSp": 1.4570443770370756e-06,
    "KprodROSp": 9.315567726206953e-09,
    "Mp": 3.719431494250281e-06,
    "VmaxICp": 3.941198841649784e-05,
    "VmaxINp": 3.4261257463296454e-05,
    "gammaDp": 0.8,
    "omegaP": 6.057570569578329e-06
}