{
    "KICp": 67.87567315389792,
    "KINp": 0.1176291990904344,
    "KlossROSp": 4.178470905776608e-07,
    "KprodROSp": 8.642534323659302e-10,
    "Mp": 4.2713031253665055e-06,
    "VmaxICp": 3.335550915309005e-05,
    "VmaxINp": 3.1660453210273745e-05,
    "gammaDp": 0.5249660604996513,
    "omegaP": 1.862261653175072e-05
}