{
    "KICp": 9.819317481885806,
    "KINp": 0.1761517776690934,
    "KlossROSp": 1.2806594939517772e-05,
    "KprodROSp": 4.92653257942185e-10,
    "Mp": 3.719431494250281e-06,
    "VmaxICp": 3.941198841649784e-05,
    "VmaxINp": 4.102137218241207e-05,
    "gammaDp": 0.8,
    "omegaP": 0.0001022512860261
}