{
    "KICp": 102.67155380472762,
    "KINp": 0.0389294159475444,
    "KlossROSp": 1.956673654786862e-06,
    "KprodROSp": 4.696016771488469e-09,
    "Mp": 6.251794663711662e-06,
    "VmaxICp": 4.283799594838436e-05,
    "VmaxINp": 2.1950636937434224e-05,
    "gammaDp": 0.8979751643582558,
    "omegaP": 4.324994228250119e-06
}