{
    "KICp": 114.36387125509393,
    "KINp": 0.0043578420575895,
    "KlossROSp": 1.5793161021815554e-05,
    "KprodROSp": 6.747636065780939e-09,
    "Mp": 7.76943375022838e-06,
    "VmaxICp": 4.4342547506684e-05,
    "VmaxINp": 2.964778904713885e-05,
    "gammaDp": 0.8,
    "omegaP": 4.509303418482324e-05
}