{
    "KICp": 255.67665202287225,
    "KINp": 0.0027592525059726,
    "KlossROSp": 3.913754241711165e-07,
    "KprodROSp": 2.4438203863874178e-08,
    "Mp": 4.407669700561288e-06,
    "VmaxICp": 4.2161950176859934e-05,
    "VmaxINp": 2.106541788412113e-05,
    "gammaDp": 0.3548967700985355,
    "omegaP": 3.711905800397482e-06
}