{
    "KICp": 37.0,
    "KINp": 0.0615004040866966,
    "KlossROSp": 5.854744911229848e-06,
    "KprodROSp": 1.8023202702507693e-08,
    "Mp": 5.9747046716089534e-06,
    "VmaxICp": 5.166470922809985e-05,
    "VmaxINp": 1.8961599767903416e-05,
    "gammaDp": 0.2061938126666773,
    "omegaP": 5.9086911106165024e-05
}