{
    "KICp": 134.62839943090307,
    "KINp": 0.0147453451547944,
    "KlossROSp": 1.0949522091632467e-05,
    "KprodROSp": 9.217424583727563e-10,
    "Mp": 6.1721157256538975e-06,
    "VmaxICp": 2.944763042626885e-05,
    "VmaxINp": 3.518043281457682e-05,
    "gammaDp": 0.1434570497733431,
    "omegaP": 3.405555555555556e-05
}