{
    "KICp": 8.460606635881293,
    "KINp": 0.0511365652040285,
    "KlossROSp": 1.429812416770284e-05,
    "KprodROSp": 1.7116278466274308e-08,
    "Mp": 6.12595917797717e-06,
    "VmaxICp": 3.076400427135547e-05,
    "VmaxINp": 3.782190380501624e-05,
    "gammaDp": 0.8,
    "omegaP": 1.773221721705509e-05
}