{
    "KICp": 271.182999363792,
    "KINp": 0.02,
    "KlossROSp": 5.342579189246619e-06,
    "KprodROSp": 4.4406273274266755e-09,
    "Mp": 2.6986029840623345e-06,
    "VmaxICp": 2.118093625798832e-05,
    "VmaxINp": 5.252093232831714e-05,
    "gammaDp": 0.2122320435104942,
    "omegaP": 3.405555555555556e-05
}