{
    "KICp": 37.0,
    "KINp": 0.1476258517520046,
    "KlossROSp": 1.429812416770284e-05,
    "KprodROSp": 9.1232271334733e-09,
    "Mp": 6.12595917797717e-06,
    "VmaxICp": 2.142189527004085e-05,
    "VmaxINp": 3.782190380501624e-05,
    "gammaDp": 0.8,
    "omegaP": 3.1116825105976414e-05
}