{
    "KICp": 63.15283114367428,
    "KINp": 0.0025055495413936,
    "KlossROSp": 6.329563408549004e-07,
    "KprodROSp": 1.823277816035954e-08,
    "Mp": 6.927900357070636e-06,
    "VmaxICp": 3.899739479399928e-05,
    "VmaxINp": 4.13242207074172e-05,
    "gammaDp": 0.122952890472632,
    "omegaP": 1.3238302281887729e-05
}