{
    "KICp": 4.076801087797087,
    "KINp": 0.0442784064181011,
    "KlossROSp": 1.7281684289279482e-05,
    "KprodROSp": 4.986346800126381e-09,
    "Mp": 3.3929043068357546e-06,
    "VmaxICp": 2.507847662950445e-05,
    "VmaxINp": 2.0184421597636385e-05,
    "gammaDp": 0.8996467114916932,
    "omegaP": 7.575460164419982e-06
}