{
    "KICp": 99.77276111697104,
    "KINp": 0.048072264498677,
    "KlossROSp": 5.342579189246619e-06,
    "KprodROSp": 6.234482811670332e-09,
    "Mp": 2.6986029840623345e-06,
    "VmaxICp": 2.118093625798832e-05,
    "VmaxINp": 3.340893843116118e-05,
    "gammaDp": 0.3728120693494703,
    "omegaP": 3.405555555555556e-05
}