{
    "KICp": 6.124103786828248,
    "KINp": 0.0429336167577861,
    "KlossROSp": 2.174344091934376e-06,
    "KprodROSp": 7.662446667261344e-09,
    "Mp": 2.631055197490588e-06,
    "VmaxICp": 1.99171845067449e-05,
    "VmaxINp": 1.835789968240644e-05,
    "gammaDp": 0.1045907892343654,
    "omegaP": 3.898023051907535e-06
}