{
    "KICp": 37.0,
    "KINp": 0.02,
    "KlossROSp": 1.0119650691310369e-05,
    "KprodROSp": 2.8710177909979248e-08,
    "Mp": 2.4035027266233865e-06,
    "VmaxICp": 2.1240346205160816e-05,
    "VmaxINp": 4.86614456928234e-05,
    "gammaDp": 0.5750283524865664,
    "omegaP": 3.405555555555556e-05
}