{
    "KICp": 25.4664810111874,
    "KINp": 0.02,
    "KlossROSp": 1.956673654786862e-06,
    "KprodROSp": 3.4852102784260883e-08,
    "Mp": 1.7867284203058394e-06,
    "VmaxICp": 3.3874948634843694e-05,
    "VmaxINp": 3.299501182080956e-05,
    "gammaDp": 0.2510738212003035,
    "omegaP": 5.635463914408181e-05
}