{
    "KICp": 129.4775433846346,
    "KINp": 0.0133769314954969,
    "KlossROSp": 9.82532936904172e-06,
    "KprodROSp": 3.3670431873634622e-09,
    "Mp": 3.3520120856468066e-06,
    "VmaxICp": 5.166470922809985e-05,
    "VmaxINp": 1.8961599767903416e-05,
    "gammaDp": 0.189771501248009,
    "omegaP": 7.998729439711972e-05
}