{
    "KICp": 52.94507445383773,
    "KINp": 0.0021016947110946,
    "KlossROSp": 1.2806594939517772e-05,
    "KprodROSp": 1.0657656851801211e-08,
    "Mp": 3.719431494250281e-06,
    "VmaxICp": 3.941198841649784e-05,
    "VmaxINp": 2.947036894161184e-05,
    "gammaDp": 0.7473850099647776,
    "omegaP": 3.181328472707426e-05
}