{
    "KICp": 37.0,
    "KINp": 0.0050453006533628,
    "KlossROSp": 8.123250446416557e-06,
    "KprodROSp": 5.855062078575506e-10,
    "Mp": 7.650203970362527e-06,
    "VmaxICp": 2.4683059163255835e-05,
    "VmaxINp": 5.166600287522624e-05,
    "gammaDp": 0.7827811870529734,
    "omegaP": 3.405555555555556e-05
}