{
    "KICp": 37.0,
    "KINp": 0.0024768288184404,
    "KlossROSp": 2.78483907137672e-06,
    "KprodROSp": 4.696016771488469e-09,
    "Mp": 6.946343325333469e-06,
    "VmaxICp": 3.821681793172279e-05,
    "VmaxINp": 2.3591947493665908e-05,
    "gammaDp": 0.3956057299585475,
    "omegaP": 3.193199240804794e-05
}