{
    "KICp": 4.094896947148669,
    "KINp": 0.02,
    "KlossROSp": 2.047149785535061e-07,
    "KprodROSp": 5.855062078575506e-10,
    "Mp": 4.628182135228919e-06,
    "VmaxICp": 2.4683059163255835e-05,
    "VmaxINp": 5.166600287522624e-05,
    "gammaDp": 0.7827811870529734,
    "omegaP": 3.405555555555556e-05
}