{
    "KICp": 52.94507445383773,
    "KINp": 0.0078987922500298,
    "KlossROSp": 1.2806594939517772e-05,
    "KprodROSp": 4.92653257942185e-10,
    "Mp": 4.080706675447484e-06,
    "VmaxICp": 3.941198841649784e-05,
    "VmaxINp": 2.947036894161184e-05,
    "gammaDp": 0.7352081869672716,
    "omegaP": 8.434230752909639e-05
}