{
    "KICp": 64.6256338781961,
    "KINp": 0.1414069592813673,
    "KlossROSp": 2.125264079374724e-06,
    "KprodROSp": 9.490271720003585e-09,
    "Mp": 2.892904890740657e-06,
    "VmaxICp": 4.586545017431457e-05,
    "VmaxINp": 2.056529861503231e-05,
    "gammaDp": 0.1792719611879844,
    "omegaP": 3.405555555555556e-05
}