{
    "KICp": 24.467674003189146,
    "KINp": 0.0257505011278936,
    "KlossROSp": 1.956673654786862e-06,
    "KprodROSp": 1.284125056208454e-09,
    "Mp": 5.033551517298981e-06,
    "VmaxICp": 4.244425338569979e-05,
    "VmaxINp": 4.05734256942951e-05,
    "gammaDp": 0.5070015822213415,
    "omegaP": 3.954795191365771e-06
}