{
    "KICp": 13.770798475360497,
    "KINp": 0.0061603736237288,
    "KlossROSp": 1.2806594939517772e-05,
    "KprodROSp": 4.92653257942185e-10,
    "Mp": 3.719431494250281e-06,
    "VmaxICp": 3.941198841649784e-05,
    "VmaxINp": 2.947036894161184e-05,
    "gammaDp": 0.1673409264981467,
    "omegaP": 5.175466946094106e-05
}