{
    "KICp": 25.4664810111874,
    "KINp": 0.02,
    "KlossROSp": 1.2303865187736237e-06,
    "KprodROSp": 2.5903766108370463e-09,
    "Mp": 3.041028783258166e-06,
    "VmaxICp": 3.3874948634843694e-05,
    "VmaxINp": 3.299501182080956e-05,
    "gammaDp": 0.2195512127710964,
    "omegaP": 3.405555555555556e-05
}