{
    "KICp": 37.0,
    "KINp": 0.0033968844056121,
    "KlossROSp": 1.0119650691310369e-05,
    "KprodROSp": 4.696016771488469e-09,
    "Mp": 3.826087782958878e-06,
    "VmaxICp": 2.1240346205160816e-05,
    "VmaxINp": 2.9809103723637578e-05,
    "gammaDp": 0.7063264129036652,
    "omegaP": 3.624103922738086e-06
}