{
    "KICp": 37.0,
    "KINp": 0.016315507220666,
    "KlossROSp": 6.329563408549004e-07,
    "KprodROSp": 1.823277816035954e-08,
    "Mp": 2.400287153417288e-06,
    "VmaxICp": 4.225746737540116e-05,
    "VmaxINp": 4.13242207074172e-05,
    "gammaDp": 0.2404779478494957,
    "omegaP": 0.0001151290768015
}