{
    "KICp": 37.0,
    "KINp": 0.0499091916563343,
    "KlossROSp": 4.676752938465664e-07,
    "KprodROSp": 5.855062078575506e-10,
    "Mp": 4.153312188509815e-06,
    "VmaxICp": 3.9807545961253264e-05,
    "VmaxINp": 5.166600287522624e-05,
    "gammaDp": 0.4618562606473412,
    "omegaP": 3.405555555555556e-05
}