{
    "KICp": 37.0,
    "KINp": 0.0488997224578507,
    "KlossROSp": 1.429812416770284e-05,
    "KprodROSp": 2.747580859375568e-09,
    "Mp": 6.552901211187045e-06,
    "VmaxICp": 3.076400427135547e-05,
    "VmaxINp": 3.782190380501624e-05,
    "gammaDp": 0.8,
    "omegaP": 5.534996785600473e-05
}