{
    "KICp": 37.0,
    "KINp": 0.0063983327187218,
    "KlossROSp": 5.673464021922904e-07,
    "KprodROSp": 2.134329553874352e-09,
    "Mp": 2.3433903140653178e-06,
    "VmaxICp": 1.9656488355427304e-05,
    "VmaxINp": 5.310295864752918e-05,
    "gammaDp": 0.6916311571488168,
    "omegaP": 1.4577121911774878e-05
}