{
    "KICp": 5.680472402695634,
    "KINp": 0.0246422181139863,
    "KlossROSp": 1.191115552143054e-06,
    "KprodROSp": 6.386881187158794e-10,
    "Mp": 4.848754942047774e-06,
    "VmaxICp": 3.890285504592702e-05,
    "VmaxINp": 3.641241026060827e-05,
    "gammaDp": 0.8,
    "omegaP": 6.530786245383137e-06
}