{
    "KICp": 10.644131512439952,
    "KINp": 0.0413847429490923,
    "KlossROSp": 1.956673654786862e-06,
    "KprodROSp": 1.1375649004110271e-08,
    "Mp": 3.1650983406953275e-06,
    "VmaxICp": 4.5775886009488726e-05,
    "VmaxINp": 2.5960342890921425e-05,
    "gammaDp": 0.2102798109365575,
    "omegaP": 3.405555555555556e-05
}