{
    "KICp": 28.88769857580113,
    "KINp": 0.02,
    "KlossROSp": 1.7281684289279482e-05,
    "KprodROSp": 9.86390644543807e-10,
    "Mp": 3.3929043068357546e-06,
    "VmaxICp": 2.272898654188464e-05,
    "VmaxINp": 2.0184421597636385e-05,
    "gammaDp": 0.5271663441706805,
    "omegaP": 1.1697218706990913e-05
}