{
    "KICp": 37.0,
    "KINp": 0.0025055495413936,
    "KlossROSp": 6.329563408549004e-07,
    "KprodROSp": 1.823277816035954e-08,
    "Mp": 2.400287153417288e-06,
    "VmaxICp": 2.408128468186884e-05,
    "VmaxINp": 4.13242207074172e-05,
    "gammaDp": 0.79968947269985,
    "omegaP": 2.164062714623271e-05
}