{
    "KICp": 14.026303420723854,
    "KINp": 0.02,
    "KlossROSp": 2.785535431694702e-07,
    "KprodROSp": 1.773509433415143e-08,
    "Mp": 3.063002687529042e-07,
    "VmaxICp": 2.1139600279442736e-05,
    "VmaxINp": 3.7258831554357485e-05,
    "gammaDp": 0.1063857393337829,
    "omegaP": 3.405555555555556e-05
}