{
    "KICp": 37.0,
    "KINp": 0.0736853567811834,
    "KlossROSp": 8.472902217950813e-07,
    "KprodROSp": 6.457860813776727e-10,
    "Mp": 9.588782505257245e-06,
    "VmaxICp": 4.931713485514451e-05,
    "VmaxINp": 3.208823679912533e-05,
    "gammaDp": 0.3194299148490765,
    "omegaP": 7.146582142769923e-06
}