{
    "KICp": 37.0,
    "KINp": 0.0025055495413936,
    "KlossROSp": 6.329563408549004e-07,
    "KprodROSp": 1.823277816035954e-08,
    "Mp": 8.83114348314244e-06,
    "VmaxICp": 3.899739479399928e-05,
    "VmaxINp": 2.4675155715322665e-05,
    "gammaDp": 0.2404779478494957,
    "omegaP": 1.716041259298729e-05
}