{
    "KICp": 55.568163515610976,
    "KINp": 0.0057893364316807,
    "KlossROSp": 6.568048694026086e-06,
    "KprodROSp": 4.696016771488469e-09,
    "Mp": 4.264754731800237e-06,
    "VmaxICp": 4.6144575882783305e-05,
    "VmaxINp": 2.297480160757044e-05,
    "gammaDp": 0.4002025771522571,
    "omegaP": 3.405555555555556e-05
}