{
    "KICp": 143.32494981824172,
    "KINp": 0.021597734791628,
    "KlossROSp": 1.956673654786862e-06,
    "KprodROSp": 8.05353155404131e-10,
    "Mp": 3.280285682047415e-06,
    "VmaxICp": 3.5461099052484346e-05,
    "VmaxINp": 3.101826173183714e-05,
    "gammaDp": 0.8,
    "omegaP": 4.837288165954268e-06
}