{
    "KICp": 303.3474000315432,
    "KINp": 0.0082040689106666,
    "KlossROSp": 1.7353841499754882e-05,
    "KprodROSp": 6.9050897490251165e-09,
    "Mp": 4.79358885393699e-06,
    "VmaxICp": 3.9389559149571735e-05,
    "VmaxINp": 2.7959416329357783e-05,
    "gammaDp": 0.2949423188685002,
    "omegaP": 4.23359812816228e-05
}