{
    "KICp": 11.131787262328954,
    "KINp": 0.0212581288002743,
    "KlossROSp": 3.379889461034548e-06,
    "KprodROSp": 2.5930835340736125e-08,
    "Mp": 5.574569307226228e-06,
    "VmaxICp": 3.848341966451229e-05,
    "VmaxINp": 3.0370223038709184e-05,
    "gammaDp": 0.8,
    "omegaP": 8.512953316534417e-05
}