{
    "KICp": 8.737186272477897,
    "KINp": 0.0413847429490923,
    "KlossROSp": 1.956673654786862e-06,
    "KprodROSp": 2.070851290409042e-09,
    "Mp": 3.1650983406953275e-06,
    "VmaxICp": 4.5775886009488726e-05,
    "VmaxINp": 2.5960342890921425e-05,
    "gammaDp": 0.2762827235334297,
    "omegaP": 2.4629022661989267e-05
}