{
    "KICp": 37.0,
    "KINp": 0.179054697300721,
    "KlossROSp": 4.676752938465664e-07,
    "KprodROSp": 5.855062078575506e-10,
    "Mp": 4.153312188509815e-06,
    "VmaxICp": 2.4683059163255835e-05,
    "VmaxINp": 5.166600287522624e-05,
    "gammaDp": 0.2503120336041491,
    "omegaP": 1.835602673456361e-05
}