{
    "KICp": 67.3803446486226,
    "KINp": 0.02,
    "KlossROSp": 1.2646420576489756e-06,
    "KprodROSp": 5.855062078575506e-10,
    "Mp": 4.032732596704489e-06,
    "VmaxICp": 2.543385635161928e-05,
    "VmaxINp": 5.166600287522624e-05,
    "gammaDp": 0.7827811870529734,
    "omegaP": 3.405555555555556e-05
}