{
    "KICp": 8.285410008045853,
    "KINp": 0.02,
    "KlossROSp": 1.5533910744917933e-05,
    "KprodROSp": 2.088563645394934e-08,
    "Mp": 9.337173338900044e-06,
    "VmaxICp": 3.993751705047464e-05,
    "VmaxINp": 2.469509074802268e-05,
    "gammaDp": 0.6338235808623243,
    "omegaP": 3.425141909754126e-06
}