{
    "KICp": 37.0,
    "KINp": 0.0068733645001353,
    "KlossROSp": 8.472902217950813e-07,
    "KprodROSp": 3.6357669009680635e-09,
    "Mp": 9.588782505257245e-06,
    "VmaxICp": 4.931713485514451e-05,
    "VmaxINp": 3.208823679912533e-05,
    "gammaDp": 0.150670811518245,
    "omegaP": 2.78675107832716e-05
}