{
    "KICp": 47.151181074351705,
    "KINp": 0.0067383653160009,
    "KlossROSp": 2.5471280649303512e-06,
    "KprodROSp": 7.033223827461606e-09,
    "Mp": 3.178703468985869e-06,
    "VmaxICp": 2.013810388348756e-05,
    "VmaxINp": 4.485215031995224e-05,
    "gammaDp": 0.8586340865886362,
    "omegaP": 7.715857117409953e-06
}