{
    "KICp": 102.67155380472762,
    "KINp": 0.003282572496818,
    "KlossROSp": 1.956673654786862e-06,
    "KprodROSp": 4.696016771488469e-09,
    "Mp": 8.22852320461301e-06,
    "VmaxICp": 3.573271777338533e-05,
    "VmaxINp": 2.1950636937434224e-05,
    "gammaDp": 0.669059540813762,
    "omegaP": 1.428561225853047e-05
}