{
    "KICp": 37.0,
    "KINp": 0.0193240072932743,
    "KlossROSp": 1.5640827727328882e-06,
    "KprodROSp": 3.3670431873634622e-09,
    "Mp": 3.3520120856468066e-06,
    "VmaxICp": 5.166470922809985e-05,
    "VmaxINp": 1.8961599767903416e-05,
    "gammaDp": 0.189771501248009,
    "omegaP": 2.1556336579652043e-05
}