{
    "KICp": 3.908989295313256,
    "KINp": 0.0748391923541201,
    "KlossROSp": 5.854744911229848e-06,
    "KprodROSp": 2.619160887920781e-08,
    "Mp": 3.3520120856468066e-06,
    "VmaxICp": 5.166470922809985e-05,
    "VmaxINp": 1.8961599767903416e-05,
    "gammaDp": 0.2031452375064576,
    "omegaP": 1.3326747904759024e-05
}