{
    "KICp": 303.3474000315432,
    "KINp": 0.0022597297684159,
    "KlossROSp": 5.938771706729821e-06,
    "KprodROSp": 1.650383145403924e-09,
    "Mp": 4.79358885393699e-06,
    "VmaxICp": 1.902207446881097e-05,
    "VmaxINp": 2.7959416329357783e-05,
    "gammaDp": 0.1986180773424883,
    "omegaP": 3.876791368422618e-06
}