{
    "KICp": 37.0,
    "KINp": 0.02,
    "KlossROSp": 1.6378200905917694e-05,
    "KprodROSp": 1.2334891139583148e-08,
    "Mp": 4.459295797303931e-06,
    "VmaxICp": 2.4683059163255835e-05,
    "VmaxINp": 5.166600287522624e-05,
    "gammaDp": 0.7827811870529734,
    "omegaP": 3.405555555555556e-05
}