{
    "KICp": 73.23450466771622,
    "KINp": 0.02,
    "KlossROSp": 4.002243186975871e-06,
    "KprodROSp": 1.1614392353120133e-08,
    "Mp": 2.8523635339295367e-06,
    "VmaxICp": 3.848341966451229e-05,
    "VmaxINp": 3.0370223038709184e-05,
    "gammaDp": 0.5648814748293736,
    "omegaP": 8.512953316534417e-05
}