{
    "KICp": 11.131787262328954,
    "KINp": 0.0978553547911634,
    "KlossROSp": 4.97660735492565e-06,
    "KprodROSp": 2.1789057082157162e-08,
    "Mp": 8.309862098534444e-06,
    "VmaxICp": 3.848341966451229e-05,
    "VmaxINp": 3.0370223038709184e-05,
    "gammaDp": 0.8,
    "omegaP": 5.9533665462165525e-06
}