{
    "KICp": 79.61779531173336,
    "KINp": 0.019444603755274,
    "KlossROSp": 1.0119650691310369e-05,
    "KprodROSp": 4.696016771488469e-09,
    "Mp": 3.826087782958878e-06,
    "VmaxICp": 2.967667311723828e-05,
    "VmaxINp": 2.9809103723637578e-05,
    "gammaDp": 0.1448180677391539,
    "omegaP": 8.876998496913164e-06
}