{
    "KICp": 123.98680105950903,
    "KINp": 0.037531288885895,
    "KlossROSp": 4.676752938465664e-07,
    "KprodROSp": 3.383539909902413e-08,
    "Mp": 4.153312188509815e-06,
    "VmaxICp": 2.4683059163255835e-05,
    "VmaxINp": 4.364479698281403e-05,
    "gammaDp": 0.7827811870529734,
    "omegaP": 3.405555555555556e-05
}