{
    "KICp": 4.863686723359,
    "KINp": 0.1414069592813673,
    "KlossROSp": 2.125264079374724e-06,
    "KprodROSp": 1.307114562650846e-08,
    "Mp": 6.742235325838682e-06,
    "VmaxICp": 4.320413457714583e-05,
    "VmaxINp": 2.056529861503231e-05,
    "gammaDp": 0.1249315172823214,
    "omegaP": 3.405555555555556e-05
}