{
    "KICp": 12.914472571038807,
    "KINp": 0.003747437850438,
    "KlossROSp": 1.956673654786862e-06,
    "KprodROSp": 2.3550091275468007e-08,
    "Mp": 6.946343325333469e-06,
    "VmaxICp": 3.821681793172279e-05,
    "VmaxINp": 2.3591947493665908e-05,
    "gammaDp": 0.2211543805973968,
    "omegaP": 3.405555555555556e-05
}