{
    "KICp": 11.496890312245773,
    "KINp": 0.02,
    "KlossROSp": 4.676752938465664e-07,
    "KprodROSp": 5.488825337972848e-09,
    "Mp": 4.153312188509815e-06,
    "VmaxICp": 2.4683059163255835e-05,
    "VmaxINp": 5.166600287522624e-05,
    "gammaDp": 0.7827811870529734,
    "omegaP": 2.67518874687898e-05
}