{
    "KICp": 8.737186272477897,
    "KINp": 0.0198440450574917,
    "KlossROSp": 3.917800734241216e-07,
    "KprodROSp": 4.696016771488469e-09,
    "Mp": 2.201082095335578e-06,
    "VmaxICp": 4.5775886009488726e-05,
    "VmaxINp": 2.5960342890921425e-05,
    "gammaDp": 0.1714120138814789,
    "omegaP": 3.405555555555556e-05
}