{
    "KICp": 255.67665202287225,
    "KINp": 0.0037563959915461,
    "KlossROSp": 1.1816757416435957e-05,
    "KprodROSp": 2.4438203863874178e-08,
    "Mp": 4.407669700561288e-06,
    "VmaxICp": 4.2161950176859934e-05,
    "VmaxINp": 2.6882384332280537e-05,
    "gammaDp": 0.7473539488528463,
    "omegaP": 1.9147540245584256e-05
}