{
    "KICp": 11.845337477145966,
    "KINp": 0.0413847429490923,
    "KlossROSp": 2.082114562601489e-06,
    "KprodROSp": 4.696016771488469e-09,
    "Mp": 4.427611833916664e-06,
    "VmaxICp": 4.5775886009488726e-05,
    "VmaxINp": 2.5960342890921425e-05,
    "gammaDp": 0.1079990296692466,
    "omegaP": 3.405555555555556e-05
}