{
    "KICp": 5.906453805176204,
    "KINp": 0.02,
    "KlossROSp": 1.7353841499754882e-05,
    "KprodROSp": 3.4061922020758702e-09,
    "Mp": 4.491189127224218e-06,
    "VmaxICp": 1.902207446881097e-05,
    "VmaxINp": 2.7959416329357783e-05,
    "gammaDp": 0.2949423188685002,
    "omegaP": 4.252229390885715e-06
}