{
    "KICp": 4.712339002848926,
    "KINp": 0.005464898974372,
    "KlossROSp": 4.542896449491711e-07,
    "KprodROSp": 2.421168268544994e-09,
    "Mp": 5.710554974000541e-06,
    "VmaxICp": 3.971928540075149e-05,
    "VmaxINp": 3.254059804671719e-05,
    "gammaDp": 0.1289310438029766,
    "omegaP": 2.6203268661928065e-05
}