{
    "KICp": 282.5130430713577,
    "KINp": 0.02,
    "KlossROSp": 3.3631915649766525e-07,
    "KprodROSp": 2.421168268544994e-09,
    "Mp": 5.710554974000541e-06,
    "VmaxICp": 3.971928540075149e-05,
    "VmaxINp": 4.9773793424871633e-05,
    "gammaDp": 0.515612945804026,
    "omegaP": 5.809721115212935e-05
}