{
    "KICp": 32.60850135395225,
    "KINp": 0.0382552143768877,
    "KlossROSp": 3.4157940081857563e-06,
    "KprodROSp": 4.696016771488469e-09,
    "Mp": 9.337173338900044e-06,
    "VmaxICp": 3.993751705047464e-05,
    "VmaxINp": 5.341617902644799e-05,
    "gammaDp": 0.6338235808623243,
    "omegaP": 5.59801955716824e-06
}