{
    "KICp": 7.792682333030441,
    "KINp": 0.02,
    "KlossROSp": 1.957353852401201e-07,
    "KprodROSp": 1.1869439183260715e-09,
    "Mp": 3.041028783258166e-06,
    "VmaxICp": 3.3874948634843694e-05,
    "VmaxINp": 3.299501182080956e-05,
    "gammaDp": 0.5380355386014931,
    "omegaP": 3.222220514188482e-05
}