{
    "KICp": 37.0,
    "KINp": 0.0818115655117679,
    "KlossROSp": 3.31651123837375e-07,
    "KprodROSp": 2.944811282395621e-08,
    "Mp": 1.856358466340647e-07,
    "VmaxICp": 3.2798811559305774e-05,
    "VmaxINp": 2.2898429844709275e-05,
    "gammaDp": 0.3727823797906099,
    "omegaP": 3.405555555555556e-05
}