{
    "KICp": 175.3638197179337,
    "KINp": 0.0034617446234956,
    "KlossROSp": 4.383005056480198e-07,
    "KprodROSp": 4.174831893922298e-08,
    "Mp": 1.856358466340647e-07,
    "VmaxICp": 3.2798811559305774e-05,
    "VmaxINp": 2.2898429844709275e-05,
    "gammaDp": 0.8,
    "omegaP": 3.405555555555556e-05
}