{
    "KICp": 37.0,
    "KINp": 0.0034617446234956,
    "KlossROSp": 3.31651123837375e-07,
    "KprodROSp": 3.023700158929519e-08,
    "Mp": 2.716049131246818e-07,
    "VmaxICp": 2.8585680542679364e-05,
    "VmaxINp": 2.2898429844709275e-05,
    "gammaDp": 0.3505679394672508,
    "omegaP": 3.405555555555556e-05
}