{
    "KICp": 37.0,
    "KINp": 0.1585553213868738,
    "KlossROSp": 3.31651123837375e-07,
    "KprodROSp": 3.023700158929519e-08,
    "Mp": 1.856358466340647e-07,
    "VmaxICp": 3.2798811559305774e-05,
    "VmaxINp": 2.2898429844709275e-05,
    "gammaDp": 0.3186882471969088,
    "omegaP": 9.603938832800016e-05
}