{
    "KICp": 7.966586650594502,
    "KINp": 0.0034617446234956,
    "KlossROSp": 3.31651123837375e-07,
    "KprodROSp": 3.023700158929519e-08,
    "Mp": 3.155280862599153e-07,
    "VmaxICp": 2.6024166926676542e-05,
    "VmaxINp": 2.2898429844709275e-05,
    "gammaDp": 0.5232456240656654,
    "omegaP": 3.405555555555556e-05
}