{
    "KICp": 37.0,
    "KINp": 0.0034617446234956,
    "KlossROSp": 3.31651123837375e-07,
    "KprodROSp": 4.3488813316220855e-08,
    "Mp": 3.4466201871206736e-06,
    "VmaxICp": 3.2798811559305774e-05,
    "VmaxINp": 2.2898429844709275e-05,
    "gammaDp": 0.1083083248898948,
    "omegaP": 3.405555555555556e-05
}