{
    "KICp": 37.0,
    "KINp": 0.0034617446234956,
    "KlossROSp": 3.31651123837375e-07,
    "KprodROSp": 3.023700158929519e-08,
    "Mp": 1.856358466340647e-07,
    "VmaxICp": 3.2798811559305774e-05,
    "VmaxINp": 1.893094159335386e-05,
    "gammaDp": 0.2333090128608236,
    "omegaP": 0.0001043629021878
}