{
    "KICp": 16.495574156723755,
    "KINp": 0.0034617446234956,
    "KlossROSp": 3.31651123837375e-07,
    "KprodROSp": 3.023700158929519e-08,
    "Mp": 3.914902821502416e-06,
    "VmaxICp": 2.66517209975782e-05,
    "VmaxINp": 2.2898429844709275e-05,
    "gammaDp": 0.8,
    "omegaP": 8.567085896794105e-06
}