{
    "KICp": 37.0,
    "KINp": 0.005276888859955,
    "KlossROSp": 2.982740100167218e-07,
    "KprodROSp": 3.023700158929519e-08,
    "Mp": 1.856358466340647e-07,
    "VmaxICp": 3.2798811559305774e-05,
    "VmaxINp": 1.7556080188070145e-05,
    "gammaDp": 0.2777566495302415,
    "omegaP": 3.405555555555556e-05
}