{
    "KICp": 37.0,
    "KINp": 0.0034617446234956,
    "KlossROSp": 1.910469084810248e-05,
    "KprodROSp": 2.135749745467143e-08,
    "Mp": 3.366667558399729e-06,
    "VmaxICp": 3.2798811559305774e-05,
    "VmaxINp": 2.2898429844709275e-05,
    "gammaDp": 0.8,
    "omegaP": 3.405555555555556e-05
}