{
    "KICp": 37.0,
    "KINp": 0.0034617446234956,
    "KlossROSp": 1.4107678293042271e-06,
    "KprodROSp": 1.1384609864322795e-09,
    "Mp": 4.919902555156234e-06,
    "VmaxICp": 3.2798811559305774e-05,
    "VmaxINp": 2.2898429844709275e-05,
    "gammaDp": 0.8,
    "omegaP": 1.109135770346221e-05
}