{
    "KICp": 34.85465034895357,
    "KINp": 0.0035927702978298,
    "KlossROSp": 3.31651123837375e-07,
    "KprodROSp": 3.023700158929519e-08,
    "Mp": 8.262699496355752e-07,
    "VmaxICp": 3.2798811559305774e-05,
    "VmaxINp": 2.2898429844709275e-05,
    "gammaDp": 0.6787975188455931,
    "omegaP": 3.405555555555556e-05
}