{
    "KICp": 133.85581842592003,
    "KINp": 0.0034617446234956,
    "KlossROSp": 2.279316677071716e-06,
    "KprodROSp": 3.023700158929519e-08,
    "Mp": 2.585572139980168e-06,
    "VmaxICp": 3.2798811559305774e-05,
    "VmaxINp": 2.2898429844709275e-05,
    "gammaDp": 0.8,
    "omegaP": 3.729302517475153e-05
}