{
    "KICp": 37.0,
    "KINp": 0.0085274811508213,
    "KlossROSp": 3.31651123837375e-07,
    "KprodROSp": 3.023700158929519e-08,
    "Mp": 1.856358466340647e-07,
    "VmaxICp": 3.2798811559305774e-05,
    "VmaxINp": 2.485780704586488e-05,
    "gammaDp": 0.8,
    "omegaP": 3.277164275871568e-05
}