{
    "KICp": 37.0,
    "KINp": 0.0026705631562869,
    "KlossROSp": 3.31651123837375e-07,
    "KprodROSp": 3.023700158929519e-08,
    "Mp": 4.116953011682207e-06,
    "VmaxICp": 3.2798811559305774e-05,
    "VmaxINp": 2.739069421554113e-05,
    "gammaDp": 0.8436094952902915,
    "omegaP": 3.405555555555556e-05
}