{
    "KICp": 37.0,
    "KINp": 0.0034617446234956,
    "KlossROSp": 3.31651123837375e-07,
    "KprodROSp": 3.023700158929519e-08,
    "Mp": 8.752215489989323e-07,
    "VmaxICp": 3.2798811559305774e-05,
    "VmaxINp": 3.281915579787318e-05,
    "gammaDp": 0.3886533883082911,
    "omegaP": 5.1095892577178704e-05
}