{
    "KICp": 15.781988431298563,
    "KINp": 0.0034617446234956,
    "KlossROSp": 3.31651123837375e-07,
    "KprodROSp": 7.416686335807623e-10,
    "Mp": 4.336229654947366e-06,
    "VmaxICp": 3.2798811559305774e-05,
    "VmaxINp": 2.2898429844709275e-05,
    "gammaDp": 0.8,
    "omegaP": 3.405555555555556e-05
}