{
    "KICp": 37.0,
    "KINp": 0.0034617446234956,
    "KlossROSp": 1.1324257062475928e-06,
    "KprodROSp": 3.023700158929519e-08,
    "Mp": 7.436133278846708e-06,
    "VmaxICp": 3.2798811559305774e-05,
    "VmaxINp": 5.13380042515541e-05,
    "gammaDp": 0.8,
    "omegaP": 3.044349005912417e-05
}