{
    "KICp": 178.13289828930954,
    "KINp": 0.0027169484297225,
    "KOCp": 0.2388958974562684,
    "KONp": 0.2130591671198554,
    "Mp": 6.053763515098215e-06,
    "VmaxICp": 3.887738126086905e-05,
    "VmaxINp": 1.774479924934126e-05,
    "VmaxOCp": 8.789464116880556e-07,
    "VmaxONp": 6.564939288267056e-07,
    "gammaDp": 0.5487194089371682
}