{
    "KICp": 37.0,
    "KINp": 0.0118110447703527,
    "KOCp": 0.0078548181455823,
    "KONp": 0.0336435712369203,
    "Mp": 7.112099961970744e-06,
    "VmaxICp": 2.37082307096242e-05,
    "VmaxINp": 2.5502800105939284e-05,
    "VmaxOCp": 1.851851851851852e-06,
    "VmaxONp": 9.274148487264862e-06,
    "gammaDp": 0.8
}