{
    "KICp": 44.30521252328149,
    "KINp": 0.0126543439276695,
    "KOCp": 0.0221817976493676,
    "KONp": 0.0129984386085022,
    "Mp": 8.09843422326451e-06,
    "VmaxICp": 3.542956706739793e-05,
    "VmaxINp": 4.369860192346381e-05,
    "VmaxOCp": 2.160078930441387e-07,
    "VmaxONp": 1.1111111111111112e-06,
    "gammaDp": 0.8
}