{
    "KICp": 5.403917442312243,
    "KINp": 0.024284171516672,
    "KOCp": 0.072831031707245,
    "KONp": 0.1028185522373099,
    "Mp": 6.238703046095954e-06,
    "VmaxICp": 3.625687286898873e-05,
    "VmaxINp": 3.256043771650544e-05,
    "VmaxOCp": 1.7472668594919605e-06,
    "VmaxONp": 6.209357017045032e-07,
    "gammaDp": 0.3905501687091998
}