{
    "KICp": 198.77213159794823,
    "KINp": 0.0269773257934087,
    "KOCp": 0.0184212396087629,
    "KONp": 0.3241160956892909,
    "Mp": 6.201975761650629e-06,
    "VmaxICp": 1.631529958085389e-05,
    "VmaxINp": 4.492691977135593e-05,
    "VmaxOCp": 1.4161687535434793e-05,
    "VmaxONp": 2.8776839415359173e-07,
    "gammaDp": 0.2167539751287492
}