{
    "KICp": 277.901357548676,
    "KINp": 0.0021236821315129,
    "KOCp": 0.074524881456492,
    "KONp": 0.0158960049549933,
    "Mp": 4.754377157254117e-06,
    "VmaxICp": 3.150199696090573e-05,
    "VmaxINp": 1.465913961283928e-05,
    "VmaxOCp": 1.9089223738164985e-06,
    "VmaxONp": 1.633543783589037e-07,
    "gammaDp": 0.3548422203646102
}