{
    "KICp": 26.57934591148312,
    "KINp": 0.0207063909257903,
    "KOCp": 0.1389410456393887,
    "KONp": 0.1028185522373099,
    "Mp": 6.238703046095954e-06,
    "VmaxICp": 2.794660912021589e-05,
    "VmaxINp": 3.256043771650544e-05,
    "VmaxOCp": 1.7472668594919605e-06,
    "VmaxONp": 6.000547051134572e-06,
    "gammaDp": 0.3905501687091998
}