{
    "KICp": 5.039036241968945,
    "KINp": 0.0741122034417807,
    "KOCp": 0.088632802560524,
    "KONp": 0.0325886695364742,
    "Mp": 4.754377157254117e-06,
    "VmaxICp": 3.150199696090573e-05,
    "VmaxINp": 1.465913961283928e-05,
    "VmaxOCp": 1.9089223738164985e-06,
    "VmaxONp": 2.698371303537884e-06,
    "gammaDp": 0.805250019340911
}