{
    "KICp": 37.0,
    "KINp": 0.0030990953351535,
    "KOCp": 0.230613821917848,
    "KONp": 0.0126406421872115,
    "Mp": 5.584046773682123e-06,
    "VmaxICp": 1.958713036003569e-05,
    "VmaxINp": 2.0115171082413084e-05,
    "VmaxOCp": 7.778093603042928e-06,
    "VmaxONp": 1.6334012202987126e-06,
    "gammaDp": 0.2246204335331005
}