{
    "KICp": 37.0,
    "KINp": 0.0030990953351535,
    "KOCp": 0.230613821917848,
    "KONp": 0.0768061460834,
    "Mp": 5.584046773682123e-06,
    "VmaxICp": 1.958713036003569e-05,
    "VmaxINp": 2.501846168655082e-05,
    "VmaxOCp": 2.2712737026958802e-07,
    "VmaxONp": 1.01480894707125e-05,
    "gammaDp": 0.1566376562379383
}