{
    "KICp": 20.82239968850533,
    "KINp": 0.0029661713617926,
    "KOCp": 0.1018849785748929,
    "KONp": 0.6157625835270599,
    "Mp": 5.362485907294137e-06,
    "VmaxICp": 2.8890362212284407e-05,
    "VmaxINp": 1.831409413604025e-05,
    "VmaxOCp": 1.4211254970354904e-06,
    "VmaxONp": 1.937178134560479e-06,
    "gammaDp": 0.4753719417466701
}