{
    "KICp": 245.25468954475096,
    "KINp": 0.0041048938359779,
    "KOCp": 0.0074434322326206,
    "KONp": 0.0351003064806306,
    "Mp": 4.510135274068755e-06,
    "VmaxICp": 3.14082988109793e-05,
    "VmaxINp": 3.953389012667434e-05,
    "VmaxOCp": 6.170402811956021e-07,
    "VmaxONp": 1.2321922978426568e-07,
    "gammaDp": 0.3227812870504043
}