{
    "KICp": 134.331555601433,
    "KINp": 0.0120338838753132,
    "KOCp": 0.0054299355771031,
    "KONp": 0.0146692995666824,
    "Mp": 6.592868134300594e-06,
    "VmaxICp": 3.634382174885585e-05,
    "VmaxINp": 2.400710844069592e-05,
    "VmaxOCp": 7.969159259009066e-06,
    "VmaxONp": 1.904387281182024e-06,
    "gammaDp": 0.8
}