{
    "KICp": 5.006088568514362,
    "KINp": 0.0032082988080222,
    "KOCp": 0.0204451010480913,
    "KONp": 0.0426021627569038,
    "Mp": 5.204991347115954e-06,
    "VmaxICp": 1.7792047230909056e-05,
    "VmaxINp": 2.465621902198828e-05,
    "VmaxOCp": 2.557788449740643e-07,
    "VmaxONp": 2.3582747090978365e-06,
    "gammaDp": 0.2421575433410723
}