{
    "KICp": 37.0,
    "KINp": 0.0126170847408376,
    "KOCp": 0.03,
    "KONp": 0.0168088034026395,
    "Mp": 3.314137415776565e-06,
    "VmaxICp": 1.7294591009285772e-05,
    "VmaxINp": 2.319034519365277e-05,
    "VmaxOCp": 3.581152697981999e-07,
    "VmaxONp": 7.657724094358358e-07,
    "gammaDp": 0.1035146720551248
}