{
    "KICp": 136.29881530968953,
    "KINp": 0.02,
    "KOCp": 0.1117122975148512,
    "KONp": 0.0263269665766425,
    "Mp": 7.125361077314228e-06,
    "VmaxICp": 3.6270586293809166e-05,
    "VmaxINp": 4.822875339092893e-05,
    "VmaxOCp": 1.1352168099277648e-06,
    "VmaxONp": 1.1370383307154133e-07,
    "gammaDp": 0.2290537583675872
}