{
    "KICp": 37.0,
    "KINp": 0.1798114565338851,
    "KOCp": 0.1988075900201504,
    "KONp": 0.0161034406367551,
    "Mp": 1.109222893311585e-05,
    "VmaxICp": 2.981774901361743e-05,
    "VmaxINp": 5.408489293263677e-05,
    "VmaxOCp": 1.851851851851852e-06,
    "VmaxONp": 2.263758086771377e-07,
    "gammaDp": 0.6835836091179885
}