{
    "KICp": 245.25468954475096,
    "KINp": 0.0200904462804608,
    "KOCp": 0.0074434322326206,
    "KONp": 0.0351003064806306,
    "Mp": 4.510135274068755e-06,
    "VmaxICp": 2.1660913462139848e-05,
    "VmaxINp": 3.3185491439220686e-05,
    "VmaxOCp": 6.170402811956021e-07,
    "VmaxONp": 5.043101294810372e-06,
    "gammaDp": 0.2667590748313059
}