{
    "KICp": 8.620733737667058,
    "KINp": 0.0027980360403045,
    "KOCp": 0.0492377705961547,
    "KONp": 0.0254892294684762,
    "Mp": 7.218748069851426e-06,
    "VmaxICp": 2.516932871884756e-05,
    "VmaxINp": 3.305849514165528e-05,
    "VmaxOCp": 1.851851851851852e-06,
    "VmaxONp": 2.075469966547836e-06,
    "gammaDp": 0.3311865669541777
}