{
    "KICp": 225.8504960270303,
    "KINp": 0.0325203237081583,
    "KOCp": 0.248243503337112,
    "KONp": 0.8951031798862223,
    "Mp": 6.592868134300594e-06,
    "VmaxICp": 3.634382174885585e-05,
    "VmaxINp": 2.400710844069592e-05,
    "VmaxOCp": 1.851851851851852e-06,
    "VmaxONp": 1.904387281182024e-06,
    "gammaDp": 0.8
}