{
    "KICp": 37.0,
    "KINp": 0.0368113395405812,
    "KOCp": 0.03,
    "KONp": 0.3248167070933084,
    "Mp": 5.963686847841756e-06,
    "VmaxICp": 4.059195683152354e-05,
    "VmaxINp": 4.2030846954678736e-05,
    "VmaxOCp": 5.632801001193055e-07,
    "VmaxONp": 1.353100895347873e-06,
    "gammaDp": 0.6156180352081633
}