{
    "KICp": 37.0,
    "KINp": 0.02,
    "KOCp": 0.21484375735472,
    "KONp": 0.1,
    "Mp": 4.63799845544578e-06,
    "VmaxICp": 2.981774901361743e-05,
    "VmaxINp": 5.408489293263677e-05,
    "VmaxOCp": 8.095062159310833e-06,
    "VmaxONp": 6.572944678792335e-07,
    "gammaDp": 0.1095964371041318
}