{
    "KICp": 34.02826385629945,
    "KINp": 0.1486140129634193,
    "KOCp": 0.0235100304516877,
    "KONp": 0.6987466349316099,
    "Mp": 3.7903862293390953e-06,
    "VmaxICp": 2.4566436018715665e-05,
    "VmaxINp": 2.5196472582158272e-05,
    "VmaxOCp": 4.80651084290172e-07,
    "VmaxONp": 4.844437103406946e-06,
    "gammaDp": 0.2052812042227622
}