{
    "KICp": 30.08427658651323,
    "KINp": 0.0648602785590726,
    "KOCp": 0.1669663414155193,
    "KONp": 0.0354100902743843,
    "Mp": 2.7758403692452173e-06,
    "VmaxICp": 2.9465293066402804e-05,
    "VmaxINp": 1.6477165491088537e-05,
    "VmaxOCp": 2.1286930851357034e-06,
    "VmaxONp": 4.263607796866874e-07,
    "gammaDp": 0.8
}