{
    "KICp": 5.403917442312243,
    "KINp": 0.024284171516672,
    "KOCp": 0.0053763403755552,
    "KONp": 0.1028185522373099,
    "Mp": 1.0437099767923364e-05,
    "VmaxICp": 2.794660912021589e-05,
    "VmaxINp": 3.256043771650544e-05,
    "VmaxOCp": 1.7472668594919605e-06,
    "VmaxONp": 6.000547051134572e-06,
    "gammaDp": 0.3758547335286583
}