{
    "KICp": 32.23639094554315,
    "KINp": 0.0264887403073916,
    "KOCp": 0.005246802217021,
    "KONp": 0.5639588725122406,
    "Mp": 2.948825088032371e-06,
    "VmaxICp": 2.0259272862511896e-05,
    "VmaxINp": 5.058740543200968e-05,
    "VmaxOCp": 4.100636678627925e-07,
    "VmaxONp": 1.5468852523586198e-06,
    "gammaDp": 0.8
}