{
    "KICp": 134.331555601433,
    "KINp": 0.1292043171978622,
    "KOCp": 0.03,
    "KONp": 0.1022818991593177,
    "Mp": 6.592868134300594e-06,
    "VmaxICp": 2.9697073753561107e-05,
    "VmaxINp": 2.400710844069592e-05,
    "VmaxOCp": 1.851851851851852e-06,
    "VmaxONp": 2.210855632999078e-07,
    "gammaDp": 0.8
}