{
    "KICp": 84.42322215985939,
    "KINp": 0.02,
    "KOCp": 0.0136642437808642,
    "KONp": 0.019481528702786,
    "Mp": 7.202001650740249e-06,
    "VmaxICp": 2.425726366834788e-05,
    "VmaxINp": 2.618100070646692e-05,
    "VmaxOCp": 1.851851851851852e-06,
    "VmaxONp": 6.458246898944557e-06,
    "gammaDp": 0.8
}