{
    "KICp": 68.63807548981954,
    "KINp": 0.016248713614796,
    "KOCp": 0.0074041504363273,
    "KONp": 0.083265401585579,
    "Mp": 9.39811510388507e-06,
    "VmaxICp": 5.316605917829807e-05,
    "VmaxINp": 4.3455380061806506e-05,
    "VmaxOCp": 5.481206739689414e-06,
    "VmaxONp": 7.328312000205224e-07,
    "gammaDp": 0.1263363582770768
}