{
    "KICp": 178.13289828930954,
    "KINp": 0.0027169484297225,
    "KOCp": 0.0507198773257085,
    "KONp": 0.1,
    "Mp": 9.529946956363604e-06,
    "VmaxICp": 3.887738126086905e-05,
    "VmaxINp": 4.824930135255341e-05,
    "VmaxOCp": 7.724631803243122e-07,
    "VmaxONp": 1.734208924802976e-06,
    "gammaDp": 0.5487194089371682
}