{
    "KICp": 13.521051534844332,
    "KINp": 0.1065888772514103,
    "KOCp": 0.0057302756626884,
    "KONp": 0.1514890202314442,
    "Mp": 6.7649202554167255e-06,
    "VmaxICp": 3.573575291414935e-05,
    "VmaxINp": 2.333861220125048e-05,
    "VmaxOCp": 1.362547890695948e-06,
    "VmaxONp": 1.1203537037691184e-06,
    "gammaDp": 0.8
}