{
    "KICp": 4.077762260746311,
    "KINp": 0.1233971431307257,
    "KOCp": 0.03,
    "KONp": 0.0431423264116976,
    "Mp": 9.39811510388507e-06,
    "VmaxICp": 3.258019009657887e-05,
    "VmaxINp": 4.3455380061806506e-05,
    "VmaxOCp": 1.109952251409526e-05,
    "VmaxONp": 7.328312000205224e-07,
    "gammaDp": 0.1263363582770768
}