{
    "KICp": 63.54554646246298,
    "KINp": 0.0034381510794705,
    "KOCp": 0.0097208866714653,
    "KONp": 0.436851552986248,
    "Mp": 6.892112634210709e-06,
    "VmaxICp": 2.928327046003762e-05,
    "VmaxINp": 2.2073908666033747e-05,
    "VmaxOCp": 7.840804089066952e-07,
    "VmaxONp": 2.0368566866523705e-07,
    "gammaDp": 0.4935147480926046
}