{
    "KICp": 66.57573133529708,
    "KINp": 0.0266618981013957,
    "KOCp": 0.03,
    "KONp": 0.0757075399955143,
    "Mp": 4.171089278879269e-06,
    "VmaxICp": 2.81412367665057e-05,
    "VmaxINp": 1.7656545911875917e-05,
    "VmaxOCp": 2.44520911842181e-06,
    "VmaxONp": 2.120638423286692e-06,
    "gammaDp": 0.1480354674079482
}