{
    "KICp": 5.221677048223235,
    "KINp": 0.02,
    "KOCp": 0.0102343988504241,
    "KONp": 0.0304840993883075,
    "Mp": 8.34305249338949e-06,
    "VmaxICp": 2.267821073749313e-05,
    "VmaxINp": 4.512476718846247e-05,
    "VmaxOCp": 6.497139288735787e-07,
    "VmaxONp": 1.00414406936502e-05,
    "gammaDp": 0.2747644846164184
}