{
    "KICp": 37.0,
    "KINp": 0.0126543439276695,
    "KOCp": 0.0221817976493676,
    "KONp": 0.0106014426158872,
    "Mp": 4.306524335864529e-06,
    "VmaxICp": 2.8607650957426382e-05,
    "VmaxINp": 1.882153414045168e-05,
    "VmaxOCp": 9.42379779737417e-06,
    "VmaxONp": 4.840632803005393e-07,
    "gammaDp": 0.8
}