{
    "KICp": 33.4395903716006,
    "KINp": 0.0109396296907321,
    "KOCp": 0.0511611236766168,
    "KONp": 0.0121865740769451,
    "Mp": 4.010147962124966e-06,
    "VmaxICp": 3.11305057394559e-05,
    "VmaxINp": 1.961664308002598e-05,
    "VmaxOCp": 5.765016713891592e-07,
    "VmaxONp": 3.746614410090713e-07,
    "gammaDp": 0.12688846377962
}