{
    "KICp": 251.3943018806897,
    "KINp": 0.0739291195411365,
    "KOCp": 0.0055737080524257,
    "KONp": 0.101355925132995,
    "Mp": 8.69481238010191e-06,
    "VmaxICp": 2.7456623044267985e-05,
    "VmaxINp": 4.45853706884817e-05,
    "VmaxOCp": 9.454303183265233e-06,
    "VmaxONp": 1.1111111111111112e-06,
    "gammaDp": 0.1085866177288466
}