{
    "KICp": 226.00589699333383,
    "KINp": 0.02,
    "KOCp": 0.2659990482277278,
    "KONp": 0.4173653638359624,
    "Mp": 7.825308680774266e-06,
    "VmaxICp": 2.537949925927858e-05,
    "VmaxINp": 5.067315625689709e-05,
    "VmaxOCp": 1.851851851851852e-06,
    "VmaxONp": 6.124307347483039e-07,
    "gammaDp": 0.8
}