{
    "KICp": 62.78204145230979,
    "KINp": 0.0447674117160526,
    "KOCp": 0.0033368140827201,
    "KONp": 0.1,
    "Mp": 5.204991347115954e-06,
    "VmaxICp": 1.7792047230909056e-05,
    "VmaxINp": 2.465621902198828e-05,
    "VmaxOCp": 3.352519763279081e-06,
    "VmaxONp": 2.3582747090978365e-06,
    "gammaDp": 0.2421575433410723
}