{
    "KICp": 124.37069558847838,
    "KINp": 0.0021236821315129,
    "KOCp": 0.0040146617993143,
    "KONp": 0.0341203721286747,
    "Mp": 4.754377157254117e-06,
    "VmaxICp": 3.150199696090573e-05,
    "VmaxINp": 1.465913961283928e-05,
    "VmaxOCp": 5.286453518062054e-06,
    "VmaxONp": 2.698371303537884e-06,
    "gammaDp": 0.3548422203646102
}