{
    "KICp": 37.0,
    "KINp": 0.02,
    "KOCp": 0.0184212396087629,
    "KONp": 0.0978661275359021,
    "Mp": 6.201975761650629e-06,
    "VmaxICp": 1.9051493332165945e-05,
    "VmaxINp": 4.492691977135593e-05,
    "VmaxOCp": 1.4161687535434793e-05,
    "VmaxONp": 4.147027007487535e-06,
    "gammaDp": 0.2911285522491885
}