{
    "KICp": 37.0,
    "KINp": 0.1047679419526178,
    "KOCp": 0.1913285250818321,
    "KONp": 0.0336435712369203,
    "Mp": 5.229487793637281e-06,
    "VmaxICp": 2.37082307096242e-05,
    "VmaxINp": 4.356994551251304e-05,
    "VmaxOCp": 1.851851851851852e-06,
    "VmaxONp": 9.890058878655235e-07,
    "gammaDp": 0.4920162435566957
}