{
    "KICp": 245.25468954475096,
    "KINp": 0.004804321211766,
    "KOCp": 0.1042496557852091,
    "KONp": 0.0351003064806306,
    "Mp": 4.510135274068755e-06,
    "VmaxICp": 2.1660913462139848e-05,
    "VmaxINp": 3.953389012667434e-05,
    "VmaxOCp": 6.170402811956021e-07,
    "VmaxONp": 3.850818387085644e-06,
    "gammaDp": 0.3227812870504043
}