{
    "KICp": 11.03929974000192,
    "KINp": 0.0027169484297225,
    "KOCp": 0.0146698012620851,
    "KONp": 0.1,
    "Mp": 6.053763515098215e-06,
    "VmaxICp": 5.061166606752269e-05,
    "VmaxINp": 1.774479924934126e-05,
    "VmaxOCp": 2.649607630269749e-07,
    "VmaxONp": 1.734208924802976e-06,
    "gammaDp": 0.5487194089371682
}