{
    "KICp": 134.331555601433,
    "KINp": 0.0325203237081583,
    "KOCp": 0.0230186445084407,
    "KONp": 0.1022818991593177,
    "Mp": 6.592868134300594e-06,
    "VmaxICp": 5.113950403049031e-05,
    "VmaxINp": 2.400710844069592e-05,
    "VmaxOCp": 1.851851851851852e-06,
    "VmaxONp": 1.1446382312298431e-06,
    "gammaDp": 0.116275789527754
}