{
    "KICp": 78.43700212970843,
    "KINp": 0.0118649038744297,
    "KOCp": 0.0796317949570507,
    "KONp": 0.1,
    "Mp": 6.513660927909077e-06,
    "VmaxICp": 1.888504591750003e-05,
    "VmaxINp": 2.62607797082782e-05,
    "VmaxOCp": 1.0149371566159214e-06,
    "VmaxONp": 3.1757076394189664e-06,
    "gammaDp": 0.4215436141066862
}