{
    "KICp": 37.0,
    "KINp": 0.0030990953351535,
    "KOCp": 0.2436012633523542,
    "KONp": 0.6057246142195513,
    "Mp": 3.931497289350185e-06,
    "VmaxICp": 1.958713036003569e-05,
    "VmaxINp": 2.501846168655082e-05,
    "VmaxOCp": 2.786263452663227e-07,
    "VmaxONp": 1.6334012202987126e-06,
    "gammaDp": 0.4379940567237645
}