{
    "KICp": 52.19045075993085,
    "KINp": 0.0029661713617926,
    "KOCp": 0.2738503566946973,
    "KONp": 0.6157625835270599,
    "Mp": 5.362485907294137e-06,
    "VmaxICp": 4.734654719349707e-05,
    "VmaxINp": 1.831409413604025e-05,
    "VmaxOCp": 1.851851851851852e-06,
    "VmaxONp": 3.3350247122967826e-07,
    "gammaDp": 0.3843331031724691
}