{
    "KICp": 37.0,
    "KINp": 0.0157190943635265,
    "KOCp": 0.1099217127848339,
    "KONp": 0.7322788772632395,
    "Mp": 4.975567082487283e-06,
    "VmaxICp": 2.8023175833780474e-05,
    "VmaxINp": 4.134377072490511e-05,
    "VmaxOCp": 5.198056722787214e-07,
    "VmaxONp": 1.1108464324689643e-05,
    "gammaDp": 0.5647974296669394
}