{
    "KICp": 94.424972752458,
    "KINp": 0.024284171516672,
    "KOCp": 0.03,
    "KONp": 0.0284844249885553,
    "Mp": 6.238703046095954e-06,
    "VmaxICp": 2.794660912021589e-05,
    "VmaxINp": 3.256043771650544e-05,
    "VmaxOCp": 4.5771518230892335e-06,
    "VmaxONp": 6.000547051134572e-06,
    "gammaDp": 0.3905501687091998
}