{
    "KICp": 37.0,
    "KINp": 0.0030990953351535,
    "KOCp": 0.2163207765119253,
    "KONp": 0.0740269578010973,
    "Mp": 5.584046773682123e-06,
    "VmaxICp": 1.958713036003569e-05,
    "VmaxINp": 2.501846168655082e-05,
    "VmaxOCp": 2.134468465576506e-06,
    "VmaxONp": 1.6334012202987126e-06,
    "gammaDp": 0.1566376562379383
}