{
    "KICp": 8.860938410446217,
    "KINp": 0.1486140129634193,
    "KOCp": 0.0549785239705579,
    "KONp": 0.6987466349316099,
    "Mp": 3.7903862293390953e-06,
    "VmaxICp": 3.561676068318349e-05,
    "VmaxINp": 1.841417411910884e-05,
    "VmaxOCp": 1.7429628985613677e-05,
    "VmaxONp": 9.020500457012218e-06,
    "gammaDp": 0.1558107383792546
}