{
    "KICp": 52.62166536823465,
    "KINp": 0.1159147996525161,
    "KOCp": 0.0324975610186259,
    "KONp": 0.3012426981006292,
    "Mp": 6.070654674501743e-06,
    "VmaxICp": 1.876574883469269e-05,
    "VmaxINp": 2.6240942827135503e-05,
    "VmaxOCp": 1.851851851851852e-06,
    "VmaxONp": 3.320189486811177e-06,
    "gammaDp": 0.7604965189336284
}