{
    "KICp": 352.2773609251554,
    "KINp": 0.128609519698348,
    "KOCp": 0.0074434322326206,
    "KONp": 0.0351003064806306,
    "Mp": 4.510135274068755e-06,
    "VmaxICp": 2.1660913462139848e-05,
    "VmaxINp": 3.953389012667434e-05,
    "VmaxOCp": 6.170402811956021e-07,
    "VmaxONp": 5.043101294810372e-06,
    "gammaDp": 0.4913869097416807
}