{
    "KICp": 108.1812500664045,
    "KINp": 0.1003578536553886,
    "KOCp": 0.074524881456492,
    "KONp": 0.0325886695364742,
    "Mp": 4.754377157254117e-06,
    "VmaxICp": 3.150199696090573e-05,
    "VmaxINp": 3.475449081580547e-05,
    "VmaxOCp": 2.2481842216657486e-06,
    "VmaxONp": 2.698371303537884e-06,
    "gammaDp": 0.3548422203646102
}