{
    "KICp": 95.56212295162302,
    "KINp": 0.0447674117160526,
    "KOCp": 0.0281697769232855,
    "KONp": 0.0111254829064173,
    "Mp": 5.204991347115954e-06,
    "VmaxICp": 1.7792047230909056e-05,
    "VmaxINp": 2.465621902198828e-05,
    "VmaxOCp": 3.482121193416753e-06,
    "VmaxONp": 2.3582747090978365e-06,
    "gammaDp": 0.2421575433410723
}