{
    "KICp": 134.12058802898653,
    "KINp": 0.0030990953351535,
    "KOCp": 0.1307490331432957,
    "KONp": 0.6057246142195513,
    "Mp": 5.584046773682123e-06,
    "VmaxICp": 1.958713036003569e-05,
    "VmaxINp": 2.501846168655082e-05,
    "VmaxOCp": 2.465684160863944e-07,
    "VmaxONp": 2.64193887553106e-06,
    "gammaDp": 0.1566376562379383
}