{
    "KICp": 60.71438198385288,
    "KINp": 0.0325203237081583,
    "KOCp": 0.03,
    "KONp": 0.1022818991593177,
    "Mp": 6.592868134300594e-06,
    "VmaxICp": 3.634382174885585e-05,
    "VmaxINp": 1.850082523629197e-05,
    "VmaxOCp": 2.966196274632535e-06,
    "VmaxONp": 1.904387281182024e-06,
    "gammaDp": 0.8
}