{
    "KICp": 16.264796931898317,
    "KINp": 0.02,
    "KOCp": 0.0031995199820727,
    "KONp": 0.0168088034026395,
    "Mp": 3.314137415776565e-06,
    "VmaxICp": 1.7294591009285772e-05,
    "VmaxINp": 2.319034519365277e-05,
    "VmaxOCp": 1.4653985150684974e-05,
    "VmaxONp": 4.3885938796425924e-07,
    "gammaDp": 0.3852042850632122
}