{
    "KICp": 37.0,
    "KINp": 0.1701319880590402,
    "KOCp": 0.03,
    "KONp": 0.4976535972715282,
    "Mp": 3.314137415776565e-06,
    "VmaxICp": 1.7294591009285772e-05,
    "VmaxINp": 2.319034519365277e-05,
    "VmaxOCp": 1.6787420329740209e-06,
    "VmaxONp": 4.3885938796425924e-07,
    "gammaDp": 0.3375995754604608
}