{
    "KICp": 201.00657256500045,
    "KINp": 0.0029661713617926,
    "KOCp": 0.006965408584499,
    "KONp": 0.1584224172015123,
    "Mp": 5.362485907294137e-06,
    "VmaxICp": 2.8890362212284407e-05,
    "VmaxINp": 1.831409413604025e-05,
    "VmaxOCp": 1.851851851851852e-06,
    "VmaxONp": 2.7065206762403505e-07,
    "gammaDp": 0.3843331031724691
}