{
    "KICp": 44.62042335641707,
    "KINp": 0.0739291195411365,
    "KOCp": 0.024390677169591,
    "KONp": 0.2202646118297283,
    "Mp": 8.69481238010191e-06,
    "VmaxICp": 2.7456623044267985e-05,
    "VmaxINp": 4.45853706884817e-05,
    "VmaxOCp": 7.816035129810835e-06,
    "VmaxONp": 1.1111111111111112e-06,
    "gammaDp": 0.8218829868498937
}