{
    "KICp": 9.030881198063751,
    "KINp": 0.1159147996525161,
    "KOCp": 0.03,
    "KONp": 0.073678332629663,
    "Mp": 6.070654674501743e-06,
    "VmaxICp": 1.876574883469269e-05,
    "VmaxINp": 5.46224952641098e-05,
    "VmaxOCp": 1.851851851851852e-06,
    "VmaxONp": 6.644833160909012e-07,
    "gammaDp": 0.8194856977913847
}