{
    "KICp": 245.25468954475096,
    "KINp": 0.02,
    "KOCp": 0.0355548686599786,
    "KONp": 0.0351003064806306,
    "Mp": 4.510135274068755e-06,
    "VmaxICp": 2.1660913462139848e-05,
    "VmaxINp": 3.953389012667434e-05,
    "VmaxOCp": 5.192481632085084e-07,
    "VmaxONp": 5.043101294810372e-06,
    "gammaDp": 0.1496493072685895
}