{
    "KICp": 49.83793546499625,
    "KINp": 0.0030990953351535,
    "KOCp": 0.230613821917848,
    "KONp": 0.2795443617783668,
    "Mp": 5.584046773682123e-06,
    "VmaxICp": 1.958713036003569e-05,
    "VmaxINp": 2.501846168655082e-05,
    "VmaxOCp": 5.285787230212621e-06,
    "VmaxONp": 9.701372077436631e-06,
    "gammaDp": 0.1566376562379383
}