{
    "KICp": 37.0,
    "KINp": 0.02,
    "KOCp": 0.007257358643592,
    "KONp": 0.019481528702786,
    "Mp": 4.518350938354231e-06,
    "VmaxICp": 2.425726366834788e-05,
    "VmaxINp": 2.618100070646692e-05,
    "VmaxOCp": 1.851851851851852e-06,
    "VmaxONp": 7.344282480281375e-07,
    "gammaDp": 0.1101947159073891
}