{
    "KICp": 11.387008436216489,
    "KINp": 0.0782095332524693,
    "KOCp": 0.0196842644189198,
    "KONp": 0.0141665556356274,
    "Mp": 8.266225532803418e-06,
    "VmaxICp": 3.23536844645817e-05,
    "VmaxINp": 2.372686357477633e-05,
    "VmaxOCp": 3.442934192015981e-06,
    "VmaxONp": 1.1111111111111112e-06,
    "gammaDp": 0.6378304247049945
}