{
    "KICp": 3.81971118302396,
    "KINp": 0.02,
    "KOCp": 0.0766072629789686,
    "KONp": 0.1,
    "Mp": 6.721702402438585e-06,
    "VmaxICp": 2.981774901361743e-05,
    "VmaxINp": 5.408489293263677e-05,
    "VmaxOCp": 1.851851851851852e-06,
    "VmaxONp": 2.263758086771377e-07,
    "gammaDp": 0.1244907352716247
}