{
    "KICp": 68.63807548981954,
    "KINp": 0.0114123010473597,
    "KOCp": 0.1062865389103558,
    "KONp": 0.083265401585579,
    "Mp": 9.39811510388507e-06,
    "VmaxICp": 3.408019408568843e-05,
    "VmaxINp": 4.3455380061806506e-05,
    "VmaxOCp": 5.226585623784282e-07,
    "VmaxONp": 7.328312000205224e-07,
    "gammaDp": 0.1263363582770768
}