{
    "KICp": 98.7734833807486,
    "KINp": 0.011861322931246,
    "KOCp": 0.0051786898962653,
    "KONp": 0.0172678476104356,
    "Mp": 6.407487697270064e-06,
    "VmaxICp": 3.253202425286151e-05,
    "VmaxINp": 2.250629032774296e-05,
    "VmaxOCp": 1.851851851851852e-06,
    "VmaxONp": 2.125672844306477e-06,
    "gammaDp": 0.3516819155169918
}