{
    "KICp": 68.63807548981954,
    "KINp": 0.0048570654587992,
    "KOCp": 0.03,
    "KONp": 0.017586561957586,
    "Mp": 9.39811510388507e-06,
    "VmaxICp": 3.258019009657887e-05,
    "VmaxINp": 2.4112974059246367e-05,
    "VmaxOCp": 5.226585623784282e-07,
    "VmaxONp": 7.328312000205224e-07,
    "gammaDp": 0.3762760582842379
}