{
    "KICp": 336.7848421921722,
    "KINp": 0.02,
    "KOCp": 0.03,
    "KONp": 0.4173653638359624,
    "Mp": 3.4652952900316974e-06,
    "VmaxICp": 2.537949925927858e-05,
    "VmaxINp": 5.067315625689709e-05,
    "VmaxOCp": 1.851851851851852e-06,
    "VmaxONp": 7.767145305243999e-07,
    "gammaDp": 0.3250039696576259
}