{
    "KICp": 37.0,
    "KINp": 0.0767324018280726,
    "KOCp": 0.0039847301584465,
    "KONp": 0.0685124127391575,
    "Mp": 4.975567082487283e-06,
    "VmaxICp": 2.8023175833780474e-05,
    "VmaxINp": 4.134377072490511e-05,
    "VmaxOCp": 1.494434338374179e-06,
    "VmaxONp": 4.587817824243629e-06,
    "gammaDp": 0.6575527412982385
}