{
    "KICp": 128.19361067886646,
    "KINp": 0.007975118571148,
    "KOCp": 0.0641233355307077,
    "KONp": 0.1,
    "Mp": 6.053763515098215e-06,
    "VmaxICp": 3.887738126086905e-05,
    "VmaxINp": 1.774479924934126e-05,
    "VmaxOCp": 7.724631803243122e-07,
    "VmaxONp": 1.734208924802976e-06,
    "gammaDp": 0.3347511122152676
}