{
    "KICp": 48.45100443564159,
    "KINp": 0.0064724042335465,
    "KOCp": 0.03,
    "KONp": 0.0168088034026395,
    "Mp": 3.314137415776565e-06,
    "VmaxICp": 1.7294591009285772e-05,
    "VmaxINp": 2.319034519365277e-05,
    "VmaxOCp": 3.0939564203209224e-06,
    "VmaxONp": 1.4997651775930323e-06,
    "gammaDp": 0.1586958525311174
}