{
    "KICp": 33.4395903716006,
    "KINp": 0.0540761673432177,
    "KOCp": 0.012691543868849,
    "KONp": 0.0121865740769451,
    "Mp": 4.010147962124966e-06,
    "VmaxICp": 3.11305057394559e-05,
    "VmaxINp": 1.961664308002598e-05,
    "VmaxOCp": 5.765016713891592e-07,
    "VmaxONp": 1.7621933341040476e-07,
    "gammaDp": 0.2476520582545779
}