{
    "KICp": 66.57573133529708,
    "KINp": 0.0511211476649096,
    "KOCp": 0.019308136354402,
    "KONp": 0.1986803684050456,
    "Mp": 4.171089278879269e-06,
    "VmaxICp": 2.81412367665057e-05,
    "VmaxINp": 3.2012350226776804e-05,
    "VmaxOCp": 7.51322069714573e-07,
    "VmaxONp": 2.120638423286692e-06,
    "gammaDp": 0.1212845279714954
}