{
    "KICp": 57.0594901266463,
    "KINp": 0.0250961478268107,
    "KOCp": 0.03,
    "KONp": 0.083265401585579,
    "Mp": 9.39811510388507e-06,
    "VmaxICp": 4.5162227773937405e-05,
    "VmaxINp": 4.3455380061806506e-05,
    "VmaxOCp": 5.840221178863309e-06,
    "VmaxONp": 7.328312000205224e-07,
    "gammaDp": 0.1263363582770768
}