{
    "KICp": 13.521051534844332,
    "KINp": 0.1065888772514103,
    "KOCp": 0.03,
    "KONp": 0.0336089196769822,
    "Mp": 6.7649202554167255e-06,
    "VmaxICp": 1.6139309670042463e-05,
    "VmaxINp": 2.873415552080744e-05,
    "VmaxOCp": 1.2500612143756548e-05,
    "VmaxONp": 5.526698642114171e-06,
    "gammaDp": 0.4347909694639295
}