{
    "KICp": 102.15957546939646,
    "KINp": 0.0126543439276695,
    "KOCp": 0.0221817976493676,
    "KONp": 0.0106014426158872,
    "Mp": 8.09843422326451e-06,
    "VmaxICp": 3.542956706739793e-05,
    "VmaxINp": 1.882153414045168e-05,
    "VmaxOCp": 3.102986294056909e-06,
    "VmaxONp": 4.689134572901349e-07,
    "gammaDp": 0.8
}