{
    "KICp": 8.620733737667058,
    "KINp": 0.0157029321632316,
    "KOCp": 0.0159974138474309,
    "KONp": 0.0950748130867679,
    "Mp": 7.218748069851426e-06,
    "VmaxICp": 2.516932871884756e-05,
    "VmaxINp": 3.305849514165528e-05,
    "VmaxOCp": 1.851851851851852e-06,
    "VmaxONp": 6.262965630369828e-06,
    "gammaDp": 0.5661965189209175
}