{
    "KICp": 37.0,
    "KINp": 0.0126543439276695,
    "KOCp": 0.2084864371590941,
    "KONp": 0.023114731258674,
    "Mp": 8.09843422326451e-06,
    "VmaxICp": 3.542956706739793e-05,
    "VmaxINp": 1.882153414045168e-05,
    "VmaxOCp": 1.5755194355436114e-05,
    "VmaxONp": 1.1111111111111112e-06,
    "gammaDp": 0.8
}