{
    "KICp": 37.0,
    "KINp": 0.02,
    "KOCp": 0.1117122975148512,
    "KONp": 0.253653516649572,
    "Mp": 7.125361077314228e-06,
    "VmaxICp": 3.6270586293809166e-05,
    "VmaxINp": 4.822875339092893e-05,
    "VmaxOCp": 1.1427123324547518e-06,
    "VmaxONp": 2.1050948001066484e-06,
    "gammaDp": 0.2290537583675872
}