{
    "KICp": 134.331555601433,
    "KINp": 0.0020512700308773,
    "KOCp": 0.0231599930487549,
    "KONp": 0.1022818991593177,
    "Mp": 5.720454734604256e-06,
    "VmaxICp": 3.634382174885585e-05,
    "VmaxINp": 2.400710844069592e-05,
    "VmaxOCp": 1.2360458414561944e-05,
    "VmaxONp": 1.904387281182024e-06,
    "gammaDp": 0.8
}