{
    "KICp": 16.210739014730894,
    "KINp": 0.1065888772514103,
    "KOCp": 0.1085958539931636,
    "KONp": 0.1514890202314442,
    "Mp": 6.7649202554167255e-06,
    "VmaxICp": 9.889720772140889e-06,
    "VmaxINp": 2.873415552080744e-05,
    "VmaxOCp": 1.2500612143756548e-05,
    "VmaxONp": 1.1203537037691184e-06,
    "gammaDp": 0.8
}