{
    "KICp": 178.13289828930954,
    "KINp": 0.0584460564770425,
    "KOCp": 0.2388958974562684,
    "KONp": 0.1,
    "Mp": 6.053763515098215e-06,
    "VmaxICp": 3.887738126086905e-05,
    "VmaxINp": 1.774479924934126e-05,
    "VmaxOCp": 1.1850775362892405e-05,
    "VmaxONp": 5.892401365278627e-07,
    "gammaDp": 0.5487194089371682
}