{
    "KICp": 10.46735169161833,
    "KINp": 0.0463315566145302,
    "KOCp": 0.0319037385399978,
    "KONp": 0.0622214948676388,
    "Mp": 6.519911257296733e-06,
    "VmaxICp": 1.924643593845752e-05,
    "VmaxINp": 4.9398586476881664e-05,
    "VmaxOCp": 4.169092783927538e-06,
    "VmaxONp": 6.557716948013437e-07,
    "gammaDp": 0.8207813384257526
}