{
    "KICp": 351.1925703288643,
    "KINp": 0.0065073312055568,
    "KOCp": 0.1669663414155193,
    "KONp": 0.4014907858825212,
    "Mp": 2.7758403692452173e-06,
    "VmaxICp": 2.9465293066402804e-05,
    "VmaxINp": 1.6477165491088537e-05,
    "VmaxOCp": 1.666368788142e-06,
    "VmaxONp": 1.6603162938865862e-07,
    "gammaDp": 0.8
}