{
    "KICp": 37.0,
    "KINp": 0.1175954486332445,
    "KOCp": 0.03,
    "KONp": 0.0536900143347289,
    "Mp": 4.518350938354231e-06,
    "VmaxICp": 2.425726366834788e-05,
    "VmaxINp": 2.618100070646692e-05,
    "VmaxOCp": 1.851851851851852e-06,
    "VmaxONp": 3.3841162928712896e-06,
    "gammaDp": 0.8
}