{
    "KICp": 111.81921654638002,
    "KINp": 0.0173023042428501,
    "KOCp": 0.1823023595255366,
    "KONp": 0.1022818991593177,
    "Mp": 6.592868134300594e-06,
    "VmaxICp": 3.634382174885585e-05,
    "VmaxINp": 5.201275950908111e-05,
    "VmaxOCp": 1.851851851851852e-06,
    "VmaxONp": 1.904387281182024e-06,
    "gammaDp": 0.8
}