{
    "KICp": 7.349250209317489,
    "KINp": 0.0767324018280726,
    "KOCp": 0.2144358966526881,
    "KONp": 0.0685124127391575,
    "Mp": 4.975567082487283e-06,
    "VmaxICp": 2.8023175833780474e-05,
    "VmaxINp": 4.134377072490511e-05,
    "VmaxOCp": 3.190764903043293e-06,
    "VmaxONp": 1.105988102659687e-06,
    "gammaDp": 0.6575527412982385
}