{
    "KICp": 5.6886597277284485,
    "KINp": 0.0158479002376556,
    "KOCp": 0.0196842644189198,
    "KONp": 0.0141665556356274,
    "Mp": 8.266225532803418e-06,
    "VmaxICp": 2.7671095034012503e-05,
    "VmaxINp": 2.902274102328765e-05,
    "VmaxOCp": 6.3841673715301614e-06,
    "VmaxONp": 2.8653981736400856e-06,
    "gammaDp": 0.8
}