{
    "KICp": 66.57573133529708,
    "KINp": 0.0231206758514858,
    "KOCp": 0.2155664802885989,
    "KONp": 0.3501652364317031,
    "Mp": 4.171089278879269e-06,
    "VmaxICp": 2.81412367665057e-05,
    "VmaxINp": 1.7656545911875917e-05,
    "VmaxOCp": 7.51322069714573e-07,
    "VmaxONp": 2.120638423286692e-06,
    "gammaDp": 0.1212845279714954
}