{
    "KICp": 98.7734833807486,
    "KINp": 0.011861322931246,
    "KOCp": 0.059971560506832,
    "KONp": 0.1,
    "Mp": 6.407487697270064e-06,
    "VmaxICp": 3.253202425286151e-05,
    "VmaxINp": 2.967925472050743e-05,
    "VmaxOCp": 8.065124976094944e-07,
    "VmaxONp": 3.442593711045526e-06,
    "gammaDp": 0.8
}