{
    "KICp": 12.508889706433926,
    "KINp": 0.0070180850519371,
    "KOCp": 0.0255560289589633,
    "KONp": 0.106787712563851,
    "Mp": 4.518350938354231e-06,
    "VmaxICp": 2.425726366834788e-05,
    "VmaxINp": 2.618100070646692e-05,
    "VmaxOCp": 1.851851851851852e-06,
    "VmaxONp": 3.6236741552450814e-06,
    "gammaDp": 0.8
}