{
    "KICp": 88.09747885502067,
    "KINp": 0.0511211476649096,
    "KOCp": 0.03,
    "KONp": 0.0757075399955143,
    "Mp": 4.171089278879269e-06,
    "VmaxICp": 2.81412367665057e-05,
    "VmaxINp": 1.7656545911875917e-05,
    "VmaxOCp": 3.486596020529935e-07,
    "VmaxONp": 2.120638423286692e-06,
    "gammaDp": 0.1693937139071213
}