{
    "KICp": 44.62042335641707,
    "KINp": 0.0739291195411365,
    "KOCp": 0.0036874349204694,
    "KONp": 0.369843720774495,
    "Mp": 8.69481238010191e-06,
    "VmaxICp": 2.7456623044267985e-05,
    "VmaxINp": 2.091916141974479e-05,
    "VmaxOCp": 1.7445935434791594e-05,
    "VmaxONp": 1.1111111111111112e-06,
    "gammaDp": 0.1085866177288466
}