{
    "KICp": 11.295214483944507,
    "KINp": 0.0065073312055568,
    "KOCp": 0.0161562169706925,
    "KONp": 0.6784418327882591,
    "Mp": 3.776497659704108e-06,
    "VmaxICp": 2.9465293066402804e-05,
    "VmaxINp": 1.6477165491088537e-05,
    "VmaxOCp": 4.205959667452025e-07,
    "VmaxONp": 2.293289514599828e-06,
    "gammaDp": 0.8
}