{
    "KICp": 7.641727009727674,
    "KINp": 0.0020857452662503,
    "KOCp": 0.0102343988504241,
    "KONp": 0.0550736752545752,
    "Mp": 8.34305249338949e-06,
    "VmaxICp": 2.267821073749313e-05,
    "VmaxINp": 4.512476718846247e-05,
    "VmaxOCp": 1.1805727586321208e-06,
    "VmaxONp": 2.074889622442829e-06,
    "gammaDp": 0.1542831513353159
}