{
    "KICp": 30.925535938605712,
    "KINp": 0.0021236821315129,
    "KOCp": 0.074524881456492,
    "KONp": 0.0325886695364742,
    "Mp": 4.754377157254117e-06,
    "VmaxICp": 2.407352447385514e-05,
    "VmaxINp": 2.465388331544829e-05,
    "VmaxOCp": 2.108084602282964e-06,
    "VmaxONp": 2.698371303537884e-06,
    "gammaDp": 0.3548422203646102
}