{
    "KICp": 37.0,
    "KINp": 0.02,
    "KOCp": 0.0184212396087629,
    "KONp": 0.3241160956892909,
    "Mp": 6.201975761650629e-06,
    "VmaxICp": 2.5551091526779374e-05,
    "VmaxINp": 4.492691977135593e-05,
    "VmaxOCp": 1.4075140471495757e-05,
    "VmaxONp": 5.3925668593386565e-06,
    "gammaDp": 0.7303597885192645
}