{
    "KICp": 48.40977008113699,
    "KINp": 0.0463315566145302,
    "KOCp": 0.03,
    "KONp": 0.1411894387269023,
    "Mp": 5.740472363002414e-06,
    "VmaxICp": 1.924643593845752e-05,
    "VmaxINp": 4.9398586476881664e-05,
    "VmaxOCp": 4.169092783927538e-06,
    "VmaxONp": 6.557716948013437e-07,
    "gammaDp": 0.8
}