{
    "KICp": 4.091901240195748,
    "KINp": 0.02,
    "KOCp": 0.2007126897881365,
    "KONp": 0.0178466656488743,
    "Mp": 7.125361077314228e-06,
    "VmaxICp": 3.6270586293809166e-05,
    "VmaxINp": 4.822875339092893e-05,
    "VmaxOCp": 1.851851851851852e-06,
    "VmaxONp": 1.1111111111111112e-06,
    "gammaDp": 0.2290537583675872
}