{
    "KICp": 5.008355304497847,
    "KINp": 0.0067631691059354,
    "KOCp": 0.0204451010480913,
    "KONp": 0.1,
    "Mp": 5.204991347115954e-06,
    "VmaxICp": 2.711626479816122e-05,
    "VmaxINp": 2.465621902198828e-05,
    "VmaxOCp": 2.0958490335557098e-07,
    "VmaxONp": 1.4309402599959765e-07,
    "gammaDp": 0.2421575433410723
}