{
    "KICp": 37.0,
    "KINp": 0.0834338287191442,
    "KOCp": 0.1486848769568675,
    "KONp": 0.0325391659406903,
    "Mp": 4.518350938354231e-06,
    "VmaxICp": 2.425726366834788e-05,
    "VmaxINp": 2.618100070646692e-05,
    "VmaxOCp": 1.851851851851852e-06,
    "VmaxONp": 3.6236741552450814e-06,
    "gammaDp": 0.4621769866627268
}