{
    "KICp": 283.9112382830904,
    "KINp": 0.02,
    "KOCp": 0.121073007753733,
    "KONp": 0.0854568580696992,
    "Mp": 8.34305249338949e-06,
    "VmaxICp": 2.267821073749313e-05,
    "VmaxINp": 4.512476718846247e-05,
    "VmaxOCp": 1.8084117740832547e-06,
    "VmaxONp": 2.074889622442829e-06,
    "gammaDp": 0.2747644846164184
}