{
    "KICp": 5.430431682063518,
    "KINp": 0.0116889469295937,
    "KOCp": 0.046037350552444,
    "KONp": 0.1,
    "Mp": 6.053763515098215e-06,
    "VmaxICp": 3.887738126086905e-05,
    "VmaxINp": 1.774479924934126e-05,
    "VmaxOCp": 7.724631803243122e-07,
    "VmaxONp": 1.734208924802976e-06,
    "gammaDp": 0.5487194089371682
}