{
    "KICp": 33.4395903716006,
    "KINp": 0.0109396296907321,
    "KOCp": 0.1904744355153058,
    "KONp": 0.1249321489154162,
    "Mp": 4.010147962124966e-06,
    "VmaxICp": 3.678615840891293e-05,
    "VmaxINp": 1.961664308002598e-05,
    "VmaxOCp": 5.765016713891592e-07,
    "VmaxONp": 7.721831620660407e-07,
    "gammaDp": 0.2476520582545779
}