{
    "KICp": 37.0,
    "KINp": 0.0767324018280726,
    "KOCp": 0.1099217127848339,
    "KONp": 0.0222619525794649,
    "Mp": 6.171990761120316e-06,
    "VmaxICp": 2.8023175833780474e-05,
    "VmaxINp": 4.134377072490511e-05,
    "VmaxOCp": 5.198056722787214e-07,
    "VmaxONp": 7.089664070650407e-07,
    "gammaDp": 0.4226841657393342
}