{
    "KICp": 52.62166536823465,
    "KINp": 0.0897604175824366,
    "KOCp": 0.0947984609620566,
    "KONp": 0.073678332629663,
    "Mp": 6.070654674501743e-06,
    "VmaxICp": 1.876574883469269e-05,
    "VmaxINp": 2.6240942827135503e-05,
    "VmaxOCp": 1.851851851851852e-06,
    "VmaxONp": 6.027187996154932e-06,
    "gammaDp": 0.2486743487577707
}