{
    "KICp": 16.062294845555577,
    "KINp": 0.0463315566145302,
    "KOCp": 0.03,
    "KONp": 0.035453858832115,
    "Mp": 6.519911257296733e-06,
    "VmaxICp": 1.924643593845752e-05,
    "VmaxINp": 4.9398586476881664e-05,
    "VmaxOCp": 2.459396882971316e-07,
    "VmaxONp": 2.102907196144327e-07,
    "gammaDp": 0.4582503084861259
}