{
    "KICp": 184.8054840574977,
    "KINp": 0.0278308527470268,
    "KOCp": 0.03,
    "KONp": 0.3171606992412901,
    "Mp": 6.519911257296733e-06,
    "VmaxICp": 1.924643593845752e-05,
    "VmaxINp": 4.9398586476881664e-05,
    "VmaxOCp": 6.100020497810814e-07,
    "VmaxONp": 6.557716948013437e-07,
    "gammaDp": 0.8
}