{
    "KICp": 11.387008436216489,
    "KINp": 0.0158479002376556,
    "KOCp": 0.0157378955379564,
    "KONp": 0.0141665556356274,
    "Mp": 8.266225532803418e-06,
    "VmaxICp": 3.23536844645817e-05,
    "VmaxINp": 2.902274102328765e-05,
    "VmaxOCp": 2.6563039429084848e-06,
    "VmaxONp": 2.3152675075249924e-06,
    "gammaDp": 0.8
}