{
    "KICp": 228.606462192974,
    "KINp": 0.02,
    "KOCp": 0.0058969920159696,
    "KONp": 0.042967612613802,
    "Mp": 4.510135274068755e-06,
    "VmaxICp": 2.1660913462139848e-05,
    "VmaxINp": 3.953389012667434e-05,
    "VmaxOCp": 6.170402811956021e-07,
    "VmaxONp": 5.043101294810372e-06,
    "gammaDp": 0.1200902584539512
}