{
    "KICp": 269.4763654278623,
    "KINp": 0.0262980226051428,
    "KOCp": 0.005918256858611,
    "KONp": 0.019481528702786,
    "Mp": 4.518350938354231e-06,
    "VmaxICp": 2.425726366834788e-05,
    "VmaxINp": 2.618100070646692e-05,
    "VmaxOCp": 1.851851851851852e-06,
    "VmaxONp": 3.6236741552450814e-06,
    "gammaDp": 0.8
}