{
    "KICp": 174.40462513036874,
    "KINp": 0.02,
    "KOCp": 0.0990213962347424,
    "KONp": 0.708320497246837,
    "Mp": 8.34305249338949e-06,
    "VmaxICp": 2.267821073749313e-05,
    "VmaxINp": 4.512476718846247e-05,
    "VmaxOCp": 3.921344332849146e-07,
    "VmaxONp": 2.074889622442829e-06,
    "gammaDp": 0.2747644846164184
}