{
    "KICp": 69.62651215770913,
    "KINp": 0.0109396296907321,
    "KOCp": 0.0128983722173114,
    "KONp": 0.0121865740769451,
    "Mp": 7.973774955348351e-06,
    "VmaxICp": 3.11305057394559e-05,
    "VmaxINp": 1.961664308002598e-05,
    "VmaxOCp": 5.765016713891592e-07,
    "VmaxONp": 1.1111111111111112e-06,
    "gammaDp": 0.2476520582545779
}