{
    "KICp": 20.82239968850533,
    "KINp": 0.0029661713617926,
    "KOCp": 0.2332025673451322,
    "KONp": 0.6157625835270599,
    "Mp": 5.362485907294137e-06,
    "VmaxICp": 2.8890362212284407e-05,
    "VmaxINp": 1.831409413604025e-05,
    "VmaxOCp": 8.951106636373828e-07,
    "VmaxONp": 4.32131968631476e-07,
    "gammaDp": 0.3843331031724691
}