{
    "KICp": 37.0,
    "KINp": 0.02,
    "KOCp": 0.1046228962917402,
    "KONp": 0.2727482368735357,
    "Mp": 6.201975761650629e-06,
    "VmaxICp": 2.5551091526779374e-05,
    "VmaxINp": 4.492691977135593e-05,
    "VmaxOCp": 1.4161687535434793e-05,
    "VmaxONp": 1.2684172596600312e-06,
    "gammaDp": 0.544831203525284
}