{
    "KICp": 5.697008850283706,
    "KINp": 0.024284171516672,
    "KOCp": 0.03,
    "KONp": 0.0490596824597911,
    "Mp": 5.879699105964787e-06,
    "VmaxICp": 2.5490091427079017e-05,
    "VmaxINp": 3.256043771650544e-05,
    "VmaxOCp": 1.7472668594919605e-06,
    "VmaxONp": 6.000547051134572e-06,
    "gammaDp": 0.3905501687091998
}