{
    "KICp": 37.0,
    "KINp": 0.02,
    "KOCp": 0.1117122975148512,
    "KONp": 0.0195529481621888,
    "Mp": 7.125361077314228e-06,
    "VmaxICp": 3.6270586293809166e-05,
    "VmaxINp": 4.822875339092893e-05,
    "VmaxOCp": 3.3305257741055254e-07,
    "VmaxONp": 5.072613045656879e-07,
    "gammaDp": 0.2290537583675872
}