{
    "KICp": 128.67361441301327,
    "KINp": 0.02,
    "KOCp": 0.1117122975148512,
    "KONp": 0.0454342466659243,
    "Mp": 7.125361077314228e-06,
    "VmaxICp": 3.6270586293809166e-05,
    "VmaxINp": 2.45563165617271e-05,
    "VmaxOCp": 1.851851851851852e-06,
    "VmaxONp": 1.3694524951986834e-07,
    "gammaDp": 0.2290537583675872
}