{
    "KICp": 50.453506613863176,
    "KINp": 0.0739291195411365,
    "KOCp": 0.0055737080524257,
    "KONp": 0.369843720774495,
    "Mp": 8.69481238010191e-06,
    "VmaxICp": 2.7456623044267985e-05,
    "VmaxINp": 4.45853706884817e-05,
    "VmaxOCp": 3.22701278047796e-07,
    "VmaxONp": 1.1111111111111112e-06,
    "gammaDp": 0.3077089639477757
}