{
    "KICp": 321.4579597470658,
    "KINp": 0.0269327087728925,
    "KOCp": 0.0107643257049105,
    "KONp": 0.1,
    "Mp": 6.053763515098215e-06,
    "VmaxICp": 3.887738126086905e-05,
    "VmaxINp": 1.774479924934126e-05,
    "VmaxOCp": 7.724631803243122e-07,
    "VmaxONp": 1.734208924802976e-06,
    "gammaDp": 0.5487194089371682
}