{
    "KICp": 17.536099833118378,
    "KINp": 0.1065888772514103,
    "KOCp": 0.03,
    "KONp": 0.1514890202314442,
    "Mp": 6.7649202554167255e-06,
    "VmaxICp": 3.573575291414935e-05,
    "VmaxINp": 3.118027376727126e-05,
    "VmaxOCp": 9.367079742870496e-07,
    "VmaxONp": 1.1203537037691184e-06,
    "gammaDp": 0.8
}