{
    "KICp": 68.63807548981954,
    "KINp": 0.1352973431739694,
    "KOCp": 0.03,
    "KONp": 0.083265401585579,
    "Mp": 9.39811510388507e-06,
    "VmaxICp": 3.258019009657887e-05,
    "VmaxINp": 4.3455380061806506e-05,
    "VmaxOCp": 5.923453361186888e-06,
    "VmaxONp": 1.3546947509661037e-06,
    "gammaDp": 0.2115979144536115
}