{
    "KICp": 63.54554646246298,
    "KINp": 0.0037063402943934,
    "KOCp": 0.022407045032975,
    "KONp": 0.436851552986248,
    "Mp": 6.892112634210709e-06,
    "VmaxICp": 2.928327046003762e-05,
    "VmaxINp": 2.2073908666033747e-05,
    "VmaxOCp": 6.816556838177194e-07,
    "VmaxONp": 2.0368566866523705e-07,
    "gammaDp": 0.172516533670722
}