{
    "KICp": 52.62166536823465,
    "KINp": 0.1159147996525161,
    "KOCp": 0.0084831370798809,
    "KONp": 0.073678332629663,
    "Mp": 5.074021759660471e-06,
    "VmaxICp": 1.876574883469269e-05,
    "VmaxINp": 2.6240942827135503e-05,
    "VmaxOCp": 1.851851851851852e-06,
    "VmaxONp": 2.996979446321016e-06,
    "gammaDp": 0.7604965189336284
}