{
    "KICp": 14.801922380918343,
    "KINp": 0.1046514537496063,
    "KOCp": 0.0186212680719654,
    "KONp": 0.3248167070933084,
    "Mp": 5.368167589532071e-06,
    "VmaxICp": 4.059195683152354e-05,
    "VmaxINp": 2.818587964939061e-05,
    "VmaxOCp": 6.551395211749686e-06,
    "VmaxONp": 1.1111111111111112e-06,
    "gammaDp": 0.6156180352081633
}