{
    "KICp": 8.620733737667058,
    "KINp": 0.02,
    "KOCp": 0.0182299871682688,
    "KONp": 0.5806001851451131,
    "Mp": 7.218748069851426e-06,
    "VmaxICp": 2.516932871884756e-05,
    "VmaxINp": 3.305849514165528e-05,
    "VmaxOCp": 1.851851851851852e-06,
    "VmaxONp": 9.678954710768164e-06,
    "gammaDp": 0.3903051905185118
}