{
    "KICp": 68.18202263903441,
    "KINp": 0.0250961478268107,
    "KOCp": 0.03,
    "KONp": 0.083265401585579,
    "Mp": 9.39811510388507e-06,
    "VmaxICp": 3.258019009657887e-05,
    "VmaxINp": 4.3455380061806506e-05,
    "VmaxOCp": 3.85319821053916e-07,
    "VmaxONp": 7.328312000205224e-07,
    "gammaDp": 0.2285007006394968
}