{
    "KICp": 33.4395903716006,
    "KINp": 0.0109396296907321,
    "KOCp": 0.0078074544742266,
    "KONp": 0.1566986624581069,
    "Mp": 4.010147962124966e-06,
    "VmaxICp": 3.11305057394559e-05,
    "VmaxINp": 1.961664308002598e-05,
    "VmaxOCp": 5.765016713891592e-07,
    "VmaxONp": 3.044514117248452e-07,
    "gammaDp": 0.2476520582545779
}