{
    "KICp": 134.331555601433,
    "KINp": 0.0325203237081583,
    "KOCp": 0.0179889375411259,
    "KONp": 0.0234494429975262,
    "Mp": 6.592868134300594e-06,
    "VmaxICp": 3.634382174885585e-05,
    "VmaxINp": 2.400710844069592e-05,
    "VmaxOCp": 2.818490413959037e-07,
    "VmaxONp": 1.865062704510277e-06,
    "gammaDp": 0.8
}