{
    "KICp": 66.57573133529708,
    "KINp": 0.0047872316821078,
    "KOCp": 0.03,
    "KONp": 0.0757075399955143,
    "Mp": 7.170159259716048e-06,
    "VmaxICp": 2.81412367665057e-05,
    "VmaxINp": 1.7656545911875917e-05,
    "VmaxOCp": 1.1491711038984955e-06,
    "VmaxONp": 4.882908474203238e-07,
    "gammaDp": 0.1212845279714954
}