{
    "KICp": 178.13289828930954,
    "KINp": 0.0027169484297225,
    "KOCp": 0.0059319898273766,
    "KONp": 0.1,
    "Mp": 1.0087176621768795e-05,
    "VmaxICp": 5.410779971719546e-05,
    "VmaxINp": 1.774479924934126e-05,
    "VmaxOCp": 7.724631803243122e-07,
    "VmaxONp": 6.953021819694285e-06,
    "gammaDp": 0.5487194089371682
}