{
    "KICp": 52.62166536823465,
    "KINp": 0.1502867757411109,
    "KOCp": 0.03,
    "KONp": 0.086842252301581,
    "Mp": 6.070654674501743e-06,
    "VmaxICp": 5.162330598589493e-05,
    "VmaxINp": 2.6240942827135503e-05,
    "VmaxOCp": 1.851851851851852e-06,
    "VmaxONp": 2.105572377904516e-07,
    "gammaDp": 0.7604965189336284
}