{
    "KICp": 74.3947028569333,
    "KINp": 0.0214300252197554,
    "KOCp": 0.1988075900201504,
    "KONp": 0.1,
    "Mp": 4.63799845544578e-06,
    "VmaxICp": 1.665261979000581e-05,
    "VmaxINp": 5.408489293263677e-05,
    "VmaxOCp": 1.851851851851852e-06,
    "VmaxONp": 2.263758086771377e-07,
    "gammaDp": 0.1095964371041318
}