{
    "KICp": 15.98911381835761,
    "KINp": 0.0463315566145302,
    "KOCp": 0.0324968162050347,
    "KONp": 0.035453858832115,
    "Mp": 6.519911257296733e-06,
    "VmaxICp": 1.924643593845752e-05,
    "VmaxINp": 4.9398586476881664e-05,
    "VmaxOCp": 5.132256794136047e-06,
    "VmaxONp": 6.557716948013437e-07,
    "gammaDp": 0.8
}