{
    "KICp": 68.63807548981954,
    "KINp": 0.0163122432589232,
    "KOCp": 0.03,
    "KONp": 0.027039393519348,
    "Mp": 1.009486545985924e-05,
    "VmaxICp": 3.258019009657887e-05,
    "VmaxINp": 4.3455380061806506e-05,
    "VmaxOCp": 5.226585623784282e-07,
    "VmaxONp": 5.372353316926293e-06,
    "gammaDp": 0.1263363582770768
}