{
    "KICp": 5.008355304497847,
    "KINp": 0.0447674117160526,
    "KOCp": 0.0090238150444646,
    "KONp": 0.0497684279336929,
    "Mp": 5.204991347115954e-06,
    "VmaxICp": 1.7792047230909056e-05,
    "VmaxINp": 2.465621902198828e-05,
    "VmaxOCp": 1.1669942350585368e-05,
    "VmaxONp": 2.3582747090978365e-06,
    "gammaDp": 0.3964543377346571
}