{
    "KICp": 55.168153696972006,
    "KINp": 0.0021906386391947,
    "KOCp": 0.1433177859955859,
    "KONp": 0.5639588725122406,
    "Mp": 2.948825088032371e-06,
    "VmaxICp": 2.0259272862511896e-05,
    "VmaxINp": 2.7131628841156137e-05,
    "VmaxOCp": 7.193465298420632e-06,
    "VmaxONp": 1.5468852523586198e-06,
    "gammaDp": 0.1648574545315748
}