{
    "KICp": 9.037019845140383,
    "KINp": 0.02,
    "KOCp": 0.158341867039871,
    "KONp": 0.509041955106694,
    "Mp": 8.34305249338949e-06,
    "VmaxICp": 2.267821073749313e-05,
    "VmaxINp": 4.512476718846247e-05,
    "VmaxOCp": 5.694020964950623e-06,
    "VmaxONp": 2.074889622442829e-06,
    "gammaDp": 0.2747644846164184
}