{
    "KICp": 16.070556125496147,
    "KINp": 0.0029838599024829,
    "KOCp": 0.074524881456492,
    "KONp": 0.0325886695364742,
    "Mp": 4.754377157254117e-06,
    "VmaxICp": 3.150199696090573e-05,
    "VmaxINp": 2.1174822796868223e-05,
    "VmaxOCp": 1.9089223738164985e-06,
    "VmaxONp": 2.698371303537884e-06,
    "gammaDp": 0.6487646693398135
}