{
    "KICp": 4.032042161765418,
    "KINp": 0.0365884727196619,
    "KOCp": 0.1117122975148512,
    "KONp": 0.0263269665766425,
    "Mp": 7.125361077314228e-06,
    "VmaxICp": 3.6270586293809166e-05,
    "VmaxINp": 4.822875339092893e-05,
    "VmaxOCp": 1.851851851851852e-06,
    "VmaxONp": 3.296550775651726e-07,
    "gammaDp": 0.2290537583675872
}