{
    "KICp": 314.0888856358834,
    "KINp": 0.011861322931246,
    "KOCp": 0.059971560506832,
    "KONp": 0.029413540581522,
    "Mp": 6.407487697270064e-06,
    "VmaxICp": 3.253202425286151e-05,
    "VmaxINp": 2.6355355959535743e-05,
    "VmaxOCp": 1.851851851851852e-06,
    "VmaxONp": 2.3208267847597094e-06,
    "gammaDp": 0.8
}