{
    "KICp": 63.54554646246298,
    "KINp": 0.0219448664097314,
    "KOCp": 0.0097208866714653,
    "KONp": 0.436851552986248,
    "Mp": 6.892112634210709e-06,
    "VmaxICp": 2.928327046003762e-05,
    "VmaxINp": 2.2073908666033747e-05,
    "VmaxOCp": 1.7416175344543336e-05,
    "VmaxONp": 2.7183831010833795e-06,
    "gammaDp": 0.4558656962505634
}