{
    "KICp": 37.0,
    "KINp": 0.0026639863128112,
    "KOCp": 0.0090904197762022,
    "KONp": 0.0263269665766425,
    "Mp": 7.580603830432561e-06,
    "VmaxICp": 3.6270586293809166e-05,
    "VmaxINp": 4.822875339092893e-05,
    "VmaxOCp": 1.851851851851852e-06,
    "VmaxONp": 1.1111111111111112e-06,
    "gammaDp": 0.4969006026085943
}