{
    "KICp": 22.33997696195398,
    "KINp": 0.1486140129634193,
    "KOCp": 0.0061032319117745,
    "KONp": 0.6987466349316099,
    "Mp": 3.7903862293390953e-06,
    "VmaxICp": 2.4566436018715665e-05,
    "VmaxINp": 1.841417411910884e-05,
    "VmaxOCp": 1.7429628985613677e-05,
    "VmaxONp": 1.1111111111111112e-06,
    "gammaDp": 0.5792585315335164
}