{
    "KICp": 37.0,
    "KINp": 0.02,
    "KOCp": 0.03,
    "KONp": 0.3791885722452597,
    "Mp": 3.314137415776565e-06,
    "VmaxICp": 2.1816521978901497e-05,
    "VmaxINp": 2.319034519365277e-05,
    "VmaxOCp": 3.951614448913749e-07,
    "VmaxONp": 4.3885938796425924e-07,
    "gammaDp": 0.1747961588657233
}