{
    "KICp": 5.008355304497847,
    "KINp": 0.0323641286799734,
    "KOCp": 0.0050867104715702,
    "KONp": 0.1,
    "Mp": 5.204991347115954e-06,
    "VmaxICp": 1.7792047230909056e-05,
    "VmaxINp": 2.465621902198828e-05,
    "VmaxOCp": 2.557788449740643e-07,
    "VmaxONp": 2.3582747090978365e-06,
    "gammaDp": 0.1420975442299016
}