{
    "KICp": 63.54554646246298,
    "KINp": 0.0047450329692318,
    "KOCp": 0.0097208866714653,
    "KONp": 0.436851552986248,
    "Mp": 6.892112634210709e-06,
    "VmaxICp": 2.0589071925814533e-05,
    "VmaxINp": 2.2073908666033747e-05,
    "VmaxOCp": 3.008689586774915e-07,
    "VmaxONp": 9.73764442514333e-06,
    "gammaDp": 0.1961154921535753
}