{
    "KICp": 33.4395903716006,
    "KINp": 0.0109396296907321,
    "KOCp": 0.0051205818679877,
    "KONp": 0.0121865740769451,
    "Mp": 4.010147962124966e-06,
    "VmaxICp": 3.11305057394559e-05,
    "VmaxINp": 1.961664308002598e-05,
    "VmaxOCp": 1.626820976924533e-05,
    "VmaxONp": 1.1111111111111112e-06,
    "gammaDp": 0.4595138040150021
}