{
    "KICp": 11.295214483944507,
    "KINp": 0.0965715513245762,
    "KOCp": 0.1872839150934695,
    "KONp": 0.4014907858825212,
    "Mp": 2.7758403692452173e-06,
    "VmaxICp": 3.337893158602375e-05,
    "VmaxINp": 1.6477165491088537e-05,
    "VmaxOCp": 4.205959667452025e-07,
    "VmaxONp": 4.263607796866874e-07,
    "gammaDp": 0.728480933764902
}