{
    "KICp": 245.25468954475096,
    "KINp": 0.0207585400534759,
    "KOCp": 0.1679957252203486,
    "KONp": 0.0351003064806306,
    "Mp": 4.510135274068755e-06,
    "VmaxICp": 1.9457418634964805e-05,
    "VmaxINp": 2.664851028633887e-05,
    "VmaxOCp": 6.170402811956021e-07,
    "VmaxONp": 5.043101294810372e-06,
    "gammaDp": 0.3227812870504043
}