{
    "KICp": 101.5129675246928,
    "KINp": 0.0119588396746865,
    "KOCp": 0.1099217127848339,
    "KONp": 0.0685124127391575,
    "Mp": 4.975567082487283e-06,
    "VmaxICp": 2.8023175833780474e-05,
    "VmaxINp": 4.134377072490511e-05,
    "VmaxOCp": 8.69405242804717e-06,
    "VmaxONp": 7.089664070650407e-07,
    "gammaDp": 0.2952040674394612
}