{
    "KICp": 25.347351473989463,
    "KINp": 0.0085873458722781,
    "KOCp": 0.0204451010480913,
    "KONp": 0.2774893417335216,
    "Mp": 5.204991347115954e-06,
    "VmaxICp": 1.7792047230909056e-05,
    "VmaxINp": 2.465621902198828e-05,
    "VmaxOCp": 2.557788449740643e-07,
    "VmaxONp": 2.3582747090978365e-06,
    "gammaDp": 0.2421575433410723
}