{
    "KICp": 11.792914649700668,
    "KINp": 0.024284171516672,
    "KOCp": 0.03,
    "KONp": 0.1028185522373099,
    "Mp": 6.238703046095954e-06,
    "VmaxICp": 2.794660912021589e-05,
    "VmaxINp": 3.256043771650544e-05,
    "VmaxOCp": 6.632103997063536e-06,
    "VmaxONp": 1.2987171384856506e-06,
    "gammaDp": 0.6000604401574811
}