{
    "KICp": 11.387008436216489,
    "KINp": 0.0259929762011709,
    "KOCp": 0.0528108855639611,
    "KONp": 0.0141665556356274,
    "Mp": 8.266225532803418e-06,
    "VmaxICp": 3.23536844645817e-05,
    "VmaxINp": 2.902274102328765e-05,
    "VmaxOCp": 2.656365210289651e-07,
    "VmaxONp": 1.1111111111111112e-06,
    "gammaDp": 0.8
}