{
    "KICp": 16.60688591805512,
    "KINp": 0.1046514537496063,
    "KOCp": 0.03,
    "KONp": 0.3248167070933084,
    "Mp": 5.368167589532071e-06,
    "VmaxICp": 2.405176100581632e-05,
    "VmaxINp": 2.818587964939061e-05,
    "VmaxOCp": 4.207260009104505e-07,
    "VmaxONp": 1.340690964996048e-06,
    "gammaDp": 0.6156180352081633
}