{
    "KICp": 365.34059271508846,
    "KINp": 0.0201710068846132,
    "KOCp": 0.03,
    "KONp": 0.4173653638359624,
    "Mp": 3.4652952900316974e-06,
    "VmaxICp": 2.537949925927858e-05,
    "VmaxINp": 5.067315625689709e-05,
    "VmaxOCp": 3.774504239944003e-07,
    "VmaxONp": 6.124307347483039e-07,
    "gammaDp": 0.6954765133287658
}