{
    "KICp": 37.0,
    "KINp": 0.0126543439276695,
    "KOCp": 0.122325706509438,
    "KONp": 0.0106014426158872,
    "Mp": 5.592352811690479e-06,
    "VmaxICp": 3.542956706739793e-05,
    "VmaxINp": 1.882153414045168e-05,
    "VmaxOCp": 9.42379779737417e-06,
    "VmaxONp": 7.554945141374043e-07,
    "gammaDp": 0.8
}