{
    "KICp": 37.0,
    "KINp": 0.0057475158013013,
    "KOCp": 0.2735740094898858,
    "KONp": 0.0336435712369203,
    "Mp": 5.229487793637281e-06,
    "VmaxICp": 2.37082307096242e-05,
    "VmaxINp": 4.356994551251304e-05,
    "VmaxOCp": 1.851851851851852e-06,
    "VmaxONp": 2.038468191058876e-07,
    "gammaDp": 0.8
}