{
    "KICp": 119.6280820404186,
    "KINp": 0.0029661713617926,
    "KOCp": 0.1018849785748929,
    "KONp": 0.4735288423159413,
    "Mp": 5.362485907294137e-06,
    "VmaxICp": 2.8890362212284407e-05,
    "VmaxINp": 1.831409413604025e-05,
    "VmaxOCp": 1.851851851851852e-06,
    "VmaxONp": 3.06701787621274e-07,
    "gammaDp": 0.1015385785499634
}