{
    "KICp": 37.0,
    "KINp": 0.0030990953351535,
    "KOCp": 0.0917685516689886,
    "KONp": 0.6057246142195513,
    "Mp": 5.584046773682123e-06,
    "VmaxICp": 1.958713036003569e-05,
    "VmaxINp": 2.3519177625098667e-05,
    "VmaxOCp": 3.295965886556344e-07,
    "VmaxONp": 1.6334012202987126e-06,
    "gammaDp": 0.1566376562379383
}