{
    "KICp": 181.22218082159176,
    "KINp": 0.02,
    "KOCp": 0.1072151317973778,
    "KONp": 0.0263269665766425,
    "Mp": 4.902832230208458e-06,
    "VmaxICp": 3.6270586293809166e-05,
    "VmaxINp": 4.822875339092893e-05,
    "VmaxOCp": 1.851851851851852e-06,
    "VmaxONp": 1.1111111111111112e-06,
    "gammaDp": 0.5151123161248196
}