{
    "KICp": 37.0,
    "KINp": 0.02,
    "KOCp": 0.0070636713964631,
    "KONp": 0.3241160956892909,
    "Mp": 6.201975761650629e-06,
    "VmaxICp": 2.5551091526779374e-05,
    "VmaxINp": 4.492691977135593e-05,
    "VmaxOCp": 2.243652997336855e-07,
    "VmaxONp": 2.8776839415359173e-07,
    "gammaDp": 0.2489261083097696
}