{
    "KICp": 37.0,
    "KINp": 0.0118110447703527,
    "KOCp": 0.1046877856283823,
    "KONp": 0.2994756313563997,
    "Mp": 5.229487793637281e-06,
    "VmaxICp": 2.37082307096242e-05,
    "VmaxINp": 4.356994551251304e-05,
    "VmaxOCp": 1.851851851851852e-06,
    "VmaxONp": 6.814243176418636e-07,
    "gammaDp": 0.2074623859559355
}