{
    "KICp": 32.379700572703385,
    "KINp": 0.0089444464860059,
    "KOCp": 0.0204451010480913,
    "KONp": 0.1,
    "Mp": 5.204991347115954e-06,
    "VmaxICp": 1.7792047230909056e-05,
    "VmaxINp": 2.465621902198828e-05,
    "VmaxOCp": 6.918342209831041e-06,
    "VmaxONp": 2.3582747090978365e-06,
    "gammaDp": 0.2421575433410723
}