{
    "KICp": 52.62166536823465,
    "KINp": 0.1159147996525161,
    "KOCp": 0.03,
    "KONp": 0.0187013051371981,
    "Mp": 6.070654674501743e-06,
    "VmaxICp": 3.441581006868146e-05,
    "VmaxINp": 2.6240942827135503e-05,
    "VmaxOCp": 1.146788227357946e-06,
    "VmaxONp": 2.105572377904516e-07,
    "gammaDp": 0.7604965189336284
}