{
    "KICp": 6.9931990725213975,
    "KINp": 0.0030990953351535,
    "KOCp": 0.230613821917848,
    "KONp": 0.3017428164953059,
    "Mp": 5.584046773682123e-06,
    "VmaxICp": 1.958713036003569e-05,
    "VmaxINp": 2.501846168655082e-05,
    "VmaxOCp": 5.3080292341093e-07,
    "VmaxONp": 1.6334012202987126e-06,
    "gammaDp": 0.1566376562379383
}