{
    "KICp": 8.87213574559314,
    "KINp": 0.0161843568487138,
    "KOCp": 0.03,
    "KONp": 0.073678332629663,
    "Mp": 6.070654674501743e-06,
    "VmaxICp": 1.876574883469269e-05,
    "VmaxINp": 2.6240942827135503e-05,
    "VmaxOCp": 1.6238888045868588e-06,
    "VmaxONp": 6.633303062024419e-06,
    "gammaDp": 0.7604965189336284
}