{
    "KICp": 20.82239968850533,
    "KINp": 0.0040290808151216,
    "KOCp": 0.1018849785748929,
    "KONp": 0.680790412244349,
    "Mp": 5.362485907294137e-06,
    "VmaxICp": 2.8890362212284407e-05,
    "VmaxINp": 1.831409413604025e-05,
    "VmaxOCp": 1.851851851851852e-06,
    "VmaxONp": 6.8590026540253614e-06,
    "gammaDp": 0.2298669501937733
}