{
    "KICp": 44.62042335641707,
    "KINp": 0.0021425516808898,
    "KOCp": 0.004492728452938,
    "KONp": 0.369843720774495,
    "Mp": 8.69481238010191e-06,
    "VmaxICp": 2.7456623044267985e-05,
    "VmaxINp": 4.2956446189136176e-05,
    "VmaxOCp": 2.118218774368538e-07,
    "VmaxONp": 1.1111111111111112e-06,
    "gammaDp": 0.1085866177288466
}