{
    "KICp": 37.0,
    "KINp": 0.0030990953351535,
    "KOCp": 0.230613821917848,
    "KONp": 0.6057246142195513,
    "Mp": 5.584046773682123e-06,
    "VmaxICp": 1.958713036003569e-05,
    "VmaxINp": 2.501846168655082e-05,
    "VmaxOCp": 6.308327926858114e-07,
    "VmaxONp": 1.0422836275860606e-06,
    "gammaDp": 0.203642735023187
}