{
    "KICp": 37.0,
    "KINp": 0.072757100009673,
    "KOCp": 0.0266574702695997,
    "KONp": 0.3355554386723164,
    "Mp": 4.518350938354231e-06,
    "VmaxICp": 4.466665296271563e-05,
    "VmaxINp": 2.618100070646692e-05,
    "VmaxOCp": 1.851851851851852e-06,
    "VmaxONp": 3.6236741552450814e-06,
    "gammaDp": 0.8
}