{
    "KICp": 151.65686663514848,
    "KINp": 0.0036247206479778,
    "KOCp": 0.0796317949570507,
    "KONp": 0.4980375652827976,
    "Mp": 5.136905342544671e-06,
    "VmaxICp": 1.888504591750003e-05,
    "VmaxINp": 4.87998761758152e-05,
    "VmaxOCp": 1.0149371566159214e-06,
    "VmaxONp": 1.8684201054821694e-07,
    "gammaDp": 0.4215436141066862
}