{
    "KICp": 37.0,
    "KINp": 0.02,
    "KOCp": 0.0087366373277448,
    "KONp": 0.7828266435648028,
    "Mp": 4.518350938354231e-06,
    "VmaxICp": 2.425726366834788e-05,
    "VmaxINp": 2.618100070646692e-05,
    "VmaxOCp": 4.523592658393431e-07,
    "VmaxONp": 3.6236741552450814e-06,
    "gammaDp": 0.8
}