{
    "KICp": 37.0,
    "KINp": 0.0116048389532455,
    "KOCp": 0.0184212396087629,
    "KONp": 0.3241160956892909,
    "Mp": 6.201975761650629e-06,
    "VmaxICp": 2.5551091526779374e-05,
    "VmaxINp": 4.492691977135593e-05,
    "VmaxOCp": 1.2298946530319686e-05,
    "VmaxONp": 1.880573516908136e-07,
    "gammaDp": 0.2911285522491885
}