{
    "KICp": 20.82239968850533,
    "KINp": 0.0029661713617926,
    "KOCp": 0.1018849785748929,
    "KONp": 0.0380865251587336,
    "Mp": 5.362485907294137e-06,
    "VmaxICp": 2.8890362212284407e-05,
    "VmaxINp": 3.925483469420238e-05,
    "VmaxOCp": 2.3562353758897074e-06,
    "VmaxONp": 2.3123269114147312e-06,
    "gammaDp": 0.1726059003692082
}