{
    "KICp": 37.0,
    "KINp": 0.1617508851449592,
    "KOCp": 0.0184212396087629,
    "KONp": 0.3695010203632811,
    "Mp": 6.201975761650629e-06,
    "VmaxICp": 2.5551091526779374e-05,
    "VmaxINp": 4.492691977135593e-05,
    "VmaxOCp": 9.168896441030423e-06,
    "VmaxONp": 2.8776839415359173e-07,
    "gammaDp": 0.2911285522491885
}