{
    "KICp": 7.248936961761416,
    "KINp": 0.02,
    "KOCp": 0.0492377705961547,
    "KONp": 0.0472961027947261,
    "Mp": 6.391986007843241e-06,
    "VmaxICp": 2.516932871884756e-05,
    "VmaxINp": 3.305849514165528e-05,
    "VmaxOCp": 6.6904114493893885e-06,
    "VmaxONp": 1.1111111111111112e-06,
    "gammaDp": 0.8
}