{
    "KICp": 134.331555601433,
    "KINp": 0.0023994473710921,
    "KOCp": 0.03,
    "KONp": 0.4843529711085235,
    "Mp": 6.592868134300594e-06,
    "VmaxICp": 3.634382174885585e-05,
    "VmaxINp": 2.400710844069592e-05,
    "VmaxOCp": 5.881787458208123e-06,
    "VmaxONp": 1.1751978377510792e-06,
    "gammaDp": 0.8
}