{
    "KICp": 5.403917442312243,
    "KINp": 0.00918342504585,
    "KOCp": 0.0269840077724992,
    "KONp": 0.0684690912997443,
    "Mp": 6.238703046095954e-06,
    "VmaxICp": 2.794660912021589e-05,
    "VmaxINp": 3.256043771650544e-05,
    "VmaxOCp": 1.7472668594919605e-06,
    "VmaxONp": 6.000547051134572e-06,
    "gammaDp": 0.3905501687091998
}