{
    "KICp": 37.0,
    "KINp": 0.0571489913458148,
    "KOCp": 0.1117122975148512,
    "KONp": 0.0247506020494036,
    "Mp": 1.1039546871897204e-05,
    "VmaxICp": 3.6270586293809166e-05,
    "VmaxINp": 4.822875339092893e-05,
    "VmaxOCp": 1.851851851851852e-06,
    "VmaxONp": 9.636642400047369e-07,
    "gammaDp": 0.2290537583675872
}