{
    "KICp": 152.33486774379068,
    "KINp": 0.0052865830431286,
    "KOCp": 0.03,
    "KONp": 0.019481528702786,
    "Mp": 4.518350938354231e-06,
    "VmaxICp": 2.425726366834788e-05,
    "VmaxINp": 2.618100070646692e-05,
    "VmaxOCp": 1.851851851851852e-06,
    "VmaxONp": 3.6236741552450814e-06,
    "gammaDp": 0.3042414608016783
}