{
    "KICp": 10.339531666459694,
    "KINp": 0.02,
    "KOCp": 0.1988075900201504,
    "KONp": 0.1,
    "Mp": 2.148727195549281e-06,
    "VmaxICp": 1.2270017610625644e-05,
    "VmaxINp": 5.408489293263677e-05,
    "VmaxOCp": 4.379839505217223e-06,
    "VmaxONp": 2.263758086771377e-07,
    "gammaDp": 0.1095964371041318
}