{
    "KICp": 342.25412600166,
    "KINp": 0.0118110447703527,
    "KOCp": 0.0078548181455823,
    "KONp": 0.0336435712369203,
    "Mp": 5.229487793637281e-06,
    "VmaxICp": 2.37082307096242e-05,
    "VmaxINp": 1.647971426378356e-05,
    "VmaxOCp": 1.851851851851852e-06,
    "VmaxONp": 6.814243176418636e-07,
    "gammaDp": 0.1472088175800387
}