{
    "KICp": 14.78582587499094,
    "KINp": 0.1065888772514103,
    "KOCp": 0.0091374791254951,
    "KONp": 0.0337679264054896,
    "Mp": 6.7649202554167255e-06,
    "VmaxICp": 3.573575291414935e-05,
    "VmaxINp": 2.873415552080744e-05,
    "VmaxOCp": 2.186856831311993e-06,
    "VmaxONp": 1.1203537037691184e-06,
    "gammaDp": 0.8
}