{
    "KICp": 55.168153696972006,
    "KINp": 0.0264887403073916,
    "KOCp": 0.0689560275600816,
    "KONp": 0.0583029814754753,
    "Mp": 2.948825088032371e-06,
    "VmaxICp": 2.0259272862511896e-05,
    "VmaxINp": 2.7131628841156137e-05,
    "VmaxOCp": 2.698509527546425e-07,
    "VmaxONp": 1.2435935955773738e-07,
    "gammaDp": 0.8
}