{
    "KICp": 44.62042335641707,
    "KINp": 0.0739291195411365,
    "KOCp": 0.0055737080524257,
    "KONp": 0.1252972806387819,
    "Mp": 8.69481238010191e-06,
    "VmaxICp": 2.7456623044267985e-05,
    "VmaxINp": 3.902300213428831e-05,
    "VmaxOCp": 7.816035129810835e-06,
    "VmaxONp": 1.0791933575351987e-05,
    "gammaDp": 0.1085866177288466
}