{
    "KICp": 4.190060811704832,
    "KINp": 0.1327756796495365,
    "KOCp": 0.010355031623814,
    "KONp": 0.1,
    "Mp": 5.204991347115954e-06,
    "VmaxICp": 1.7792047230909056e-05,
    "VmaxINp": 2.465621902198828e-05,
    "VmaxOCp": 2.843475634906429e-07,
    "VmaxONp": 2.3582747090978365e-06,
    "gammaDp": 0.2421575433410723
}