{
    "KICp": 37.0,
    "KINp": 0.02,
    "KOCp": 0.0184212396087629,
    "KONp": 0.0612685021978361,
    "Mp": 6.201975761650629e-06,
    "VmaxICp": 2.5551091526779374e-05,
    "VmaxINp": 4.492691977135593e-05,
    "VmaxOCp": 1.4094497913881737e-06,
    "VmaxONp": 2.3929404998020293e-06,
    "gammaDp": 0.2911285522491885
}