{
    "KICp": 37.0,
    "KINp": 0.02,
    "KOCp": 0.1681154434923779,
    "KONp": 0.0460215470831363,
    "Mp": 6.201975761650629e-06,
    "VmaxICp": 2.5551091526779374e-05,
    "VmaxINp": 4.492691977135593e-05,
    "VmaxOCp": 1.4161687535434793e-05,
    "VmaxONp": 1.409346763545805e-06,
    "gammaDp": 0.2911285522491885
}