{
    "KICp": 37.0,
    "KINp": 0.0767324018280726,
    "KOCp": 0.1099217127848339,
    "KONp": 0.110485336485766,
    "Mp": 4.975567082487283e-06,
    "VmaxICp": 2.8023175833780474e-05,
    "VmaxINp": 4.134377072490511e-05,
    "VmaxOCp": 2.147792184079345e-06,
    "VmaxONp": 7.089664070650407e-07,
    "gammaDp": 0.1625529711545499
}