{
    "KICp": 5.080330450705762,
    "KINp": 0.0105860056098679,
    "KOCp": 0.03,
    "KONp": 0.1022818991593177,
    "Mp": 6.592868134300594e-06,
    "VmaxICp": 3.634382174885585e-05,
    "VmaxINp": 2.7297593818003768e-05,
    "VmaxOCp": 1.851851851851852e-06,
    "VmaxONp": 1.904387281182024e-06,
    "gammaDp": 0.8
}