{
    "KICp": 5.403917442312243,
    "KINp": 0.0106147056745655,
    "KOCp": 0.0087309735900445,
    "KONp": 0.1028185522373099,
    "Mp": 6.238703046095954e-06,
    "VmaxICp": 2.794660912021589e-05,
    "VmaxINp": 4.111933797474358e-05,
    "VmaxOCp": 1.3269671951904832e-05,
    "VmaxONp": 6.000547051134572e-06,
    "gammaDp": 0.3905501687091998
}