{
    "KICp": 10.539169528153067,
    "KINp": 0.0047450329692318,
    "KOCp": 0.0089006621375465,
    "KONp": 0.1810020334596143,
    "Mp": 6.892112634210709e-06,
    "VmaxICp": 2.928327046003762e-05,
    "VmaxINp": 2.2073908666033747e-05,
    "VmaxOCp": 1.565706203839521e-05,
    "VmaxONp": 2.0368566866523705e-07,
    "gammaDp": 0.4558656962505634
}