{
    "KICp": 20.82239968850533,
    "KINp": 0.0090683710492928,
    "KOCp": 0.0087134819625158,
    "KONp": 0.6157625835270599,
    "Mp": 5.362485907294137e-06,
    "VmaxICp": 2.8890362212284407e-05,
    "VmaxINp": 1.831409413604025e-05,
    "VmaxOCp": 2.164558228911473e-07,
    "VmaxONp": 2.3123269114147312e-06,
    "gammaDp": 0.3843331031724691
}