{
    "KICp": 132.00443212571258,
    "KINp": 0.0065073312055568,
    "KOCp": 0.1669663414155193,
    "KONp": 0.4014907858825212,
    "Mp": 2.7758403692452173e-06,
    "VmaxICp": 5.349645822841581e-05,
    "VmaxINp": 1.6477165491088537e-05,
    "VmaxOCp": 4.205959667452025e-07,
    "VmaxONp": 4.263607796866874e-07,
    "gammaDp": 0.6264126120139749
}