{
    "KICp": 37.0,
    "KINp": 0.0514718515273633,
    "KOCp": 0.0074417090124383,
    "KONp": 0.1982778068970232,
    "Mp": 4.518350938354231e-06,
    "VmaxICp": 2.425726366834788e-05,
    "VmaxINp": 2.618100070646692e-05,
    "VmaxOCp": 1.851851851851852e-06,
    "VmaxONp": 4.2255582594923855e-06,
    "gammaDp": 0.8
}