{
    "KICp": 230.09488122312888,
    "KINp": 0.0325203237081583,
    "KOCp": 0.0605445723479459,
    "KONp": 0.1022818991593177,
    "Mp": 6.592868134300594e-06,
    "VmaxICp": 3.634382174885585e-05,
    "VmaxINp": 2.400710844069592e-05,
    "VmaxOCp": 1.851851851851852e-06,
    "VmaxONp": 8.55661953019555e-07,
    "gammaDp": 0.8
}