{
    "KICp": 134.331555601433,
    "KINp": 0.0325203237081583,
    "KOCp": 0.03,
    "KONp": 0.2433953094887866,
    "Mp": 6.282977446025279e-06,
    "VmaxICp": 3.634382174885585e-05,
    "VmaxINp": 2.400710844069592e-05,
    "VmaxOCp": 1.1807112569922389e-05,
    "VmaxONp": 1.904387281182024e-06,
    "gammaDp": 0.4291141748496002
}