{
    "KICp": 11.295214483944507,
    "KINp": 0.0065073312055568,
    "KOCp": 0.0573940151938121,
    "KONp": 0.0165747134529554,
    "Mp": 3.822298883542947e-06,
    "VmaxICp": 2.9465293066402804e-05,
    "VmaxINp": 1.6477165491088537e-05,
    "VmaxOCp": 3.957368048749071e-06,
    "VmaxONp": 4.263607796866874e-07,
    "gammaDp": 0.8
}