{
    "KICp": 37.0,
    "KINp": 0.0226498364476458,
    "KOCp": 0.0078548181455823,
    "KONp": 0.24921882114211,
    "Mp": 5.229487793637281e-06,
    "VmaxICp": 2.37082307096242e-05,
    "VmaxINp": 3.890219670918261e-05,
    "VmaxOCp": 1.851851851851852e-06,
    "VmaxONp": 6.814243176418636e-07,
    "gammaDp": 0.3888271892435818
}