{
    "KICp": 37.0,
    "KINp": 0.1987282154737688,
    "KOCp": 0.0761013749596045,
    "KONp": 0.2772770296220269,
    "Mp": 5.368167589532071e-06,
    "VmaxICp": 4.059195683152354e-05,
    "VmaxINp": 1.5818781506634424e-05,
    "VmaxOCp": 5.632801001193055e-07,
    "VmaxONp": 1.1111111111111112e-06,
    "gammaDp": 0.6156180352081633
}