{
    "KICp": 13.521051534844332,
    "KINp": 0.1065888772514103,
    "KOCp": 0.03,
    "KONp": 0.0258862061387525,
    "Mp": 6.7649202554167255e-06,
    "VmaxICp": 3.573575291414935e-05,
    "VmaxINp": 2.873415552080744e-05,
    "VmaxOCp": 1.7502441904695057e-06,
    "VmaxONp": 3.381611963080415e-07,
    "gammaDp": 0.8
}