{
    "KICp": 253.2476366602673,
    "KINp": 0.0264887403073916,
    "KOCp": 0.0055661673771407,
    "KONp": 0.1933101087191207,
    "Mp": 2.948825088032371e-06,
    "VmaxICp": 2.0259272862511896e-05,
    "VmaxINp": 2.7131628841156137e-05,
    "VmaxOCp": 4.100636678627925e-07,
    "VmaxONp": 1.5468852523586198e-06,
    "gammaDp": 0.8
}