{
    "KICp": 4.956689492210791,
    "KINp": 0.02,
    "KOCp": 0.2512630272750749,
    "KONp": 0.019481528702786,
    "Mp": 4.518350938354231e-06,
    "VmaxICp": 2.425726366834788e-05,
    "VmaxINp": 4.524292326659317e-05,
    "VmaxOCp": 1.851851851851852e-06,
    "VmaxONp": 3.6236741552450814e-06,
    "gammaDp": 0.8
}