{
    "KICp": 70.04743885036541,
    "KINp": 0.0463315566145302,
    "KOCp": 0.03,
    "KONp": 0.1065085364209789,
    "Mp": 6.519911257296733e-06,
    "VmaxICp": 1.924643593845752e-05,
    "VmaxINp": 4.9398586476881664e-05,
    "VmaxOCp": 1.9496795550318927e-06,
    "VmaxONp": 6.557716948013437e-07,
    "gammaDp": 0.2401780916014122
}