{
    "KICp": 12.898685048415274,
    "KINp": 0.0118649038744297,
    "KOCp": 0.0796317949570507,
    "KONp": 0.1,
    "Mp": 5.136905342544671e-06,
    "VmaxICp": 2.523431383979708e-05,
    "VmaxINp": 2.62607797082782e-05,
    "VmaxOCp": 1.0149371566159214e-06,
    "VmaxONp": 2.498892128209495e-06,
    "gammaDp": 0.4215436141066862
}