{
    "KICp": 312.6650488069976,
    "KINp": 0.02,
    "KOCp": 0.0352414798369836,
    "KONp": 0.3241160956892909,
    "Mp": 5.357900809535792e-06,
    "VmaxICp": 2.5551091526779374e-05,
    "VmaxINp": 4.492691977135593e-05,
    "VmaxOCp": 1.4161687535434793e-05,
    "VmaxONp": 6.867286685410113e-06,
    "gammaDp": 0.2911285522491885
}