{
    "KICp": 289.1335903502075,
    "KINp": 0.0520034260716826,
    "KOCp": 0.0078548181455823,
    "KONp": 0.0336435712369203,
    "Mp": 5.229487793637281e-06,
    "VmaxICp": 2.37082307096242e-05,
    "VmaxINp": 4.356994551251304e-05,
    "VmaxOCp": 1.851851851851852e-06,
    "VmaxONp": 4.708396851364051e-07,
    "gammaDp": 0.8
}