{
    "KICp": 52.89877680831098,
    "KINp": 0.0831564603402105,
    "KOCp": 0.03,
    "KONp": 0.3248167070933084,
    "Mp": 5.368167589532071e-06,
    "VmaxICp": 4.059195683152354e-05,
    "VmaxINp": 2.818587964939061e-05,
    "VmaxOCp": 2.1891267752900693e-07,
    "VmaxONp": 1.1111111111111112e-06,
    "gammaDp": 0.6156180352081633
}