{
    "KICp": 46.917069272842014,
    "KINp": 0.011861322931246,
    "KOCp": 0.059971560506832,
    "KONp": 0.1,
    "Mp": 6.407487697270064e-06,
    "VmaxICp": 3.253202425286151e-05,
    "VmaxINp": 3.979822000769171e-05,
    "VmaxOCp": 1.851851851851852e-06,
    "VmaxONp": 2.125672844306477e-06,
    "gammaDp": 0.1753216842685797
}