{
    "KICp": 8.620733737667058,
    "KINp": 0.02,
    "KOCp": 0.0492377705961547,
    "KONp": 0.1134016089952597,
    "Mp": 7.218748069851426e-06,
    "VmaxICp": 2.3363433307819224e-05,
    "VmaxINp": 3.305849514165528e-05,
    "VmaxOCp": 1.851851851851852e-06,
    "VmaxONp": 4.433183128170818e-06,
    "gammaDp": 0.8
}