{
    "KICp": 13.521051534844332,
    "KINp": 0.1065888772514103,
    "KOCp": 0.03,
    "KONp": 0.4355239744051035,
    "Mp": 6.7649202554167255e-06,
    "VmaxICp": 3.573575291414935e-05,
    "VmaxINp": 2.873415552080744e-05,
    "VmaxOCp": 8.21885643964293e-07,
    "VmaxONp": 7.638697490172225e-07,
    "gammaDp": 0.1230151731110854
}