{
    "KICp": 11.387008436216489,
    "KINp": 0.0022872900851068,
    "KOCp": 0.0196842644189198,
    "KONp": 0.0402397314184802,
    "Mp": 3.631468801416064e-06,
    "VmaxICp": 3.23536844645817e-05,
    "VmaxINp": 2.902274102328765e-05,
    "VmaxOCp": 1.7451696186790129e-06,
    "VmaxONp": 1.1111111111111112e-06,
    "gammaDp": 0.8
}