{
    "KICp": 19.72546536677465,
    "KINp": 0.1065888772514103,
    "KOCp": 0.03,
    "KONp": 0.1514890202314442,
    "Mp": 6.7649202554167255e-06,
    "VmaxICp": 3.816400883163677e-05,
    "VmaxINp": 2.873415552080744e-05,
    "VmaxOCp": 1.2500612143756548e-05,
    "VmaxONp": 1.1203537037691184e-06,
    "gammaDp": 0.1070594602439171
}