{
    "KICp": 41.08128983375029,
    "KINp": 0.0392294712894351,
    "KOCp": 0.03,
    "KONp": 0.4173653638359624,
    "Mp": 3.4652952900316974e-06,
    "VmaxICp": 2.537949925927858e-05,
    "VmaxINp": 5.067315625689709e-05,
    "VmaxOCp": 4.911870917640743e-07,
    "VmaxONp": 6.124307347483039e-07,
    "gammaDp": 0.2353254393413348
}