{
    "KICp": 29.733472476162103,
    "KINp": 0.02,
    "KOCp": 0.03,
    "KONp": 0.4173653638359624,
    "Mp": 3.4652952900316974e-06,
    "VmaxICp": 2.537949925927858e-05,
    "VmaxINp": 1.9365806430709698e-05,
    "VmaxOCp": 7.415006470646176e-07,
    "VmaxONp": 6.124307347483039e-07,
    "gammaDp": 0.8
}