{
    "KICp": 98.7734833807486,
    "KINp": 0.1466211023868343,
    "KOCp": 0.059971560506832,
    "KONp": 0.1679968946516686,
    "Mp": 6.407487697270064e-06,
    "VmaxICp": 3.253202425286151e-05,
    "VmaxINp": 2.912418202447954e-05,
    "VmaxOCp": 1.851851851851852e-06,
    "VmaxONp": 2.125672844306477e-06,
    "gammaDp": 0.8
}