{
    "KICp": 10.48053390188655,
    "KINp": 0.1159147996525161,
    "KOCp": 0.0234180867977722,
    "KONp": 0.073678332629663,
    "Mp": 4.0561480174342255e-06,
    "VmaxICp": 1.876574883469269e-05,
    "VmaxINp": 2.6240942827135503e-05,
    "VmaxOCp": 1.851851851851852e-06,
    "VmaxONp": 1.3232478005663189e-06,
    "gammaDp": 0.7604965189336284
}