{
    "KICp": 37.0,
    "KINp": 0.0526209469984808,
    "KOCp": 0.1117122975148512,
    "KONp": 0.0119130859458848,
    "Mp": 7.125361077314228e-06,
    "VmaxICp": 3.6270586293809166e-05,
    "VmaxINp": 4.822875339092893e-05,
    "VmaxOCp": 1.851851851851852e-06,
    "VmaxONp": 4.13771882112766e-07,
    "gammaDp": 0.2290537583675872
}