{
    "KICp": 9.677979294562377,
    "KINp": 0.02,
    "KOCp": 0.0102343988504241,
    "KONp": 0.4173440423835127,
    "Mp": 8.34305249338949e-06,
    "VmaxICp": 2.267821073749313e-05,
    "VmaxINp": 4.512476718846247e-05,
    "VmaxOCp": 1.6384105944619005e-05,
    "VmaxONp": 2.074889622442829e-06,
    "gammaDp": 0.2158009982192111
}