{
    "KICp": 9.854430960268724,
    "KINp": 0.024284171516672,
    "KOCp": 0.03,
    "KONp": 0.1028185522373099,
    "Mp": 6.238703046095954e-06,
    "VmaxICp": 2.794660912021589e-05,
    "VmaxINp": 1.8244619327412858e-05,
    "VmaxOCp": 1.7472668594919605e-06,
    "VmaxONp": 6.000547051134572e-06,
    "gammaDp": 0.1031794495113588
}