{
    "KICp": 37.0,
    "KINp": 0.0079778988976157,
    "KOCp": 0.0078548181455823,
    "KONp": 0.0541584460341369,
    "Mp": 5.229487793637281e-06,
    "VmaxICp": 2.37082307096242e-05,
    "VmaxINp": 4.356994551251304e-05,
    "VmaxOCp": 1.851851851851852e-06,
    "VmaxONp": 1.933039097001044e-06,
    "gammaDp": 0.7326073863673321
}