{
    "KICp": 59.669026313602174,
    "KINp": 0.0028724865642169,
    "KOCp": 0.1018849785748929,
    "KONp": 0.5785828228896137,
    "Mp": 5.362485907294137e-06,
    "VmaxICp": 2.8890362212284407e-05,
    "VmaxINp": 1.831409413604025e-05,
    "VmaxOCp": 1.851851851851852e-06,
    "VmaxONp": 2.3123269114147312e-06,
    "gammaDp": 0.2872368764212129
}