{
    "KICp": 37.0,
    "KINp": 0.0116529054773799,
    "KOCp": 0.0039393316469093,
    "KONp": 0.3248167070933084,
    "Mp": 5.368167589532071e-06,
    "VmaxICp": 4.059195683152354e-05,
    "VmaxINp": 2.818587964939061e-05,
    "VmaxOCp": 1.238457324083253e-06,
    "VmaxONp": 1.1111111111111112e-06,
    "gammaDp": 0.1802233117770368
}