{
    "KICp": 13.021151710989614,
    "KINp": 0.02,
    "KOCp": 0.192041740639938,
    "KONp": 0.0854568580696992,
    "Mp": 8.34305249338949e-06,
    "VmaxICp": 2.267821073749313e-05,
    "VmaxINp": 4.512476718846247e-05,
    "VmaxOCp": 1.2522789936083132e-05,
    "VmaxONp": 3.166986165645719e-07,
    "gammaDp": 0.2747644846164184
}