{
    "KICp": 37.0,
    "KINp": 0.0687780604806109,
    "KOCp": 0.1099217127848339,
    "KONp": 0.2358853082056167,
    "Mp": 4.975567082487283e-06,
    "VmaxICp": 2.8023175833780474e-05,
    "VmaxINp": 4.134377072490511e-05,
    "VmaxOCp": 5.198056722787214e-07,
    "VmaxONp": 3.835684674512992e-06,
    "gammaDp": 0.6575527412982385
}