{
    "KICp": 68.63807548981954,
    "KINp": 0.0780935824003441,
    "KOCp": 0.03,
    "KONp": 0.1322508573972934,
    "Mp": 9.39811510388507e-06,
    "VmaxICp": 3.258019009657887e-05,
    "VmaxINp": 4.3455380061806506e-05,
    "VmaxOCp": 5.226585623784282e-07,
    "VmaxONp": 1.2600641833173712e-07,
    "gammaDp": 0.1898880374866209
}