{
    "KICp": 9.037019845140383,
    "KINp": 0.02,
    "KOCp": 0.0102343988504241,
    "KONp": 0.0495835581259865,
    "Mp": 8.34305249338949e-06,
    "VmaxICp": 2.267821073749313e-05,
    "VmaxINp": 4.512476718846247e-05,
    "VmaxOCp": 1.46722051339631e-06,
    "VmaxONp": 2.074889622442829e-06,
    "gammaDp": 0.1655276437434122
}