{
    "KICp": 8.620733737667058,
    "KINp": 0.0706771380964478,
    "KOCp": 0.0492377705961547,
    "KONp": 0.0950748130867679,
    "Mp": 7.218748069851426e-06,
    "VmaxICp": 2.516932871884756e-05,
    "VmaxINp": 3.305849514165528e-05,
    "VmaxOCp": 1.4587024965945389e-05,
    "VmaxONp": 1.1982195548711117e-07,
    "gammaDp": 0.6975251277060659
}