{
    "KICp": 98.7734833807486,
    "KINp": 0.0028628184237511,
    "KOCp": 0.0053747205393281,
    "KONp": 0.3441127637224017,
    "Mp": 6.407487697270064e-06,
    "VmaxICp": 3.253202425286151e-05,
    "VmaxINp": 2.250629032774296e-05,
    "VmaxOCp": 1.338664834185992e-06,
    "VmaxONp": 2.125672844306477e-06,
    "gammaDp": 0.8
}