{
    "KICp": 34.02826385629945,
    "KINp": 0.0075700515964245,
    "KOCp": 0.0549785239705579,
    "KONp": 0.6987466349316099,
    "Mp": 3.7903862293390953e-06,
    "VmaxICp": 2.4566436018715665e-05,
    "VmaxINp": 1.841417411910884e-05,
    "VmaxOCp": 5.906368688307048e-06,
    "VmaxONp": 2.7265507268829574e-06,
    "gammaDp": 0.2052812042227622
}