{
    "KICp": 37.0,
    "KINp": 0.02,
    "KOCp": 0.0089707907438524,
    "KONp": 0.3233139581821736,
    "Mp": 7.125361077314228e-06,
    "VmaxICp": 3.6270586293809166e-05,
    "VmaxINp": 4.822875339092893e-05,
    "VmaxOCp": 1.851851851851852e-06,
    "VmaxONp": 4.839260599232055e-07,
    "gammaDp": 0.1345488760224438
}