{
    "KICp": 48.29974571275288,
    "KINp": 0.0322768830823542,
    "KOCp": 0.0390249562140672,
    "KONp": 0.0854568580696992,
    "Mp": 8.34305249338949e-06,
    "VmaxICp": 2.267821073749313e-05,
    "VmaxINp": 4.512476718846247e-05,
    "VmaxOCp": 1.1805727586321208e-06,
    "VmaxONp": 2.074889622442829e-06,
    "gammaDp": 0.1927343278748902
}