{
    "KICp": 105.69981616007584,
    "KINp": 0.0063702024640474,
    "KOCp": 0.03,
    "KONp": 0.073678332629663,
    "Mp": 2.7525163784209e-06,
    "VmaxICp": 1.876574883469269e-05,
    "VmaxINp": 2.6240942827135503e-05,
    "VmaxOCp": 1.851851851851852e-06,
    "VmaxONp": 2.105572377904516e-07,
    "gammaDp": 0.7604965189336284
}