{
    "KICp": 8.883914436891766,
    "KINp": 0.0073482722290573,
    "KOCp": 0.0036541044278506,
    "KONp": 0.0597044614692224,
    "Mp": 8.69481238010191e-06,
    "VmaxICp": 2.7456623044267985e-05,
    "VmaxINp": 4.45853706884817e-05,
    "VmaxOCp": 7.816035129810835e-06,
    "VmaxONp": 1.1111111111111112e-06,
    "gammaDp": 0.1085866177288466
}