{
    "KICp": 29.025720859976083,
    "KINp": 0.0028204839250255,
    "KOCp": 0.03,
    "KONp": 0.0232991214518797,
    "Mp": 6.592868134300594e-06,
    "VmaxICp": 3.634382174885585e-05,
    "VmaxINp": 2.400710844069592e-05,
    "VmaxOCp": 1.851851851851852e-06,
    "VmaxONp": 7.871422703749149e-07,
    "gammaDp": 0.8
}