{
    "KICp": 37.0,
    "KINp": 0.1046514537496063,
    "KOCp": 0.0111751575801876,
    "KONp": 0.3248167070933084,
    "Mp": 5.368167589532071e-06,
    "VmaxICp": 2.423959927097577e-05,
    "VmaxINp": 1.8947091375084254e-05,
    "VmaxOCp": 5.632801001193055e-07,
    "VmaxONp": 1.1111111111111112e-06,
    "gammaDp": 0.1610504211402909
}