{
    "KICp": 5.403917442312243,
    "KINp": 0.0606159644435236,
    "KOCp": 0.03,
    "KONp": 0.1028185522373099,
    "Mp": 6.238703046095954e-06,
    "VmaxICp": 2.794660912021589e-05,
    "VmaxINp": 1.737638071826025e-05,
    "VmaxOCp": 1.7472668594919605e-06,
    "VmaxONp": 2.743956145306672e-07,
    "gammaDp": 0.3905501687091998
}