{
    "KICp": 7.822457992044012,
    "KINp": 0.0070814994269261,
    "KOCp": 0.2388958974562684,
    "KONp": 0.1,
    "Mp": 6.053763515098215e-06,
    "VmaxICp": 3.887738126086905e-05,
    "VmaxINp": 1.774479924934126e-05,
    "VmaxOCp": 7.724631803243122e-07,
    "VmaxONp": 7.782856343638384e-07,
    "gammaDp": 0.5487194089371682
}