{
    "KICp": 4.771077806201668,
    "KINp": 0.0030990953351535,
    "KOCp": 0.230613821917848,
    "KONp": 0.6057246142195513,
    "Mp": 2.507999774164748e-06,
    "VmaxICp": 1.958713036003569e-05,
    "VmaxINp": 2.501846168655082e-05,
    "VmaxOCp": 5.0604466623902754e-06,
    "VmaxONp": 4.5853091414122194e-07,
    "gammaDp": 0.1566376562379383
}