{
    "KICp": 8.620733737667058,
    "KINp": 0.02,
    "KOCp": 0.0492377705961547,
    "KONp": 0.0950748130867679,
    "Mp": 7.218748069851426e-06,
    "VmaxICp": 2.516932871884756e-05,
    "VmaxINp": 1.696035557712395e-05,
    "VmaxOCp": 8.997362820182991e-06,
    "VmaxONp": 3.503216737426199e-07,
    "gammaDp": 0.1350954540246304
}