{
    "KICp": 8.620733737667058,
    "KINp": 0.02,
    "KOCp": 0.0360335234053722,
    "KONp": 0.3907717899525955,
    "Mp": 7.566921779629443e-06,
    "VmaxICp": 3.786489347857372e-05,
    "VmaxINp": 3.305849514165528e-05,
    "VmaxOCp": 1.851851851851852e-06,
    "VmaxONp": 1.1111111111111112e-06,
    "gammaDp": 0.8
}