{
    "KICp": 5.290109787641787,
    "KINp": 0.024284171516672,
    "KOCp": 0.03,
    "KONp": 0.1028185522373099,
    "Mp": 6.238703046095954e-06,
    "VmaxICp": 1.748137124510861e-05,
    "VmaxINp": 3.256043771650544e-05,
    "VmaxOCp": 1.7472668594919605e-06,
    "VmaxONp": 6.000547051134572e-06,
    "gammaDp": 0.3902257281585618
}