{
    "KICp": 33.4395903716006,
    "KINp": 0.0050210125820224,
    "KOCp": 0.1904744355153058,
    "KONp": 0.0132205913388668,
    "Mp": 4.010147962124966e-06,
    "VmaxICp": 3.11305057394559e-05,
    "VmaxINp": 1.961664308002598e-05,
    "VmaxOCp": 8.077827435473686e-07,
    "VmaxONp": 1.1111111111111112e-06,
    "gammaDp": 0.6289938361878759
}