{
    "KICp": 37.0,
    "KINp": 0.1046514537496063,
    "KOCp": 0.0155991239374741,
    "KONp": 0.3562519312673911,
    "Mp": 8.179398412223442e-06,
    "VmaxICp": 4.059195683152354e-05,
    "VmaxINp": 2.818587964939061e-05,
    "VmaxOCp": 1.044812568094652e-06,
    "VmaxONp": 1.1111111111111112e-06,
    "gammaDp": 0.6156180352081633
}