{
    "KICp": 34.02826385629945,
    "KINp": 0.1486140129634193,
    "KOCp": 0.0052907804560336,
    "KONp": 0.6987466349316099,
    "Mp": 3.437886929017096e-06,
    "VmaxICp": 2.4566436018715665e-05,
    "VmaxINp": 1.841417411910884e-05,
    "VmaxOCp": 2.3146861123511545e-07,
    "VmaxONp": 1.3092786458761278e-07,
    "gammaDp": 0.2052812042227622
}