{
    "KICp": 201.93078264712383,
    "KINp": 0.0047450329692318,
    "KOCp": 0.0089266570993947,
    "KONp": 0.436851552986248,
    "Mp": 6.892112634210709e-06,
    "VmaxICp": 2.928327046003762e-05,
    "VmaxINp": 2.205959287889625e-05,
    "VmaxOCp": 2.6012681733894323e-06,
    "VmaxONp": 2.0368566866523705e-07,
    "gammaDp": 0.4558656962505634
}