{
    "KICp": 236.72339939926303,
    "KINp": 0.02,
    "KOCp": 0.1988075900201504,
    "KONp": 0.1,
    "Mp": 3.245842365344083e-06,
    "VmaxICp": 2.981774901361743e-05,
    "VmaxINp": 2.044493658478649e-05,
    "VmaxOCp": 1.851851851851852e-06,
    "VmaxONp": 2.263758086771377e-07,
    "gammaDp": 0.6835193881981669
}