{
    "KICp": 10.439367674898875,
    "KINp": 0.1046514537496063,
    "KOCp": 0.0092608460690474,
    "KONp": 0.023799169153667,
    "Mp": 5.368167589532071e-06,
    "VmaxICp": 4.059195683152354e-05,
    "VmaxINp": 3.729755854415858e-05,
    "VmaxOCp": 5.632801001193055e-07,
    "VmaxONp": 1.1111111111111112e-06,
    "gammaDp": 0.6156180352081633
}