{
    "KICp": 63.54554646246298,
    "KINp": 0.1286687085966691,
    "KOCp": 0.0097208866714653,
    "KONp": 0.436851552986248,
    "Mp": 6.892112634210709e-06,
    "VmaxICp": 2.928327046003762e-05,
    "VmaxINp": 4.717134266743995e-05,
    "VmaxOCp": 1.560569946497543e-06,
    "VmaxONp": 2.0368566866523705e-07,
    "gammaDp": 0.4558656962505634
}