{
    "KICp": 171.1350005072903,
    "KINp": 0.0097602155356748,
    "KOCp": 0.0031146763956117,
    "KONp": 0.1,
    "Mp": 4.63799845544578e-06,
    "VmaxICp": 2.981774901361743e-05,
    "VmaxINp": 5.408489293263677e-05,
    "VmaxOCp": 1.851851851851852e-06,
    "VmaxONp": 2.263758086771377e-07,
    "gammaDp": 0.5911419774826174
}