{
    "KICp": 63.54554646246298,
    "KINp": 0.0047450329692318,
    "KOCp": 0.2223708197769377,
    "KONp": 0.4476422667820093,
    "Mp": 6.892112634210709e-06,
    "VmaxICp": 2.928327046003762e-05,
    "VmaxINp": 2.2073908666033747e-05,
    "VmaxOCp": 1.75287768654192e-05,
    "VmaxONp": 2.0368566866523705e-07,
    "gammaDp": 0.4558656962505634
}