{
    "KICp": 37.0,
    "KINp": 0.02,
    "KOCp": 0.03,
    "KONp": 0.0780349701699988,
    "Mp": 4.518350938354231e-06,
    "VmaxICp": 2.425726366834788e-05,
    "VmaxINp": 1.9864869884949844e-05,
    "VmaxOCp": 1.851851851851852e-06,
    "VmaxONp": 3.168995742931957e-06,
    "gammaDp": 0.8
}