{
    "KICp": 69.33005031792968,
    "KINp": 0.1065888772514103,
    "KOCp": 0.03,
    "KONp": 0.1514890202314442,
    "Mp": 6.7649202554167255e-06,
    "VmaxICp": 3.573575291414935e-05,
    "VmaxINp": 2.873415552080744e-05,
    "VmaxOCp": 8.595984291095591e-06,
    "VmaxONp": 1.1203537037691184e-06,
    "gammaDp": 0.428415680769741
}