{
    "KICp": 9.037019845140383,
    "KINp": 0.02,
    "KOCp": 0.0086656161152159,
    "KONp": 0.0854568580696992,
    "Mp": 8.34305249338949e-06,
    "VmaxICp": 2.267821073749313e-05,
    "VmaxINp": 4.512476718846247e-05,
    "VmaxOCp": 1.1805727586321208e-06,
    "VmaxONp": 3.9753431730704354e-07,
    "gammaDp": 0.4894788148256101
}