{
    "KICp": 37.0,
    "KINp": 0.02,
    "KOCp": 0.0558715181028683,
    "KONp": 0.0263269665766425,
    "Mp": 7.125361077314228e-06,
    "VmaxICp": 3.6270586293809166e-05,
    "VmaxINp": 4.822875339092893e-05,
    "VmaxOCp": 1.5656752706446787e-05,
    "VmaxONp": 1.1674528176470695e-06,
    "gammaDp": 0.2290537583675872
}