{
    "KICp": 10.46735169161833,
    "KINp": 0.0042899598162465,
    "KOCp": 0.03,
    "KONp": 0.0322213232603557,
    "Mp": 6.519911257296733e-06,
    "VmaxICp": 1.8579783538339577e-05,
    "VmaxINp": 4.9398586476881664e-05,
    "VmaxOCp": 4.169092783927538e-06,
    "VmaxONp": 6.557716948013437e-07,
    "gammaDp": 0.8
}