{
    "KICp": 11.387008436216489,
    "KINp": 0.0158479002376556,
    "KOCp": 0.0142060614364116,
    "KONp": 0.0781262468074114,
    "Mp": 8.266225532803418e-06,
    "VmaxICp": 3.23536844645817e-05,
    "VmaxINp": 3.466635586793051e-05,
    "VmaxOCp": 6.352323521924337e-07,
    "VmaxONp": 1.1111111111111112e-06,
    "gammaDp": 0.8
}