{
    "KICp": 5.281291051236491,
    "KINp": 0.0299986803365536,
    "KOCp": 0.0213400785023818,
    "KONp": 0.0106014426158872,
    "Mp": 8.09843422326451e-06,
    "VmaxICp": 3.349135354496082e-05,
    "VmaxINp": 1.882153414045168e-05,
    "VmaxOCp": 9.42379779737417e-06,
    "VmaxONp": 1.1111111111111112e-06,
    "gammaDp": 0.8
}