{
    "KICp": 37.0,
    "KINp": 0.0083629059640599,
    "KOCp": 0.0078548181455823,
    "KONp": 0.0336435712369203,
    "Mp": 5.229487793637281e-06,
    "VmaxICp": 2.187855765027065e-05,
    "VmaxINp": 4.356994551251304e-05,
    "VmaxOCp": 1.851851851851852e-06,
    "VmaxONp": 6.117167308976922e-06,
    "gammaDp": 0.8
}