{
    "KICp": 278.8276008466103,
    "KINp": 0.0463315566145302,
    "KOCp": 0.0303252632436961,
    "KONp": 0.035453858832115,
    "Mp": 6.519911257296733e-06,
    "VmaxICp": 1.924643593845752e-05,
    "VmaxINp": 4.9398586476881664e-05,
    "VmaxOCp": 2.3026139034327715e-06,
    "VmaxONp": 6.557716948013437e-07,
    "gammaDp": 0.812120474753475
}