{
    "KICp": 360.3752584441736,
    "KINp": 0.02,
    "KOCp": 0.1196258433646263,
    "KONp": 0.0950748130867679,
    "Mp": 7.218748069851426e-06,
    "VmaxICp": 2.516932871884756e-05,
    "VmaxINp": 3.305849514165528e-05,
    "VmaxOCp": 1.851851851851852e-06,
    "VmaxONp": 1.3730404020382673e-06,
    "gammaDp": 0.8
}