{
    "KICp": 225.0614139583796,
    "KINp": 0.002841675730852,
    "KOCp": 0.0042712690277625,
    "KONp": 0.0285611192414917,
    "Mp": 4.708824997343977e-06,
    "VmaxICp": 2.988967187125554e-05,
    "VmaxINp": 4.281516508870863e-05,
    "VmaxOCp": 1.851851851851852e-06,
    "VmaxONp": 2.085909584839883e-07,
    "gammaDp": 0.1375160265359652
}