{
    "KICp": 17.83131261541361,
    "KINp": 0.1159147996525161,
    "KOCp": 0.0040023927322238,
    "KONp": 0.073678332629663,
    "Mp": 6.070654674501743e-06,
    "VmaxICp": 1.876574883469269e-05,
    "VmaxINp": 2.6240942827135503e-05,
    "VmaxOCp": 1.851851851851852e-06,
    "VmaxONp": 5.388668041835287e-06,
    "gammaDp": 0.7604965189336284
}