{
    "KICp": 7.728863777723958,
    "KINp": 0.0134412618768629,
    "KOCp": 0.230613821917848,
    "KONp": 0.0831534836985486,
    "Mp": 5.584046773682123e-06,
    "VmaxICp": 1.958713036003569e-05,
    "VmaxINp": 2.501846168655082e-05,
    "VmaxOCp": 2.786263452663227e-07,
    "VmaxONp": 1.6334012202987126e-06,
    "gammaDp": 0.1281364118272908
}