{
    "KICp": 37.0,
    "KINp": 0.0767324018280726,
    "KOCp": 0.1099217127848339,
    "KONp": 0.0685124127391575,
    "Mp": 4.975567082487283e-06,
    "VmaxICp": 2.8023175833780474e-05,
    "VmaxINp": 4.134377072490511e-05,
    "VmaxOCp": 2.772619181011684e-07,
    "VmaxONp": 3.39604792902797e-07,
    "gammaDp": 0.2065914396038309
}