{
    "KICp": 178.13289828930954,
    "KINp": 0.0993193985999187,
    "KOCp": 0.2388958974562684,
    "KONp": 0.0101118796419843,
    "Mp": 6.053763515098215e-06,
    "VmaxICp": 3.887738126086905e-05,
    "VmaxINp": 1.774479924934126e-05,
    "VmaxOCp": 7.724631803243122e-07,
    "VmaxONp": 5.423039909817207e-06,
    "gammaDp": 0.5487194089371682
}