{
    "KICp": 8.620733737667058,
    "KINp": 0.02,
    "KOCp": 0.0492377705961547,
    "KONp": 0.0149172356809365,
    "Mp": 7.218748069851426e-06,
    "VmaxICp": 2.516932871884756e-05,
    "VmaxINp": 3.305849514165528e-05,
    "VmaxOCp": 1.1932611441028573e-06,
    "VmaxONp": 8.033004199794894e-07,
    "gammaDp": 0.1123227865636491
}