{
    "KICp": 37.0,
    "KINp": 0.02,
    "KOCp": 0.1117122975148512,
    "KONp": 0.3714006685681116,
    "Mp": 6.71752806245733e-06,
    "VmaxICp": 3.6270586293809166e-05,
    "VmaxINp": 4.822875339092893e-05,
    "VmaxOCp": 6.217865185255082e-06,
    "VmaxONp": 1.1111111111111112e-06,
    "gammaDp": 0.2290537583675872
}