{
    "KICp": 11.295214483944507,
    "KINp": 0.0856502886955634,
    "KOCp": 0.1669663414155193,
    "KONp": 0.3893846960180873,
    "Mp": 3.584921886810451e-06,
    "VmaxICp": 2.9465293066402804e-05,
    "VmaxINp": 1.6477165491088537e-05,
    "VmaxOCp": 4.205959667452025e-07,
    "VmaxONp": 4.263607796866874e-07,
    "gammaDp": 0.1418367741205969
}