{
    "KICp": 163.64437794883892,
    "KINp": 0.02,
    "KOCp": 0.0074434322326206,
    "KONp": 0.3362437904099001,
    "Mp": 4.510135274068755e-06,
    "VmaxICp": 2.1660913462139848e-05,
    "VmaxINp": 3.953389012667434e-05,
    "VmaxOCp": 6.170402811956021e-07,
    "VmaxONp": 9.375290001612418e-06,
    "gammaDp": 0.3227812870504043
}