{
    "KICp": 70.99932082635378,
    "KINp": 0.0027169484297225,
    "KOCp": 0.2388958974562684,
    "KONp": 0.1,
    "Mp": 6.053763515098215e-06,
    "VmaxICp": 5.399445290486437e-05,
    "VmaxINp": 1.774479924934126e-05,
    "VmaxOCp": 7.724631803243122e-07,
    "VmaxONp": 1.734208924802976e-06,
    "gammaDp": 0.1139254782521505
}