{
    "KICp": 34.02826385629945,
    "KINp": 0.0410479246330723,
    "KOCp": 0.0080477112059028,
    "KONp": 0.6987466349316099,
    "Mp": 3.7903862293390953e-06,
    "VmaxICp": 2.4566436018715665e-05,
    "VmaxINp": 1.212750705115282e-05,
    "VmaxOCp": 1.7429628985613677e-05,
    "VmaxONp": 5.372657321005477e-06,
    "gammaDp": 0.2052812042227622
}