{
    "KICp": 34.02826385629945,
    "KINp": 0.1486140129634193,
    "KOCp": 0.0549785239705579,
    "KONp": 0.6987466349316099,
    "Mp": 7.136689332548533e-06,
    "VmaxICp": 2.4566436018715665e-05,
    "VmaxINp": 1.841417411910884e-05,
    "VmaxOCp": 4.40709401308982e-07,
    "VmaxONp": 1.0117738155261163e-05,
    "gammaDp": 0.2052812042227622
}