{
    "KICp": 245.25468954475096,
    "KINp": 0.02,
    "KOCp": 0.0074434322326206,
    "KONp": 0.0433254351233436,
    "Mp": 4.628087753594695e-06,
    "VmaxICp": 2.1660913462139848e-05,
    "VmaxINp": 3.953389012667434e-05,
    "VmaxOCp": 6.170402811956021e-07,
    "VmaxONp": 5.043101294810372e-06,
    "gammaDp": 0.8233328386044042
}