{
    "KICp": 44.62042335641707,
    "KINp": 0.0739291195411365,
    "KOCp": 0.0055737080524257,
    "KONp": 0.369843720774495,
    "Mp": 8.69481238010191e-06,
    "VmaxICp": 1.766364378209092e-05,
    "VmaxINp": 4.45853706884817e-05,
    "VmaxOCp": 7.816035129810835e-06,
    "VmaxONp": 1.078526809418713e-06,
    "gammaDp": 0.4281453195893531
}