{
    "KICp": 38.435265787000205,
    "KINp": 0.055185727199506,
    "KOCp": 0.0221817976493676,
    "KONp": 0.0106014426158872,
    "Mp": 8.09843422326451e-06,
    "VmaxICp": 3.542956706739793e-05,
    "VmaxINp": 1.882153414045168e-05,
    "VmaxOCp": 7.72156530399213e-07,
    "VmaxONp": 1.1111111111111112e-06,
    "gammaDp": 0.1802897101313751
}