{
    "KICp": 11.387008436216489,
    "KINp": 0.0158479002376556,
    "KOCp": 0.0196842644189198,
    "KONp": 0.0139496746230057,
    "Mp": 8.266225532803418e-06,
    "VmaxICp": 3.23536844645817e-05,
    "VmaxINp": 2.902274102328765e-05,
    "VmaxOCp": 3.489875700383603e-06,
    "VmaxONp": 1.1111111111111112e-06,
    "gammaDp": 0.1114183814321584
}