{
    "KICp": 134.331555601433,
    "KINp": 0.0130314402443573,
    "KOCp": 0.03,
    "KONp": 0.4289772028368829,
    "Mp": 6.592868134300594e-06,
    "VmaxICp": 3.634382174885585e-05,
    "VmaxINp": 2.400710844069592e-05,
    "VmaxOCp": 2.501827266083571e-06,
    "VmaxONp": 1.904387281182024e-06,
    "gammaDp": 0.8
}