{
    "KICp": 58.38144111105016,
    "KINp": 0.0173335821361323,
    "KOCp": 0.03,
    "KONp": 0.0597572295499778,
    "Mp": 3.314137415776565e-06,
    "VmaxICp": 1.7294591009285772e-05,
    "VmaxINp": 2.319034519365277e-05,
    "VmaxOCp": 5.796479608367857e-07,
    "VmaxONp": 4.3885938796425924e-07,
    "gammaDp": 0.3852042850632122
}