{
    "KICp": 7.6814432522443346,
    "KINp": 0.0065073312055568,
    "KOCp": 0.1477436867889964,
    "KONp": 0.4014907858825212,
    "Mp": 2.7758403692452173e-06,
    "VmaxICp": 2.9465293066402804e-05,
    "VmaxINp": 1.6477165491088537e-05,
    "VmaxOCp": 6.939576451540137e-06,
    "VmaxONp": 4.263607796866874e-07,
    "gammaDp": 0.8
}