{
    "KICp": 5.403917442312243,
    "KINp": 0.024284171516672,
    "KOCp": 0.03,
    "KONp": 0.1351288640165608,
    "Mp": 6.238703046095954e-06,
    "VmaxICp": 2.794660912021589e-05,
    "VmaxINp": 2.8596995458127995e-05,
    "VmaxOCp": 1.7472668594919605e-06,
    "VmaxONp": 1.0319630539522629e-05,
    "gammaDp": 0.3905501687091998
}