{
    "KICp": 7.210912792338222,
    "KINp": 0.0020835914781582,
    "KOCp": 0.0078548181455823,
    "KONp": 0.0681024680911251,
    "Mp": 5.229487793637281e-06,
    "VmaxICp": 2.057048181063285e-05,
    "VmaxINp": 4.356994551251304e-05,
    "VmaxOCp": 1.851851851851852e-06,
    "VmaxONp": 6.814243176418636e-07,
    "gammaDp": 0.8
}