{
    "KICp": 82.95280405388084,
    "KINp": 0.105550928128962,
    "KlossROSp": 1.985133614526591e-06,
    "Koverflowp": 8.0974679465604e-07,
    "KprodROSp": 7.41287872417287e-10,
    "Mp": 3.0344799558589813e-06,
    "VmaxICp": 4.782494288108444e-05,
    "VmaxINp": 2.212192048500672e-05,
    "gammaDp": 0.1494331777447301,
    "omegaP": 3.405555555555556e-05
}