{
    "KICp": 37.0,
    "KINp": 0.0347406001120657,
    "KlossROSp": 4.533285236998813e-07,
    "Koverflowp": 1.03687332941326e-05,
    "KprodROSp": 3.3741438529991286e-08,
    "Mp": 1.2368892779617944e-06,
    "VmaxICp": 4.037457223056232e-05,
    "VmaxINp": 3.903407561263602e-05,
    "gammaDp": 0.6604102609324973,
    "omegaP": 3.405555555555556e-05
}