{
    "KICp": 345.4154207752954,
    "KINp": 0.02,
    "KlossROSp": 1.956228716102673e-06,
    "Koverflowp": 2.520258199561836e-07,
    "KprodROSp": 1.636827561986176e-08,
    "Mp": 6.216567778640941e-06,
    "VmaxICp": 5.25944681413537e-05,
    "VmaxINp": 2.48865446150434e-05,
    "gammaDp": 0.4939939696420429,
    "omegaP": 3.405555555555556e-05
}