{
    "EOp": 4.61284004273236e-07,
    "KICp": 0.6093817287871376,
    "KINp": 0.7136365293478911,
    "Mp": 4.4337248598708005e-07,
    "VmaxICp": 0.000307885468137,
    "VmaxINp": 1.640012762910991e-05,
    "gammaDp": 0.8957530706498675
}