{
    "EOp": 9.255002576343744e-07,
    "KICp": 0.4537246807932579,
    "KINp": 0.0713835668050357,
    "KOCp": 0.2103473555083763,
    "KONp": 0.3655535465429078,
    "Mp": 3.04731523234634e-06,
    "VmaxICp": 9.789429799656028e-05,
    "VmaxINp": 2.809960377494817e-05,
    "VmaxOCp": 6.496584860580433e-06,
    "VmaxONp": 6.38056401723968e-06,
    "gammaDp": 0.1943105272665184
}