{
    "EOp": 8.384318101897247e-07,
    "KICp": 0.6765130638379293,
    "KINp": 0.6762407884086636,
    "Mp": 2.784428561600713e-07,
    "VmaxICp": 8.314254130596808e-05,
    "VmaxINp": 1.657090579889518e-05,
    "gammaDp": 0.8895615986043848
}