{
    "KICp": 0.0286398384660717,
    "KINp": 0.7120073599348475,
    "Mp": 2.5275510383167143e-06,
    "VmaxICp": 0.0003198048772852,
    "VmaxINp": 1.6716157446016427e-05,
    "gammaDp": 0.897342640648602
}