{
    "KICp": 0.0577643421442052,
    "KINp": 0.1326313440441643,
    "Mp": 2.309965766950364e-06,
    "Mp_day": 0.19958104226451143,
    "R* ICp": 0.0009142085981677144,
    "R* INp": 0.004978462350125935,
    "Vmax/K ICp": 0.002566727653119714,
    "Vmax/K INp": 0.00048140825143497214,
    "Vmax/Vmax Ip": 2.322094665264883,
    "VmaxICp": 0.0001482653343458,
    "VmaxICp_day_cell": 1.1437611506676002e-08,
    "VmaxINp": 6.384982342177134e-05,
    "VmaxINp_day_cell": 4.925557806822361e-09,
    "gammaDp": 0.1398867474538349
}