{
    "KICp": 0.0814375363558551,
    "KINp": 0.068457595110187,
    "Mp": 3.839774560608651e-06,
    "Mp_day": 0.33175652203658745,
    "R* ICp": 0.0007087616883101559,
    "R* INp": 0.00688846928942811,
    "Vmax/K ICp": 0.005464731929157917,
    "Vmax/K INp": 0.0006135104074821916,
    "Vmax/Vmax Ip": 10.596194383232552,
    "VmaxICp": 0.0004450343051558,
    "VmaxICp_day_cell": 3.433121782630458e-08,
    "VmaxINp": 4.199944707130171e-05,
    "VmaxINp_day_cell": 3.2399573455004175e-09,
    "gammaDp": 0.1738866039411261
}