{
    "KICp": 37.0,
    "KINp": 0.02,
    "Mp": 3.72996624278626e-06,
    "VmaxICp": 3.09240275782351e-05,
    "VmaxINp": 5.04396005185087e-05,
    "gammaDp": 0.8
}