{
    "KICp": 0.0398780969524555,
    "KINp": 0.7002235718656821,
    "Mp": 2.2896914709543487e-06,
    "Mp_day": 0.19782934309045572,
    "R* ICp": 0.0003935442902319884,
    "R* INp": 0.03320907895741797,
    "Vmax/K ICp": 0.005875546329157831,
    "Vmax/K INp": 7.221769937389841e-05,
    "Vmax/Vmax Ip": 4.6334267796094455,
    "VmaxICp": 0.0002343056061628,
    "VmaxICp_day_cell": 1.8075003903987432e-08,
    "VmaxINp": 5.056853540751317e-05,
    "VmaxINp_day_cell": 3.9010013028653024e-09,
    "gammaDp": 0.2093150751984016
}