{
    "KICp": 0.3776842277398626,
    "KINp": 0.2205539655750064,
    "Mp": 2.945077024954001e-06,
    "Mp_day": 0.2544546549560257,
    "R* ICp": 0.0039184706724579264,
    "R* INp": 0.009150401635344923,
    "Vmax/K ICp": 0.0007593861031359899,
    "Vmax/K INp": 0.00033520530428941743,
    "Vmax/Vmax Ip": 3.8794105363403157,
    "VmaxICp": 0.0002868081539193,
    "VmaxICp_day_cell": 2.2125200445203143e-08,
    "VmaxINp": 7.393085914280771e-05,
    "VmaxINp_day_cell": 5.70323770530231e-09,
    "gammaDp": 0.1053425980688883
}