{
    "KICp": 0.1187415168759962,
    "KINp": 0.5533888926227314,
    "Mp": 1.778837670356654e-06,
    "Mp_day": 0.15369157471881492,
    "R* ICp": 0.001062850365331942,
    "R* INp": 0.018060168227008653,
    "Vmax/K ICp": 0.0016886290212596528,
    "Vmax/K INp": 0.00010170952168212168,
    "Vmax/Vmax Ip": 3.5624173037264972,
    "VmaxICp": 0.0002005103714252,
    "VmaxICp_day_cell": 1.546794293851543e-08,
    "VmaxINp": 5.6284919572857e-05,
    "VmaxINp_day_cell": 4.3419795099061125e-09,
    "gammaDp": 0.5701449026473304
}