{
    "KICp": 0.1339908019353551,
    "KINp": 0.0294277853598544,
    "Mp": 2.5517537625665e-06,
    "Mp_day": 0.2204715250857456,
    "R* ICp": 0.0004612878368791543,
    "R* INp": 0.002968598103430038,
    "Vmax/K ICp": 0.005550847945232346,
    "Vmax/K INp": 0.000946294485643241,
    "Vmax/Vmax Ip": 26.708557209499066,
    "VmaxICp": 0.0007437625676029,
    "VmaxICp_day_cell": 5.737596950079515e-08,
    "VmaxINp": 2.784735101072312e-05,
    "VmaxINp_day_cell": 2.148224220827212e-09,
    "gammaDp": 0.6647160611629225
}