{
    "KICp": 0.0311706494469803,
    "KINp": 0.1497681448558842,
    "Mp": 4.206655874478875e-06,
    "Mp_day": 0.3634550675549748,
    "R* ICp": 0.00022627656029694849,
    "R* INp": 0.015922751538017303,
    "Vmax/K ICp": 0.018725727373949407,
    "Vmax/K INp": 0.0002922793042416121,
    "Vmax/Vmax Ip": 13.334202064096267,
    "VmaxICp": 0.0005836930836131,
    "VmaxICp_day_cell": 4.502775216443915e-08,
    "VmaxINp": 4.377412917603481e-05,
    "VmaxINp_day_cell": 3.376861393579829e-09,
    "gammaDp": 0.7177503140774886
}