{
    "KICp": 84.23085569948856,
    "KINp": 0.02,
    "Mp": 5.922988815674319e-06,
    "VmaxICp": 4.069354158541909e-05,
    "VmaxINp": 2.3224412782780044e-05,
    "gammaDp": 0.3987309125518001
}