{
    "KICp": 0.0316182298183634,
    "KINp": 0.1795638296848686,
    "Mp": 2.444155160934804e-06,
    "Mp_day": 0.21117500590476707,
    "R* ICp": 0.0004666579911898348,
    "R* INp": 0.016283899454315555,
    "Vmax/K ICp": 0.0053148748002236615,
    "Vmax/K INp": 0.000163708052200579,
    "Vmax/Vmax Ip": 5.716651134983351,
    "VmaxICp": 0.0001680469328893,
    "VmaxICp_day_cell": 1.2963620537174573e-08,
    "VmaxINp": 2.9396044803386344e-05,
    "VmaxINp_day_cell": 2.267694884832661e-09,
    "gammaDp": 0.3041397611272959
}