{
    "KICp": 0.0972980755325671,
    "KINp": 0.1673336072678431,
    "Mp": 3.1714575437097284e-06,
    "Mp_day": 0.2740139317765205,
    "R* ICp": 0.0003563804395650209,
    "R* INp": 0.026744623596174136,
    "Vmax/K ICp": 0.008931673876605312,
    "Vmax/K INp": 0.00013753589666087575,
    "Vmax/Vmax Ip": 37.76051171842847,
    "VmaxICp": 0.0008690346794782,
    "VmaxICp_day_cell": 6.703981813117544e-08,
    "VmaxINp": 2.3014377717081635e-05,
    "VmaxINp_day_cell": 1.7753948524605835e-09,
    "gammaDp": 0.1381735714642454
}