{
    "KICp": 217.9800993428519,
    "KINp": 0.02,
    "Mp": 2.908034049786764e-06,
    "VmaxICp": 1.6313263928675184e-05,
    "VmaxINp": 3.449900573324673e-05,
    "gammaDp": 0.4686841169468908
}