{
    "KICp": 0.2909778116960326,
    "KINp": 0.4493596160647166,
    "Mp": 2.5122898035366056e-06,
    "Mp_day": 0.21706183902556273,
    "R* ICp": 0.00448374732742116,
    "R* INp": 0.014202852409756635,
    "Vmax/K ICp": 0.000568944255144583,
    "Vmax/K INp": 0.000182477107699746,
    "Vmax/Vmax Ip": 2.0189574282437186,
    "VmaxICp": 0.000165550154339,
    "VmaxICp_day_cell": 1.277101190615143e-08,
    "VmaxINp": 8.19978430565578e-05,
    "VmaxINp_day_cell": 6.3255478929344595e-09,
    "gammaDp": 0.1814089700071997
}