{
    "KICp": 0.6478164322225803,
    "KINp": 0.0543624545233313,
    "Mp": 2.877263144053374e-06,
    "Mp_day": 0.24859553564621154,
    "R* ICp": 0.002180667340072623,
    "R* INp": 0.003653669296088554,
    "Vmax/K ICp": 0.0013238830514934047,
    "Vmax/K INp": 0.0008404270052805537,
    "Vmax/Vmax Ip": 18.77165335782796,
    "VmaxICp": 0.0008576331950984,
    "VmaxICp_day_cell": 6.616027505044801e-08,
    "VmaxINp": 4.568767485474361e-05,
    "VmaxINp_day_cell": 3.524477774508793e-09,
    "gammaDp": 0.6390123285093408
}