{
    "KICp": 85.76098749569388,
    "KINp": 0.02,
    "Mp": 5.360057869707186e-06,
    "VmaxICp": 2.8250627967571493e-05,
    "VmaxINp": 1.5296155815853422e-05,
    "gammaDp": 0.8
}