{
    "KICp": 37.0,
    "KINp": 0.0024208003300074,
    "Mp": 5.568527697936799e-06,
    "VmaxICp": 1.9256373316073733e-05,
    "VmaxINp": 2.597432790633848e-05,
    "gammaDp": 0.8
}