{
    "KICp": 0.0556261150773268,
    "KINp": 0.2860899565704342,
    "Mp": 1.8440261277539744e-06,
    "Mp_day": 0.1593238574379434,
    "R* ICp": 0.0003331768880314879,
    "R* INp": 0.02305846319851278,
    "Vmax/K ICp": 0.0055678263724036415,
    "Vmax/K INp": 8.641738697422642e-05,
    "Vmax/Vmax Ip": 12.527392121890205,
    "VmaxICp": 0.0003097165505219,
    "VmaxICp_day_cell": 2.3892419611689433e-08,
    "VmaxINp": 2.472314648638684e-05,
    "VmaxINp_day_cell": 1.907214157521271e-09,
    "gammaDp": 0.1658171762430031
}