{
    "KICp": 67.16742709647438,
    "KINp": 0.02,
    "Mp": 3.742927869436664e-06,
    "VmaxICp": 2.039099617423031e-05,
    "VmaxINp": 1.9097864419881696e-05,
    "gammaDp": 0.1520789613613126
}