{
    "KICp": 0.0369270994511455,
    "KINp": 0.5806092432173899,
    "Mp": 3.517430783450677e-06,
    "Mp_day": 0.3039060196901385,
    "R* ICp": 0.00018501718433519633,
    "R* INp": 0.06706164302131373,
    "Vmax/K ICp": 0.019106626809028006,
    "Vmax/K INp": 5.850888211111956e-05,
    "Vmax/Vmax Ip": 20.76937707656428,
    "VmaxICp": 0.0007055523083529,
    "VmaxICp_day_cell": 5.442832093008087e-08,
    "VmaxINp": 3.397079776403261e-05,
    "VmaxINp_day_cell": 2.6206043989396587e-09,
    "gammaDp": 0.1538204697030294
}