{
    "KICp": 0.5804309278930764,
    "KINp": 0.2337656979735882,
    "Mp": 2.2439936944265385e-06,
    "Mp_day": 0.19388105519845292,
    "R* ICp": 0.0014263235752343419,
    "R* INp": 0.016053240638228182,
    "Vmax/K ICp": 0.0015771372062481366,
    "Vmax/K INp": 0.00014938379587128945,
    "Vmax/Vmax Ip": 26.21414802838577,
    "VmaxICp": 0.0009154192120373,
    "VmaxICp_day_cell": 7.06180535000203e-08,
    "VmaxINp": 3.4920807307796e-05,
    "VmaxINp_day_cell": 2.693890849458549e-09,
    "gammaDp": 0.2944657841279202
}