{
    "KICp": 3.830915279164235,
    "KINp": 0.02,
    "Mp": 3.3849423332570467e-06,
    "VmaxICp": 2.670387942202607e-05,
    "VmaxINp": 3.986106151098138e-05,
    "gammaDp": 0.1807438480163896
}