{
    "KICp": 37.0,
    "KINp": 0.0088191898339048,
    "Mp": 3.929001532011366e-06,
    "VmaxICp": 2.4567949646578e-05,
    "VmaxINp": 1.5166563089099311e-05,
    "gammaDp": 0.7661154049297444
}