{
    "KICp": 0.0528441500617371,
    "KINp": 0.0635690060075442,
    "Mp": 3.049390896599994e-06,
    "Mp_day": 0.2634673734662395,
    "R* ICp": 0.0008581648718092073,
    "R* INp": 0.0011030391776411825,
    "Vmax/K ICp": 0.003611091195185497,
    "Vmax/K INp": 0.002812505213169165,
    "Vmax/Vmax Ip": 1.0673248394047192,
    "VmaxICp": 0.000190825045005,
    "VmaxICp_day_cell": 1.4720789186100001e-08,
    "VmaxINp": 0.0001787881607922,
    "VmaxINp_day_cell": 1.379222954682686e-08,
    "gammaDp": 0.1696447107241022
}