{
    "KICp": 37.0,
    "KINp": 0.02,
    "Mp": 4.8173295146138725e-06,
    "VmaxICp": 2.938349929654709e-05,
    "VmaxINp": 1.5864599160732096e-05,
    "gammaDp": 0.3356049302395799
}