{
    "KICp": 13.55037527169366,
    "KINp": 0.0027767850841332,
    "Mp": 6.661492358241189e-06,
    "VmaxICp": 4.137669541012135e-05,
    "VmaxINp": 2.0155324802659167e-05,
    "gammaDp": 0.8
}