{
    "KICp": 0.2406688221298154,
    "KINp": 0.2362393144390681,
    "Mp": 2.856689949043767e-06,
    "Mp_day": 0.24681801159738148,
    "R* ICp": 0.0034434128263375876,
    "R* INp": 0.037871073116571834,
    "Vmax/K ICp": 0.0008414798645366825,
    "Vmax/K INp": 8.752433410878987e-05,
    "Vmax/Vmax Ip": 9.794506795243333,
    "VmaxICp": 0.000202517967844,
    "VmaxICp_day_cell": 1.562281466225143e-08,
    "VmaxINp": 2.0676688686596462e-05,
    "VmaxINp_day_cell": 1.5950588415374416e-09,
    "gammaDp": 0.1852210226596343
}