{
    "KICp": 63.18075726126972,
    "KINp": 0.0374547231015123,
    "Mp": 4.844371583111047e-06,
    "VmaxICp": 3.8061470757910586e-05,
    "VmaxINp": 2.655236684048627e-05,
    "gammaDp": 0.8
}