{
    "KICp": 0.0529842210624396,
    "KINp": 0.5075117962061583,
    "Mp": 1.8918064911792624e-06,
    "Mp_day": 0.1634520808378883,
    "R* ICp": 0.0003165798429620961,
    "R* INp": 0.042780084927937514,
    "Vmax/K ICp": 0.006011469289429513,
    "Vmax/K INp": 4.794927369787545e-05,
    "Vmax/Vmax Ip": 13.088775313986506,
    "VmaxICp": 0.0003185130177412,
    "VmaxICp_day_cell": 2.4571004225749716e-08,
    "VmaxINp": 2.433482202118947e-05,
    "VmaxINp_day_cell": 1.877257698777474e-09,
    "gammaDp": 0.3821816552767437
}