{
    "KICp": 0.310115311677672,
    "KINp": 0.6719866252613036,
    "Mp": 2.891267683130325e-06,
    "Mp_day": 0.24980552782246007,
    "R* ICp": 0.004134789741698177,
    "R* INp": 0.023603067048833384,
    "Vmax/K ICp": 0.0007085770609875408,
    "Vmax/K INp": 0.0001267979903423695,
    "Vmax/Vmax Ip": 2.578916606527369,
    "VmaxICp": 0.0002197405961158,
    "VmaxICp_day_cell": 1.695141741464743e-08,
    "VmaxINp": 8.520655362008425e-05,
    "VmaxINp_day_cell": 6.573076993549357e-09,
    "gammaDp": 0.7183609128409655
}