{
    "KICp": 0.0758834212129891,
    "KINp": 0.1471981027411259,
    "Mp": 2.5634581661536736e-06,
    "Mp_day": 0.2214827855556774,
    "R* ICp": 0.0001454391214402488,
    "R* INp": 0.02030375203033643,
    "Vmax/K ICp": 0.01765942544858428,
    "Vmax/K INp": 0.0001436704135151586,
    "Vmax/Vmax Ip": 63.36565353529219,
    "VmaxICp": 0.0013400576196943,
    "VmaxICp_day_cell": 1.0337587351927458e-07,
    "VmaxINp": 2.114801228946436e-05,
    "VmaxINp_day_cell": 1.6314180909015364e-09,
    "gammaDp": 0.2584457891802071
}