{
    "KICp": 0.2003066228517431,
    "KINp": 0.0324806849931838,
    "Mp": 3.8624583735495325e-06,
    "Mp_day": 0.3337164034746796,
    "R* ICp": 0.0038729730864203032,
    "R* INp": 0.0012081277829614138,
    "Vmax/K ICp": 0.0010165678348594254,
    "Vmax/K INp": 0.0033159766742974278,
    "Vmax/Vmax Ip": 1.8905798570271408,
    "VmaxICp": 0.0002036252699004,
    "VmaxICp_day_cell": 1.570823510660229e-08,
    "VmaxINp": 0.0001077051938026,
    "VmaxINp_day_cell": 8.308686379057715e-09,
    "gammaDp": 0.6107854481535337
}