{
    "KICp": 0.0567593891121448,
    "KINp": 0.4945849940341643,
    "Mp": 4.368843501830647e-06,
    "Mp_day": 0.3774680785581679,
    "R* ICp": 0.0009936396496277376,
    "R* INp": 0.013917602817011652,
    "Vmax/K ICp": 0.004473780037776461,
    "Vmax/K INp": 0.00032274111066008963,
    "Vmax/Vmax Ip": 1.590805614960472,
    "VmaxICp": 0.0002539290219663,
    "VmaxICp_day_cell": 1.9588810265971717e-08,
    "VmaxINp": 0.0001596229102904,
    "VmaxINp_day_cell": 1.231376736525943e-08,
    "gammaDp": 0.1805880413993237
}