{
    "KICp": 0.3250334971089856,
    "KINp": 0.327888732867186,
    "Mp": 4.012511593479066e-06,
    "Mp_day": 0.34668100167659127,
    "R* ICp": 0.007366974314211877,
    "R* INp": 0.013728971673006832,
    "Vmax/K ICp": 0.0005570070026080858,
    "Vmax/K INp": 0.0003045034153181605,
    "Vmax/Vmax Ip": 1.8133018898509912,
    "VmaxICp": 0.0001810459339719,
    "VmaxICp_day_cell": 1.396640062068943e-08,
    "VmaxINp": 9.984323900240214e-05,
    "VmaxINp_day_cell": 7.702192723042451e-09,
    "gammaDp": 0.2251016527967204
}