{
    "KICp": 8.095666004278524,
    "KINp": 0.1743048249119007,
    "Mp": 6.744148576196687e-06,
    "VmaxICp": 2.03071043203458e-05,
    "VmaxINp": 3.084494144824905e-05,
    "gammaDp": 0.8
}