{
    "KICp": 0.2789612574971989,
    "KINp": 0.3141596374848664,
    "Mp": 2.20315326715188e-06,
    "Mp_day": 0.19035244228192244,
    "R* ICp": 0.004950562926694849,
    "R* INp": 0.004614189969092813,
    "Vmax/K ICp": 0.00045292856144430274,
    "Vmax/K INp": 0.00048448631014552917,
    "Vmax/Vmax Ip": 0.8301215779627141,
    "VmaxICp": 0.0001263495210569,
    "VmaxICp_day_cell": 9.74696305296086e-09,
    "VmaxINp": 0.0001522060435617,
    "VmaxINp_day_cell": 1.1741609074759717e-08,
    "gammaDp": 0.8938550931746158
}