{
    "KICp": 0.0551715096620822,
    "KINp": 0.0409276586091737,
    "Mp": 3.7928414905041895e-06,
    "Mp_day": 0.32770150477956195,
    "R* ICp": 0.0005514245081511058,
    "R* INp": 0.00691120638915138,
    "Vmax/K ICp": 0.006947007018872917,
    "Vmax/K INp": 0.0006414677067592971,
    "Vmax/Vmax Ip": 14.598926010409889,
    "VmaxICp": 0.0003832768648643,
    "VmaxICp_day_cell": 2.9567072432388858e-08,
    "VmaxINp": 2.625377131105406e-05,
    "VmaxINp_day_cell": 2.025290929709885e-09,
    "gammaDp": 0.7740726281034002
}