{
    "KICp": 37.0,
    "KINp": 0.02,
    "Mp": 4.2626202551241165e-06,
    "VmaxICp": 2.53042900244055e-05,
    "VmaxINp": 3.608755487323474e-05,
    "gammaDp": 0.1708807845163298
}