{
    "KICp": 0.0700527610962106,
    "KINp": 0.0379633106353979,
    "Mp": 3.183058219784728e-06,
    "Mp_day": 0.2750162301894005,
    "R* ICp": 0.0004474214277024296,
    "R* INp": 0.0038561296055368605,
    "Vmax/K ICp": 0.00715966639453603,
    "Vmax/K INp": 0.0009092998025737152,
    "Vmax/Vmax Ip": 14.529372856434238,
    "VmaxICp": 0.000501554399465,
    "VmaxICp_day_cell": 3.869133938730001e-08,
    "VmaxINp": 3.4520030865811936e-05,
    "VmaxINp_day_cell": 2.6629738096483496e-09,
    "gammaDp": 0.6962951265675332
}