{
    "KICp": 0.1446628651116251,
    "KINp": 0.0731009248433749,
    "Mp": 4.072253757068192e-06,
    "Mp_day": 0.35184272461069177,
    "R* ICp": 0.0005898088514789092,
    "R* INp": 0.012627019342606878,
    "Vmax/K ICp": 0.00693251185014729,
    "Vmax/K INp": 0.00037821045025886494,
    "Vmax/Vmax Ip": 36.27365238318149,
    "VmaxICp": 0.0010028770266626,
    "VmaxICp_day_cell": 7.73647991996863e-08,
    "VmaxINp": 2.7647533699352264e-05,
    "VmaxINp_day_cell": 2.1328097425214606e-09,
    "gammaDp": 0.3540627426362332
}