{
    "KICp": 37.0,
    "KINp": 0.0582124307838115,
    "Mp": 7.033604555417637e-06,
    "VmaxICp": 3.198180454838525e-05,
    "VmaxINp": 4.80420237438664e-05,
    "gammaDp": 0.7062678190492555
}