{
    "KICp": 26.365243704660784,
    "KINp": 0.0861012331010467,
    "Mp": 3.163837373526384e-06,
    "VmaxICp": 4.306919237844999e-05,
    "VmaxINp": 1.8468019199737635e-05,
    "gammaDp": 0.3248447944565152
}