{
    "KICp": 262.1649383423812,
    "KINp": 0.1131397247178194,
    "Mp": 4.824883971348865e-06,
    "VmaxICp": 2.7942650628753e-05,
    "VmaxINp": 2.2071456879629065e-05,
    "gammaDp": 0.8
}