{
    "KICp": 4.140137183859614,
    "KINp": 0.02,
    "Mp": 8.855945356521516e-06,
    "VmaxICp": 3.273366640430995e-05,
    "VmaxINp": 3.405465639804985e-05,
    "gammaDp": 0.2879792289617867
}