{
    "KICp": 9.60254267149084,
    "KINp": 0.0138314774386456,
    "Mp": 3.6054884017880894e-06,
    "VmaxICp": 5.303001778325809e-05,
    "VmaxINp": 1.712899773008076e-05,
    "gammaDp": 0.1167109096421585
}