{
    "KICp": 367.4206642751092,
    "KINp": 0.02,
    "Mp": 3.2249612640769056e-06,
    "VmaxICp": 1.543988402016613e-05,
    "VmaxINp": 5.00728573467543e-05,
    "gammaDp": 0.3226632431497793
}