{
    "KICp": 16.99901387652935,
    "KINp": 0.0061933072850266,
    "Mp": 6.291949796447137e-06,
    "VmaxICp": 2.4004537470006627e-05,
    "VmaxINp": 3.755484138252152e-05,
    "gammaDp": 0.4525611124574647
}