{
    "KICp": 37.0,
    "KINp": 0.0028922099629139,
    "Mp": 4.813080139284124e-06,
    "VmaxICp": 2.5719415522290765e-05,
    "VmaxINp": 2.846347919732137e-05,
    "gammaDp": 0.100199435503259
}