{
    "KICp": 158.8720375977116,
    "KINp": 0.1640559404312917,
    "Mp": 4.486457901306853e-06,
    "VmaxICp": 3.3889713412288975e-05,
    "VmaxINp": 3.749996868055838e-05,
    "gammaDp": 0.2170139103155256
}