{
    "KICp": 37.0,
    "KINp": 0.1711462467440056,
    "Mp": 2.313583515192646e-06,
    "VmaxICp": 1.4905056171565257e-05,
    "VmaxINp": 3.4976156403611794e-05,
    "gammaDp": 0.157540164260028
}