{
    "KICp": 10.672294638117837,
    "KINp": 0.0022315014363276,
    "Mp": 4.299563253634667e-06,
    "VmaxICp": 2.8236093177301377e-05,
    "VmaxINp": 5.2983796277597696e-05,
    "gammaDp": 0.589253523927678
}