{
    "KICp": 5.275413478165189,
    "KINp": 0.1529374157922431,
    "Mp": 3.2249612640769056e-06,
    "VmaxICp": 3.521031657952567e-05,
    "VmaxINp": 1.6823113888481194e-05,
    "gammaDp": 0.2245181080347714
}