{
    "KICp": 28.083063968394427,
    "KINp": 0.1640559404312917,
    "Mp": 4.486457901306853e-06,
    "VmaxICp": 2.876710104016615e-05,
    "VmaxINp": 2.06940336183446e-05,
    "gammaDp": 0.6262257593292849
}