{
    "KICp": 246.04848849785424,
    "KINp": 0.0086223401777817,
    "Mp": 3.026792483347276e-06,
    "VmaxICp": 3.0288322421334235e-05,
    "VmaxINp": 2.203334136176789e-05,
    "gammaDp": 0.8
}