{
    "KICp": 135.7525641428574,
    "KINp": 0.02,
    "Mp": 3.824139633782268e-06,
    "VmaxICp": 4.816214702268045e-05,
    "VmaxINp": 1.879889558313581e-05,
    "gammaDp": 0.1410173294060648
}