{
    "KICp": 37.0,
    "KINp": 0.0944524832282783,
    "Mp": 3.054983299614565e-06,
    "VmaxICp": 2.3567904726996604e-05,
    "VmaxINp": 3.189021409219428e-05,
    "gammaDp": 0.515780993792467
}