{
    "KICp": 37.0,
    "KINp": 0.0105887123709201,
    "Mp": 3.771191053416026e-06,
    "VmaxICp": 2.261650037029859e-05,
    "VmaxINp": 2.1460084835075103e-05,
    "gammaDp": 0.1808355889737113
}