{
    "KICp": 272.13243800540863,
    "KINp": 0.0301497655831615,
    "Mp": 2.9827033721128106e-06,
    "VmaxICp": 2.8236093177301377e-05,
    "VmaxINp": 3.035383095768996e-05,
    "gammaDp": 0.6061088863370638
}