{
    "KICp": 15.817907848896406,
    "KINp": 0.0070683815350596,
    "Mp": 7.64525004337641e-06,
    "VmaxICp": 3.315310049343602e-05,
    "VmaxINp": 4.0410364043126855e-05,
    "gammaDp": 0.2814759199861315
}