{
    "KICp": 82.46675217478244,
    "KINp": 0.1306019847900599,
    "Mp": 7.885272530367951e-06,
    "VmaxICp": 3.853616512465023e-05,
    "VmaxINp": 3.205965241284681e-05,
    "gammaDp": 0.5617171249271238
}