{
    "KICp": 121.59694082258068,
    "KINp": 0.0539765610063986,
    "Mp": 3.2740708706284626e-06,
    "VmaxICp": 4.510341827760318e-05,
    "VmaxINp": 1.879889558313581e-05,
    "gammaDp": 0.8
}