{
    "KICp": 25.2065245180728,
    "KINp": 0.058545853264703,
    "Mp": 5.377228664094726e-06,
    "VmaxICp": 3.831011910799842e-05,
    "VmaxINp": 2.846347919732137e-05,
    "gammaDp": 0.5128300152293036
}