{
    "KICp": 328.8473886590537,
    "KINp": 0.0027061214337803,
    "Mp": 5.680089184967075e-06,
    "VmaxICp": 2.396109370709188e-05,
    "VmaxINp": 3.679499644838757e-05,
    "gammaDp": 0.5468180678183647
}