{
    "KICp": 37.0,
    "KINp": 0.1108281820588185,
    "Mp": 5.7604560810182895e-06,
    "VmaxICp": 2.6113445566130296e-05,
    "VmaxINp": 3.679499644838757e-05,
    "gammaDp": 0.2018941574538826
}