{
    "KICp": 174.5239383977669,
    "KINp": 0.0188013742424109,
    "Mp": 4.683158259921733e-06,
    "VmaxICp": 3.5402206054479615e-05,
    "VmaxINp": 2.197251256207456e-05,
    "gammaDp": 0.3582593152094876
}