{
    "KICp": 8.94479244018853,
    "KINp": 0.02,
    "Mp": 6.26437635345241e-06,
    "VmaxICp": 3.3213385290545096e-05,
    "VmaxINp": 3.035383095768996e-05,
    "gammaDp": 0.8101330043866043
}