{
    "KICp": 37.0,
    "KINp": 0.0051273546677221,
    "Mp": 9.882545031906785e-06,
    "VmaxICp": 4.385147495181846e-05,
    "VmaxINp": 5.447005682803345e-05,
    "gammaDp": 0.1747865362819159
}