{
    "KICp": 5.082335095912878,
    "KINp": 0.1177817344889971,
    "Mp": 9.49405358708577e-06,
    "VmaxICp": 4.237983728780475e-05,
    "VmaxINp": 2.194608319896312e-05,
    "gammaDp": 0.5424148635880304
}