{
    "KICp": 7.613632390090112,
    "KINp": 0.0231103445561667,
    "Mp": 7.033604555417637e-06,
    "VmaxICp": 5.46594581620206e-05,
    "VmaxINp": 3.937066410560833e-05,
    "gammaDp": 0.7062678190492555
}