{
    "KICp": 197.38964224591217,
    "KINp": 0.030567790664183,
    "Mp": 3.717904651634989e-06,
    "VmaxICp": 2.904755975215132e-05,
    "VmaxINp": 1.6793717991067347e-05,
    "gammaDp": 0.8
}