{
    "KICp": 313.9560875297334,
    "KINp": 0.006712650313431,
    "Mp": 9.31975327361757e-06,
    "VmaxICp": 3.0516952244573352e-05,
    "VmaxINp": 5.289997666880159e-05,
    "gammaDp": 0.2529978462125743
}