{
    "KICp": 5.560186699062671,
    "KINp": 0.0773304247012057,
    "Mp": 3.192979998425346e-06,
    "VmaxICp": 2.0630674024823786e-05,
    "VmaxINp": 5.114619067682129e-05,
    "gammaDp": 0.8
}