{
    "KICp": 314.55357947924,
    "KINp": 0.080394745755916,
    "Mp": 3.83370240217586e-06,
    "VmaxICp": 3.0288322421334235e-05,
    "VmaxINp": 3.306804159327535e-05,
    "gammaDp": 0.238481166911597
}