{
    "KICp": 5.959004211396562,
    "KINp": 0.1640559404312917,
    "Mp": 4.486457901306853e-06,
    "VmaxICp": 2.683819956996516e-05,
    "VmaxINp": 2.06940336183446e-05,
    "gammaDp": 0.8763316014820148
}