{
    "KICp": 37.0,
    "KINp": 0.003751953793526,
    "Mp": 4.796560995033454e-06,
    "VmaxICp": 2.0099020472431152e-05,
    "VmaxINp": 4.393612335538111e-05,
    "gammaDp": 0.1023041027717283
}