{
    "KICp": 4.334172536581544,
    "KINp": 0.0697491157318922,
    "Mp": 1.0397275178770216e-05,
    "VmaxICp": 3.454464697970126e-05,
    "VmaxINp": 4.547786276248923e-05,
    "gammaDp": 0.4163009707121256
}