{
    "KICp": 307.71031829116646,
    "KINp": 0.02,
    "Mp": 2.499874542316533e-06,
    "VmaxICp": 2.6199129550423145e-05,
    "VmaxINp": 2.255187035226581e-05,
    "gammaDp": 0.1047864573305478
}