{
    "KICp": 45.38782110047779,
    "KINp": 0.1783706529498164,
    "Mp": 2.499874542316533e-06,
    "VmaxICp": 2.2519052009542244e-05,
    "VmaxINp": 2.57857687271612e-05,
    "gammaDp": 0.7293190091091536
}