{
    "KICp": 194.8920245963945,
    "KINp": 0.0043551386099989,
    "Mp": 3.83370240217586e-06,
    "VmaxICp": 3.0288322421334235e-05,
    "VmaxINp": 3.306804159327535e-05,
    "gammaDp": 0.1990393507568257
}