{
    "KICp": 4.921407670415592,
    "KINp": 0.1326166581464564,
    "Mp": 3.054983299614565e-06,
    "VmaxICp": 2.0698916046050698e-05,
    "VmaxINp": 2.7425094005959456e-05,
    "gammaDp": 0.8
}