{
    "KICp": 38.74221481762457,
    "KINp": 0.0677220913473727,
    "Mp": 4.902725977415728e-06,
    "VmaxICp": 4.510341827760318e-05,
    "VmaxINp": 1.879889558313581e-05,
    "gammaDp": 0.2610150554646396
}