{
    "KICp": 6.214462452726863,
    "KINp": 0.02,
    "Mp": 7.328309427390115e-06,
    "VmaxICp": 2.8293574081635475e-05,
    "VmaxINp": 3.1518896515945566e-05,
    "gammaDp": 0.1487375682358587
}