{
    "KICp": 25.17127006824711,
    "KINp": 0.0030552537110345,
    "Mp": 7.328309427390115e-06,
    "VmaxICp": 5.524308282279928e-05,
    "VmaxINp": 3.1518896515945566e-05,
    "gammaDp": 0.4715253280339086
}