{
    "KICp": 29.949146558253343,
    "KINp": 0.1953718587185745,
    "Mp": 2.6398664026951784e-06,
    "VmaxICp": 4.279442220178901e-05,
    "VmaxINp": 1.6823113888481194e-05,
    "gammaDp": 0.8
}