{
    "KICp": 5.859960167399993,
    "KINp": 0.0424053320812071,
    "Mp": 3.830937782038607e-06,
    "VmaxICp": 2.904755975215132e-05,
    "VmaxINp": 1.6793717991067347e-05,
    "gammaDp": 0.1819756231537513
}