{
    "KICp": 24.64526140148936,
    "KINp": 0.0803270740356432,
    "Mp": 3.771191053416026e-06,
    "VmaxICp": 5.100713943277032e-05,
    "VmaxINp": 1.855372946608059e-05,
    "gammaDp": 0.2516845582716164
}