{
    "KICp": 16.786492585998396,
    "KINp": 0.1813150703375318,
    "Mp": 2.6405985935377406e-06,
    "VmaxICp": 5.029018272412935e-05,
    "VmaxINp": 1.972096418440136e-05,
    "gammaDp": 0.1955437207852271
}