{
    "KICp": 77.65740514056463,
    "KINp": 0.0137440823973217,
    "Mp": 7.256678297680083e-06,
    "VmaxICp": 2.9651954474166697e-05,
    "VmaxINp": 4.917232698840361e-05,
    "gammaDp": 0.3474279321198587
}