{
    "KICp": 4.430034569898946,
    "KINp": 0.0436760296868984,
    "Mp": 3.523899237014193e-06,
    "VmaxICp": 3.547564400092044e-05,
    "VmaxINp": 2.2024866746579034e-05,
    "gammaDp": 0.2370522478466243
}