{
    "KICp": 266.72750078970574,
    "KINp": 0.09379151565467,
    "Mp": 2.8140375321291457e-06,
    "VmaxICp": 2.780234417497901e-05,
    "VmaxINp": 1.4912339302483891e-05,
    "gammaDp": 0.2779421574993749
}