{
    "KICp": 82.35786555859966,
    "KINp": 0.0020438084738292,
    "Mp": 4.299563253634667e-06,
    "VmaxICp": 2.8236093177301377e-05,
    "VmaxINp": 3.035383095768996e-05,
    "gammaDp": 0.1607421841963349
}