{
    "KICp": 10.026982086784557,
    "KINp": 0.0232459755575578,
    "Mp": 4.299563253634667e-06,
    "VmaxICp": 2.8236093177301377e-05,
    "VmaxINp": 3.035383095768996e-05,
    "gammaDp": 0.2048266579760969
}