{
    "KICp": 185.7302784820053,
    "KINp": 0.02,
    "Mp": 2.684342185944328e-06,
    "VmaxICp": 4.280362269857252e-05,
    "VmaxINp": 1.872053012731225e-05,
    "gammaDp": 0.2549465887656911
}