{
    "KICp": 21.251349538004497,
    "KINp": 0.0082205150235538,
    "Mp": 3.4854125414307605e-06,
    "VmaxICp": 3.48935234154733e-05,
    "VmaxINp": 1.3690388255436574e-05,
    "gammaDp": 0.2613430039615121
}