{
    "KICp": 7.21861558965097,
    "KINp": 0.0218157947081018,
    "Mp": 3.1571139292052626e-06,
    "VmaxICp": 4.237983728780475e-05,
    "VmaxINp": 2.194608319896312e-05,
    "gammaDp": 0.8779332654638445
}