{
    "KICp": 8.252670544051742,
    "KINp": 0.02,
    "Mp": 3.5162790309234527e-06,
    "VmaxICp": 2.052070561417805e-05,
    "VmaxINp": 2.197251256207456e-05,
    "gammaDp": 0.1821657242365176
}