{
    "KICp": 20.3477544835423,
    "KINp": 0.0766774315561704,
    "Mp": 3.3321774284549604e-06,
    "VmaxICp": 1.830017663022518e-05,
    "VmaxINp": 2.2997176538676768e-05,
    "gammaDp": 0.8
}