{
    "KICp": 5.31757826820345,
    "KINp": 0.0262412286524161,
    "Mp": 3.771191053416026e-06,
    "VmaxICp": 2.261650037029859e-05,
    "VmaxINp": 1.974798146766895e-05,
    "gammaDp": 0.1967675503863118
}