{
    "KICp": 129.5265235198284,
    "KINp": 0.0101494636758267,
    "Mp": 6.027797174456406e-06,
    "VmaxICp": 2.904755975215132e-05,
    "VmaxINp": 1.6793717991067347e-05,
    "gammaDp": 0.2423139997355594
}