{
    "KICp": 37.0,
    "KINp": 0.0027969655798842,
    "Mp": 2.419990610454263e-06,
    "VmaxICp": 2.9614289399641964e-05,
    "VmaxINp": 2.099262100400999e-05,
    "gammaDp": 0.1743810096318259
}