{
    "KICp": 48.25140176931924,
    "KINp": 0.02,
    "Mp": 4.368200729927388e-06,
    "VmaxICp": 3.273366640430995e-05,
    "VmaxINp": 2.196701355678895e-05,
    "gammaDp": 0.1669855175907589
}