{
    "KICp": 54.319556637226846,
    "KINp": 0.0022870129657303,
    "Mp": 4.299563253634667e-06,
    "VmaxICp": 1.6861176485115262e-05,
    "VmaxINp": 5.527717524431055e-05,
    "gammaDp": 0.628937502004797
}