{
    "KICp": 37.0,
    "KINp": 0.0059589891449525,
    "Mp": 2.1917160303356576e-06,
    "VmaxICp": 2.10153816107253e-05,
    "VmaxINp": 3.679499644838757e-05,
    "gammaDp": 0.1266957727765049
}