{
    "KICp": 37.0,
    "KINp": 0.1251382195833867,
    "Mp": 3.6054884017880894e-06,
    "VmaxICp": 2.712031091658425e-05,
    "VmaxINp": 1.712899773008076e-05,
    "gammaDp": 0.587556974449952
}