{
    "KICp": 104.88744659132654,
    "KINp": 0.1144705502687368,
    "Mp": 9.882545031906785e-06,
    "VmaxICp": 4.385147495181846e-05,
    "VmaxINp": 3.594308019098468e-05,
    "gammaDp": 0.1579688813138241
}