{
    "KICp": 148.4921993276445,
    "KINp": 0.0055539305622887,
    "Mp": 1.0660984690515326e-05,
    "VmaxICp": 3.132623750870611e-05,
    "VmaxINp": 5.186005311631203e-05,
    "gammaDp": 0.21215376708083
}