{
    "KICp": 7.247747064347525,
    "KINp": 0.02,
    "Mp": 4.063449598713277e-06,
    "VmaxICp": 1.6808415372823792e-05,
    "VmaxINp": 2.6042676871132093e-05,
    "gammaDp": 0.3353105407330397
}