{
    "KICp": 5.092819414993199,
    "KINp": 0.02,
    "Mp": 4.333440957188474e-06,
    "VmaxICp": 2.6377289169317125e-05,
    "VmaxINp": 5.128882309554436e-05,
    "gammaDp": 0.1544516618360312
}