{
    "KICp": 79.38113829934865,
    "KINp": 0.0582494573865054,
    "Mp": 7.122728582969196e-06,
    "VmaxICp": 2.0099020472431152e-05,
    "VmaxINp": 4.239119000383503e-05,
    "gammaDp": 0.5818066933557845
}