{
    "KICp": 55.60014215340399,
    "KINp": 0.0118039875838119,
    "Mp": 3.771191053416026e-06,
    "VmaxICp": 2.4726755083009743e-05,
    "VmaxINp": 1.855372946608059e-05,
    "gammaDp": 0.3377172530478819
}