{
    "KICp": 79.27057301142727,
    "KINp": 0.0941445841071547,
    "Mp": 4.824883971348865e-06,
    "VmaxICp": 2.7942650628753e-05,
    "VmaxINp": 2.3592280125802034e-05,
    "gammaDp": 0.7029482613997456
}