{
    "KICp": 13.109299760976324,
    "KINp": 0.0557225279831364,
    "Mp": 4.245447594163419e-06,
    "VmaxICp": 4.5256479326650015e-05,
    "VmaxINp": 1.965503593069903e-05,
    "gammaDp": 0.3112782565279364
}