{
    "KICp": 15.349035254989994,
    "KINp": 0.0057290152777521,
    "Mp": 3.2249612640769056e-06,
    "VmaxICp": 1.8996467151374247e-05,
    "VmaxINp": 3.890201960687125e-05,
    "gammaDp": 0.8
}