{
    "KICp": 6.859352637713267,
    "KINp": 0.0061933072850266,
    "Mp": 4.301996960185446e-06,
    "VmaxICp": 2.4004537470006627e-05,
    "VmaxINp": 1.857857639566777e-05,
    "gammaDp": 0.2254134684634378
}