{
    "KICp": 37.0,
    "KINp": 0.0131044072451979,
    "Mp": 4.813080139284124e-06,
    "VmaxICp": 3.831011910799842e-05,
    "VmaxINp": 2.060078274718212e-05,
    "gammaDp": 0.1205180650762023
}