{
    "KICp": 37.0,
    "KINp": 0.02,
    "Mp": 3.498993137534796e-06,
    "VmaxICp": 1.7335739278873296e-05,
    "VmaxINp": 2.194608319896312e-05,
    "gammaDp": 0.1062536771556936
}