{
    "KICp": 142.6084600830555,
    "KINp": 0.1206701256412567,
    "Mp": 4.090590811529728e-06,
    "VmaxICp": 2.710888673322393e-05,
    "VmaxINp": 5.114619067682129e-05,
    "gammaDp": 0.8
}