{
    "KICp": 6.6499986036397845,
    "KINp": 0.0136051360074806,
    "Mp": 4.368200729927388e-06,
    "VmaxICp": 3.273366640430995e-05,
    "VmaxINp": 2.454393788172469e-05,
    "gammaDp": 0.2286935597424956
}