{
    "KICp": 54.83882498183444,
    "KINp": 0.0251156307300554,
    "Mp": 7.885272530367951e-06,
    "VmaxICp": 3.853616512465023e-05,
    "VmaxINp": 5.368701923316919e-05,
    "gammaDp": 0.2909877426652548
}