{
    "KICp": 80.54802512941158,
    "KINp": 0.006524813018981,
    "Mp": 3.671127952235358e-06,
    "VmaxICp": 2.0099020472431152e-05,
    "VmaxINp": 4.239119000383503e-05,
    "gammaDp": 0.2230580516719559
}