{
    "KICp": 11.94938491163752,
    "KINp": 0.158782331137424,
    "Mp": 9.351658239704446e-06,
    "VmaxICp": 2.8236093177301377e-05,
    "VmaxINp": 3.035383095768996e-05,
    "gammaDp": 0.1580455555417649
}