{
    "KICp": 285.8743904008037,
    "KINp": 0.006365686559346,
    "Mp": 7.144909429231534e-06,
    "VmaxICp": 4.5256479326650015e-05,
    "VmaxINp": 4.967383054693558e-05,
    "gammaDp": 0.8329849523847138
}