{
    "KICp": 68.9615890780582,
    "KINp": 0.1488765306523929,
    "Mp": 7.328309427390115e-06,
    "VmaxICp": 2.4722650467610755e-05,
    "VmaxINp": 3.1518896515945566e-05,
    "gammaDp": 0.2313173819735121
}