{
    "KICp": 37.0,
    "KINp": 0.0157837522535645,
    "Mp": 3.3415025831199007e-06,
    "VmaxICp": 2.069884201976115e-05,
    "VmaxINp": 1.610592039852993e-05,
    "gammaDp": 0.2349819646053025
}