{
    "KICp": 68.04760233964186,
    "KINp": 0.0264934858154823,
    "Mp": 3.83370240217586e-06,
    "VmaxICp": 3.508867524720284e-05,
    "VmaxINp": 3.306804159327535e-05,
    "gammaDp": 0.8
}