{
    "KICp": 11.326504501046566,
    "KINp": 0.003591542698111,
    "Mp": 3.054983299614565e-06,
    "VmaxICp": 2.0698916046050698e-05,
    "VmaxINp": 3.762200555940643e-05,
    "gammaDp": 0.2399290738633563
}