{
    "KICp": 8.17404720976657,
    "KINp": 0.0125556954831504,
    "Mp": 3.2249612640769056e-06,
    "VmaxICp": 1.8306221974690565e-05,
    "VmaxINp": 2.275223435262976e-05,
    "gammaDp": 0.8
}