{
    "KICp": 363.3865329851712,
    "KINp": 0.033119459596094,
    "Mp": 4.333440957188474e-06,
    "VmaxICp": 3.3706308672372566e-05,
    "VmaxINp": 3.511987703206748e-05,
    "gammaDp": 0.8346293488255335
}