{
    "KICp": 267.87157452877096,
    "KINp": 0.0050990547358085,
    "Mp": 3.126132882528136e-06,
    "VmaxICp": 5.029018272412935e-05,
    "VmaxINp": 1.96554453716165e-05,
    "gammaDp": 0.8
}