{
    "KICp": 24.56166889054657,
    "KINp": 0.0040786609180954,
    "Mp": 7.16543292745313e-06,
    "VmaxICp": 3.647732838151153e-05,
    "VmaxINp": 4.967383054693558e-05,
    "gammaDp": 0.6925508861393469
}