{
    "KICp": 37.0,
    "KINp": 0.0124119030444911,
    "Mp": 2.5216357480881272e-06,
    "VmaxICp": 4.385147495181846e-05,
    "VmaxINp": 1.296557441644007e-05,
    "gammaDp": 0.1004071762463699
}