{
    "KICp": 63.97927657928404,
    "KINp": 0.0162415701717437,
    "Mp": 2.2672492953208708e-06,
    "VmaxICp": 3.0516952244573352e-05,
    "VmaxINp": 1.402343064207389e-05,
    "gammaDp": 0.7300441541791499
}