{
    "KICp": 37.0,
    "KINp": 0.1563374952111104,
    "Mp": 7.525882915766118e-06,
    "VmaxICp": 4.5256479326650015e-05,
    "VmaxINp": 4.967383054693558e-05,
    "gammaDp": 0.7910616815047432
}