{
    "KICp": 8.881684305167326,
    "KINp": 0.0296849500798244,
    "Mp": 2.2878753470824385e-06,
    "VmaxICp": 2.1293650770025623e-05,
    "VmaxINp": 2.846347919732137e-05,
    "gammaDp": 0.8
}