{
    "KICp": 217.0408801242393,
    "KINp": 0.0023353246281667,
    "Mp": 3.5162790309234527e-06,
    "VmaxICp": 4.598935966450098e-05,
    "VmaxINp": 2.197251256207456e-05,
    "gammaDp": 0.331237073747502
}