{
    "KICp": 241.257131236126,
    "KINp": 0.02,
    "Mp": 2.2932762836876702e-06,
    "VmaxICp": 3.521031657952567e-05,
    "VmaxINp": 1.6823113888481194e-05,
    "gammaDp": 0.123056465761298
}