{
    "KICp": 148.4921993276445,
    "KINp": 0.0139206998254521,
    "Mp": 5.976915642311826e-06,
    "VmaxICp": 4.513036746643645e-05,
    "VmaxINp": 5.186005311631203e-05,
    "gammaDp": 0.1141365712188535
}