{
    "KICp": 129.5265235198284,
    "KINp": 0.0022809642029689,
    "Mp": 3.830937782038607e-06,
    "VmaxICp": 2.904755975215132e-05,
    "VmaxINp": 4.285552867136057e-05,
    "gammaDp": 0.1397550460934877
}