{
    "KICp": 22.09829674839909,
    "KINp": 0.0117715696468652,
    "Mp": 7.033604555417637e-06,
    "VmaxICp": 3.674174379233595e-05,
    "VmaxINp": 2.071892479763568e-05,
    "gammaDp": 0.6524975506930275
}