{
    "KICp": 37.0,
    "KINp": 0.0763593260783375,
    "Mp": 2.9918638507135143e-06,
    "VmaxICp": 1.368371717237452e-05,
    "VmaxINp": 5.2323117678781664e-05,
    "gammaDp": 0.3287272117399629
}