{
    "KICp": 8.778284313363308,
    "KINp": 0.011973706935846,
    "Mp": 3.010183775300544e-06,
    "VmaxICp": 4.063932239628656e-05,
    "VmaxINp": 1.2978160607160668e-05,
    "gammaDp": 0.1263161364494777
}