{
    "KICp": 147.66125424812563,
    "KINp": 0.0039927985792494,
    "Mp": 2.6405985935377406e-06,
    "VmaxICp": 4.541636706604886e-05,
    "VmaxINp": 1.972096418440136e-05,
    "gammaDp": 0.2642255893903354
}