{
    "KICp": 9.522056415510356,
    "KINp": 0.0026887660249056,
    "Mp": 3.010183775300544e-06,
    "VmaxICp": 4.063932239628656e-05,
    "VmaxINp": 2.43807060394584e-05,
    "gammaDp": 0.1047113428411593
}