{
    "KICp": 367.4206642751092,
    "KINp": 0.0022004677885476,
    "Mp": 6.100825464727616e-06,
    "VmaxICp": 3.521031657952567e-05,
    "VmaxINp": 5.52020177762358e-05,
    "gammaDp": 0.8
}