{
    "KICp": 152.40909980099394,
    "KINp": 0.0053139686564793,
    "Mp": 2.191063624573958e-06,
    "VmaxICp": 2.701764404303946e-05,
    "VmaxINp": 1.5254914004131629e-05,
    "gammaDp": 0.2456158049874553
}