{
    "KICp": 367.4206642751092,
    "KINp": 0.0256253397768639,
    "Mp": 3.2249612640769056e-06,
    "VmaxICp": 2.618564578464669e-05,
    "VmaxINp": 4.0393495204854734e-05,
    "gammaDp": 0.8
}