{
    "KICp": 37.0,
    "KINp": 0.1814462527215767,
    "Mp": 6.02589656449537e-06,
    "VmaxICp": 1.961100508665244e-05,
    "VmaxINp": 2.4506326423754684e-05,
    "gammaDp": 0.1679079729893079
}