{
    "KICp": 19.25335304095292,
    "KINp": 0.0027969655798842,
    "Mp": 7.256678297680083e-06,
    "VmaxICp": 2.9651954474166697e-05,
    "VmaxINp": 3.272973723546279e-05,
    "gammaDp": 0.6539182967992888
}