{
    "KICp": 15.817907848896406,
    "KINp": 0.0028255620621432,
    "Mp": 8.642348377827549e-06,
    "VmaxICp": 4.941871582951315e-05,
    "VmaxINp": 4.685380070065889e-05,
    "gammaDp": 0.8
}