{
    "KICp": 14.988919134816571,
    "KINp": 0.030009386205424,
    "Mp": 7.64525004337641e-06,
    "VmaxICp": 2.309479405645247e-05,
    "VmaxINp": 2.568595115057478e-05,
    "gammaDp": 0.1370512027993379
}