{
    "KICp": 10.672294638117837,
    "KINp": 0.02,
    "Mp": 4.299563253634667e-06,
    "VmaxICp": 4.170282452151155e-05,
    "VmaxINp": 2.0305327794214884e-05,
    "gammaDp": 0.4788055316400616
}