{
    "KICp": 37.0,
    "KINp": 0.0644417821095656,
    "Mp": 1.10189851979083e-05,
    "VmaxICp": 4.5256479326650015e-05,
    "VmaxINp": 4.952920719959791e-05,
    "gammaDp": 0.3112782565279364
}