{
    "KICp": 363.18298935061887,
    "KINp": 0.0265282546718056,
    "Mp": 4.1684014960955454e-06,
    "VmaxICp": 4.973454316399091e-05,
    "VmaxINp": 1.3172132602816638e-05,
    "gammaDp": 0.3215547633891402
}