{
    "KICp": 9.563347697739,
    "KINp": 0.02,
    "Mp": 3.4717853809908463e-06,
    "VmaxICp": 4.237983728780475e-05,
    "VmaxINp": 1.5189263931005348e-05,
    "gammaDp": 0.8779332654638445
}