{
    "KICp": 102.77460386525982,
    "KINp": 0.0391626628662534,
    "Mp": 4.439475685262647e-06,
    "VmaxICp": 5.467353313681947e-05,
    "VmaxINp": 1.172966342229593e-05,
    "gammaDp": 0.2150829367295227
}