{
    "KICp": 28.82588729260952,
    "KINp": 0.02,
    "Mp": 2.658993577390805e-06,
    "VmaxICp": 2.377036048068459e-05,
    "VmaxINp": 2.2024866746579034e-05,
    "gammaDp": 0.3121905123483958
}