{
    "KICp": 35.254184497013995,
    "KINp": 0.180584882025152,
    "Mp": 3.5162790309234527e-06,
    "VmaxICp": 3.57421529859496e-05,
    "VmaxINp": 2.197251256207456e-05,
    "gammaDp": 0.4032457967217797
}