{
    "KICp": 49.27149895816989,
    "KINp": 0.0061933072850266,
    "Mp": 5.936825390697204e-06,
    "VmaxICp": 2.4004537470006627e-05,
    "VmaxINp": 2.561080493970043e-05,
    "gammaDp": 0.4487817349479169
}