{
    "KICp": 42.74484797236571,
    "KINp": 0.0043015296219685,
    "Mp": 5.876563076512143e-06,
    "VmaxICp": 5.524308282279928e-05,
    "VmaxINp": 3.1518896515945566e-05,
    "gammaDp": 0.8
}