{
    "KICp": 15.92929172311485,
    "KINp": 0.0029630532356686,
    "Mp": 4.1684014960955454e-06,
    "VmaxICp": 3.477160657713136e-05,
    "VmaxINp": 1.3622776494923505e-05,
    "gammaDp": 0.1445370685337565
}