{
    "KICp": 25.83864915566938,
    "KINp": 0.1277873428078539,
    "Mp": 2.8140375321291457e-06,
    "VmaxICp": 4.550785686420981e-05,
    "VmaxINp": 1.4912339302483891e-05,
    "gammaDp": 0.1297946604282342
}