{
    "KICp": 216.6070438461408,
    "KINp": 0.1557482988773064,
    "Mp": 8.644664174476397e-06,
    "VmaxICp": 2.701764404303946e-05,
    "VmaxINp": 4.144903981550387e-05,
    "gammaDp": 0.108567802739625
}