{
    "KICp": 74.95563838438203,
    "KINp": 0.02,
    "Mp": 2.7229123023505854e-06,
    "VmaxICp": 2.7935074422537427e-05,
    "VmaxINp": 3.6556931033765065e-05,
    "gammaDp": 0.5031227366435479
}