{
    "KICp": 22.08802855172419,
    "KINp": 0.0238023265664918,
    "Mp": 7.256678297680083e-06,
    "VmaxICp": 2.9651954474166697e-05,
    "VmaxINp": 4.917232698840361e-05,
    "gammaDp": 0.1668422569139767
}