{
    "KICp": 164.9321835994672,
    "KINp": 0.0303550702730678,
    "Mp": 5.799333198645233e-06,
    "VmaxICp": 3.524202179707895e-05,
    "VmaxINp": 5.186005311631203e-05,
    "gammaDp": 0.4274961641743744
}