{
    "KICp": 37.0,
    "KINp": 0.0944524832282783,
    "Mp": 6.816844414654563e-06,
    "VmaxICp": 5.455829641183215e-05,
    "VmaxINp": 4.145829207256263e-05,
    "gammaDp": 0.2543207242720224
}