{
    "KICp": 56.64016176552947,
    "KINp": 0.0061343398495599,
    "Mp": 2.789772221112168e-06,
    "VmaxICp": 2.0099020472431152e-05,
    "VmaxINp": 4.239119000383503e-05,
    "gammaDp": 0.161417143092945
}