{
    "KICp": 37.0,
    "KINp": 0.0461624291482038,
    "Mp": 2.799140448139964e-06,
    "VmaxICp": 3.831011910799842e-05,
    "VmaxINp": 1.3623583255066995e-05,
    "gammaDp": 0.8
}