{
    "KICp": 363.3865329851712,
    "KINp": 0.148758269308849,
    "Mp": 4.333440957188474e-06,
    "VmaxICp": 1.802004102084399e-05,
    "VmaxINp": 5.089197762592142e-05,
    "gammaDp": 0.2457596618478621
}