{
    "KICp": 129.5265235198284,
    "KINp": 0.0075981406003517,
    "Mp": 3.830937782038607e-06,
    "VmaxICp": 2.904755975215132e-05,
    "VmaxINp": 1.3864777581025428e-05,
    "gammaDp": 0.1196606645397796
}