{
    "KICp": 81.0833296141272,
    "KINp": 0.0056151068544248,
    "Mp": 3.4854125414307605e-06,
    "VmaxICp": 3.48935234154733e-05,
    "VmaxINp": 1.3690388255436574e-05,
    "gammaDp": 0.2823873491256572
}