{
    "KICp": 38.83735929954348,
    "KINp": 0.1055703713663005,
    "Mp": 6.068808859114106e-06,
    "VmaxICp": 2.8236093177301377e-05,
    "VmaxINp": 3.035383095768996e-05,
    "gammaDp": 0.2127996978540272
}