{
    "KICp": 40.99487928054512,
    "KINp": 0.0099562127639364,
    "Mp": 9.82622744351842e-06,
    "VmaxICp": 2.701764404303946e-05,
    "VmaxINp": 4.986769014908493e-05,
    "gammaDp": 0.8491144807342035
}