{
    "KICp": 283.4941252364734,
    "KINp": 0.0051258043272304,
    "Mp": 5.882370582370655e-06,
    "VmaxICp": 3.853616512465023e-05,
    "VmaxINp": 3.205965241284681e-05,
    "gammaDp": 0.2909877426652548
}