{
    "KICp": 35.01629612796846,
    "KINp": 0.013368351182319,
    "Mp": 2.6929401605269867e-06,
    "VmaxICp": 2.904755975215132e-05,
    "VmaxINp": 1.6793717991067347e-05,
    "gammaDp": 0.1043028581428303
}