{
    "KICp": 23.467517478904764,
    "KINp": 0.0294530758653994,
    "Mp": 5.130969734664977e-06,
    "VmaxICp": 2.701764404303946e-05,
    "VmaxINp": 4.986769014908493e-05,
    "gammaDp": 0.2456158049874553
}