{
    "KICp": 5.537423188659135,
    "KINp": 0.0508360511402467,
    "Mp": 4.231912850810466e-06,
    "VmaxICp": 2.6377289169317125e-05,
    "VmaxINp": 5.089197762592142e-05,
    "gammaDp": 0.131829726442527
}