{
    "KICp": 9.790164224967253,
    "KINp": 0.0269522647349841,
    "Mp": 4.196185904537109e-06,
    "VmaxICp": 3.48935234154733e-05,
    "VmaxINp": 1.3690388255436574e-05,
    "gammaDp": 0.1771531306088419
}