{
    "KICp": 79.88116248294699,
    "KINp": 0.0156910793505776,
    "Mp": 3.010183775300544e-06,
    "VmaxICp": 4.063932239628656e-05,
    "VmaxINp": 2.5574321591159104e-05,
    "gammaDp": 0.4928077195436021
}