{
    "KICp": 37.0,
    "KINp": 0.0548663856055843,
    "Mp": 5.124004575733146e-06,
    "VmaxICp": 4.241723163654693e-05,
    "VmaxINp": 3.4976156403611794e-05,
    "gammaDp": 0.3866324442017243
}