{
    "KICp": 148.6989309833815,
    "KINp": 0.0202399848247576,
    "Mp": 8.501474570118634e-06,
    "VmaxICp": 4.598935966450098e-05,
    "VmaxINp": 2.197251256207456e-05,
    "gammaDp": 0.3121030039564472
}