{
    "KICp": 24.76663618539009,
    "KINp": 0.0690830224196549,
    "Mp": 4.824883971348865e-06,
    "VmaxICp": 2.869926955230205e-05,
    "VmaxINp": 2.3592280125802034e-05,
    "gammaDp": 0.6253725633154934
}