{
    "KICp": 14.362853963887574,
    "KINp": 0.1408752879752716,
    "Mp": 3.824139633782268e-06,
    "VmaxICp": 4.510341827760318e-05,
    "VmaxINp": 1.4440800770181373e-05,
    "gammaDp": 0.8
}