{
    "KICp": 8.070705169807624,
    "KINp": 0.02,
    "Mp": 4.299563253634667e-06,
    "VmaxICp": 4.3568039157921216e-05,
    "VmaxINp": 3.035383095768996e-05,
    "gammaDp": 0.1029069540560334
}