{
    "KICp": 37.0,
    "KINp": 0.0116997534424765,
    "Mp": 4.699003568235242e-06,
    "VmaxICp": 4.5887057238405486e-05,
    "VmaxINp": 2.194608319896312e-05,
    "gammaDp": 0.8779332654638445
}