{
    "KICp": 8.747371234609098,
    "KINp": 0.1392218773178594,
    "Mp": 3.163837373526384e-06,
    "VmaxICp": 2.9651561335238807e-05,
    "VmaxINp": 3.069729122730896e-05,
    "gammaDp": 0.148452114265
}