{
    "KICp": 12.588779181002764,
    "KINp": 0.0506732030110443,
    "Mp": 3.5162790309234527e-06,
    "VmaxICp": 2.0009562332299792e-05,
    "VmaxINp": 2.674299554902583e-05,
    "gammaDp": 0.3582593152094876
}