{
    "KICp": 123.11655365087464,
    "KINp": 0.0067744583595952,
    "Mp": 4.090590811529728e-06,
    "VmaxICp": 3.0756195028394565e-05,
    "VmaxINp": 5.114619067682129e-05,
    "gammaDp": 0.1381236205012326
}