{
    "KICp": 23.38094123547246,
    "KINp": 0.1000083623201437,
    "Mp": 6.44601934422614e-06,
    "VmaxICp": 3.547564400092044e-05,
    "VmaxINp": 1.793408532076608e-05,
    "gammaDp": 0.2549465887656911
}