{
    "KICp": 84.05601077555691,
    "KINp": 0.0030715126213108,
    "Mp": 2.931222957961565e-06,
    "VmaxICp": 1.6633191242933183e-05,
    "VmaxINp": 2.9699775058867585e-05,
    "gammaDp": 0.3353105407330397
}