{
    "KICp": 9.751126827949882,
    "KINp": 0.02,
    "Mp": 8.928953070038923e-06,
    "VmaxICp": 3.0516952244573352e-05,
    "VmaxINp": 2.419485197441224e-05,
    "gammaDp": 0.6074085684532208
}