{
    "KICp": 100.85233940009304,
    "KINp": 0.1884481803063266,
    "Mp": 7.16543292745313e-06,
    "VmaxICp": 4.5256479326650015e-05,
    "VmaxINp": 4.967383054693558e-05,
    "gammaDp": 0.1006930910950955
}