{
    "KICp": 9.172249121901087,
    "KINp": 0.0062985368218663,
    "Mp": 3.4854125414307605e-06,
    "VmaxICp": 3.48935234154733e-05,
    "VmaxINp": 1.3690388255436574e-05,
    "gammaDp": 0.2094275499274657
}