{
    "KICp": 268.1824955339971,
    "KINp": 0.1443152665817483,
    "Mp": 4.813080139284124e-06,
    "VmaxICp": 3.831011910799842e-05,
    "VmaxINp": 5.271482695542358e-05,
    "gammaDp": 0.3256326289632362
}