{
    "KICp": 203.2929723005058,
    "KINp": 0.0074471761411228,
    "Mp": 2.6405985935377406e-06,
    "VmaxICp": 5.029018272412935e-05,
    "VmaxINp": 1.972096418440136e-05,
    "gammaDp": 0.1446887144646932
}