{
    "KICp": 45.38782110047779,
    "KINp": 0.0935712843097054,
    "Mp": 8.200471012106494e-06,
    "VmaxICp": 4.098458457157671e-05,
    "VmaxINp": 2.1637820255095013e-05,
    "gammaDp": 0.1916437602958116
}