{
    "KICp": 23.6650018471545,
    "KINp": 0.0474846250277272,
    "Mp": 4.424220694234957e-06,
    "VmaxICp": 2.4004537470006627e-05,
    "VmaxINp": 4.645908601064144e-05,
    "gammaDp": 0.3527873328877991
}