{
    "KICp": 6.593513128865935,
    "KINp": 0.02,
    "KOCp": 0.0129344541163236,
    "KONp": 0.0258619424418845,
    "KlossROSp": 1.956673654786862e-06,
    "Koverflowp": 1.157407407407407e-06,
    "KprodROSp": 5.45410716623782e-10,
    "Mp": 6.2484939229243935e-06,
    "VmaxICp": 3.99391163688497e-05,
    "VmaxINp": 4.058602032664462e-05,
    "VmaxOCp": 1.851851851851852e-06,
    "VmaxONp": 2.073819611852144e-06,
    "gammaDp": 0.4343622374479873,
    "omegaP": 2.3892939790085533e-05
}