{
    "KICp": 11.601823487932627,
    "KINp": 0.0060014074096862,
    "KOCp": 0.03,
    "KONp": 0.0930310273451783,
    "KlossROSp": 8.251363385839387e-06,
    "Koverflowp": 5.317355427442911e-06,
    "KprodROSp": 4.061111378275425e-09,
    "Mp": 5.080954412609848e-06,
    "VmaxICp": 2.132063256624981e-05,
    "VmaxINp": 5.139845478058938e-05,
    "VmaxOCp": 2.6655655953083206e-06,
    "VmaxONp": 8.914152766195718e-07,
    "gammaDp": 0.2100961984751555,
    "omegaP": 7.469122027171467e-06
}