{
    "KICp": 57.185083898412856,
    "KINp": 0.0093696288286938,
    "KOCp": 0.03,
    "KONp": 0.0101915760358123,
    "KlossROSp": 1.069674117067616e-05,
    "Koverflowp": 1.157407407407407e-06,
    "KprodROSp": 6.8469396172888e-09,
    "Mp": 8.626391461100762e-06,
    "VmaxICp": 3.69545373579088e-05,
    "VmaxINp": 5.550583295195079e-05,
    "VmaxOCp": 5.023851374934274e-07,
    "VmaxONp": 6.256878738583695e-06,
    "gammaDp": 0.1039266691230156,
    "omegaP": 3.62721344590512e-05
}