{
    "KICp": 8.332337683046324,
    "KINp": 0.0024835764325939,
    "KOCp": 0.03,
    "KONp": 0.1,
    "KlossROSp": 1.4561288943816465e-06,
    "Koverflowp": 2.175495581048419e-06,
    "KprodROSp": 1.4379554533249615e-09,
    "Mp": 9.604211182388666e-06,
    "VmaxICp": 3.96792948534229e-05,
    "VmaxINp": 3.102340061585476e-05,
    "VmaxOCp": 2.102333536425229e-07,
    "VmaxONp": 3.499371383814154e-06,
    "gammaDp": 0.1309837487754071,
    "omegaP": 4.127893892964635e-06
}