{
    "KICp": 37.0,
    "KINp": 0.0947675951478642,
    "KOCp": 0.0623179258766497,
    "KONp": 0.4916925133865816,
    "KlossROSp": 1.361589866746852e-05,
    "Koverflowp": 2.870022356692493e-06,
    "KprodROSp": 3.8405861921757286e-08,
    "Mp": 4.46578201212416e-06,
    "VmaxICp": 1.835304372972909e-05,
    "VmaxINp": 3.247813254349934e-05,
    "VmaxOCp": 1.3036068520927795e-06,
    "VmaxONp": 1.9696187416800686e-06,
    "gammaDp": 0.5651070337556333,
    "omegaP": 4.8559459462212365e-06
}