{
    "KICp": 63.02835433450871,
    "KINp": 0.02,
    "KOCp": 0.2615996691452095,
    "KONp": 0.0245915472589232,
    "KlossROSp": 1.956673654786862e-06,
    "Koverflowp": 1.157407407407407e-06,
    "KprodROSp": 8.521959954972391e-09,
    "Mp": 6.2484939229243935e-06,
    "VmaxICp": 3.99391163688497e-05,
    "VmaxINp": 4.058602032664462e-05,
    "VmaxOCp": 2.905560422805586e-06,
    "VmaxONp": 2.609680953045164e-07,
    "gammaDp": 0.6625533616795708,
    "omegaP": 2.3892939790085533e-05
}