{
    "KICp": 37.0,
    "KINp": 0.0021161492561129,
    "KOCp": 0.0277566734045602,
    "KONp": 0.0547244991157956,
    "KlossROSp": 1.361589866746852e-05,
    "Koverflowp": 7.298558245453201e-07,
    "KprodROSp": 1.4703729129051222e-08,
    "Mp": 4.46578201212416e-06,
    "VmaxICp": 3.486433377960423e-05,
    "VmaxINp": 3.247813254349934e-05,
    "VmaxOCp": 1.3036068520927795e-06,
    "VmaxONp": 1.9696187416800686e-06,
    "gammaDp": 0.5651070337556333,
    "omegaP": 4.8559459462212365e-06
}