{
    "KICp": 51.0635578533464,
    "KINp": 0.0209579816208432,
    "KOCp": 0.1042293511582414,
    "KONp": 0.0220247807437892,
    "KlossROSp": 2.039239529743758e-07,
    "Koverflowp": 2.536618116330385e-07,
    "KprodROSp": 6.964939709517973e-10,
    "Mp": 6.475841525274707e-06,
    "VmaxICp": 5.177387787927592e-05,
    "VmaxINp": 3.317567197093225e-05,
    "VmaxOCp": 1.8770177021334763e-06,
    "VmaxONp": 2.705026416767323e-06,
    "gammaDp": 0.5110095978765709,
    "omegaP": 4.475064217310152e-05
}