{
    "KICp": 160.44647472644863,
    "KINp": 0.006715480807391,
    "KOCp": 0.2310351246266045,
    "KONp": 0.0575994468951797,
    "KlossROSp": 1.956673654786862e-06,
    "Koverflowp": 8.383388800463607e-07,
    "KprodROSp": 1.463064468233494e-08,
    "Mp": 3.474013882502631e-06,
    "VmaxICp": 2.1878303910016435e-05,
    "VmaxINp": 4.04297828510082e-05,
    "VmaxOCp": 3.7060788446698378e-06,
    "VmaxONp": 1.1111111111111112e-06,
    "gammaDp": 0.8,
    "omegaP": 2.6186683092513706e-05
}