{
    "KICp": 37.0,
    "KINp": 0.0021161492561129,
    "KOCp": 0.1698144155122188,
    "KONp": 0.4916925133865816,
    "KlossROSp": 1.361589866746852e-05,
    "Koverflowp": 2.870022356692493e-06,
    "KprodROSp": 1.92480178478552e-08,
    "Mp": 4.46578201212416e-06,
    "VmaxICp": 3.486433377960423e-05,
    "VmaxINp": 3.247813254349934e-05,
    "VmaxOCp": 1.3036068520927795e-06,
    "VmaxONp": 1.3676242296702057e-06,
    "gammaDp": 0.5651070337556333,
    "omegaP": 4.8559459462212365e-06
}