{
    "KICp": 192.018704732566,
    "KINp": 0.0650918173277973,
    "KOCp": 0.2606403212402939,
    "KONp": 0.1273555797852655,
    "KlossROSp": 1.956673654786862e-06,
    "Koverflowp": 5.075821562343943e-07,
    "KprodROSp": 1.7724195678609816e-08,
    "Mp": 4.259976110780254e-06,
    "VmaxICp": 2.6631520048097985e-05,
    "VmaxINp": 2.8630728832428283e-05,
    "VmaxOCp": 2.6537534361092765e-06,
    "VmaxONp": 1.540981063421234e-07,
    "gammaDp": 0.4387574055670911,
    "omegaP": 1.5864044700807504e-05
}