{
    "KICp": 230.87211608028755,
    "KINp": 0.0924126132213658,
    "KOCp": 0.0069450556320343,
    "KONp": 0.1,
    "KlossROSp": 1.956673654786862e-06,
    "Koverflowp": 1.157407407407407e-06,
    "KprodROSp": 5.73466654177365e-10,
    "Mp": 4.482889646932445e-06,
    "VmaxICp": 3.476046666371847e-05,
    "VmaxINp": 1.8789523278502085e-05,
    "VmaxOCp": 1.851851851851852e-06,
    "VmaxONp": 1.0306917411568552e-06,
    "gammaDp": 0.1251409454760584,
    "omegaP": 1.5555897709812393e-05
}