{
    "KICp": 24.18936291598664,
    "KINp": 0.1394634481999963,
    "KOCp": 0.089157243231252,
    "KONp": 0.3251960391154929,
    "KlossROSp": 5.462381901997317e-07,
    "Koverflowp": 1.795606477612417e-07,
    "KprodROSp": 3.6059554888549615e-08,
    "Mp": 1.157407407407407e-06,
    "VmaxICp": 1.1558396555775996e-05,
    "VmaxINp": 3.519283457147761e-05,
    "VmaxOCp": 1.622272149785665e-05,
    "VmaxONp": 1.1111111111111112e-06,
    "gammaDp": 0.8,
    "omegaP": 3.405555555555556e-05
}