{
    "KICp": 8.332337683046324,
    "KINp": 0.02,
    "KOCp": 0.0422146670919878,
    "KONp": 0.1,
    "KlossROSp": 1.4561288943816465e-06,
    "Koverflowp": 2.175495581048419e-06,
    "KprodROSp": 1.4379554533249615e-09,
    "Mp": 9.604211182388666e-06,
    "VmaxICp": 3.96792948534229e-05,
    "VmaxINp": 5.212552106434421e-05,
    "VmaxOCp": 9.027981981211516e-07,
    "VmaxONp": 6.095715905104005e-07,
    "gammaDp": 0.1309837487754071,
    "omegaP": 6.605542814299055e-06
}