{
    "KICp": 37.0,
    "KINp": 0.02,
    "KOCp": 0.03,
    "KONp": 0.1,
    "KlossROSp": 4.610803944640725e-07,
    "Koverflowp": 1.115464865436001e-06,
    "KprodROSp": 3.121015399615001e-08,
    "Mp": 4.191349663733537e-06,
    "VmaxICp": 4.2183460107141615e-05,
    "VmaxINp": 2.089950405157349e-05,
    "VmaxOCp": 2.9882016989232666e-07,
    "VmaxONp": 2.52600372783476e-07,
    "gammaDp": 0.369143053022299,
    "omegaP": 5.562229745678817e-06
}