{
    "KICp": 57.77265477613404,
    "KINp": 0.006715480807391,
    "KOCp": 0.2571609691791054,
    "KONp": 0.0575994468951797,
    "KlossROSp": 1.956673654786862e-06,
    "Koverflowp": 1.5846675916485533e-07,
    "KprodROSp": 4.696016771488469e-09,
    "Mp": 4.922238800757912e-06,
    "VmaxICp": 2.1878303910016435e-05,
    "VmaxINp": 4.04297828510082e-05,
    "VmaxOCp": 1.851851851851852e-06,
    "VmaxONp": 1.1111111111111112e-06,
    "gammaDp": 0.8,
    "omegaP": 2.6186683092513706e-05
}