{
    "KICp": 296.5014719584485,
    "KINp": 0.0038366672285404,
    "KOCp": 0.0278998817302817,
    "KONp": 0.1798968810036716,
    "KlossROSp": 1.956673654786862e-06,
    "Koverflowp": 6.054674103026068e-07,
    "KprodROSp": 4.560997981296327e-09,
    "Mp": 6.821288186625353e-06,
    "VmaxICp": 4.237401829882343e-05,
    "VmaxINp": 5.389243930528061e-05,
    "VmaxOCp": 7.563563057010469e-07,
    "VmaxONp": 1.5286553416149484e-07,
    "gammaDp": 0.3166884857011338,
    "omegaP": 9.673681599625343e-06
}