{
    "KICp": 41.03993228857164,
    "KINp": 0.0044669070891118,
    "KOCp": 0.0652702256448035,
    "KONp": 0.1,
    "KlossROSp": 2.119509682069363e-07,
    "Koverflowp": 3.287960912133763e-07,
    "KprodROSp": 1.8057637954656361e-09,
    "Mp": 6.714554309005635e-06,
    "VmaxICp": 3.982961541322127e-05,
    "VmaxINp": 2.9115270005489685e-05,
    "VmaxOCp": 9.603108713190652e-06,
    "VmaxONp": 3.939959195263438e-06,
    "gammaDp": 0.7449752848889571,
    "omegaP": 9.309364636708343e-06
}