{
    "KICp": 192.018704732566,
    "KINp": 0.0020605731935828,
    "KOCp": 0.0035606956253869,
    "KONp": 0.0179400820421598,
    "KlossROSp": 1.956673654786862e-06,
    "Koverflowp": 1.2488272846849844e-06,
    "KprodROSp": 1.7724195678609816e-08,
    "Mp": 6.229226433894724e-06,
    "VmaxICp": 2.6631520048097985e-05,
    "VmaxINp": 2.8630728832428283e-05,
    "VmaxOCp": 1.2192951728354165e-06,
    "VmaxONp": 4.060865301338176e-07,
    "gammaDp": 0.4387574055670911,
    "omegaP": 1.5864044700807504e-05
}