{
    "KICp": 32.3473766209258,
    "KINp": 0.0053704574813814,
    "KOCp": 0.0102826413110704,
    "KONp": 0.1,
    "KlossROSp": 4.5921918805474773e-07,
    "Koverflowp": 1.5511665782513216e-06,
    "KprodROSp": 4.2927320562865244e-09,
    "Mp": 3.3823786850022307e-06,
    "VmaxICp": 3.267477165651632e-05,
    "VmaxINp": 3.88675731308597e-05,
    "VmaxOCp": 3.4276196358904774e-07,
    "VmaxONp": 1.473113064811985e-07,
    "gammaDp": 0.4550421029333656,
    "omegaP": 6.605708427702905e-05
}