{
    "KICp": 5.521068344636989,
    "KINp": 0.0157341143892475,
    "KOCp": 0.089157243231252,
    "KONp": 0.0341054932684993,
    "KlossROSp": 2.3350929171856605e-07,
    "Koverflowp": 4.073140183699575e-07,
    "KprodROSp": 3.6059554888549615e-08,
    "Mp": 1.157407407407407e-06,
    "VmaxICp": 1.1558396555775996e-05,
    "VmaxINp": 3.519283457147761e-05,
    "VmaxOCp": 8.8904488042615e-06,
    "VmaxONp": 1.6660794732100153e-07,
    "gammaDp": 0.8,
    "omegaP": 3.405555555555556e-05
}