{
    "KICp": 9.318595524949185,
    "KINp": 0.0020582938761465,
    "KOCp": 0.03,
    "KONp": 0.1716808051226311,
    "KlossROSp": 1.048406810634466e-05,
    "Koverflowp": 1.7236528193649483e-06,
    "KprodROSp": 4.2667206055953534e-08,
    "Mp": 3.019128338946362e-06,
    "VmaxICp": 2.03057708943692e-05,
    "VmaxINp": 4.8730809776859455e-05,
    "VmaxOCp": 4.152804142945018e-07,
    "VmaxONp": 1.649195460560079e-07,
    "gammaDp": 0.1791215853684684,
    "omegaP": 7.127107226065273e-05
}