{
    "KICp": 5.521068344636989,
    "KINp": 0.02,
    "KOCp": 0.089157243231252,
    "KONp": 0.031470994754737,
    "KlossROSp": 2.3350929171856605e-07,
    "Koverflowp": 1.795606477612417e-07,
    "KprodROSp": 3.6059554888549615e-08,
    "Mp": 6.580887094263144e-07,
    "VmaxICp": 1.1558396555775996e-05,
    "VmaxINp": 3.519283457147761e-05,
    "VmaxOCp": 1.1447117762497905e-05,
    "VmaxONp": 1.1111111111111112e-06,
    "gammaDp": 0.668487832400104,
    "omegaP": 3.405555555555556e-05
}