{
    "KICp": 5.521068344636989,
    "KINp": 0.02,
    "KOCp": 0.089157243231252,
    "KONp": 0.3251960391154929,
    "KlossROSp": 2.3350929171856605e-07,
    "Koverflowp": 1.795606477612417e-07,
    "KprodROSp": 3.6059554888549615e-08,
    "Mp": 9.928667123692356e-07,
    "VmaxICp": 5.228008634267796e-05,
    "VmaxINp": 3.519283457147761e-05,
    "VmaxOCp": 5.278160301108258e-07,
    "VmaxONp": 1.1111111111111112e-06,
    "gammaDp": 0.8,
    "omegaP": 3.405555555555556e-05
}