{
    "KICp": 160.44647472644863,
    "KINp": 0.006715480807391,
    "KOCp": 0.2310351246266045,
    "KONp": 0.0575994468951797,
    "KlossROSp": 1.956673654786862e-06,
    "Koverflowp": 1.157407407407407e-06,
    "KprodROSp": 1.3739746248739913e-08,
    "Mp": 4.922238800757912e-06,
    "VmaxICp": 2.1878303910016435e-05,
    "VmaxINp": 4.04297828510082e-05,
    "VmaxOCp": 1.851851851851852e-06,
    "VmaxONp": 1.1376347293490873e-06,
    "gammaDp": 0.5320478830252409,
    "omegaP": 2.6186683092513706e-05
}