{
    "KICp": 24.96307520174047,
    "KINp": 0.0177375918536693,
    "KOCp": 0.0133869435102292,
    "KONp": 0.9301427402422988,
    "KlossROSp": 5.188847627376592e-06,
    "Koverflowp": 1.862003709858802e-07,
    "KprodROSp": 1.2782537947832428e-08,
    "Mp": 6.754933303891981e-06,
    "VmaxICp": 2.763926086033342e-05,
    "VmaxINp": 3.134911180478322e-05,
    "VmaxOCp": 1.9714638520795255e-07,
    "VmaxONp": 2.061879963150836e-06,
    "gammaDp": 0.3206177141091723,
    "omegaP": 6.126021078199352e-06
}