{
    "KICp": 37.494719376905,
    "KINp": 0.0020582938761465,
    "KOCp": 0.03,
    "KONp": 0.2811600481202721,
    "KlossROSp": 3.6241693411901657e-06,
    "Koverflowp": 1.7236528193649483e-06,
    "KprodROSp": 4.2667206055953534e-08,
    "Mp": 3.178340296048142e-06,
    "VmaxICp": 2.03057708943692e-05,
    "VmaxINp": 4.8730809776859455e-05,
    "VmaxOCp": 4.152804142945018e-07,
    "VmaxONp": 1.649195460560079e-07,
    "gammaDp": 0.1791215853684684,
    "omegaP": 1.0407356368006204e-05
}