{
    "KICp": 8.200966178053497,
    "KINp": 0.0055877042892284,
    "KOCp": 0.03,
    "KONp": 0.1,
    "KlossROSp": 1.082561511737984e-06,
    "Koverflowp": 1.157407407407407e-06,
    "KprodROSp": 1.2362115949880454e-09,
    "Mp": 3.903731206488996e-06,
    "VmaxICp": 2.726028545329022e-05,
    "VmaxINp": 2.9434504249062224e-05,
    "VmaxOCp": 2.580012543763667e-06,
    "VmaxONp": 1.2905930999552206e-07,
    "gammaDp": 0.2090682996319385,
    "omegaP": 8.583941461260817e-06
}