{
    "KICp": 8.255322218766612,
    "KINp": 0.0624782699357554,
    "KOCp": 0.03,
    "KONp": 0.1570747431436696,
    "KlossROSp": 1.1504332158342298e-06,
    "Koverflowp": 1.157407407407407e-06,
    "KprodROSp": 4.219061715325935e-09,
    "Mp": 1.0529235347008836e-05,
    "VmaxICp": 5.5379202620361786e-05,
    "VmaxINp": 2.637857063058029e-05,
    "VmaxOCp": 1.851851851851852e-06,
    "VmaxONp": 1.1111111111111112e-06,
    "gammaDp": 0.4203588236288484,
    "omegaP": 1.980348506219464e-05
}