{
    "KICp": 34.405705135571885,
    "KINp": 0.02,
    "KOCp": 0.0055181108786388,
    "KONp": 0.7539038901078062,
    "KlossROSp": 1.3503038350378992e-05,
    "Koverflowp": 1.1039038054102149e-05,
    "KprodROSp": 3.5055170288890802e-09,
    "Mp": 9.390275446838717e-06,
    "VmaxICp": 2.435306570209127e-05,
    "VmaxINp": 4.255520625210277e-05,
    "VmaxOCp": 1.851851851851852e-06,
    "VmaxONp": 1.917657837889499e-06,
    "gammaDp": 0.1062039103880234,
    "omegaP": 2.367660647226915e-05
}