{
    "KICp": 24.26153213638307,
    "KINp": 0.0198904928272156,
    "KOCp": 0.03,
    "KONp": 0.5670161451849604,
    "KlossROSp": 5.926231620710516e-07,
    "Koverflowp": 1.157407407407407e-06,
    "KprodROSp": 1.974651364882308e-08,
    "Mp": 8.626391461100762e-06,
    "VmaxICp": 3.69545373579088e-05,
    "VmaxINp": 5.550583295195079e-05,
    "VmaxOCp": 5.023851374934274e-07,
    "VmaxONp": 6.256878738583695e-06,
    "gammaDp": 0.1039266691230156,
    "omegaP": 2.7867342086499555e-05
}