{
    "KICp": 41.03993228857164,
    "KINp": 0.0044669070891118,
    "KOCp": 0.0097775026131428,
    "KONp": 0.1,
    "KlossROSp": 1.0439337575224696e-05,
    "Koverflowp": 2.1949924175914654e-06,
    "KprodROSp": 2.1972669393828747e-09,
    "Mp": 6.714554309005635e-06,
    "VmaxICp": 3.982961541322127e-05,
    "VmaxINp": 4.736395925326968e-05,
    "VmaxOCp": 5.088522682172593e-06,
    "VmaxONp": 3.939959195263438e-06,
    "gammaDp": 0.2899819246682131,
    "omegaP": 9.309364636708343e-06
}