{
    "KICp": 27.0433936848204,
    "KINp": 0.02,
    "KOCp": 0.03,
    "KONp": 0.1,
    "KlossROSp": 1.956673654786862e-06,
    "Koverflowp": 7.712296296114812e-06,
    "KprodROSp": 4.696016771488469e-09,
    "Mp": 4.64698611693932e-06,
    "VmaxICp": 2.3015753993219567e-05,
    "VmaxINp": 4.186305539376956e-05,
    "VmaxOCp": 3.274971100051641e-07,
    "VmaxONp": 1.1111111111111112e-06,
    "gammaDp": 0.1331113863711944,
    "omegaP": 3.405555555555556e-05
}