{
    "KICp": 109.05481142481032,
    "KINp": 0.0031132127530566,
    "KOCp": 0.2310351246266045,
    "KONp": 0.0575994468951797,
    "KlossROSp": 1.956673654786862e-06,
    "Koverflowp": 1.157407407407407e-06,
    "KprodROSp": 4.696016771488469e-09,
    "Mp": 4.922238800757912e-06,
    "VmaxICp": 2.1878303910016435e-05,
    "VmaxINp": 4.04297828510082e-05,
    "VmaxOCp": 1.851851851851852e-06,
    "VmaxONp": 1.4926357172702014e-06,
    "gammaDp": 0.8,
    "omegaP": 2.6186683092513706e-05
}