{
    "KICp": 11.358592849028152,
    "KINp": 0.0025138384071179,
    "KOCp": 0.0416026539176795,
    "KONp": 0.1,
    "KlossROSp": 1.956673654786862e-06,
    "Koverflowp": 3.974775344831968e-07,
    "KprodROSp": 1.3848344867498783e-08,
    "Mp": 2.9829846817418584e-06,
    "VmaxICp": 4.606745645803879e-05,
    "VmaxINp": 1.8245781984743173e-05,
    "VmaxOCp": 1.4563298291094791e-05,
    "VmaxONp": 6.995446340266932e-07,
    "gammaDp": 0.3876072408807489,
    "omegaP": 7.640047726220243e-06
}