{
    "KICp": 57.185083898412856,
    "KINp": 0.0093696288286938,
    "KOCp": 0.03,
    "KONp": 0.5670161451849604,
    "KlossROSp": 5.926231620710516e-07,
    "Koverflowp": 6.710432047231021e-06,
    "KprodROSp": 8.960104931456161e-09,
    "Mp": 8.626391461100762e-06,
    "VmaxICp": 3.69545373579088e-05,
    "VmaxINp": 5.550583295195079e-05,
    "VmaxOCp": 7.960238152638044e-06,
    "VmaxONp": 3.092691316972298e-07,
    "gammaDp": 0.1039266691230156,
    "omegaP": 2.7867342086499555e-05
}