{
    "KICp": 47.200679758090665,
    "KINp": 0.0053704574813814,
    "KOCp": 0.0255121554991191,
    "KONp": 0.9746489561185304,
    "KlossROSp": 4.5921918805474773e-07,
    "Koverflowp": 1.5511665782513216e-06,
    "KprodROSp": 3.0591364722303867e-09,
    "Mp": 3.3823786850022307e-06,
    "VmaxICp": 3.267477165651632e-05,
    "VmaxINp": 3.88675731308597e-05,
    "VmaxOCp": 3.4276196358904774e-07,
    "VmaxONp": 4.2783272162928403e-07,
    "gammaDp": 0.2409368360715844,
    "omegaP": 1.087550147816572e-05
}