{
    "KICp": 28.946864659912176,
    "KINp": 0.0084967360216253,
    "KOCp": 0.0623179258766497,
    "KONp": 0.4916925133865816,
    "KlossROSp": 6.90886162989166e-07,
    "Koverflowp": 2.870022356692493e-06,
    "KprodROSp": 1.4703729129051222e-08,
    "Mp": 4.46578201212416e-06,
    "VmaxICp": 3.486433377960423e-05,
    "VmaxINp": 2.1285451084685697e-05,
    "VmaxOCp": 1.3036068520927795e-06,
    "VmaxONp": 1.9696187416800686e-06,
    "gammaDp": 0.5651070337556333,
    "omegaP": 4.8559459462212365e-06
}