{
    "KICp": 34.405705135571885,
    "KINp": 0.02,
    "KOCp": 0.0334577902687602,
    "KONp": 0.7539038901078062,
    "KlossROSp": 1.3503038350378992e-05,
    "Koverflowp": 1.0517698615803114e-05,
    "KprodROSp": 2.2198213314458243e-09,
    "Mp": 9.390275446838717e-06,
    "VmaxICp": 2.435306570209127e-05,
    "VmaxINp": 4.255520625210277e-05,
    "VmaxOCp": 1.5685399498166193e-05,
    "VmaxONp": 1.917657837889499e-06,
    "gammaDp": 0.4866422520378135,
    "omegaP": 2.6438442790358256e-05
}