{
    "KICp": 41.86662617327995,
    "KINp": 0.057277562683233,
    "KOCp": 0.03,
    "KONp": 0.037953538015045,
    "KlossROSp": 6.215957762660082e-07,
    "Koverflowp": 1.157407407407407e-06,
    "KprodROSp": 4.696016771488469e-09,
    "Mp": 3.5134578996204586e-06,
    "VmaxICp": 4.2461338765856105e-05,
    "VmaxINp": 1.841039159560346e-05,
    "VmaxOCp": 3.067337547498626e-07,
    "VmaxONp": 7.28253780864716e-07,
    "gammaDp": 0.3118006448835684,
    "omegaP": 4.960888897153202e-06
}