{
    "KICp": 57.185083898412856,
    "KINp": 0.0093696288286938,
    "KOCp": 0.03,
    "KONp": 0.5670161451849604,
    "KlossROSp": 5.663720975287873e-06,
    "Koverflowp": 1.157407407407407e-06,
    "KprodROSp": 3.893265262727004e-08,
    "Mp": 3.773586974153262e-06,
    "VmaxICp": 3.69545373579088e-05,
    "VmaxINp": 5.550583295195079e-05,
    "VmaxOCp": 5.023851374934274e-07,
    "VmaxONp": 6.256878738583695e-06,
    "gammaDp": 0.1039266691230156,
    "omegaP": 0.0001008988627616
}