{
    "KICp": 357.9035701320082,
    "KINp": 0.0026577928272069,
    "KOCp": 0.0593512449555333,
    "KONp": 0.037953538015045,
    "KlossROSp": 6.215957762660082e-07,
    "Koverflowp": 1.157407407407407e-06,
    "KprodROSp": 2.0105477868792747e-09,
    "Mp": 3.5134578996204586e-06,
    "VmaxICp": 4.2461338765856105e-05,
    "VmaxINp": 1.841039159560346e-05,
    "VmaxOCp": 3.067337547498626e-07,
    "VmaxONp": 7.28253780864716e-07,
    "gammaDp": 0.5484216101665909,
    "omegaP": 3.405555555555556e-05
}