{
    "KICp": 37.0,
    "KINp": 0.0021161492561129,
    "KOCp": 0.0623179258766497,
    "KONp": 0.4916925133865816,
    "KlossROSp": 8.695285178811255e-07,
    "Koverflowp": 2.870022356692493e-06,
    "KprodROSp": 2.2193723612869327e-09,
    "Mp": 4.46578201212416e-06,
    "VmaxICp": 3.486433377960423e-05,
    "VmaxINp": 3.247813254349934e-05,
    "VmaxOCp": 5.271914547917163e-07,
    "VmaxONp": 3.440744539161021e-06,
    "gammaDp": 0.5651070337556333,
    "omegaP": 4.8559459462212365e-06
}