{
    "KICp": 37.0,
    "KINp": 0.0209579816208432,
    "KOCp": 0.0998634161503272,
    "KONp": 0.0220247807437892,
    "KlossROSp": 1.956673654786862e-06,
    "Koverflowp": 2.6939121239195493e-06,
    "KprodROSp": 5.627247892571354e-09,
    "Mp": 6.475841525274707e-06,
    "VmaxICp": 5.177387787927592e-05,
    "VmaxINp": 3.317567197093225e-05,
    "VmaxOCp": 1.851851851851852e-06,
    "VmaxONp": 4.1571896155307234e-07,
    "gammaDp": 0.5110095978765709,
    "omegaP": 4.475064217310152e-05
}