{
    "KICp": 37.0,
    "KINp": 0.02,
    "KOCp": 0.0494896230484702,
    "KONp": 0.3270238611376301,
    "KlossROSp": 1.183474646979901e-06,
    "Koverflowp": 1.157407407407407e-06,
    "KprodROSp": 1.613809263487912e-08,
    "Mp": 5.157438819535007e-06,
    "VmaxICp": 3.488584186834614e-05,
    "VmaxINp": 3.4882213204636165e-05,
    "VmaxOCp": 1.851851851851852e-06,
    "VmaxONp": 1.6262159725679266e-06,
    "gammaDp": 0.8,
    "omegaP": 5.002585251669745e-05
}