{
    "KICp": 12.70652693317006,
    "KINp": 0.02,
    "KOCp": 0.03,
    "KONp": 0.0167626410325112,
    "KlossROSp": 1.4561288943816465e-06,
    "Koverflowp": 2.175495581048419e-06,
    "KprodROSp": 3.6351011318102127e-09,
    "Mp": 9.604211182388666e-06,
    "VmaxICp": 3.96792948534229e-05,
    "VmaxINp": 5.212552106434421e-05,
    "VmaxOCp": 5.346940590890876e-07,
    "VmaxONp": 3.499371383814154e-06,
    "gammaDp": 0.1745312174331132,
    "omegaP": 6.605542814299055e-06
}