{
    "KICp": 5.521068344636989,
    "KINp": 0.0635412836699813,
    "KOCp": 0.089157243231252,
    "KONp": 0.3251960391154929,
    "KlossROSp": 2.3350929171856605e-07,
    "Koverflowp": 1.795606477612417e-07,
    "KprodROSp": 3.6059554888549615e-08,
    "Mp": 1.157407407407407e-06,
    "VmaxICp": 1.049374807471504e-05,
    "VmaxINp": 3.519283457147761e-05,
    "VmaxOCp": 8.8904488042615e-06,
    "VmaxONp": 8.911270402192256e-07,
    "gammaDp": 0.5669173817151801,
    "omegaP": 3.405555555555556e-05
}