{
    "KICp": 363.2738741008102,
    "KINp": 0.1435624164254904,
    "KOCp": 0.03,
    "KONp": 0.0811701659661113,
    "KlossROSp": 8.251363385839387e-06,
    "Koverflowp": 5.317355427442911e-06,
    "KprodROSp": 3.29890528237234e-09,
    "Mp": 5.814908568979303e-06,
    "VmaxICp": 2.132063256624981e-05,
    "VmaxINp": 5.139845478058938e-05,
    "VmaxOCp": 1.851851851851852e-06,
    "VmaxONp": 8.914152766195718e-07,
    "gammaDp": 0.2100961984751555,
    "omegaP": 7.469122027171467e-06
}