{
    "KICp": 5.569800018658017,
    "KINp": 0.0055775613570931,
    "KOCp": 0.004989025068865,
    "KONp": 0.6169004131931857,
    "KlossROSp": 7.115242564385605e-07,
    "Koverflowp": 8.045145251126184e-06,
    "KprodROSp": 7.267546462826755e-10,
    "Mp": 3.076198241880367e-06,
    "VmaxICp": 2.9274947565021e-05,
    "VmaxINp": 2.2948052358089924e-05,
    "VmaxOCp": 2.3404244046932457e-06,
    "VmaxONp": 1.5425507482577849e-07,
    "gammaDp": 0.7620742860279276,
    "omegaP": 8.7121269137439e-06
}