{
    "KICp": 126.31849568808556,
    "KINp": 0.0861295177646214,
    "KOCp": 0.0381873102079155,
    "KONp": 0.0220247807437892,
    "KlossROSp": 1.956673654786862e-06,
    "Koverflowp": 2.536618116330385e-07,
    "KprodROSp": 6.964939709517973e-10,
    "Mp": 6.475841525274707e-06,
    "VmaxICp": 5.177387787927592e-05,
    "VmaxINp": 3.317567197093225e-05,
    "VmaxOCp": 1.851851851851852e-06,
    "VmaxONp": 4.592430607909756e-06,
    "gammaDp": 0.5110095978765709,
    "omegaP": 4.475064217310152e-05
}