{
    "KICp": 27.0433936848204,
    "KINp": 0.1486389139770165,
    "KOCp": 0.0107772616434575,
    "KONp": 0.1,
    "KlossROSp": 1.956673654786862e-06,
    "Koverflowp": 4.41295348053795e-06,
    "KprodROSp": 4.696016771488469e-09,
    "Mp": 2.876522457130093e-06,
    "VmaxICp": 2.3015753993219567e-05,
    "VmaxINp": 4.186305539376956e-05,
    "VmaxOCp": 1.851851851851852e-06,
    "VmaxONp": 1.1111111111111112e-06,
    "gammaDp": 0.8,
    "omegaP": 3.405555555555556e-05
}