{
    "KICp": 5.569800018658017,
    "KINp": 0.1827188392281886,
    "KOCp": 0.004989025068865,
    "KONp": 0.3103622927931281,
    "KlossROSp": 7.115242564385605e-07,
    "Koverflowp": 2.05050214485494e-07,
    "KprodROSp": 7.267546462826755e-10,
    "Mp": 4.567204464711853e-06,
    "VmaxICp": 3.848476832833098e-05,
    "VmaxINp": 2.963773987217876e-05,
    "VmaxOCp": 2.3404244046932457e-06,
    "VmaxONp": 3.207193731943066e-06,
    "gammaDp": 0.7620742860279276,
    "omegaP": 8.7121269137439e-06
}