{
    "KICp": 30.748264058040032,
    "KINp": 0.0177375918536693,
    "KOCp": 0.0133869435102292,
    "KONp": 0.0292300236352286,
    "KlossROSp": 1.956673654786862e-06,
    "Koverflowp": 1.505569551191809e-07,
    "KprodROSp": 1.2782537947832428e-08,
    "Mp": 6.754933303891981e-06,
    "VmaxICp": 2.763926086033342e-05,
    "VmaxINp": 3.134911180478322e-05,
    "VmaxOCp": 5.5930262727427285e-06,
    "VmaxONp": 6.345387062775217e-06,
    "gammaDp": 0.3206177141091723,
    "omegaP": 6.126021078199352e-06
}