{
    "KICp": 63.02835433450871,
    "KINp": 0.0303317652506117,
    "KOCp": 0.2615996691452095,
    "KONp": 0.0258619424418845,
    "KlossROSp": 1.956673654786862e-06,
    "Koverflowp": 4.636426017970706e-07,
    "KprodROSp": 8.521959954972391e-09,
    "Mp": 6.2484939229243935e-06,
    "VmaxICp": 3.99391163688497e-05,
    "VmaxINp": 4.058602032664462e-05,
    "VmaxOCp": 4.002484373445856e-06,
    "VmaxONp": 2.609680953045164e-07,
    "gammaDp": 0.4343622374479873,
    "omegaP": 2.3892939790085533e-05
}