{
    "KICp": 27.310167523510408,
    "KINp": 0.02,
    "KOCp": 0.03,
    "KONp": 0.1,
    "KlossROSp": 1.956673654786862e-06,
    "Koverflowp": 1.157407407407407e-06,
    "KprodROSp": 1.4074238724985044e-09,
    "Mp": 4.64698611693932e-06,
    "VmaxICp": 2.3015753993219567e-05,
    "VmaxINp": 4.186305539376956e-05,
    "VmaxOCp": 7.48066136091019e-07,
    "VmaxONp": 4.501747494449532e-06,
    "gammaDp": 0.8,
    "omegaP": 3.405555555555556e-05
}