{
    "KICp": 305.0281640937347,
    "KINp": 0.0024712826719467,
    "KOCp": 0.1837102687653555,
    "KONp": 0.1,
    "KlossROSp": 1.956673654786862e-06,
    "Koverflowp": 2.728727376191617e-07,
    "KprodROSp": 1.3848344867498783e-08,
    "Mp": 2.9829846817418584e-06,
    "VmaxICp": 4.606745645803879e-05,
    "VmaxINp": 1.8245781984743173e-05,
    "VmaxOCp": 1.851851851851852e-06,
    "VmaxONp": 6.995446340266932e-07,
    "gammaDp": 0.3907238014766833,
    "omegaP": 7.640047726220243e-06
}