{
    "KICp": 5.8160675602187535,
    "KINp": 0.1286434613691544,
    "KOCp": 0.1704480798109211,
    "KONp": 0.0239353439569198,
    "KlossROSp": 8.494220392029242e-06,
    "Koverflowp": 3.8865609289286585e-07,
    "KprodROSp": 4.696016771488469e-09,
    "Mp": 3.7838050413832338e-06,
    "VmaxICp": 3.1641905752874115e-05,
    "VmaxINp": 2.2504538589909345e-05,
    "VmaxOCp": 2.0214322058241373e-06,
    "VmaxONp": 1.1111111111111112e-06,
    "gammaDp": 0.8,
    "omegaP": 3.405555555555556e-05
}