{
    "KICp": 333.20106473921425,
    "KINp": 0.0209579816208432,
    "KOCp": 0.1042293511582414,
    "KONp": 0.0220247807437892,
    "KlossROSp": 1.6262843886246007e-06,
    "Koverflowp": 2.536618116330385e-07,
    "KprodROSp": 6.964939709517973e-10,
    "Mp": 6.475841525274707e-06,
    "VmaxICp": 5.177387787927592e-05,
    "VmaxINp": 3.317567197093225e-05,
    "VmaxOCp": 3.953962144408686e-07,
    "VmaxONp": 2.325782402731e-06,
    "gammaDp": 0.5110095978765709,
    "omegaP": 4.475064217310152e-05
}