{
    "KICp": 25.59483271875949,
    "KINp": 0.1024536436978056,
    "KOCp": 0.2313486705907015,
    "KONp": 0.0522807499769014,
    "KlossROSp": 1.1247072301436826e-06,
    "Koverflowp": 1.2814527225905875e-06,
    "KprodROSp": 7.183286251405034e-10,
    "Mp": 4.252988255198738e-06,
    "VmaxICp": 4.191417824043869e-05,
    "VmaxINp": 3.129748074182551e-05,
    "VmaxOCp": 2.358386862784991e-06,
    "VmaxONp": 2.3626542687837977e-06,
    "gammaDp": 0.5741706061925808,
    "omegaP": 6.137483067404946e-05
}