{
    "KICp": 58.84488379557536,
    "KINp": 0.0302459099079175,
    "KOCp": 0.03,
    "KONp": 0.0522807499769014,
    "KlossROSp": 1.1247072301436826e-06,
    "Koverflowp": 1.2814527225905875e-06,
    "KprodROSp": 8.399480343409014e-10,
    "Mp": 4.252988255198738e-06,
    "VmaxICp": 4.191417824043869e-05,
    "VmaxINp": 3.129748074182551e-05,
    "VmaxOCp": 3.524734374391615e-07,
    "VmaxONp": 7.852024655260049e-07,
    "gammaDp": 0.1940095891765331,
    "omegaP": 2.142747566967453e-05
}