{
    "KICp": 367.5095778716983,
    "KINp": 0.0044669070891118,
    "KOCp": 0.1088087284941526,
    "KONp": 0.1,
    "KlossROSp": 2.119509682069363e-07,
    "Koverflowp": 2.1949924175914654e-06,
    "KprodROSp": 4.3249122702316375e-09,
    "Mp": 6.714554309005635e-06,
    "VmaxICp": 3.982961541322127e-05,
    "VmaxINp": 4.736395925326968e-05,
    "VmaxOCp": 9.603108713190652e-06,
    "VmaxONp": 3.939959195263438e-06,
    "gammaDp": 0.2899819246682131,
    "omegaP": 9.309364636708343e-06
}