{
    "KICp": 210.82765278036192,
    "KINp": 0.02,
    "KOCp": 0.0989946465136723,
    "KONp": 0.3154425070646811,
    "KlossROSp": 9.114081906807669e-06,
    "Koverflowp": 3.5445139082582574e-07,
    "KprodROSp": 4.58327115165013e-08,
    "Mp": 6.201586781802446e-06,
    "VmaxICp": 5.0002127288075615e-05,
    "VmaxINp": 2.8670843152585665e-05,
    "VmaxOCp": 1.851851851851852e-06,
    "VmaxONp": 4.605037971935167e-06,
    "gammaDp": 0.8,
    "omegaP": 1.5449084864624223e-05
}