{
    "KICp": 37.0,
    "KINp": 0.02,
    "KOCp": 0.0494896230484702,
    "KONp": 0.1212705061564093,
    "KlossROSp": 1.956673654786862e-06,
    "Koverflowp": 1.5702932593633376e-07,
    "KprodROSp": 1.613809263487912e-08,
    "Mp": 5.157438819535007e-06,
    "VmaxICp": 3.488584186834614e-05,
    "VmaxINp": 3.4882213204636165e-05,
    "VmaxOCp": 1.851851851851852e-06,
    "VmaxONp": 7.789622951231891e-07,
    "gammaDp": 0.8,
    "omegaP": 3.405555555555556e-05
}