{
    "KICp": 4.624892581557657,
    "KINp": 0.0177375918536693,
    "KOCp": 0.0133869435102292,
    "KONp": 0.9301427402422988,
    "KlossROSp": 4.57230073050474e-06,
    "Koverflowp": 2.3033952624191363e-06,
    "KprodROSp": 1.2782537947832428e-08,
    "Mp": 6.754933303891981e-06,
    "VmaxICp": 2.763926086033342e-05,
    "VmaxINp": 3.134911180478322e-05,
    "VmaxOCp": 2.4476385507977614e-06,
    "VmaxONp": 4.173646832255248e-07,
    "gammaDp": 0.3206177141091723,
    "omegaP": 6.126021078199352e-06
}