{
    "KICp": 12.67734106352052,
    "KINp": 0.0069732295919218,
    "KOCp": 0.0160288110878404,
    "KONp": 0.9301427402422988,
    "KlossROSp": 3.960258651849841e-07,
    "Koverflowp": 2.3033952624191363e-06,
    "KprodROSp": 1.2782537947832428e-08,
    "Mp": 6.754933303891981e-06,
    "VmaxICp": 2.763926086033342e-05,
    "VmaxINp": 3.134911180478322e-05,
    "VmaxOCp": 1.9714638520795255e-07,
    "VmaxONp": 6.345387062775217e-06,
    "gammaDp": 0.3206177141091723,
    "omegaP": 6.126021078199352e-06
}