{
    "KICp": 8.332337683046324,
    "KINp": 0.0758309632458619,
    "KOCp": 0.03,
    "KONp": 0.0323939822343687,
    "KlossROSp": 1.3118441207641055e-06,
    "Koverflowp": 2.175495581048419e-06,
    "KprodROSp": 1.4379554533249615e-09,
    "Mp": 9.604211182388666e-06,
    "VmaxICp": 3.96792948534229e-05,
    "VmaxINp": 5.212552106434421e-05,
    "VmaxOCp": 5.346940590890876e-07,
    "VmaxONp": 3.499371383814154e-06,
    "gammaDp": 0.7419756951081997,
    "omegaP": 6.605542814299055e-06
}