{
    "KICp": 5.569800018658017,
    "KINp": 0.02,
    "KOCp": 0.004989025068865,
    "KONp": 0.3103622927931281,
    "KlossROSp": 1.8324172538642346e-05,
    "Koverflowp": 2.05050214485494e-07,
    "KprodROSp": 7.267546462826755e-10,
    "Mp": 3.076198241880367e-06,
    "VmaxICp": 3.848476832833098e-05,
    "VmaxINp": 2.2948052358089924e-05,
    "VmaxOCp": 3.277553836856916e-07,
    "VmaxONp": 1.5425507482577849e-07,
    "gammaDp": 0.7620742860279276,
    "omegaP": 1.8732889861366715e-05
}