{
    "KICp": 37.0,
    "KINp": 0.0209579816208432,
    "KOCp": 0.1042293511582414,
    "KONp": 0.0375110246127349,
    "KlossROSp": 7.931868183868156e-06,
    "Koverflowp": 2.536618116330385e-07,
    "KprodROSp": 4.731864140287777e-10,
    "Mp": 6.475841525274707e-06,
    "VmaxICp": 5.177387787927592e-05,
    "VmaxINp": 3.317567197093225e-05,
    "VmaxOCp": 1.416050476038638e-05,
    "VmaxONp": 1.1111111111111112e-06,
    "gammaDp": 0.5110095978765709,
    "omegaP": 4.475064217310152e-05
}