{
    "KICp": 37.0,
    "KINp": 0.1286434613691544,
    "KOCp": 0.1288550317550127,
    "KONp": 0.0416201953005446,
    "KlossROSp": 1.7156884260071534e-05,
    "Koverflowp": 3.998027148924021e-06,
    "KprodROSp": 1.4519332088341855e-09,
    "Mp": 3.7838050413832338e-06,
    "VmaxICp": 3.1641905752874115e-05,
    "VmaxINp": 2.2504538589909345e-05,
    "VmaxOCp": 3.331657376385433e-06,
    "VmaxONp": 1.1111111111111112e-06,
    "gammaDp": 0.8,
    "omegaP": 3.405555555555556e-05
}