{
    "KICp": 296.5014719584485,
    "KINp": 0.003138133863181,
    "KOCp": 0.2984166864427279,
    "KONp": 0.1798968810036716,
    "KlossROSp": 1.956673654786862e-06,
    "Koverflowp": 8.200787009312718e-07,
    "KprodROSp": 3.0148988459375584e-08,
    "Mp": 7.782683739615772e-06,
    "VmaxICp": 4.237401829882343e-05,
    "VmaxINp": 5.389243930528061e-05,
    "VmaxOCp": 7.563563057010469e-07,
    "VmaxONp": 1.6017769010197997e-07,
    "gammaDp": 0.2315120479637826,
    "omegaP": 9.673681599625343e-06
}