{
    "KICp": 50.57249422400597,
    "KINp": 0.0021161492561129,
    "KOCp": 0.0623179258766497,
    "KONp": 0.4916925133865816,
    "KlossROSp": 9.498188545571277e-07,
    "Koverflowp": 2.870022356692493e-06,
    "KprodROSp": 2.803620674938444e-09,
    "Mp": 4.46578201212416e-06,
    "VmaxICp": 3.486433377960423e-05,
    "VmaxINp": 3.247813254349934e-05,
    "VmaxOCp": 1.3036068520927795e-06,
    "VmaxONp": 1.9696187416800686e-06,
    "gammaDp": 0.1743354860638482,
    "omegaP": 4.8559459462212365e-06
}