{
    "KICp": 8.332337683046324,
    "KINp": 0.02,
    "KOCp": 0.03,
    "KONp": 0.1,
    "KlossROSp": 5.345502466873599e-07,
    "Koverflowp": 2.175495581048419e-06,
    "KprodROSp": 1.4379554533249615e-09,
    "Mp": 9.604211182388666e-06,
    "VmaxICp": 3.96792948534229e-05,
    "VmaxINp": 5.212552106434421e-05,
    "VmaxOCp": 4.869132219625264e-07,
    "VmaxONp": 7.789232417753913e-06,
    "gammaDp": 0.1309837487754071,
    "omegaP": 2.571458615925649e-05
}