{
    "KICp": 44.882845381416594,
    "KINp": 0.0546612513262967,
    "KOCp": 0.03,
    "KONp": 0.2625589303597639,
    "KlossROSp": 1.4827057199334936e-05,
    "Koverflowp": 9.851460744178553e-07,
    "KprodROSp": 9.037983372032091e-09,
    "Mp": 8.399062214601032e-06,
    "VmaxICp": 2.4015801772310825e-05,
    "VmaxINp": 3.4625321994865255e-05,
    "VmaxOCp": 1.271912149995246e-06,
    "VmaxONp": 1.049554680879674e-05,
    "gammaDp": 0.2776253844173644,
    "omegaP": 3.405555555555556e-05
}