{
    "KICp": 12.67734106352052,
    "KINp": 0.0311342691257193,
    "KOCp": 0.0133869435102292,
    "KONp": 0.9301427402422988,
    "KlossROSp": 1.956673654786862e-06,
    "Koverflowp": 2.3033952624191363e-06,
    "KprodROSp": 7.594462714766921e-10,
    "Mp": 6.754933303891981e-06,
    "VmaxICp": 2.763926086033342e-05,
    "VmaxINp": 3.134911180478322e-05,
    "VmaxOCp": 1.9714638520795255e-07,
    "VmaxONp": 6.864358127452573e-06,
    "gammaDp": 0.3206177141091723,
    "omegaP": 2.808438808242589e-05
}