{
    "KICp": 37.0,
    "KINp": 0.002373849814256,
    "KOCp": 0.03,
    "KONp": 0.0941755604730852,
    "KlossROSp": 6.215957762660082e-07,
    "Koverflowp": 1.157407407407407e-06,
    "KprodROSp": 2.823268311230125e-09,
    "Mp": 3.5134578996204586e-06,
    "VmaxICp": 4.2461338765856105e-05,
    "VmaxINp": 1.841039159560346e-05,
    "VmaxOCp": 3.067337547498626e-07,
    "VmaxONp": 7.28253780864716e-07,
    "gammaDp": 0.5484216101665909,
    "omegaP": 3.405555555555556e-05
}