{
    "KICp": 150.11698991278908,
    "KINp": 0.0924126132213658,
    "KOCp": 0.003861534052012,
    "KONp": 0.1,
    "KlossROSp": 2.413118360030344e-06,
    "Koverflowp": 1.157407407407407e-06,
    "KprodROSp": 1.2869372761916104e-08,
    "Mp": 6.5384984836781005e-06,
    "VmaxICp": 3.476046666371847e-05,
    "VmaxINp": 1.8789523278502085e-05,
    "VmaxOCp": 1.851851851851852e-06,
    "VmaxONp": 4.918171340138484e-07,
    "gammaDp": 0.1251409454760584,
    "omegaP": 1.5555897709812393e-05
}