{
    "KICp": 9.318595524949185,
    "KINp": 0.0020582938761465,
    "KOCp": 0.2387359960542261,
    "KONp": 0.1716808051226311,
    "KlossROSp": 3.6241693411901657e-06,
    "Koverflowp": 1.7236528193649483e-06,
    "KprodROSp": 4.2667206055953534e-08,
    "Mp": 3.178340296048142e-06,
    "VmaxICp": 2.03057708943692e-05,
    "VmaxINp": 4.8730809776859455e-05,
    "VmaxOCp": 7.398772083673975e-07,
    "VmaxONp": 1.649195460560079e-07,
    "gammaDp": 0.1963614898276593,
    "omegaP": 4.454430824032944e-06
}