{
    "KICp": 87.33450681628582,
    "KINp": 0.0044669070891118,
    "KOCp": 0.0097775026131428,
    "KONp": 0.0238089499916642,
    "KlossROSp": 2.119509682069363e-07,
    "Koverflowp": 6.73601048196613e-07,
    "KprodROSp": 1.8057637954656361e-09,
    "Mp": 6.714554309005635e-06,
    "VmaxICp": 3.982961541322127e-05,
    "VmaxINp": 4.736395925326968e-05,
    "VmaxOCp": 1.0474628135082424e-05,
    "VmaxONp": 3.939959195263438e-06,
    "gammaDp": 0.2899819246682131,
    "omegaP": 9.309364636708343e-06
}