{
    "KICp": 11.904234712497423,
    "KINp": 0.0053704574813814,
    "KOCp": 0.0255121554991191,
    "KONp": 0.1,
    "KlossROSp": 4.5921918805474773e-07,
    "Koverflowp": 1.5511665782513216e-06,
    "KprodROSp": 3.0591364722303867e-09,
    "Mp": 3.3823786850022307e-06,
    "VmaxICp": 3.267477165651632e-05,
    "VmaxINp": 3.88675731308597e-05,
    "VmaxOCp": 3.4276196358904774e-07,
    "VmaxONp": 1.3680479201032605e-07,
    "gammaDp": 0.2194113035509353,
    "omegaP": 6.236165874445495e-05
}