{
    "KICp": 183.879618603654,
    "KINp": 0.0020582938761465,
    "KOCp": 0.03,
    "KONp": 0.013740958565254,
    "KlossROSp": 3.6241693411901657e-06,
    "Koverflowp": 1.7236528193649483e-06,
    "KprodROSp": 2.222598685422836e-09,
    "Mp": 3.178340296048142e-06,
    "VmaxICp": 2.03057708943692e-05,
    "VmaxINp": 4.8730809776859455e-05,
    "VmaxOCp": 4.152804142945018e-07,
    "VmaxONp": 9.35419689650016e-07,
    "gammaDp": 0.1791215853684684,
    "omegaP": 4.454430824032944e-06
}