{
    "KICp": 296.5014719584485,
    "KINp": 0.0038366672285404,
    "KOCp": 0.0278998817302817,
    "KONp": 0.1798968810036716,
    "KlossROSp": 1.956673654786862e-06,
    "Koverflowp": 4.394389320930363e-06,
    "KprodROSp": 3.0148988459375584e-08,
    "Mp": 6.821288186625353e-06,
    "VmaxICp": 4.494887587560061e-05,
    "VmaxINp": 3.525436377542885e-05,
    "VmaxOCp": 7.563563057010469e-07,
    "VmaxONp": 1.6017769010197997e-07,
    "gammaDp": 0.2315120479637826,
    "omegaP": 2.0959747283511147e-05
}