{
    "KICp": 184.819094255118,
    "KINp": 0.1024536436978056,
    "KOCp": 0.03,
    "KONp": 0.6933687565778562,
    "KlossROSp": 1.1247072301436826e-06,
    "Koverflowp": 1.2814527225905875e-06,
    "KprodROSp": 8.399480343409014e-10,
    "Mp": 4.252988255198738e-06,
    "VmaxICp": 4.191417824043869e-05,
    "VmaxINp": 4.5049946866628536e-05,
    "VmaxOCp": 2.358386862784991e-06,
    "VmaxONp": 2.3626542687837977e-06,
    "gammaDp": 0.1940095891765331,
    "omegaP": 5.8807837691799913e-05
}