{
    "KICp": 192.018704732566,
    "KINp": 0.0027005133802106,
    "KOCp": 0.0949323905416248,
    "KONp": 0.0179400820421598,
    "KlossROSp": 1.956673654786862e-06,
    "Koverflowp": 1.2488272846849844e-06,
    "KprodROSp": 1.7724195678609816e-08,
    "Mp": 4.259976110780254e-06,
    "VmaxICp": 2.6631520048097985e-05,
    "VmaxINp": 2.8630728832428283e-05,
    "VmaxOCp": 2.6537534361092765e-06,
    "VmaxONp": 1.896786679382521e-07,
    "gammaDp": 0.5879997174746038,
    "omegaP": 1.5864044700807504e-05
}