{
    "KICp": 57.185083898412856,
    "KINp": 0.0093696288286938,
    "KOCp": 0.0884790339741602,
    "KONp": 0.5670161451849604,
    "KlossROSp": 1.600675121053417e-05,
    "Koverflowp": 1.157407407407407e-06,
    "KprodROSp": 1.3143543863422636e-08,
    "Mp": 8.626391461100762e-06,
    "VmaxICp": 3.69545373579088e-05,
    "VmaxINp": 5.550583295195079e-05,
    "VmaxOCp": 5.023851374934274e-07,
    "VmaxONp": 6.256878738583695e-06,
    "gammaDp": 0.1039266691230156,
    "omegaP": 7.602658747525745e-05
}