{
    "KICp": 109.2407090113416,
    "KINp": 0.0020143773162473,
    "KOCp": 0.03,
    "KONp": 0.033389989886244,
    "KlossROSp": 6.215957762660082e-07,
    "Koverflowp": 1.157407407407407e-06,
    "KprodROSp": 4.696016771488469e-09,
    "Mp": 3.5134578996204586e-06,
    "VmaxICp": 4.2461338765856105e-05,
    "VmaxINp": 1.841039159560346e-05,
    "VmaxOCp": 3.067337547498626e-07,
    "VmaxONp": 2.3323704179442762e-07,
    "gammaDp": 0.5484216101665909,
    "omegaP": 3.405555555555556e-05
}