{
    "KICp": 37.0,
    "KINp": 0.1286434613691544,
    "KOCp": 0.2316371779696975,
    "KONp": 0.0239353439569198,
    "KlossROSp": 2.1704689379613961e-07,
    "Koverflowp": 3.998027148924021e-06,
    "KprodROSp": 8.231714558591185e-10,
    "Mp": 3.7838050413832338e-06,
    "VmaxICp": 5.339422471823675e-05,
    "VmaxINp": 2.2504538589909345e-05,
    "VmaxOCp": 3.331657376385433e-06,
    "VmaxONp": 1.1111111111111112e-06,
    "gammaDp": 0.8,
    "omegaP": 1.2477951508761584e-05
}