{
    "KICp": 37.0,
    "KINp": 0.0209579816208432,
    "KOCp": 0.1042293511582414,
    "KONp": 0.0220247807437892,
    "KlossROSp": 1.956673654786862e-06,
    "Koverflowp": 3.239356315546016e-07,
    "KprodROSp": 6.964939709517973e-10,
    "Mp": 6.475841525274707e-06,
    "VmaxICp": 5.177387787927592e-05,
    "VmaxINp": 3.317567197093225e-05,
    "VmaxOCp": 2.2988726659536786e-06,
    "VmaxONp": 1.1111111111111112e-06,
    "gammaDp": 0.5110095978765709,
    "omegaP": 8.51946567831982e-05
}