{
    "KICp": 37.0,
    "KINp": 0.0924126132213658,
    "KOCp": 0.003861534052012,
    "KONp": 0.1,
    "KlossROSp": 7.1617695295917775e-06,
    "Koverflowp": 1.221948911266266e-07,
    "KprodROSp": 5.73466654177365e-10,
    "Mp": 4.482889646932445e-06,
    "VmaxICp": 3.476046666371847e-05,
    "VmaxINp": 1.8789523278502085e-05,
    "VmaxOCp": 2.3592567988031186e-07,
    "VmaxONp": 4.918171340138484e-07,
    "gammaDp": 0.1251409454760584,
    "omegaP": 1.5555897709812393e-05
}