{
    "KICp": 4.772827862603235,
    "KINp": 0.1286434613691544,
    "KOCp": 0.1704480798109211,
    "KONp": 0.0239353439569198,
    "KlossROSp": 2.1704689379613961e-07,
    "Koverflowp": 1.787966926713571e-07,
    "KprodROSp": 4.696016771488469e-09,
    "Mp": 3.7838050413832338e-06,
    "VmaxICp": 3.1641905752874115e-05,
    "VmaxINp": 2.2504538589909345e-05,
    "VmaxOCp": 5.967293258461785e-07,
    "VmaxONp": 1.1111111111111112e-06,
    "gammaDp": 0.8,
    "omegaP": 2.008923675675396e-05
}