{
    "KICp": 8.497927914930663,
    "KINp": 0.0044669070891118,
    "KOCp": 0.0097775026131428,
    "KONp": 0.18890679489431,
    "KlossROSp": 2.119509682069363e-07,
    "Koverflowp": 2.1949924175914654e-06,
    "KprodROSp": 1.8057637954656361e-09,
    "Mp": 6.714554309005635e-06,
    "VmaxICp": 3.407028554574093e-05,
    "VmaxINp": 4.736395925326968e-05,
    "VmaxOCp": 9.603108713190652e-06,
    "VmaxONp": 3.939959195263438e-06,
    "gammaDp": 0.3377048751454884,
    "omegaP": 9.309364636708343e-06
}