{
    "KICp": 37.0,
    "KINp": 0.02,
    "KOCp": 0.0494896230484702,
    "KONp": 0.1,
    "KlossROSp": 1.956673654786862e-06,
    "Koverflowp": 5.903808055358735e-06,
    "KprodROSp": 1.613809263487912e-08,
    "Mp": 5.157438819535007e-06,
    "VmaxICp": 3.488584186834614e-05,
    "VmaxINp": 3.4882213204636165e-05,
    "VmaxOCp": 4.0301490655676086e-07,
    "VmaxONp": 1.6262159725679266e-06,
    "gammaDp": 0.1468042069386276,
    "omegaP": 7.228387557698412e-05
}