{
    "KICp": 296.5014719584485,
    "KINp": 0.0038366672285404,
    "KOCp": 0.009342568056657,
    "KONp": 0.4352291869722519,
    "KlossROSp": 1.956673654786862e-06,
    "Koverflowp": 6.054674103026068e-07,
    "KprodROSp": 3.0148988459375584e-08,
    "Mp": 6.821288186625353e-06,
    "VmaxICp": 4.237401829882343e-05,
    "VmaxINp": 5.389243930528061e-05,
    "VmaxOCp": 2.602652839608791e-06,
    "VmaxONp": 1.6017769010197997e-07,
    "gammaDp": 0.2315120479637826,
    "omegaP": 9.673681599625343e-06
}