{
    "KICp": 37.0,
    "KINp": 0.0209579816208432,
    "KOCp": 0.2552873511569645,
    "KONp": 0.0220247807437892,
    "KlossROSp": 1.956673654786862e-06,
    "Koverflowp": 2.536618116330385e-07,
    "KprodROSp": 6.964939709517973e-10,
    "Mp": 6.475841525274707e-06,
    "VmaxICp": 5.177387787927592e-05,
    "VmaxINp": 3.317567197093225e-05,
    "VmaxOCp": 1.851851851851852e-06,
    "VmaxONp": 3.6001598538708666e-06,
    "gammaDp": 0.2551990447446765,
    "omegaP": 4.475064217310152e-05
}