{
    "KICp": 33.37452312106494,
    "KINp": 0.02,
    "KOCp": 0.03,
    "KONp": 0.1,
    "KlossROSp": 1.4561288943816465e-06,
    "Koverflowp": 2.175495581048419e-06,
    "KprodROSp": 1.4379554533249615e-09,
    "Mp": 9.604211182388666e-06,
    "VmaxICp": 3.96792948534229e-05,
    "VmaxINp": 5.212552106434421e-05,
    "VmaxOCp": 5.346940590890876e-07,
    "VmaxONp": 3.499371383814154e-06,
    "gammaDp": 0.1252645540982841,
    "omegaP": 1.6975748861849145e-05
}