{
    "KICp": 296.5014719584485,
    "KINp": 0.0038366672285404,
    "KOCp": 0.0910863677610586,
    "KONp": 0.1798968810036716,
    "KlossROSp": 1.956673654786862e-06,
    "Koverflowp": 3.293809850259638e-07,
    "KprodROSp": 1.2153643951253765e-08,
    "Mp": 6.821288186625353e-06,
    "VmaxICp": 4.237401829882343e-05,
    "VmaxINp": 5.389243930528061e-05,
    "VmaxOCp": 7.563563057010469e-07,
    "VmaxONp": 1.6017769010197997e-07,
    "gammaDp": 0.1677817682933976,
    "omegaP": 9.673681599625343e-06
}