{
    "KICp": 10.87357236670789,
    "KINp": 0.0624782699357554,
    "KOCp": 0.03,
    "KONp": 0.4401976024391232,
    "KlossROSp": 1.3377794137059265e-05,
    "Koverflowp": 1.157407407407407e-06,
    "KprodROSp": 6.670469405868578e-10,
    "Mp": 1.0529235347008836e-05,
    "VmaxICp": 5.5379202620361786e-05,
    "VmaxINp": 4.0041756672158726e-05,
    "VmaxOCp": 3.425963147771063e-07,
    "VmaxONp": 1.1111111111111112e-06,
    "gammaDp": 0.1815762584192182,
    "omegaP": 1.980348506219464e-05
}