{
    "KICp": 27.0433936848204,
    "KINp": 0.02,
    "KOCp": 0.03,
    "KONp": 0.1,
    "KlossROSp": 1.956673654786862e-06,
    "Koverflowp": 7.796856648448088e-06,
    "KprodROSp": 4.696016771488469e-09,
    "Mp": 4.64698611693932e-06,
    "VmaxICp": 2.3015753993219567e-05,
    "VmaxINp": 4.186305539376956e-05,
    "VmaxOCp": 2.9743039536158893e-07,
    "VmaxONp": 1.1111111111111112e-06,
    "gammaDp": 0.1380483492879002,
    "omegaP": 2.360648420860601e-05
}