{
    "KICp": 14.031040138565375,
    "KINp": 0.0055877042892284,
    "KOCp": 0.03,
    "KONp": 0.3130117654376536,
    "KlossROSp": 1.082561511737984e-06,
    "Koverflowp": 1.157407407407407e-06,
    "KprodROSp": 1.658424801909399e-09,
    "Mp": 3.903731206488996e-06,
    "VmaxICp": 2.726028545329022e-05,
    "VmaxINp": 2.9434504249062224e-05,
    "VmaxOCp": 1.851851851851852e-06,
    "VmaxONp": 8.604970870586198e-07,
    "gammaDp": 0.2090682996319385,
    "omegaP": 8.583941461260817e-06
}