{
    "KICp": 11.402279453766724,
    "KINp": 0.0119012028636732,
    "KOCp": 0.003861534052012,
    "KONp": 0.2994118134779714,
    "KlossROSp": 1.956673654786862e-06,
    "Koverflowp": 1.157407407407407e-06,
    "KprodROSp": 5.73466654177365e-10,
    "Mp": 4.482889646932445e-06,
    "VmaxICp": 3.476046666371847e-05,
    "VmaxINp": 1.8789523278502085e-05,
    "VmaxOCp": 3.4055798598055274e-06,
    "VmaxONp": 4.918171340138484e-07,
    "gammaDp": 0.1251409454760584,
    "omegaP": 1.5555897709812393e-05
}