{
    "KICp": 346.11131242388853,
    "KINp": 0.02,
    "KOCp": 0.0061926523788215,
    "KONp": 0.1489884246076077,
    "KlossROSp": 1.956673654786862e-06,
    "Koverflowp": 1.157407407407407e-06,
    "KprodROSp": 1.859663286868693e-09,
    "Mp": 2.3702131170346816e-06,
    "VmaxICp": 2.89228431855498e-05,
    "VmaxINp": 2.7490105782090623e-05,
    "VmaxOCp": 1.851851851851852e-06,
    "VmaxONp": 3.69563442054997e-07,
    "gammaDp": 0.2108153572199721,
    "omegaP": 3.405555555555556e-05
}