{
    "KICp": 5.521068344636989,
    "KINp": 0.02,
    "KOCp": 0.089157243231252,
    "KONp": 0.0153929529169661,
    "KlossROSp": 2.3350929171856605e-07,
    "Koverflowp": 1.795606477612417e-07,
    "KprodROSp": 3.6059554888549615e-08,
    "Mp": 1.950384186417197e-06,
    "VmaxICp": 1.1558396555775996e-05,
    "VmaxINp": 3.2490172470853336e-05,
    "VmaxOCp": 8.8904488042615e-06,
    "VmaxONp": 1.1111111111111112e-06,
    "gammaDp": 0.8,
    "omegaP": 3.405555555555556e-05
}