{
    "KICp": 192.018704732566,
    "KINp": 0.02,
    "KOCp": 0.2606403212402939,
    "KONp": 0.0888082581548448,
    "KlossROSp": 1.434870551577437e-06,
    "Koverflowp": 1.2488272846849844e-06,
    "KprodROSp": 1.7724195678609816e-08,
    "Mp": 4.259976110780254e-06,
    "VmaxICp": 2.6631520048097985e-05,
    "VmaxINp": 2.8630728832428283e-05,
    "VmaxOCp": 2.6537534361092765e-06,
    "VmaxONp": 4.060865301338176e-07,
    "gammaDp": 0.4387574055670911,
    "omegaP": 4.380841479693461e-06
}