{
    "KICp": 15.852534217960995,
    "KINp": 0.0038366672285404,
    "KOCp": 0.0339275268693517,
    "KONp": 0.1798968810036716,
    "KlossROSp": 8.786009311702087e-07,
    "Koverflowp": 3.799505203348872e-07,
    "KprodROSp": 3.0148988459375584e-08,
    "Mp": 6.821288186625353e-06,
    "VmaxICp": 4.237401829882343e-05,
    "VmaxINp": 5.389243930528061e-05,
    "VmaxOCp": 7.563563057010469e-07,
    "VmaxONp": 1.6017769010197997e-07,
    "gammaDp": 0.2315120479637826,
    "omegaP": 9.673681599625343e-06
}