{
    "KICp": 8.332337683046324,
    "KINp": 0.0399193095212917,
    "KOCp": 0.03,
    "KONp": 0.1,
    "KlossROSp": 1.4561288943816465e-06,
    "Koverflowp": 2.175495581048419e-06,
    "KprodROSp": 1.0492526872092974e-08,
    "Mp": 9.604211182388666e-06,
    "VmaxICp": 3.96792948534229e-05,
    "VmaxINp": 5.212552106434421e-05,
    "VmaxOCp": 5.346940590890876e-07,
    "VmaxONp": 3.499371383814154e-06,
    "gammaDp": 0.1309837487754071,
    "omegaP": 3.142745697465821e-05
}