{
    "KICp": 206.13017101001864,
    "KINp": 0.0768194543905289,
    "KOCp": 0.089157243231252,
    "KONp": 0.3251960391154929,
    "KlossROSp": 2.3350929171856605e-07,
    "Koverflowp": 1.795606477612417e-07,
    "KprodROSp": 1.9075292665735743e-08,
    "Mp": 1.157407407407407e-06,
    "VmaxICp": 1.1558396555775996e-05,
    "VmaxINp": 3.519283457147761e-05,
    "VmaxOCp": 8.8904488042615e-06,
    "VmaxONp": 1.6571131956210397e-07,
    "gammaDp": 0.8,
    "omegaP": 3.405555555555556e-05
}