{
    "KICp": 76.60658721680048,
    "KINp": 0.0129965064206079,
    "KOCp": 0.03,
    "KONp": 0.1,
    "KlossROSp": 9.68819220461066e-07,
    "Koverflowp": 4.111740482806163e-07,
    "KprodROSp": 6.8820232064278385e-09,
    "Mp": 6.42234868525788e-06,
    "VmaxICp": 4.8293527477026216e-05,
    "VmaxINp": 4.674873814813429e-05,
    "VmaxOCp": 1.2368052534173686e-06,
    "VmaxONp": 3.090544062293007e-06,
    "gammaDp": 0.6396506515754472,
    "omegaP": 3.405555555555556e-05
}