{
    "KICp": 37.0,
    "KINp": 0.0209579816208432,
    "KOCp": 0.1042293511582414,
    "KONp": 0.0220247807437892,
    "KlossROSp": 3.892974477733557e-07,
    "Koverflowp": 2.536618116330385e-07,
    "KprodROSp": 1.9400533403727692e-08,
    "Mp": 6.475841525274707e-06,
    "VmaxICp": 5.177387787927592e-05,
    "VmaxINp": 1.957989059142117e-05,
    "VmaxOCp": 1.851851851851852e-06,
    "VmaxONp": 1.1111111111111112e-06,
    "gammaDp": 0.7622783431257143,
    "omegaP": 4.475064217310152e-05
}