{
    "KICp": 234.35485522093373,
    "KINp": 0.0024712826719467,
    "KOCp": 0.1837102687653555,
    "KONp": 0.0761400594550028,
    "KlossROSp": 1.956673654786862e-06,
    "Koverflowp": 3.974775344831968e-07,
    "KprodROSp": 1.3848344867498783e-08,
    "Mp": 2.9829846817418584e-06,
    "VmaxICp": 4.606745645803879e-05,
    "VmaxINp": 1.8245781984743173e-05,
    "VmaxOCp": 6.096247536156539e-06,
    "VmaxONp": 6.995446340266932e-07,
    "gammaDp": 0.3876072408807489,
    "omegaP": 3.2950190699130106e-05
}