{
    "KICp": 184.56056645365092,
    "KINp": 0.02,
    "KOCp": 0.1346009852400713,
    "KONp": 0.6324200399226535,
    "KlossROSp": 9.114081906807669e-06,
    "Koverflowp": 3.5445139082582574e-07,
    "KprodROSp": 6.318892782887649e-09,
    "Mp": 6.201586781802446e-06,
    "VmaxICp": 5.0002127288075615e-05,
    "VmaxINp": 2.8670843152585665e-05,
    "VmaxOCp": 1.851851851851852e-06,
    "VmaxONp": 2.0072140685467422e-06,
    "gammaDp": 0.8,
    "omegaP": 1.5449084864624223e-05
}