{
    "KICp": 210.82765278036192,
    "KINp": 0.02,
    "KOCp": 0.1461001405841223,
    "KONp": 0.2378374359412505,
    "KlossROSp": 9.114081906807669e-06,
    "Koverflowp": 8.371029827512825e-06,
    "KprodROSp": 6.318892782887649e-09,
    "Mp": 6.201586781802446e-06,
    "VmaxICp": 5.0002127288075615e-05,
    "VmaxINp": 2.8670843152585665e-05,
    "VmaxOCp": 1.851851851851852e-06,
    "VmaxONp": 1.2069142120288156e-06,
    "gammaDp": 0.8,
    "omegaP": 1.5449084864624223e-05
}