{
    "KICp": 295.9791716396064,
    "KINp": 0.020543646787754,
    "KOCp": 0.0104812066830298,
    "KONp": 0.1,
    "KlossROSp": 1.4561288943816465e-06,
    "Koverflowp": 2.175495581048419e-06,
    "KprodROSp": 1.4379554533249615e-09,
    "Mp": 9.604211182388666e-06,
    "VmaxICp": 3.96792948534229e-05,
    "VmaxINp": 5.212552106434421e-05,
    "VmaxOCp": 5.346940590890876e-07,
    "VmaxONp": 1.44189882101327e-07,
    "gammaDp": 0.1309837487754071,
    "omegaP": 6.605542814299055e-06
}