{
    "KICp": 80.14715417644625,
    "KINp": 0.02,
    "KOCp": 0.03,
    "KONp": 0.1,
    "KlossROSp": 1.956673654786862e-06,
    "Koverflowp": 1.115464865436001e-06,
    "KprodROSp": 4.668290149340492e-09,
    "Mp": 4.191349663733537e-06,
    "VmaxICp": 2.941830111362175e-05,
    "VmaxINp": 2.089950405157349e-05,
    "VmaxOCp": 1.7273365045623626e-06,
    "VmaxONp": 2.52600372783476e-07,
    "gammaDp": 0.369143053022299,
    "omegaP": 3.080869961935238e-05
}