{
    "KICp": 296.5014719584485,
    "KINp": 0.0038366672285404,
    "KOCp": 0.0278998817302817,
    "KONp": 0.1798968810036716,
    "KlossROSp": 1.956673654786862e-06,
    "Koverflowp": 3.2112860292106195e-06,
    "KprodROSp": 3.0148988459375584e-08,
    "Mp": 6.821288186625353e-06,
    "VmaxICp": 4.237401829882343e-05,
    "VmaxINp": 5.389243930528061e-05,
    "VmaxOCp": 7.563563057010469e-07,
    "VmaxONp": 5.982723867540969e-06,
    "gammaDp": 0.5857866488176072,
    "omegaP": 9.673681599625343e-06
}