{
    "KICp": 192.018704732566,
    "KINp": 0.0060152732200978,
    "KOCp": 0.2606403212402939,
    "KONp": 0.0179400820421598,
    "KlossROSp": 5.765737999022698e-07,
    "Koverflowp": 1.6219930245012891e-06,
    "KprodROSp": 1.7724195678609816e-08,
    "Mp": 4.259976110780254e-06,
    "VmaxICp": 2.6631520048097985e-05,
    "VmaxINp": 2.8630728832428283e-05,
    "VmaxOCp": 2.6537534361092765e-06,
    "VmaxONp": 1.0382677283187786e-06,
    "gammaDp": 0.4387574055670911,
    "omegaP": 1.5864044700807504e-05
}