{
    "KICp": 37.0,
    "KINp": 0.0924126132213658,
    "KOCp": 0.003861534052012,
    "KONp": 0.1,
    "KlossROSp": 1.956673654786862e-06,
    "Koverflowp": 1.7671966249819109e-07,
    "KprodROSp": 4.523870881543522e-09,
    "Mp": 4.482889646932445e-06,
    "VmaxICp": 3.476046666371847e-05,
    "VmaxINp": 4.565529111634481e-05,
    "VmaxOCp": 1.851851851851852e-06,
    "VmaxONp": 4.918171340138484e-07,
    "gammaDp": 0.1251409454760584,
    "omegaP": 1.5555897709812393e-05
}