{
    "KICp": 37.0,
    "KINp": 0.1664306831013045,
    "KOCp": 0.0494896230484702,
    "KONp": 0.0696546566865936,
    "KlossROSp": 1.956673654786862e-06,
    "Koverflowp": 1.157407407407407e-06,
    "KprodROSp": 1.613809263487912e-08,
    "Mp": 5.157438819535007e-06,
    "VmaxICp": 3.488584186834614e-05,
    "VmaxINp": 3.6163191843105135e-05,
    "VmaxOCp": 4.984542350813505e-07,
    "VmaxONp": 1.6262159725679266e-06,
    "gammaDp": 0.8,
    "omegaP": 3.405555555555556e-05
}