{
    "KICp": 4.538349553017847,
    "KINp": 0.0024252482416813,
    "KOCp": 0.0853931166212767,
    "KONp": 0.1,
    "KlossROSp": 4.5921918805474773e-07,
    "Koverflowp": 1.5511665782513216e-06,
    "KprodROSp": 1.9364503834111743e-08,
    "Mp": 3.3823786850022307e-06,
    "VmaxICp": 3.267477165651632e-05,
    "VmaxINp": 3.88675731308597e-05,
    "VmaxOCp": 3.4276196358904774e-07,
    "VmaxONp": 4.2783272162928403e-07,
    "gammaDp": 0.4550421029333656,
    "omegaP": 1.087550147816572e-05
}