{
    "KICp": 27.0433936848204,
    "KINp": 0.02,
    "KOCp": 0.2452919445556769,
    "KONp": 0.1,
    "KlossROSp": 4.36718322289803e-06,
    "Koverflowp": 1.157407407407407e-06,
    "KprodROSp": 4.696016771488469e-09,
    "Mp": 4.64698611693932e-06,
    "VmaxICp": 2.3015753993219567e-05,
    "VmaxINp": 4.186305539376956e-05,
    "VmaxOCp": 1.851851851851852e-06,
    "VmaxONp": 1.4162115829684231e-06,
    "gammaDp": 0.8,
    "omegaP": 3.405555555555556e-05
}