{
    "KICp": 37.0,
    "KINp": 0.02,
    "KOCp": 0.03,
    "KONp": 0.0915190515266552,
    "KlossROSp": 9.68819220461066e-07,
    "Koverflowp": 4.111740482806163e-07,
    "KprodROSp": 6.8820232064278385e-09,
    "Mp": 6.42234868525788e-06,
    "VmaxICp": 4.8293527477026216e-05,
    "VmaxINp": 2.2099204528673104e-05,
    "VmaxOCp": 1.2368052534173686e-06,
    "VmaxONp": 1.1111111111111112e-06,
    "gammaDp": 0.1988082087498847,
    "omegaP": 2.223269714631207e-05
}