{
    "KICp": 42.89605518922602,
    "KINp": 0.02,
    "KOCp": 0.0055181108786388,
    "KONp": 0.7539038901078062,
    "KlossROSp": 1.3503038350378992e-05,
    "Koverflowp": 4.905606442700538e-07,
    "KprodROSp": 2.2198213314458243e-09,
    "Mp": 9.390275446838717e-06,
    "VmaxICp": 2.435306570209127e-05,
    "VmaxINp": 4.255520625210277e-05,
    "VmaxOCp": 1.851851851851852e-06,
    "VmaxONp": 8.486577834762015e-07,
    "gammaDp": 0.4866422520378135,
    "omegaP": 2.6438442790358256e-05
}