{
    "KICp": 27.0433936848204,
    "KINp": 0.0047787172701036,
    "KOCp": 0.03,
    "KONp": 0.1,
    "KlossROSp": 1.956673654786862e-06,
    "Koverflowp": 1.225706369241975e-07,
    "KprodROSp": 4.696016771488469e-09,
    "Mp": 4.64698611693932e-06,
    "VmaxICp": 2.3015753993219567e-05,
    "VmaxINp": 4.186305539376956e-05,
    "VmaxOCp": 1.851851851851852e-06,
    "VmaxONp": 4.493170897709978e-07,
    "gammaDp": 0.8,
    "omegaP": 3.027170420505224e-05
}