{
    "KICp": 42.6392784434756,
    "KINp": 0.0021161492561129,
    "KOCp": 0.0623179258766497,
    "KONp": 0.4916925133865816,
    "KlossROSp": 1.361589866746852e-05,
    "Koverflowp": 2.870022356692493e-06,
    "KprodROSp": 1.4703729129051222e-08,
    "Mp": 4.46578201212416e-06,
    "VmaxICp": 3.486433377960423e-05,
    "VmaxINp": 1.582858175263944e-05,
    "VmaxOCp": 1.3036068520927795e-06,
    "VmaxONp": 1.9696187416800686e-06,
    "gammaDp": 0.1791260686697266,
    "omegaP": 4.8559459462212365e-06
}