{
    "KICp": 63.02835433450871,
    "KINp": 0.026202180016602,
    "KOCp": 0.2615996691452095,
    "KONp": 0.0258619424418845,
    "KlossROSp": 1.956673654786862e-06,
    "Koverflowp": 5.336757459820074e-06,
    "KprodROSp": 6.662893933182733e-10,
    "Mp": 6.2484939229243935e-06,
    "VmaxICp": 3.99391163688497e-05,
    "VmaxINp": 4.058602032664462e-05,
    "VmaxOCp": 1.851851851851852e-06,
    "VmaxONp": 2.609680953045164e-07,
    "gammaDp": 0.4343622374479873,
    "omegaP": 3.8206012639013486e-05
}