{
    "KICp": 37.0,
    "KINp": 0.0055877042892284,
    "KOCp": 0.03,
    "KONp": 0.1,
    "KlossROSp": 1.082561511737984e-06,
    "Koverflowp": 1.3920120330124258e-07,
    "KprodROSp": 1.112803997100183e-09,
    "Mp": 3.903731206488996e-06,
    "VmaxICp": 2.5421008843954875e-05,
    "VmaxINp": 2.9434504249062224e-05,
    "VmaxOCp": 1.851851851851852e-06,
    "VmaxONp": 3.629201471847372e-07,
    "gammaDp": 0.2090682996319385,
    "omegaP": 3.731335333789988e-05
}