{
    "KICp": 210.82765278036192,
    "KINp": 0.02,
    "KOCp": 0.0139583915577304,
    "KONp": 0.6324200399226535,
    "KlossROSp": 3.384378986096487e-07,
    "Koverflowp": 3.5445139082582574e-07,
    "KprodROSp": 6.318892782887649e-09,
    "Mp": 6.201586781802446e-06,
    "VmaxICp": 5.0002127288075615e-05,
    "VmaxINp": 2.8670843152585665e-05,
    "VmaxOCp": 1.851851851851852e-06,
    "VmaxONp": 4.605037971935167e-06,
    "gammaDp": 0.8,
    "omegaP": 7.631158325632444e-05
}