{
    "KICp": 27.0433936848204,
    "KINp": 0.0095060976068216,
    "KOCp": 0.0159451980542879,
    "KONp": 0.1,
    "KlossROSp": 1.956673654786862e-06,
    "Koverflowp": 1.157407407407407e-06,
    "KprodROSp": 4.696016771488469e-09,
    "Mp": 4.64698611693932e-06,
    "VmaxICp": 4.401955782285817e-05,
    "VmaxINp": 4.186305539376956e-05,
    "VmaxOCp": 1.851851851851852e-06,
    "VmaxONp": 1.1111111111111112e-06,
    "gammaDp": 0.198702664304578,
    "omegaP": 3.405555555555556e-05
}