{
    "KICp": 38.471384477246815,
    "KINp": 0.1024536436978056,
    "KOCp": 0.03,
    "KONp": 0.962335389546988,
    "KlossROSp": 1.1247072301436826e-06,
    "Koverflowp": 1.2814527225905875e-06,
    "KprodROSp": 8.399480343409014e-10,
    "Mp": 4.252988255198738e-06,
    "VmaxICp": 4.191417824043869e-05,
    "VmaxINp": 3.129748074182551e-05,
    "VmaxOCp": 2.358386862784991e-06,
    "VmaxONp": 2.4788690058203965e-07,
    "gammaDp": 0.1353939446475427,
    "omegaP": 2.142747566967453e-05
}