{
    "KICp": 42.84249604545384,
    "KINp": 0.0060014074096862,
    "KOCp": 0.03,
    "KONp": 0.0930310273451783,
    "KlossROSp": 1.2697762435169545e-05,
    "Koverflowp": 2.049783000770804e-06,
    "KprodROSp": 1.1458218084027749e-08,
    "Mp": 5.814908568979303e-06,
    "VmaxICp": 2.132063256624981e-05,
    "VmaxINp": 5.139845478058938e-05,
    "VmaxOCp": 1.851851851851852e-06,
    "VmaxONp": 8.914152766195718e-07,
    "gammaDp": 0.2100961984751555,
    "omegaP": 7.469122027171467e-06
}