{
    "KICp": 34.405705135571885,
    "KINp": 0.0053209576733471,
    "KOCp": 0.0055181108786388,
    "KONp": 0.7539038901078062,
    "KlossROSp": 1.3503038350378992e-05,
    "Koverflowp": 4.6545856168074265e-07,
    "KprodROSp": 2.2198213314458243e-09,
    "Mp": 5.986424894736115e-06,
    "VmaxICp": 2.435306570209127e-05,
    "VmaxINp": 2.137496714591872e-05,
    "VmaxOCp": 1.851851851851852e-06,
    "VmaxONp": 1.917657837889499e-06,
    "gammaDp": 0.4866422520378135,
    "omegaP": 2.6438442790358256e-05
}