{
    "KICp": 41.03993228857164,
    "KINp": 0.0044669070891118,
    "KOCp": 0.0097775026131428,
    "KONp": 0.1175620248641299,
    "KlossROSp": 2.119509682069363e-07,
    "Koverflowp": 2.1949924175914654e-06,
    "KprodROSp": 2.7352642452883147e-09,
    "Mp": 6.714554309005635e-06,
    "VmaxICp": 3.982961541322127e-05,
    "VmaxINp": 4.736395925326968e-05,
    "VmaxOCp": 9.603108713190652e-06,
    "VmaxONp": 1.8018917370443145e-07,
    "gammaDp": 0.2799377274050114,
    "omegaP": 9.309364636708343e-06
}