{
    "KICp": 160.44647472644863,
    "KINp": 0.006715480807391,
    "KOCp": 0.2310351246266045,
    "KONp": 0.8118848395039396,
    "KlossROSp": 1.68127941162454e-06,
    "Koverflowp": 2.780045869780069e-07,
    "KprodROSp": 4.696016771488469e-09,
    "Mp": 4.922238800757912e-06,
    "VmaxICp": 2.765607152517197e-05,
    "VmaxINp": 4.04297828510082e-05,
    "VmaxOCp": 1.851851851851852e-06,
    "VmaxONp": 1.1111111111111112e-06,
    "gammaDp": 0.8,
    "omegaP": 2.6186683092513706e-05
}