{
    "KICp": 11.358592849028152,
    "KINp": 0.0602680277103215,
    "KOCp": 0.1837102687653555,
    "KONp": 0.1,
    "KlossROSp": 1.956673654786862e-06,
    "Koverflowp": 3.974775344831968e-07,
    "KprodROSp": 3.5443218600648346e-08,
    "Mp": 2.9829846817418584e-06,
    "VmaxICp": 4.606745645803879e-05,
    "VmaxINp": 1.8245781984743173e-05,
    "VmaxOCp": 1.851851851851852e-06,
    "VmaxONp": 6.995446340266932e-07,
    "gammaDp": 0.7221799923854703,
    "omegaP": 7.640047726220243e-06
}