{
    "KICp": 160.44647472644863,
    "KINp": 0.027936412731745,
    "KOCp": 0.2310351246266045,
    "KONp": 0.0575994468951797,
    "KlossROSp": 1.2239547579002147e-06,
    "Koverflowp": 7.080616682724792e-06,
    "KprodROSp": 4.696016771488469e-09,
    "Mp": 4.922238800757912e-06,
    "VmaxICp": 2.1878303910016435e-05,
    "VmaxINp": 4.04297828510082e-05,
    "VmaxOCp": 1.851851851851852e-06,
    "VmaxONp": 4.56102420317303e-07,
    "gammaDp": 0.8,
    "omegaP": 2.6186683092513706e-05
}