{
    "KICp": 37.0,
    "KINp": 0.0020143773162473,
    "KOCp": 0.03,
    "KONp": 0.037953538015045,
    "KlossROSp": 6.215957762660082e-07,
    "Koverflowp": 1.157407407407407e-06,
    "KprodROSp": 4.696016771488469e-09,
    "Mp": 3.652123557525023e-06,
    "VmaxICp": 4.2461338765856105e-05,
    "VmaxINp": 1.841039159560346e-05,
    "VmaxOCp": 6.172666755731645e-06,
    "VmaxONp": 2.170267339857229e-07,
    "gammaDp": 0.5484216101665909,
    "omegaP": 3.405555555555556e-05
}