{
    "KICp": 41.03993228857164,
    "KINp": 0.0044669070891118,
    "KOCp": 0.1221156480558608,
    "KONp": 0.0979098539473346,
    "KlossROSp": 2.119509682069363e-07,
    "Koverflowp": 2.1949924175914654e-06,
    "KprodROSp": 1.696957504214406e-09,
    "Mp": 6.714554309005635e-06,
    "VmaxICp": 2.8738392726663345e-05,
    "VmaxINp": 4.736395925326968e-05,
    "VmaxOCp": 9.603108713190652e-06,
    "VmaxONp": 3.939959195263438e-06,
    "gammaDp": 0.2899819246682131,
    "omegaP": 9.309364636708343e-06
}