{
    "KICp": 41.03993228857164,
    "KINp": 0.0044669070891118,
    "KOCp": 0.0097775026131428,
    "KONp": 0.1,
    "KlossROSp": 2.119509682069363e-07,
    "Koverflowp": 2.1949924175914654e-06,
    "KprodROSp": 3.4453019057929245e-08,
    "Mp": 1.4155402504999374e-06,
    "VmaxICp": 3.982961541322127e-05,
    "VmaxINp": 4.736395925326968e-05,
    "VmaxOCp": 9.77490665669472e-07,
    "VmaxONp": 3.939959195263438e-06,
    "gammaDp": 0.2899819246682131,
    "omegaP": 4.355385937617402e-05
}