{
    "KICp": 37.0,
    "KINp": 0.02,
    "KOCp": 0.03,
    "KONp": 0.1,
    "KlossROSp": 1.956673654786862e-06,
    "Koverflowp": 1.2152627794392306e-07,
    "KprodROSp": 9.595424666782575e-10,
    "Mp": 4.191349663733537e-06,
    "VmaxICp": 4.057147556886208e-05,
    "VmaxINp": 2.089950405157349e-05,
    "VmaxOCp": 2.9882016989232666e-07,
    "VmaxONp": 2.857795441492748e-06,
    "gammaDp": 0.369143053022299,
    "omegaP": 5.562229745678817e-06
}