{
    "KICp": 160.44647472644863,
    "KINp": 0.006715480807391,
    "KOCp": 0.2310351246266045,
    "KONp": 0.0575994468951797,
    "KlossROSp": 1.956673654786862e-06,
    "Koverflowp": 1.157407407407407e-06,
    "KprodROSp": 4.696016771488469e-09,
    "Mp": 5.467665666532132e-06,
    "VmaxICp": 2.1878303910016435e-05,
    "VmaxINp": 4.04297828510082e-05,
    "VmaxOCp": 1.7141912413791954e-06,
    "VmaxONp": 1.1111111111111112e-06,
    "gammaDp": 0.1577648955058931,
    "omegaP": 2.6186683092513706e-05
}