{
    "KICp": 37.0,
    "KINp": 0.0020143773162473,
    "KOCp": 0.03,
    "KONp": 0.022736868443491,
    "KlossROSp": 1.2955122308362555e-05,
    "Koverflowp": 1.157407407407407e-06,
    "KprodROSp": 1.054092095605821e-09,
    "Mp": 3.5134578996204586e-06,
    "VmaxICp": 4.2461338765856105e-05,
    "VmaxINp": 1.841039159560346e-05,
    "VmaxOCp": 2.726114082710845e-06,
    "VmaxONp": 7.28253780864716e-07,
    "gammaDp": 0.5484216101665909,
    "omegaP": 3.405555555555556e-05
}