{
    "KICp": 179.1528847684407,
    "KINp": 0.0020582938761465,
    "KOCp": 0.03,
    "KONp": 0.1716808051226311,
    "KlossROSp": 3.6241693411901657e-06,
    "Koverflowp": 1.7236528193649483e-06,
    "KprodROSp": 2.2396239226177624e-08,
    "Mp": 3.178340296048142e-06,
    "VmaxICp": 2.03057708943692e-05,
    "VmaxINp": 4.8730809776859455e-05,
    "VmaxOCp": 5.059012358209494e-07,
    "VmaxONp": 1.649195460560079e-07,
    "gammaDp": 0.1791215853684684,
    "omegaP": 4.454430824032944e-06
}