{
    "KICp": 205.95770719905263,
    "KINp": 0.02,
    "KOCp": 0.0494896230484702,
    "KONp": 0.1,
    "KlossROSp": 5.365950711879621e-06,
    "Koverflowp": 1.157407407407407e-06,
    "KprodROSp": 1.613809263487912e-08,
    "Mp": 5.157438819535007e-06,
    "VmaxICp": 3.488584186834614e-05,
    "VmaxINp": 3.4882213204636165e-05,
    "VmaxOCp": 1.851851851851852e-06,
    "VmaxONp": 3.012997877415715e-07,
    "gammaDp": 0.8,
    "omegaP": 3.405555555555556e-05
}