{
    "KICp": 57.185083898412856,
    "KINp": 0.0093696288286938,
    "KOCp": 0.03,
    "KONp": 0.022728882967642,
    "KlossROSp": 5.926231620710516e-07,
    "Koverflowp": 1.157407407407407e-06,
    "KprodROSp": 1.2402920909981703e-09,
    "Mp": 9.98497530218674e-06,
    "VmaxICp": 3.69545373579088e-05,
    "VmaxINp": 5.550583295195079e-05,
    "VmaxOCp": 5.023851374934274e-07,
    "VmaxONp": 6.256878738583695e-06,
    "gammaDp": 0.1039266691230156,
    "omegaP": 2.7867342086499555e-05
}