{
    "KICp": 16.142546440586475,
    "KINp": 0.0024712826719467,
    "KOCp": 0.1837102687653555,
    "KONp": 0.1,
    "KlossROSp": 6.958862597206149e-06,
    "Koverflowp": 3.974775344831968e-07,
    "KprodROSp": 1.3848344867498783e-08,
    "Mp": 2.9829846817418584e-06,
    "VmaxICp": 4.606745645803879e-05,
    "VmaxINp": 1.8245781984743173e-05,
    "VmaxOCp": 1.851851851851852e-06,
    "VmaxONp": 9.109892618667991e-07,
    "gammaDp": 0.3876072408807489,
    "omegaP": 3.970050619773518e-06
}