{
    "KICp": 210.82765278036192,
    "KINp": 0.02,
    "KOCp": 0.1461001405841223,
    "KONp": 0.0163332558855186,
    "KlossROSp": 9.114081906807669e-06,
    "Koverflowp": 3.5445139082582574e-07,
    "KprodROSp": 6.318892782887649e-09,
    "Mp": 6.477728837884773e-06,
    "VmaxICp": 5.0002127288075615e-05,
    "VmaxINp": 2.8670843152585665e-05,
    "VmaxOCp": 1.851851851851852e-06,
    "VmaxONp": 2.9061350761323745e-07,
    "gammaDp": 0.8,
    "omegaP": 2.644808546282028e-05
}