{
    "KICp": 57.185083898412856,
    "KINp": 0.0093696288286938,
    "KOCp": 0.03,
    "KONp": 0.5670161451849604,
    "KlossROSp": 5.926231620710516e-07,
    "Koverflowp": 1.0963125157565202e-06,
    "KprodROSp": 5.010977732083673e-10,
    "Mp": 8.626391461100762e-06,
    "VmaxICp": 3.69545373579088e-05,
    "VmaxINp": 5.550583295195079e-05,
    "VmaxOCp": 5.023851374934274e-07,
    "VmaxONp": 6.256878738583695e-06,
    "gammaDp": 0.1153014012753693,
    "omegaP": 2.7867342086499555e-05
}