{
    "KICp": 8.255322218766612,
    "KINp": 0.0624782699357554,
    "KOCp": 0.03,
    "KONp": 0.0424616836608418,
    "KlossROSp": 1.1504332158342298e-06,
    "Koverflowp": 9.161683747685408e-07,
    "KprodROSp": 6.670469405868578e-10,
    "Mp": 1.0529235347008836e-05,
    "VmaxICp": 5.5379202620361786e-05,
    "VmaxINp": 4.0041756672158726e-05,
    "VmaxOCp": 2.4351943346328475e-06,
    "VmaxONp": 1.1111111111111112e-06,
    "gammaDp": 0.8,
    "omegaP": 1.980348506219464e-05
}