{
    "KICp": 5.569800018658017,
    "KINp": 0.02,
    "KOCp": 0.004989025068865,
    "KONp": 0.3103622927931281,
    "KlossROSp": 7.115242564385605e-07,
    "Koverflowp": 4.259611081302192e-06,
    "KprodROSp": 1.6625933814640775e-09,
    "Mp": 3.076198241880367e-06,
    "VmaxICp": 3.848476832833098e-05,
    "VmaxINp": 2.2948052358089924e-05,
    "VmaxOCp": 1.412767366170797e-06,
    "VmaxONp": 1.5425507482577849e-07,
    "gammaDp": 0.7620742860279276,
    "omegaP": 8.7121269137439e-06
}