{
    "KICp": 296.5014719584485,
    "KINp": 0.1693316531473979,
    "KOCp": 0.012308363157225,
    "KONp": 0.1798968810036716,
    "KlossROSp": 1.956673654786862e-06,
    "Koverflowp": 6.054674103026068e-07,
    "KprodROSp": 4.275339027298482e-09,
    "Mp": 6.821288186625353e-06,
    "VmaxICp": 4.237401829882343e-05,
    "VmaxINp": 5.389243930528061e-05,
    "VmaxOCp": 7.563563057010469e-07,
    "VmaxONp": 1.6017769010197997e-07,
    "gammaDp": 0.5775780514936965,
    "omegaP": 9.673681599625343e-06
}