{
    "KICp": 26.462269403045266,
    "KINp": 0.0024712826719467,
    "KOCp": 0.1837102687653555,
    "KONp": 0.1408463014909496,
    "KlossROSp": 1.956673654786862e-06,
    "Koverflowp": 3.974775344831968e-07,
    "KprodROSp": 4.120557025166635e-09,
    "Mp": 2.9829846817418584e-06,
    "VmaxICp": 4.606745645803879e-05,
    "VmaxINp": 1.8245781984743173e-05,
    "VmaxOCp": 1.851851851851852e-06,
    "VmaxONp": 7.323278495017708e-07,
    "gammaDp": 0.3876072408807489,
    "omegaP": 7.640047726220243e-06
}