{
    "KICp": 34.405705135571885,
    "KINp": 0.0203090384777153,
    "KOCp": 0.0055181108786388,
    "KONp": 0.7539038901078062,
    "KlossROSp": 1.3503038350378992e-05,
    "Koverflowp": 4.4508406261430575e-06,
    "KprodROSp": 2.2198213314458243e-09,
    "Mp": 9.390275446838717e-06,
    "VmaxICp": 2.435306570209127e-05,
    "VmaxINp": 4.255520625210277e-05,
    "VmaxOCp": 6.285885528011088e-06,
    "VmaxONp": 1.917657837889499e-06,
    "gammaDp": 0.6714667405939907,
    "omegaP": 2.6438442790358256e-05
}