{
    "KICp": 355.9349169036132,
    "KINp": 0.02,
    "KOCp": 0.0061926523788215,
    "KONp": 0.5038617846775807,
    "KlossROSp": 1.956673654786862e-06,
    "Koverflowp": 1.5459707458554974e-07,
    "KprodROSp": 1.859663286868693e-09,
    "Mp": 2.3702131170346816e-06,
    "VmaxICp": 2.89228431855498e-05,
    "VmaxINp": 2.7490105782090623e-05,
    "VmaxOCp": 4.814129286426012e-07,
    "VmaxONp": 3.69563442054997e-07,
    "gammaDp": 0.4194923232028882,
    "omegaP": 3.405555555555556e-05
}