{
    "KICp": 32.939608022505205,
    "KINp": 0.02,
    "KOCp": 0.089157243231252,
    "KONp": 0.3251960391154929,
    "KlossROSp": 2.3350929171856605e-07,
    "Koverflowp": 6.4021766848057e-07,
    "KprodROSp": 3.6059554888549615e-08,
    "Mp": 1.157407407407407e-06,
    "VmaxICp": 1.1558396555775996e-05,
    "VmaxINp": 3.519283457147761e-05,
    "VmaxOCp": 8.8904488042615e-06,
    "VmaxONp": 1.1111111111111112e-06,
    "gammaDp": 0.1221047328944726,
    "omegaP": 3.405555555555556e-05
}