{
    "KICp": 17.191936931408875,
    "KINp": 0.02,
    "KOCp": 0.0730940321165165,
    "KONp": 0.3103622927931281,
    "KlossROSp": 7.115242564385605e-07,
    "Koverflowp": 2.05050214485494e-07,
    "KprodROSp": 7.267546462826755e-10,
    "Mp": 3.076198241880367e-06,
    "VmaxICp": 3.894880621749379e-05,
    "VmaxINp": 2.2948052358089924e-05,
    "VmaxOCp": 2.3404244046932457e-06,
    "VmaxONp": 1.5425507482577849e-07,
    "gammaDp": 0.7620742860279276,
    "omegaP": 8.7121269137439e-06
}