{
    "KICp": 41.03993228857164,
    "KINp": 0.0044669070891118,
    "KOCp": 0.0097775026131428,
    "KONp": 0.208237563491687,
    "KlossROSp": 2.119509682069363e-07,
    "Koverflowp": 2.1949924175914654e-06,
    "KprodROSp": 1.4730700758563774e-08,
    "Mp": 6.714554309005635e-06,
    "VmaxICp": 3.982961541322127e-05,
    "VmaxINp": 3.593312985110727e-05,
    "VmaxOCp": 9.603108713190652e-06,
    "VmaxONp": 3.939959195263438e-06,
    "gammaDp": 0.2899819246682131,
    "omegaP": 7.64109608275888e-05
}