{
    "KICp": 37.0,
    "KINp": 0.0238979344817711,
    "KOCp": 0.03,
    "KONp": 0.0701232114868624,
    "KlossROSp": 1.956673654786862e-06,
    "Koverflowp": 1.115464865436001e-06,
    "KprodROSp": 2.763737528645813e-09,
    "Mp": 4.191349663733537e-06,
    "VmaxICp": 2.941830111362175e-05,
    "VmaxINp": 2.089950405157349e-05,
    "VmaxOCp": 2.9882016989232666e-07,
    "VmaxONp": 6.1491780045820384e-06,
    "gammaDp": 0.369143053022299,
    "omegaP": 5.562229745678817e-06
}