{
    "KICp": 37.0,
    "KINp": 0.02,
    "KOCp": 0.0944976872528112,
    "KONp": 0.1,
    "KlossROSp": 9.68819220461066e-07,
    "Koverflowp": 4.111740482806163e-07,
    "KprodROSp": 6.8820232064278385e-09,
    "Mp": 6.42234868525788e-06,
    "VmaxICp": 4.8293527477026216e-05,
    "VmaxINp": 4.674873814813429e-05,
    "VmaxOCp": 1.2368052534173686e-06,
    "VmaxONp": 1.1111111111111112e-06,
    "gammaDp": 0.2731186553935741,
    "omegaP": 2.825043116459637e-05
}