{
    "KICp": 35.37867108469186,
    "KINp": 0.02,
    "KOCp": 0.0822406706460781,
    "KONp": 0.1,
    "KlossROSp": 2.018212199797495e-07,
    "Koverflowp": 1.115464865436001e-06,
    "KprodROSp": 9.595424666782575e-10,
    "Mp": 4.191349663733537e-06,
    "VmaxICp": 2.941830111362175e-05,
    "VmaxINp": 2.089950405157349e-05,
    "VmaxOCp": 2.9882016989232666e-07,
    "VmaxONp": 2.52600372783476e-07,
    "gammaDp": 0.369143053022299,
    "omegaP": 5.121123306359458e-06
}