{
    "KICp": 8.332337683046324,
    "KINp": 0.02,
    "KOCp": 0.03,
    "KONp": 0.1,
    "KlossROSp": 1.4561288943816465e-06,
    "Koverflowp": 7.220727940540267e-06,
    "KprodROSp": 1.84796388400931e-09,
    "Mp": 9.604211182388666e-06,
    "VmaxICp": 3.96792948534229e-05,
    "VmaxINp": 2.8234077630515285e-05,
    "VmaxOCp": 5.346940590890876e-07,
    "VmaxONp": 1.4587351644170112e-07,
    "gammaDp": 0.1309837487754071,
    "omegaP": 6.605542814299055e-06
}