{
    "KICp": 37.0,
    "KINp": 0.0020143773162473,
    "KOCp": 0.03,
    "KONp": 0.037953538015045,
    "KlossROSp": 3.545433493584868e-06,
    "Koverflowp": 1.157407407407407e-06,
    "KprodROSp": 1.083096278751935e-09,
    "Mp": 3.5134578996204586e-06,
    "VmaxICp": 4.2461338765856105e-05,
    "VmaxINp": 1.841039159560346e-05,
    "VmaxOCp": 3.067337547498626e-07,
    "VmaxONp": 7.28253780864716e-07,
    "gammaDp": 0.2004810181605519,
    "omegaP": 3.405555555555556e-05
}