{
    "KICp": 37.0,
    "KINp": 0.02,
    "KOCp": 0.025704598101126,
    "KONp": 0.1,
    "KlossROSp": 1.5743499356093137e-06,
    "Koverflowp": 1.157407407407407e-06,
    "KprodROSp": 1.613809263487912e-08,
    "Mp": 5.157438819535007e-06,
    "VmaxICp": 3.488584186834614e-05,
    "VmaxINp": 3.4882213204636165e-05,
    "VmaxOCp": 1.3199524468699015e-06,
    "VmaxONp": 1.6262159725679266e-06,
    "gammaDp": 0.8,
    "omegaP": 3.405555555555556e-05
}