{
    "KICp": 37.0,
    "KINp": 0.0055877042892284,
    "KOCp": 0.0665681034341638,
    "KONp": 0.1,
    "KlossROSp": 1.082561511737984e-06,
    "Koverflowp": 1.157407407407407e-06,
    "KprodROSp": 2.4642162134866963e-08,
    "Mp": 3.903731206488996e-06,
    "VmaxICp": 2.726028545329022e-05,
    "VmaxINp": 2.9434504249062224e-05,
    "VmaxOCp": 1.851851851851852e-06,
    "VmaxONp": 3.629201471847372e-07,
    "gammaDp": 0.2252144829717127,
    "omegaP": 8.583941461260817e-06
}