{
    "KICp": 12.67734106352052,
    "KINp": 0.0177375918536693,
    "KOCp": 0.0133869435102292,
    "KONp": 0.1301807508569456,
    "KlossROSp": 1.956673654786862e-06,
    "Koverflowp": 2.3033952624191363e-06,
    "KprodROSp": 5.931251832206993e-10,
    "Mp": 6.754933303891981e-06,
    "VmaxICp": 2.763926086033342e-05,
    "VmaxINp": 3.134911180478322e-05,
    "VmaxOCp": 1.9714638520795255e-07,
    "VmaxONp": 6.345387062775217e-06,
    "gammaDp": 0.5852302272151374,
    "omegaP": 6.126021078199352e-06
}