{
    "KICp": 142.58460895735388,
    "KINp": 0.0041356416384029,
    "KOCp": 0.03,
    "KONp": 0.1850672072471432,
    "KlossROSp": 5.926231620710516e-07,
    "Koverflowp": 1.157407407407407e-06,
    "KprodROSp": 2.182548432898399e-09,
    "Mp": 8.626391461100762e-06,
    "VmaxICp": 3.69545373579088e-05,
    "VmaxINp": 5.550583295195079e-05,
    "VmaxOCp": 5.023851374934274e-07,
    "VmaxONp": 6.256878738583695e-06,
    "gammaDp": 0.1039266691230156,
    "omegaP": 2.7867342086499555e-05
}