{
    "KICp": 25.59483271875949,
    "KINp": 0.1024536436978056,
    "KOCp": 0.0045816084520863,
    "KONp": 0.0522807499769014,
    "KlossROSp": 1.1247072301436826e-06,
    "Koverflowp": 1.2814527225905875e-06,
    "KprodROSp": 8.399480343409014e-10,
    "Mp": 4.252988255198738e-06,
    "VmaxICp": 4.191417824043869e-05,
    "VmaxINp": 2.9534276916590863e-05,
    "VmaxOCp": 2.358386862784991e-06,
    "VmaxONp": 4.734868329475273e-07,
    "gammaDp": 0.1940095891765331,
    "omegaP": 2.142747566967453e-05
}