{
    "KICp": 57.185083898412856,
    "KINp": 0.0093696288286938,
    "KOCp": 0.03,
    "KONp": 0.5670161451849604,
    "KlossROSp": 1.5875105457625728e-05,
    "Koverflowp": 2.345241882629912e-07,
    "KprodROSp": 3.893265262727004e-08,
    "Mp": 6.777245651154269e-06,
    "VmaxICp": 3.69545373579088e-05,
    "VmaxINp": 5.550583295195079e-05,
    "VmaxOCp": 1.075719118466346e-06,
    "VmaxONp": 6.256878738583695e-06,
    "gammaDp": 0.1039266691230156,
    "omegaP": 2.7867342086499555e-05
}