{
    "KICp": 8.255322218766612,
    "KINp": 0.0624782699357554,
    "KOCp": 0.03,
    "KONp": 0.0925066611096651,
    "KlossROSp": 7.970043396242759e-07,
    "Koverflowp": 4.266372250479133e-07,
    "KprodROSp": 6.747878743922211e-10,
    "Mp": 1.0529235347008836e-05,
    "VmaxICp": 5.5379202620361786e-05,
    "VmaxINp": 4.0041756672158726e-05,
    "VmaxOCp": 1.851851851851852e-06,
    "VmaxONp": 1.1111111111111112e-06,
    "gammaDp": 0.8,
    "omegaP": 1.980348506219464e-05
}