{
    "KICp": 22.44133744581399,
    "KINp": 0.0624904638763871,
    "KOCp": 0.2615996691452095,
    "KONp": 0.0258619424418845,
    "KlossROSp": 1.956673654786862e-06,
    "Koverflowp": 1.157407407407407e-06,
    "KprodROSp": 2.930905538468176e-08,
    "Mp": 6.2484939229243935e-06,
    "VmaxICp": 3.99391163688497e-05,
    "VmaxINp": 4.058602032664462e-05,
    "VmaxOCp": 2.802167462884748e-07,
    "VmaxONp": 2.609680953045164e-07,
    "gammaDp": 0.4343622374479873,
    "omegaP": 2.3892939790085533e-05
}