{
    "KICp": 123.36399796754682,
    "KINp": 0.0037091481593344,
    "KOCp": 0.1461001405841223,
    "KONp": 0.0126992530398976,
    "KlossROSp": 9.114081906807669e-06,
    "Koverflowp": 3.5445139082582574e-07,
    "KprodROSp": 6.318892782887649e-09,
    "Mp": 6.201586781802446e-06,
    "VmaxICp": 5.0002127288075615e-05,
    "VmaxINp": 2.8670843152585665e-05,
    "VmaxOCp": 1.851851851851852e-06,
    "VmaxONp": 4.605037971935167e-06,
    "gammaDp": 0.8,
    "omegaP": 1.5449084864624223e-05
}