{
    "KICp": 37.0,
    "KINp": 0.02,
    "KOCp": 0.03,
    "KONp": 0.1,
    "KlossROSp": 1.956673654786862e-06,
    "Koverflowp": 1.115464865436001e-06,
    "KprodROSp": 1.788799899432049e-09,
    "Mp": 4.191349663733537e-06,
    "VmaxICp": 2.941830111362175e-05,
    "VmaxINp": 2.089950405157349e-05,
    "VmaxOCp": 2.9882016989232666e-07,
    "VmaxONp": 1.0180233963155643e-05,
    "gammaDp": 0.5755299402553963,
    "omegaP": 5.562229745678817e-06
}