{
    "KICp": 37.0,
    "KINp": 0.0924126132213658,
    "KOCp": 0.003861534052012,
    "KONp": 0.6665536988575241,
    "KlossROSp": 1.956673654786862e-06,
    "Koverflowp": 1.157407407407407e-06,
    "KprodROSp": 5.73466654177365e-10,
    "Mp": 4.482889646932445e-06,
    "VmaxICp": 3.239641825075751e-05,
    "VmaxINp": 1.8789523278502085e-05,
    "VmaxOCp": 1.4812868198978774e-06,
    "VmaxONp": 4.918171340138484e-07,
    "gammaDp": 0.1644214863681854,
    "omegaP": 1.5555897709812393e-05
}