{
    "KICp": 133.15265573994083,
    "KINp": 0.02,
    "KOCp": 0.0061578132618619,
    "KONp": 0.1423019581372998,
    "KlossROSp": 1.956673654786862e-06,
    "Koverflowp": 1.157407407407407e-06,
    "KprodROSp": 6.632321408604037e-10,
    "Mp": 5.157438819535007e-06,
    "VmaxICp": 3.488584186834614e-05,
    "VmaxINp": 3.4882213204636165e-05,
    "VmaxOCp": 1.851851851851852e-06,
    "VmaxONp": 1.6262159725679266e-06,
    "gammaDp": 0.8,
    "omegaP": 3.405555555555556e-05
}