{
    "KICp": 41.03993228857164,
    "KINp": 0.0044669070891118,
    "KOCp": 0.0403276738454107,
    "KONp": 0.1,
    "KlossROSp": 2.119509682069363e-07,
    "Koverflowp": 2.1949924175914654e-06,
    "KprodROSp": 1.8057637954656361e-09,
    "Mp": 6.714554309005635e-06,
    "VmaxICp": 3.982961541322127e-05,
    "VmaxINp": 4.736395925326968e-05,
    "VmaxOCp": 5.905802332793633e-06,
    "VmaxONp": 3.939959195263438e-06,
    "gammaDp": 0.2899819246682131,
    "omegaP": 2.7103616323088005e-05
}