{
    "KICp": 37.0,
    "KINp": 0.0021161492561129,
    "KOCp": 0.1998995082689985,
    "KONp": 0.4916925133865816,
    "KlossROSp": 4.388313727381208e-06,
    "Koverflowp": 2.870022356692493e-06,
    "KprodROSp": 1.4703729129051222e-08,
    "Mp": 4.46578201212416e-06,
    "VmaxICp": 3.486433377960423e-05,
    "VmaxINp": 3.247813254349934e-05,
    "VmaxOCp": 2.3495424921415097e-06,
    "VmaxONp": 1.9696187416800686e-06,
    "gammaDp": 0.5683435314731664,
    "omegaP": 4.8559459462212365e-06
}