{
    "KICp": 128.7580622883501,
    "KINp": 0.0997603017991461,
    "KOCp": 0.089157243231252,
    "KONp": 0.3074727883604342,
    "KlossROSp": 2.3350929171856605e-07,
    "Koverflowp": 1.795606477612417e-07,
    "KprodROSp": 3.6059554888549615e-08,
    "Mp": 1.157407407407407e-06,
    "VmaxICp": 1.1558396555775996e-05,
    "VmaxINp": 3.519283457147761e-05,
    "VmaxOCp": 8.8904488042615e-06,
    "VmaxONp": 5.519314630037204e-07,
    "gammaDp": 0.8,
    "omegaP": 3.405555555555556e-05
}