{
    "KICp": 37.0,
    "KINp": 0.02,
    "KOCp": 0.1595656911074229,
    "KONp": 0.1,
    "KlossROSp": 1.1565293902611305e-06,
    "Koverflowp": 1.651135047423042e-06,
    "KprodROSp": 6.8820232064278385e-09,
    "Mp": 6.42234868525788e-06,
    "VmaxICp": 4.8293527477026216e-05,
    "VmaxINp": 4.674873814813429e-05,
    "VmaxOCp": 1.2368052534173686e-06,
    "VmaxONp": 1.1111111111111112e-06,
    "gammaDp": 0.282989900234398,
    "omegaP": 3.405555555555556e-05
}