{
    "KICp": 54.191166620870376,
    "KINp": 0.02,
    "KOCp": 0.2615996691452095,
    "KONp": 0.1115327368769608,
    "KlossROSp": 1.3423947770903302e-06,
    "Koverflowp": 1.157407407407407e-06,
    "KprodROSp": 1.9510639922015332e-09,
    "Mp": 6.2484939229243935e-06,
    "VmaxICp": 3.99391163688497e-05,
    "VmaxINp": 4.058602032664462e-05,
    "VmaxOCp": 1.851851851851852e-06,
    "VmaxONp": 2.609680953045164e-07,
    "gammaDp": 0.4343622374479873,
    "omegaP": 2.3892939790085533e-05
}