{
    "KICp": 27.0433936848204,
    "KINp": 0.0088896717129998,
    "KOCp": 0.03,
    "KONp": 0.1,
    "KlossROSp": 1.956673654786862e-06,
    "Koverflowp": 1.157407407407407e-06,
    "KprodROSp": 4.696016771488469e-09,
    "Mp": 4.64698611693932e-06,
    "VmaxICp": 2.3015753993219567e-05,
    "VmaxINp": 4.186305539376956e-05,
    "VmaxOCp": 2.2748791004658122e-07,
    "VmaxONp": 1.1111111111111112e-06,
    "gammaDp": 0.8,
    "omegaP": 1.261864266735831e-05
}