{
    "KICp": 37.0,
    "KINp": 0.02,
    "KOCp": 0.2297596474994168,
    "KONp": 0.1,
    "KlossROSp": 1.956673654786862e-06,
    "Koverflowp": 1.115464865436001e-06,
    "KprodROSp": 9.595424666782575e-10,
    "Mp": 4.191349663733537e-06,
    "VmaxICp": 5.009009144038064e-05,
    "VmaxINp": 2.089950405157349e-05,
    "VmaxOCp": 2.9882016989232666e-07,
    "VmaxONp": 2.52600372783476e-07,
    "gammaDp": 0.369143053022299,
    "omegaP": 8.828699518835612e-06
}