{
    "KICp": 9.318595524949185,
    "KINp": 0.0020582938761465,
    "KOCp": 0.03,
    "KONp": 0.1716808051226311,
    "KlossROSp": 1.2696909828132776e-05,
    "Koverflowp": 1.7236528193649483e-06,
    "KprodROSp": 1.7379734364900264e-08,
    "Mp": 3.178340296048142e-06,
    "VmaxICp": 3.2313764017371166e-05,
    "VmaxINp": 4.8730809776859455e-05,
    "VmaxOCp": 4.152804142945018e-07,
    "VmaxONp": 1.649195460560079e-07,
    "gammaDp": 0.1791215853684684,
    "omegaP": 9.179937159050764e-05
}