{
    "KICp": 9.318595524949185,
    "KINp": 0.0020582938761465,
    "KOCp": 0.03,
    "KONp": 0.0400509823781269,
    "KlossROSp": 5.856867823890389e-06,
    "Koverflowp": 1.7236528193649483e-06,
    "KprodROSp": 4.2667206055953534e-08,
    "Mp": 3.178340296048142e-06,
    "VmaxICp": 2.03057708943692e-05,
    "VmaxINp": 4.8730809776859455e-05,
    "VmaxOCp": 4.152804142945018e-07,
    "VmaxONp": 1.297301280821512e-06,
    "gammaDp": 0.3990257076956582,
    "omegaP": 4.454430824032944e-06
}