{
    "KICp": 8.255322218766612,
    "KINp": 0.0624782699357554,
    "KOCp": 0.03,
    "KONp": 0.4401976024391232,
    "KlossROSp": 2.2303801532789773e-06,
    "Koverflowp": 6.346129899085772e-07,
    "KprodROSp": 2.7187005554956785e-08,
    "Mp": 1.0529235347008836e-05,
    "VmaxICp": 5.5379202620361786e-05,
    "VmaxINp": 4.0041756672158726e-05,
    "VmaxOCp": 3.6629078435942267e-07,
    "VmaxONp": 1.1111111111111112e-06,
    "gammaDp": 0.8,
    "omegaP": 1.980348506219464e-05
}