{
    "KICp": 355.9349169036132,
    "KINp": 0.0091088651993712,
    "KOCp": 0.0442346375950399,
    "KONp": 0.1948044968710296,
    "KlossROSp": 1.956673654786862e-06,
    "Koverflowp": 1.157407407407407e-06,
    "KprodROSp": 1.859663286868693e-09,
    "Mp": 2.3702131170346816e-06,
    "VmaxICp": 2.89228431855498e-05,
    "VmaxINp": 2.7490105782090623e-05,
    "VmaxOCp": 1.851851851851852e-06,
    "VmaxONp": 3.69563442054997e-07,
    "gammaDp": 0.2280002723815701,
    "omegaP": 3.405555555555556e-05
}