{
    "KICp": 159.1438271951141,
    "KINp": 0.0021161492561129,
    "KOCp": 0.0670953743499425,
    "KONp": 0.4916925133865816,
    "KlossROSp": 1.361589866746852e-05,
    "Koverflowp": 2.870022356692493e-06,
    "KprodROSp": 1.4703729129051222e-08,
    "Mp": 6.659903272839463e-06,
    "VmaxICp": 3.50064895406324e-05,
    "VmaxINp": 3.247813254349934e-05,
    "VmaxOCp": 1.3036068520927795e-06,
    "VmaxONp": 1.9696187416800686e-06,
    "gammaDp": 0.5651070337556333,
    "omegaP": 4.8559459462212365e-06
}