{
    "KICp": 213.35050812888187,
    "KINp": 0.0080077007709324,
    "KOCp": 0.03,
    "KONp": 0.1,
    "KlossROSp": 3.913781171682346e-07,
    "Koverflowp": 1.157407407407407e-06,
    "KprodROSp": 1.2362115949880454e-09,
    "Mp": 3.903731206488996e-06,
    "VmaxICp": 2.726028545329022e-05,
    "VmaxINp": 2.9434504249062224e-05,
    "VmaxOCp": 1.851851851851852e-06,
    "VmaxONp": 3.629201471847372e-07,
    "gammaDp": 0.2090682996319385,
    "omegaP": 4.173943240102926e-06
}