{
    "KICp": 0.46375717769294134,
    "KINp": 0.35131834482865565,
    "Mp": 2.5851473902062976e-06,
    "VmaxICp": 0.0002100031356403855,
    "VmaxINp": 9.547117251071536e-05,
    "gammaDp": 0.16579105279279244,
    "gamma_DON2DINp": 1.838649405083201e-08
}