{
    "KICp": 0.5449181344066505,
    "KINp": 0.060804696852533646,
    "Mp": 2.9203436004206704e-06,
    "VmaxICp": 0.00033614933978526297,
    "VmaxINp": 5.583321821838015e-05,
    "gammaDp": 0.13597288235126495,
    "gamma_DON2DINp": 2.9723750194475693e-09
}