{
    "KICp": 0.05003472843463705,
    "KINp": 0.45916381992127503,
    "Mp": 2.4322160389938214e-06,
    "VmaxICp": 0.0005280596420965967,
    "VmaxINp": 2.3776859964138058e-05,
    "gammaDp": 0.1429259931705135,
    "gamma_DON2DINp": 5.382666652670793e-09
}