{
    "KICp": 0.07654769754754946,
    "KINp": 0.03207352399771011,
    "Mp": 3.748883396709067e-06,
    "VmaxICp": 0.001653518568868499,
    "VmaxINp": 3.563712340033885e-05,
    "gammaDp": 0.3687207352320598,
    "gamma_DON2DINp": 1.770869011044388e-08
}