{
    "KICp": 0.08188969919796525,
    "KINp": 0.11062144650631028,
    "Mp": 4.7348204208114744e-06,
    "VmaxICp": 0.00048381362275909547,
    "VmaxINp": 0.00012891075769824015,
    "gammaDp": 0.5817902026082171,
    "gamma_DON2DINp": 1.9268971464239537e-08
}