{
    "KICp": 0.12343892144782041,
    "KINp": 0.6022506645768033,
    "Mp": 3.066080579731346e-06,
    "VmaxICp": 0.00023859198703433325,
    "VmaxINp": 3.542398758355151e-05,
    "gammaDp": 0.48128674627823825,
    "gamma_DON2DINp": 3.2523151594876263e-09
}