{
    "KICp": 0.4180128036796908,
    "KINp": 0.08257701956252107,
    "Mp": 4.196155544759671e-06,
    "VmaxICp": 0.0012481679262161965,
    "VmaxINp": 3.964107572056027e-05,
    "gammaDp": 0.11044396162389508,
    "gamma_DON2DINp": 1.223908544801486e-08
}