{
    "KICp": 0.5861015873981712,
    "KINp": 0.1231892985827773,
    "Mp": 2.4372996438039728e-06,
    "VmaxICp": 0.0005092081860588398,
    "VmaxINp": 3.6363349672214534e-05,
    "gammaDp": 0.2519030803471682,
    "gamma_DON2DINp": 8.74132832311961e-09
}