{
    "KICp": 0.042390057636350904,
    "KINp": 0.12474035121498965,
    "Mp": 2.7392712800373645e-06,
    "VmaxICp": 0.001128756158857736,
    "VmaxINp": 5.3707642752213764e-05,
    "gammaDp": 0.2608887601003763,
    "gamma_DON2DINp": 5.913940512576842e-09
}