{
    "KICp": 0.030132317853319397,
    "KINp": 0.21559021310933574,
    "Mp": 2.225149845287244e-06,
    "VmaxICp": 0.0002894201027888705,
    "VmaxINp": 5.0760358483792166e-05,
    "gammaDp": 0.10247154836050094,
    "gamma_DON2DINp": 5.9646897523995735e-09
}