{
    "KICp": 0.13918136744523507,
    "KINp": 0.03631023933936302,
    "Mp": 2.5237702798211313e-06,
    "VmaxICp": 0.0003187643598866214,
    "VmaxINp": 0.0003519113975267596,
    "gammaDp": 0.30947139621065844,
    "gamma_DON2DINp": 2.3761650788634126e-09
}