{
    "KICp": 0.03731386137972875,
    "KINp": 0.03620226342188826,
    "Mp": 2.9670342349160954e-06,
    "VmaxICp": 0.0022060043400671447,
    "VmaxINp": 2.689185236661571e-05,
    "gammaDp": 0.14511269260397602,
    "gamma_DON2DINp": 1.2073307096203475e-08
}