{
    "KICp": 165.62662528790207,
    "KINp": 0.02,
    "Mp": 4.635466345373933e-06,
    "VmaxICp": 2.510365995583612e-05,
    "VmaxINp": 1.75921944612527e-05,
    "gammaDp": 0.2335065200525104
}