{
    "E_leakp": 2.9091050273552193e-06,
    "KICp": 0.3539874597011519,
    "KINp": 0.31737244386394114,
    "KOCp": 0.261338269139219,
    "KONp": 0.6842613750422061,
    "Mp": 2.3209398126063627e-07,
    "VmaxICp": 7.701421790020819e-05,
    "VmaxINp": 0.00013367769256263874,
    "VmaxOCp": 4.525847909187133e-05,
    "VmaxONp": 2.2049755693009168e-06,
    "gammaDp": 0.8738646300563733
}