{
    "E_ROSp": 1.9182513558719074e-07,
    "E_leakp": 3.3731223299372127e-06,
    "KICp": 0.053645385945253345,
    "KINp": 0.16555126803017242,
    "Mp": 8.852315297212482e-07,
    "VmaxICp": 0.00021893827035273123,
    "VmaxINp": 0.00018839653977340733,
    "gammaDp": 0.6798331864196543,
    "omegaP": 0.03051785890171899
}