{
    "E_leakp": 1.9080959162700095e-06,
    "KICp": 0.4082419667584578,
    "KINp": 0.14420141996575678,
    "Mp": 2.562374309490037e-06,
    "VmaxICp": 0.00021888542580666804,
    "VmaxINp": 7.767847604857477e-05,
    "gammaDp": 0.3380380831874563,
    "gamma_DON2DINp": 3.955230954506513e-09
}