{
    "E_ROSp": 2.721132793545095e-07,
    "E_leakp": 8.036567035672747e-07,
    "KICp": 0.40990262091474755,
    "KINp": 0.30031717128381885,
    "Mp": 3.921581414221085e-06,
    "VmaxICp": 0.0003453913237424243,
    "VmaxINp": 3.5038506797326076e-05,
    "gammaDp": 0.581293457376906,
    "omegaP": 0.00479092098908412
}