{
    "E_ROSp": 1.2999449654812106e-06,
    "E_leakp": 3.2958682763440552e-06,
    "KICp": 0.03293362188478991,
    "KINp": 0.5184723669964072,
    "Mp": 2.1328626003758537e-06,
    "VmaxICp": 0.0003150347774181497,
    "VmaxINp": 7.497643165763681e-05,
    "gammaDp": 0.38527543445942236,
    "omegaP": 0.002341506919927841
}