{
    "E_leakp": 4.589184291686674e-06,
    "KICp": 0.14575701117652187,
    "KINp": 0.5413468105130914,
    "KOCp": 0.6272580710239144,
    "KONp": 0.07602697727645738,
    "Mp": 2.7356607437996596e-06,
    "VmaxICp": 0.0013259154695664285,
    "VmaxINp": 2.9327535458448183e-05,
    "VmaxOCp": 0.00019670349050611509,
    "VmaxONp": 9.47094027614621e-06,
    "gammaDp": 0.8701047449596074
}