{
    "E_leakp": 2.791208596270445e-06,
    "KICp": 0.12100560970221426,
    "KINp": 0.5355853371445037,
    "Mp": 2.513917320981842e-06,
    "VmaxICp": 0.0002978389431891784,
    "VmaxINp": 0.00012728981594216582,
    "gammaDp": 0.7507822816724329,
    "gamma_DON2DINp": 2.3343625056622814e-09
}