{
    "E_leakp": 2.9183965072821233e-07,
    "KICp": 0.3087677508683216,
    "KINp": 0.29905875442325663,
    "Mp": 4.343438434947557e-06,
    "VmaxICp": 0.00030357325567845314,
    "VmaxINp": 6.682598166689197e-05,
    "gammaDp": 0.6912218222261942
}