{
    "E_leakp": 7.891955195623074e-07,
    "KICp": 0.3106104186280837,
    "KINp": 0.3073400349323591,
    "KOCp": 0.4804840538929588,
    "KONp": 0.037981299551198305,
    "Mp": 3.0309469127509705e-06,
    "VmaxICp": 0.000227555781666116,
    "VmaxINp": 3.090044228618899e-05,
    "VmaxOCp": 0.00022329456048008516,
    "VmaxONp": 4.628917580684592e-06,
    "gammaDp": 0.22180490716017384
}