{
    "E_leakp": 1.5062887678586618e-06,
    "KICp": 0.0647293959228288,
    "KINp": 0.1877161591919082,
    "Mp": 2.7214806003233993e-06,
    "VmaxICp": 0.0002643455138717163,
    "VmaxINp": 0.00013749069764028464,
    "gammaDp": 0.1817488355507286,
    "gamma_DON2DINp": 3.1842213352395853e-09
}