{
    "E_leakp": 3.110877462441378e-06,
    "KICp": 0.39031612884508887,
    "KINp": 0.167850289171178,
    "KOCp": 0.2571402487099001,
    "KONp": 0.03262950957251397,
    "Mp": 5.691627156790394e-06,
    "VmaxICp": 0.0007059463390546477,
    "VmaxINp": 1.985021643388769e-05,
    "VmaxOCp": 0.00023974726713398847,
    "VmaxONp": 3.6002163200902525e-05,
    "gammaDp": 0.27477755488048633
}