{
    "E_leakp": 3.991211006566457e-06,
    "KICp": 0.042763759308507544,
    "KINp": 0.5278525625069564,
    "Mp": 1.3957167152965545e-06,
    "VmaxICp": 0.0011089496787626992,
    "VmaxINp": 4.686240545662206e-05,
    "gammaDp": 0.3097500317734907
}