{
    "E_leakp": 1.3390323481796869e-06,
    "KICp": 0.19838675467460515,
    "KINp": 0.093331207146369,
    "Mp": 1.1665755998257676e-06,
    "VmaxICp": 0.0003779754337448013,
    "VmaxINp": 3.2019052040279515e-05,
    "gammaDp": 0.14384356640289073
}