{
    "E_ROSp": 1.1522556894381433e-06,
    "E_leakp": 4.7067224059859643e-07,
    "KICp": 0.4432518254991418,
    "KINp": 0.10535613484068902,
    "Mp": 5.3807155962112435e-06,
    "VmaxICp": 0.0003462489858941073,
    "VmaxINp": 5.7050754428586515e-05,
    "gammaDp": 0.3584237149793108,
    "omegaP": 0.0018762416807109996
}