{
    "E_leakp": 2.7361523247970326e-06,
    "KICp": 0.04935071427990856,
    "KINp": 0.5341394579019919,
    "Mp": 2.8946640069860582e-06,
    "VmaxICp": 0.000252063960120841,
    "VmaxINp": 0.00010476007350637398,
    "gammaDp": 0.40860363878081246
}