{
    "E_leakp": 9.889758375869448e-07,
    "KICp": 0.051595833773330844,
    "KINp": 0.18811570314149878,
    "Mp": 3.83173087540554e-06,
    "VmaxICp": 0.0005742880301120421,
    "VmaxINp": 3.192471008841371e-05,
    "gammaDp": 0.5287600861860283
}