{
    "E_leakp": 1.1532102107252182e-06,
    "KICp": 0.3409393411091178,
    "KINp": 0.6287652794696488,
    "Mp": 2.4826540978905563e-06,
    "VmaxICp": 0.001091776961919292,
    "VmaxINp": 2.9322354973561892e-05,
    "gammaDp": 0.35283333864004107
}