{
    "E_leakp": 5.783450140945357e-06,
    "KICp": 0.11186808384960331,
    "KINp": 0.5831267917301004,
    "KOCp": 0.08130066874679485,
    "KONp": 0.4745357899817607,
    "Mp": 4.180136053484006e-07,
    "VmaxICp": 0.00024923680126635097,
    "VmaxINp": 7.56489112441501e-05,
    "VmaxOCp": 2.191182411603042e-05,
    "VmaxONp": 9.064976141066471e-06,
    "gammaDp": 0.2908057188032413
}