{
    "E_leakp": 4.352589344463431e-06,
    "KICp": 0.10844701594905046,
    "KINp": 0.48231367244310297,
    "Mp": 5.425224950304491e-06,
    "VmaxICp": 0.0004370412512078753,
    "VmaxINp": 6.799636121203286e-05,
    "gammaDp": 0.4521316432273646,
    "gamma_DON2DINp": 2.9609737609226296e-09
}