{
    "E_leakp": 1.3675685405139157e-06,
    "KICp": 0.2519087528155914,
    "KINp": 0.3936709319562058,
    "Mp": 3.163816123454611e-06,
    "VmaxICp": 0.0006052377172148329,
    "VmaxINp": 2.844569813872294e-05,
    "gammaDp": 0.3343224657631063,
    "gamma_DON2DINp": 2.376010931598707e-09
}