{
    "E_leakp": 8.69064691213305e-07,
    "KICp": 0.03877755522755716,
    "KINp": 0.6030840468764709,
    "Mp": 4.805979918878238e-06,
    "VmaxICp": 0.0005948366335592623,
    "VmaxINp": 3.758498376267219e-05,
    "gammaDp": 0.6878670535833928
}