{
    "E_leakp": 1.9772777533761836e-06,
    "KICp": 0.6257855201580876,
    "KINp": 0.6103723843870088,
    "Mp": 1.297250208541512e-06,
    "VmaxICp": 0.0011748082863691925,
    "VmaxINp": 6.909853670455456e-05,
    "gammaDp": 0.6677061729890972
}