{
    "E_leakp": 3.6025387052577834e-06,
    "KICp": 0.3170767264278644,
    "KINp": 0.18654601909504487,
    "Mp": 1.1038916516001025e-06,
    "VmaxICp": 0.0002099834866711667,
    "VmaxINp": 0.00010542990490858263,
    "gammaDp": 0.42995837765848793
}