{
    "E_leakp": 1.5548820952361074e-06,
    "KICp": 0.2119780867230732,
    "KINp": 0.31864411899864037,
    "Mp": 3.347544024689984e-07,
    "VmaxICp": 0.00029177578056608847,
    "VmaxINp": 7.519457780244464e-05,
    "gammaDp": 0.7503327376204098
}