{
    "E_leakp": 3.2190233816823223e-07,
    "KICp": 0.11981808561600275,
    "KINp": 0.6752819675812031,
    "Mp": 4.819645388082211e-06,
    "VmaxICp": 0.0002265955929965459,
    "VmaxINp": 0.00013829264064688042,
    "gammaDp": 0.5591890631013774
}