{
    "E_leakp": 1.4692755325519233e-06,
    "KICp": 0.23592051679004977,
    "KINp": 0.12359769396311668,
    "Mp": 8.653709480980114e-07,
    "VmaxICp": 0.0009904010806444296,
    "VmaxINp": 3.694908141134546e-05,
    "gammaDp": 0.652740988612365
}