{
    "E_leakp": 4.935758483848841e-06,
    "KICp": 0.049033994753354695,
    "KINp": 0.37083494079665935,
    "KOCp": 0.2335155988246315,
    "KONp": 0.5592170731012825,
    "Mp": 4.6735710338635e-07,
    "VmaxICp": 0.0009601571183777236,
    "VmaxINp": 2.7082326093481654e-05,
    "VmaxOCp": 4.6303919543187146e-05,
    "VmaxONp": 3.933388910983131e-06,
    "gammaDp": 0.36277855991373814
}