{
    "E_leakp": 2.6620443103752035e-07,
    "KICp": 0.27955674651737555,
    "KINp": 0.33494695736202396,
    "Mp": 4.743793837938206e-06,
    "VmaxICp": 0.00018804760476700294,
    "VmaxINp": 0.00010542563328544152,
    "gammaDp": 0.7142230270029427,
    "gamma_DON2DINp": 2.8477982544439917e-09
}