{
    "E_leakp": 9.183991674542063e-07,
    "KICp": 0.033358694840151706,
    "KINp": 0.05280714190493395,
    "KOCp": 0.23773614875606403,
    "KONp": 0.08394517853411101,
    "Mp": 3.6352932650392568e-06,
    "VmaxICp": 0.00072175054716838,
    "VmaxINp": 1.939729693768888e-05,
    "VmaxOCp": 4.61704082174591e-05,
    "VmaxONp": 1.3991666772365379e-05,
    "gammaDp": 0.12298801495891698
}