{
    "E_ROSp": 4.017746032973278e-06,
    "E_leakp": 1.506523154183871e-06,
    "KICp": 0.6588356224859289,
    "KINp": 0.44515954797106,
    "Mp": 5.813800536259169e-07,
    "VmaxICp": 0.0009773560045044,
    "VmaxINp": 2.6343661007613874e-05,
    "gammaDp": 0.8757746689021587,
    "omegaP": 0.011414943338965906
}