{
    "E_leakp": 3.9336949334170446e-06,
    "KICp": 0.27577903227119094,
    "KINp": 0.3519246454833068,
    "KOCp": 0.11378327131312246,
    "KONp": 0.42309758787976076,
    "Mp": 4.395428213592454e-06,
    "VmaxICp": 0.00019376656830310732,
    "VmaxINp": 6.182926864707372e-05,
    "VmaxOCp": 0.00018043682370673397,
    "VmaxONp": 2.1753893939933803e-05,
    "gammaDp": 0.2544307805723522
}