{
    "E_leakp": 2.609285582560963e-07,
    "KICp": 0.028564699813560527,
    "KINp": 0.060073129851101005,
    "Mp": 4.922973395886617e-06,
    "VmaxICp": 0.0002061763436814072,
    "VmaxINp": 0.00010180818835218657,
    "gammaDp": 0.8666552693634325
}