{
    "E_ROSp": 7.060082036410274e-08,
    "E_leakp": 5.263639788400506e-06,
    "KICp": 0.6125744587713104,
    "KINp": 0.23759829548869116,
    "Mp": 5.869788057662454e-07,
    "VmaxICp": 0.00022995441795582055,
    "VmaxINp": 6.24821239674271e-05,
    "gammaDp": 0.2391633976010798,
    "omegaP": 0.013158343441364781
}