{
    "E_leakp": 7.123161833590463e-07,
    "KICp": 0.057884084300112985,
    "KINp": 0.048673311046297935,
    "Mp": 4.3066310824214525e-06,
    "VmaxICp": 0.0003386486117534679,
    "VmaxINp": 4.608806173567406e-05,
    "gammaDp": 0.5342360994451248
}