{
    "E_leakp": 8.554454495821853e-07,
    "KICp": 0.49337922844131465,
    "KINp": 0.03544608907908091,
    "Mp": 5.237830933405802e-06,
    "VmaxICp": 0.0006205812619293013,
    "VmaxINp": 4.8813052261335594e-05,
    "gammaDp": 0.4108702252615867,
    "gamma_DON2DINp": 5.256907921199109e-08
}