{
    "E_ROSp": 2.547559193039906e-06,
    "E_leakp": 1.7446174283923701e-06,
    "KICp": 0.3097297315697455,
    "KINp": 0.04933081221508354,
    "Mp": 3.3749071824836423e-06,
    "VmaxICp": 0.00022101958472195814,
    "VmaxINp": 0.00011232955340756626,
    "gammaDp": 0.13632740188240605,
    "omegaP": 0.004372382153282456
}