{
    "E_ROSp": 8.669576633925976e-08,
    "E_leakp": 2.752680125424204e-06,
    "KICp": 0.09099897616094925,
    "KINp": 0.036289546686123254,
    "Mp": 2.1724831672340276e-06,
    "VmaxICp": 0.00027709295049016324,
    "VmaxINp": 4.036237295869227e-05,
    "gammaDp": 0.14601644358725255,
    "omegaP": 0.001610809072633322
}