{
    "E_leakp": 3.267834132753265e-06,
    "KICp": 0.7041256336838341,
    "KINp": 0.4016826805400214,
    "KOCp": 0.0696357648140447,
    "KONp": 0.5420217638021689,
    "Mp": 3.337097983404378e-06,
    "VmaxICp": 0.00022400449020901697,
    "VmaxINp": 0.00016022803093412795,
    "VmaxOCp": 1.347547020098122e-05,
    "VmaxONp": 1.0706030016283576e-05,
    "gammaDp": 0.5425684511140224
}