{
    "E_leakp": 2.0326116093553213e-06,
    "KICp": 0.05406246403421149,
    "KINp": 0.26733537488862247,
    "Mp": 2.0249050676825266e-06,
    "VmaxICp": 0.001296819981536386,
    "VmaxINp": 2.6133045997600303e-05,
    "gammaDp": 0.7310595314135631
}