{
    "E_leakp": 4.502886824138746e-06,
    "KICp": 0.04489742405895043,
    "KINp": 0.19827167200043005,
    "KOCp": 0.13107791853859121,
    "KONp": 0.6244886340241816,
    "Mp": 2.6591450681504365e-06,
    "VmaxICp": 7.056767185659984e-05,
    "VmaxINp": 0.00015330300548631703,
    "VmaxOCp": 0.0002503060728140757,
    "VmaxONp": 9.389003151730658e-06,
    "gammaDp": 0.46770733703275214
}