{
    "E_leakp": 2.900182482581676e-06,
    "KICp": 0.2222983396335796,
    "KINp": 0.17329794917440966,
    "KOCp": 0.18631647769508972,
    "KONp": 0.08536148068810076,
    "Mp": 3.002856300151433e-06,
    "VmaxICp": 0.0003802952296868259,
    "VmaxINp": 3.16577062200059e-05,
    "VmaxOCp": 1.078280550628118e-05,
    "VmaxONp": 7.407199695004654e-06,
    "gammaDp": 0.125584206989424
}