{
    "E_ROSp": 3.3740890183320896e-06,
    "E_leakp": 3.785814725630474e-06,
    "KICp": 0.03898585632165249,
    "KINp": 0.40725956986751355,
    "Mp": 1.2400564696236682e-06,
    "VmaxICp": 0.0006135696902186396,
    "VmaxINp": 4.330867787872199e-05,
    "gammaDp": 0.645376613799312,
    "omegaP": 0.004955569832519436
}