{
    "E_leakp": 3.0255362178638957e-06,
    "KICp": 0.44928034839502684,
    "KINp": 0.0825795292943754,
    "Mp": 1.979427435512128e-06,
    "VmaxICp": 0.0007705661812109273,
    "VmaxINp": 3.0406579971600107e-05,
    "gammaDp": 0.7827746122220002
}