{
    "E_leakp": 1.8483380877184052e-06,
    "KICp": 0.6941637733973663,
    "KINp": 0.035342656443246245,
    "Mp": 5.607899129759136e-06,
    "VmaxICp": 0.000288823131475371,
    "VmaxINp": 0.00014026532719151708,
    "gammaDp": 0.8750979285344178
}