{
    "E_leakp": 4.245371196997862e-06,
    "KICp": 0.14126742026320274,
    "KINp": 0.2176289891144067,
    "Mp": 1.2485116612272905e-06,
    "VmaxICp": 0.0009734349465439039,
    "VmaxINp": 3.27596560875467e-05,
    "gammaDp": 0.7798667616967911,
    "gamma_DON2DINp": 3.4966598188140044e-09
}