{
    "E_leakp": 5.608479486378747e-06,
    "KICp": 0.08570231088961161,
    "KINp": 0.3326445811219271,
    "Mp": 8.623518512204746e-07,
    "VmaxICp": 0.0005107267301958842,
    "VmaxINp": 3.483979934180799e-05,
    "gammaDp": 0.8452595359603765
}