{
    "E_leakp": 5.608034960485889e-06,
    "KICp": 0.14722844995876658,
    "KINp": 0.30618942277710176,
    "Mp": 4.257344655357754e-06,
    "VmaxICp": 0.00046221021854889665,
    "VmaxINp": 9.175097125442921e-05,
    "gammaDp": 0.10324136917373006,
    "gamma_DON2DINp": 2.409585553823308e-09
}