{
    "E_leakp": 2.14107999173006e-06,
    "KICp": 0.441358298348013,
    "KINp": 0.3038745405091297,
    "Mp": 1.50583436686485e-06,
    "VmaxICp": 0.00035233217894473594,
    "VmaxINp": 3.4222088975255534e-05,
    "gammaDp": 0.5584903547237234
}