{
    "E_ROSp": 3.9107789082972457e-07,
    "E_leakp": 1.599871042293372e-06,
    "KICp": 0.5097726594607133,
    "KINp": 0.038933838781715004,
    "Mp": 3.4342865729519404e-06,
    "VmaxICp": 0.0003830319554869718,
    "VmaxINp": 5.133285014625216e-05,
    "gammaDp": 0.755049354048535,
    "omegaP": 0.06194973891021022
}