{
    "E_ROSp": 6.4502977290109915e-06,
    "E_leakp": 1.3413463096702933e-06,
    "KICp": 0.10308134476519305,
    "KINp": 0.09625878835195487,
    "Mp": 5.037716465923943e-07,
    "VmaxICp": 0.0010762491929997141,
    "VmaxINp": 2.2708881635969898e-05,
    "gammaDp": 0.22022500995896868,
    "omegaP": 0.004773080669296013
}