{
    "E_leakp": 3.1637202804483085e-06,
    "KICp": 0.11106560536956571,
    "KINp": 0.0637705426431215,
    "KOCp": 0.03628340207164155,
    "KONp": 0.506875048983921,
    "Mp": 4.931315662161521e-06,
    "VmaxICp": 0.00024468089885430316,
    "VmaxINp": 5.831642691433217e-05,
    "VmaxOCp": 3.995636325157705e-05,
    "VmaxONp": 3.0227424838052166e-05,
    "gammaDp": 0.19171470227893372
}