{
    "E_leakp": 3.232481210893335e-06,
    "KICp": 0.3486545472326722,
    "KINp": 0.06107024243071119,
    "Mp": 3.1874215823514545e-07,
    "VmaxICp": 0.00038481224284849994,
    "VmaxINp": 2.692733055761453e-05,
    "gammaDp": 0.835151968151331
}