{
    "E_ROSp": 5.933131449068148e-06,
    "E_leakp": 1.9909734636508653e-06,
    "KICp": 0.08038670888437945,
    "KINp": 0.05791683861006221,
    "Mp": 1.168195438740633e-06,
    "VmaxICp": 0.00030450474259814697,
    "VmaxINp": 5.0238544579960956e-05,
    "gammaDp": 0.38454913513965033,
    "omegaP": 0.002170833710080449
}