{
    "E_ROSp": 7.893781579508516e-08,
    "E_leakp": 3.657070433586691e-06,
    "KICp": 0.35968678668094367,
    "KINp": 0.18221414585299073,
    "Mp": 1.9230785162001525e-06,
    "VmaxICp": 0.00029015131896892695,
    "VmaxINp": 8.206838375078522e-05,
    "gammaDp": 0.7474755153432088,
    "omegaP": 0.03667405433253887
}