{
    "E_leakp": 2.8386541949593797e-07,
    "KICp": 0.0358061826077646,
    "KINp": 0.647819228754255,
    "Mp": 5.033880642830223e-06,
    "VmaxICp": 0.0003741512060640999,
    "VmaxINp": 3.105964928392889e-05,
    "gammaDp": 0.1909676231443882,
    "gamma_DON2DINp": 4.1538470025823396e-08
}