{
    "E_leakp": 2.8817252008964508e-06,
    "KICp": 0.06991166205317347,
    "KINp": 0.28313667103803447,
    "KOCp": 0.5898091218711932,
    "KONp": 0.08554493359906881,
    "Mp": 1.130763331116425e-06,
    "VmaxICp": 0.0004026691635736865,
    "VmaxINp": 5.535513007098531e-05,
    "VmaxOCp": 1.261512504792612e-05,
    "VmaxONp": 2.3214054529952483e-06,
    "gammaDp": 0.5910464575027511
}