{
    "E_leakp": 1.5489993878981255e-06,
    "KICp": 0.2498805138796618,
    "KINp": 0.05267645742166307,
    "Mp": 3.886572599388949e-06,
    "VmaxICp": 0.00040523370333812154,
    "VmaxINp": 4.633909871275162e-05,
    "gammaDp": 0.3351345235173932,
    "gamma_DON2DINp": 1.567618884212232e-08
}