{
    "E_leakp": 5.130330911954632e-06,
    "KICp": 0.22368302871071372,
    "KINp": 0.35479538627746265,
    "Mp": 1.1801057111300553e-06,
    "VmaxICp": 0.0003073386592637568,
    "VmaxINp": 8.337716400060774e-05,
    "gammaDp": 0.22215963861721627,
    "gamma_DON2DINp": 4.635033562484853e-09
}