{
    "E_leakp": 8.080588655071561e-07,
    "KICp": 0.0672981856752994,
    "KINp": 0.08973984979463569,
    "Mp": 3.070748866163725e-06,
    "VmaxICp": 0.0006914203615432663,
    "VmaxINp": 5.489853349838703e-05,
    "gammaDp": 0.5244922873638461
}