{
    "E_leakp": 5.0534260522673e-06,
    "KICp": 0.05815395645452009,
    "KINp": 0.06944291523758521,
    "KOCp": 0.11238353077129482,
    "KONp": 0.24236806915806136,
    "Mp": 5.833739526070825e-07,
    "VmaxICp": 0.00029440047138860014,
    "VmaxINp": 2.5826398913981918e-05,
    "VmaxOCp": 4.346568772638214e-05,
    "VmaxONp": 3.235086286990344e-06,
    "gammaDp": 0.4880685433745384
}