{
    "E_leakp": 1.561860910658742e-06,
    "KICp": 0.032371671172920106,
    "KINp": 0.2976262533381355,
    "Mp": 3.610803071541658e-06,
    "VmaxICp": 0.0004458412366797998,
    "VmaxINp": 4.51446246054221e-05,
    "gammaDp": 0.8879750519990921
}