{
    "E_ROSp": 1.351893811713778e-07,
    "E_leakp": 4.36692727227667e-06,
    "KICp": 0.207446633805235,
    "KINp": 0.0523371885960752,
    "Mp": 1.4637208898869086e-06,
    "VmaxICp": 0.0002723622306711,
    "VmaxINp": 0.00012217477455640007,
    "gammaDp": 0.586858119815588,
    "omegaP": 0.0021995827045220994
}