{
    "E_ROSp": 4.400377764983067e-07,
    "E_leakp": 3.136758779123555e-06,
    "KICp": 0.08618026401356356,
    "KINp": 0.0629896986272224,
    "Mp": 2.0024725374623103e-06,
    "VmaxICp": 0.00034884774240099295,
    "VmaxINp": 3.025244451533108e-05,
    "gammaDp": 0.6761482332354255,
    "omegaP": 0.0021386520122649343
}