{
    "E_leakp": 5.777595897637499e-07,
    "KICp": 0.042029515115331956,
    "KINp": 0.21678729634661092,
    "KOCp": 0.2006316141151804,
    "KONp": 0.21710690917736877,
    "Mp": 5.126318486708164e-06,
    "VmaxICp": 0.00029045079476950833,
    "VmaxINp": 2.8785424437445127e-05,
    "VmaxOCp": 8.236810293621676e-05,
    "VmaxONp": 4.345756865727062e-06,
    "gammaDp": 0.5408443179155586
}