{
    "E_leakp": 4.605737867899445e-06,
    "KICp": 0.02988007718985225,
    "KINp": 0.226215750908938,
    "Mp": 3.8392530075027867e-07,
    "VmaxICp": 0.00028157692665099516,
    "VmaxINp": 9.869010663783526e-05,
    "gammaDp": 0.6663329395223996
}