{
    "E_leakp": 4.7677643618925347e-07,
    "KICp": 0.09650459379268304,
    "KINp": 0.03164415353319648,
    "Mp": 2.7819550211352034e-06,
    "VmaxICp": 0.000617110480725033,
    "VmaxINp": 1.3859766217648988e-05,
    "gammaDp": 0.1584218639398721,
    "gamma_DON2DINp": 1.5538904446571622e-08
}