{
    "E_ROSp": 3.3972087928219155e-07,
    "E_leakp": 4.92828996401863e-06,
    "KICp": 0.11300836584084216,
    "KINp": 0.3774402896317482,
    "Mp": 5.21599801434734e-07,
    "VmaxICp": 0.0008617310441040865,
    "VmaxINp": 3.7898678200297424e-05,
    "gammaDp": 0.38456898117841526,
    "omegaP": 0.0018576290782380202
}