{
    "E_leakp": 3.7554534084168006e-06,
    "KICp": 0.21189938393409283,
    "KINp": 0.2555213708791329,
    "Mp": 4.844358696598545e-07,
    "VmaxICp": 0.00029505638321931536,
    "VmaxINp": 4.056335157319881e-05,
    "gammaDp": 0.7920316920843923
}