{
    "E_leakp": 2.9452038778485193e-07,
    "KICp": 0.705446208517279,
    "KINp": 0.6068147646653907,
    "Mp": 2.5557512395264157e-06,
    "VmaxICp": 0.00036293104732650945,
    "VmaxINp": 3.672747643386708e-05,
    "gammaDp": 0.7345201276369904
}