{
    "E_leakp": 8.089149605816094e-07,
    "KICp": 0.4189932366251837,
    "KINp": 0.046407419200870055,
    "Mp": 3.7705403615603177e-06,
    "VmaxICp": 0.0011753012409305424,
    "VmaxINp": 2.7666488921661314e-05,
    "gammaDp": 0.6121261652316365,
    "gamma_DON2DINp": 3.846404534690499e-09
}