{
    "E_leakp": 3.2900118577944525e-06,
    "KICp": 0.1647819890714993,
    "KINp": 0.04440058278641125,
    "Mp": 1.4426557260249884e-06,
    "VmaxICp": 0.00020493844412343355,
    "VmaxINp": 6.169386756096893e-05,
    "gammaDp": 0.30372956076173235,
    "gamma_DON2DINp": 2.418472067395235e-09
}