{
    "E_ROSp": 8.750498945567263e-07,
    "E_leakp": 9.44832216310267e-07,
    "KICp": 0.0636305504103935,
    "KINp": 0.04390563388369394,
    "Mp": 2.628100172754749e-06,
    "VmaxICp": 0.00037379854878174,
    "VmaxINp": 3.149729317734021e-05,
    "gammaDp": 0.6138245873573993,
    "omegaP": 0.009378612559392074
}