{
    "E_leakp": 1.1663383073327648e-06,
    "KICp": 0.14633114706212286,
    "KINp": 0.49444525643755044,
    "Mp": 3.0257568899361778e-06,
    "VmaxICp": 0.00032221087366007925,
    "VmaxINp": 3.8538621934465614e-05,
    "gammaDp": 0.15199790359926163,
    "gamma_DON2DINp": 1.228771438025866e-08
}