{
    "KICp": 37.0,
    "KINp": 0.1988095837309889,
    "KlossROSp": 2.2012691891292882e-07,
    "Koverflowp": 9.686796997596278e-06,
    "KprodROSp": 2.1228041013606965e-08,
    "Mp": 1.968349145131297e-07,
    "VmaxICp": 2.230977149916805e-05,
    "VmaxINp": 3.880156088971853e-05,
    "gammaDp": 0.6536682993291867,
    "omegaP": 3.827136961978959e-05
}