{
    "KICp": 15.1952314276383,
    "KINp": 0.0048452928723922,
    "KlossROSp": 1.956673654786862e-06,
    "Koverflowp": 1.157407407407407e-06,
    "KprodROSp": 4.696016771488469e-09,
    "Mp": 4.4049697280221335e-06,
    "VmaxICp": 5.103080189861304e-05,
    "VmaxINp": 3.362407786741984e-05,
    "gammaDp": 0.6843171018653337,
    "omegaP": 9.10729972811535e-05
}