{
    "E_ROSp": 6.189452844276273e-07,
    "KICp": 0.7118816965121547,
    "KINp": 0.4193958243617774,
    "Mp": 2.0373977261253018e-06,
    "VmaxICp": 0.00019755305491239367,
    "VmaxINp": 0.00014041773633832679,
    "gammaDp": 0.4778964034273882,
    "omegaP": 0.001719350807449112
}