{
    "KICp": 0.39334314362913986,
    "KINp": 0.44130852232582063,
    "Mp": 2.6191376946815775e-06,
    "VmaxICp": 0.0010854324841230386,
    "VmaxINp": 4.6406544306508634e-05,
    "gammaDp": 0.2593858064713167,
    "gamma_DON2DINp": 4.166968228664005e-09
}