{
    "KICp": 0.6167169419035992,
    "KINp": 0.3552012812147727,
    "KOCp": 0.06424147535225751,
    "KONp": 0.46010313814223114,
    "Mp": 3.709474827176118e-06,
    "VmaxICp": 0.00030259245343054606,
    "VmaxINp": 2.9851923207389133e-05,
    "VmaxOCp": 1.089321436190018e-05,
    "VmaxONp": 3.7652883467102855e-06,
    "gammaDp": 0.2660465466734946
}