{
    "E_ROSp": 2.1372447638416054e-07,
    "KICp": 0.07336851926572076,
    "KINp": 0.5967528682000983,
    "Mp": 1.7901632008540796e-06,
    "VmaxICp": 0.00017447939983304775,
    "VmaxINp": 7.821924203237102e-05,
    "gammaDp": 0.5799273852589328,
    "omegaP": 0.010956239260346957
}