{
    "KICp": 0.4822160773494163,
    "KINp": 0.5718688662739524,
    "Mp": 3.043187045438133e-06,
    "VmaxICp": 0.00034627729999601764,
    "VmaxINp": 4.657070199264469e-05,
    "gammaDp": 0.24617057705765255
}