{
    "KICp": 0.03087652914226345,
    "KINp": 0.2002294437274125,
    "Mp": 3.49034927634098e-06,
    "VmaxICp": 0.0006718077961850273,
    "VmaxINp": 3.408696713828783e-05,
    "gammaDp": 0.8380268388659102
}