{
    "E_ROSp": 1.851822494793445e-06,
    "KICp": 0.22740295841441857,
    "KINp": 0.2922312263141358,
    "Mp": 1.684586510825803e-06,
    "VmaxICp": 0.0001620100350813076,
    "VmaxINp": 0.00010008526726860853,
    "gammaDp": 0.12981165388178506,
    "omegaP": 0.01794500111326598
}