{
    "E_ROSp": 1.2253585578808614e-06,
    "KICp": 0.028768756845786857,
    "KINp": 0.032155555607419506,
    "Mp": 2.0832918870215523e-06,
    "VmaxICp": 0.0007949102010009877,
    "VmaxINp": 3.823208667457295e-05,
    "gammaDp": 0.3197110297764733,
    "omegaP": 0.009804420324357738
}