{
    "E_ROSp": 7.998478592121337e-07,
    "KICp": 0.07924994632483988,
    "KINp": 0.12269070668687478,
    "Mp": 2.116133400563711e-06,
    "VmaxICp": 0.000251589429971901,
    "VmaxINp": 3.338924664597451e-05,
    "gammaDp": 0.5914136842613027,
    "omegaP": 0.008467549543560215
}