{
    "E_ROSp": 2.5643287682540602e-06,
    "KICp": 0.5036225945364908,
    "KINp": 0.07739730403824595,
    "Mp": 1.5979466097441017e-06,
    "VmaxICp": 0.0002523648479552867,
    "VmaxINp": 2.7109610722901468e-05,
    "gammaDp": 0.1352612333776406,
    "omegaP": 0.01302817239503298
}