{
    "KICp": 0.2129771068848939,
    "KINp": 0.08206033977668017,
    "Mp": 3.7837942901170213e-06,
    "VmaxICp": 0.0012631378426367996,
    "VmaxINp": 6.917924581659029e-05,
    "gammaDp": 0.45550964060450205,
    "gamma_DON2DINp": 3.8256588755714144e-08
}