{
    "KICp": 0.07227387093403315,
    "KINp": 0.22871370626786164,
    "Mp": 3.632653281066019e-06,
    "VmaxICp": 0.0013146907616201073,
    "VmaxINp": 4.380034589342497e-05,
    "gammaDp": 0.17249155340750022
}