{
    "KICp": 0.032690631512267414,
    "KINp": 0.060234593356368535,
    "Mp": 2.2556685135704456e-06,
    "VmaxICp": 0.0002977976728873251,
    "VmaxINp": 0.00016552688220819234,
    "gammaDp": 0.49657472420546594
}