{
    "KICp": 0.3864596779150118,
    "KINp": 0.3046112524702735,
    "Mp": 2.3850703321713664e-06,
    "VmaxICp": 0.0008373930466975147,
    "VmaxINp": 3.55489564736512e-05,
    "gammaDp": 0.6430546567053788
}