{
    "KICp": 0.16086228939158487,
    "KINp": 0.39345016930217264,
    "Mp": 4.361374941684523e-06,
    "VmaxICp": 0.00029714080886230666,
    "VmaxINp": 5.338748166729314e-05,
    "gammaDp": 0.8063031362936208,
    "gamma_DON2DINp": 6.698626319529259e-09
}