{
    "KICp": 0.0633033738154654,
    "KINp": 0.06982626381990487,
    "KOCp": 0.07246496315392814,
    "KONp": 0.11479227527993652,
    "Mp": 5.064615554930202e-06,
    "VmaxICp": 0.0017304573210001294,
    "VmaxINp": 5.270653431293671e-05,
    "VmaxOCp": 0.00015395101173554002,
    "VmaxONp": 7.539973259396058e-06,
    "gammaDp": 0.48347431687945625
}