{
    "KICp": 0.03057005185272064,
    "KINp": 0.07047458486117453,
    "KOCp": 0.6141820602737101,
    "KONp": 0.13314528636864487,
    "Mp": 3.62330599954466e-06,
    "VmaxICp": 0.00015335871416271085,
    "VmaxINp": 8.356387375600047e-05,
    "VmaxOCp": 7.14819320811723e-05,
    "VmaxONp": 2.8944494213098986e-06,
    "gammaDp": 0.15600089627771765
}