{
    "KICp": 0.05184059280883766,
    "KINp": 0.2795739445334054,
    "Mp": 2.1305911731248095e-06,
    "VmaxICp": 0.0004116117603522228,
    "VmaxINp": 0.00016307761979515853,
    "gammaDp": 0.16744131576872545
}