{
    "KICp": 0.047217392336774994,
    "KINp": 0.2904347997210809,
    "KOCp": 0.1259126081782314,
    "KONp": 0.08625430320922448,
    "Mp": 3.823859534884134e-06,
    "VmaxICp": 0.00016274418896343898,
    "VmaxINp": 8.149548089042596e-05,
    "VmaxOCp": 7.613528123884629e-05,
    "VmaxONp": 2.621045733544472e-05,
    "gammaDp": 0.46350272805610104
}