{
    "KICp": 0.3125145485760554,
    "KINp": 0.029852014252777392,
    "Mp": 2.5546015461359996e-06,
    "VmaxICp": 0.0005986065439705661,
    "VmaxINp": 5.500457302293503e-05,
    "gammaDp": 0.670353272207554
}