{
    "KICp": 0.04825264909127887,
    "KINp": 0.29235091265862045,
    "KOCp": 0.3030842141691222,
    "KONp": 0.14814706404641986,
    "Mp": 2.562942811722372e-06,
    "VmaxICp": 0.00019780483304001202,
    "VmaxINp": 0.00011276590819459583,
    "VmaxOCp": 1.914985021869644e-05,
    "VmaxONp": 2.090694576059391e-05,
    "gammaDp": 0.220933156701854
}