{
    "KICp": 0.04183507832417207,
    "KINp": 0.22737460447072935,
    "Mp": 4.4012374160424945e-06,
    "VmaxICp": 0.000221162084330312,
    "VmaxINp": 8.962600461980021e-05,
    "gammaDp": 0.2934460291457985,
    "gamma_DON2DINp": 5.0024872878034147e-08
}