{
    "KICp": 0.11281254829792757,
    "KINp": 0.4218607147870051,
    "Mp": 2.6003341029429846e-06,
    "VmaxICp": 0.00026363399858062356,
    "VmaxINp": 0.00013239467652807516,
    "gammaDp": 0.7618248454909383
}