{
    "KICp": 0.08685415825034412,
    "KINp": 0.28213597828544623,
    "Mp": 7.740184541762899e-06,
    "VmaxICp": 0.0015773194592297675,
    "VmaxINp": 5.973997845865645e-05,
    "gammaDp": 0.14604885712125748
}