{
    "KICp": 0.08024112724620344,
    "KINp": 0.09086054820559272,
    "Mp": 3.8540122302253865e-06,
    "VmaxICp": 0.0017642967216208044,
    "VmaxINp": 3.622188730923553e-05,
    "gammaDp": 0.24275665521352532
}