{
    "E_ROSp": 9.629956881909575e-08,
    "KICp": 0.33080753903690024,
    "KINp": 0.07801079852153885,
    "Mp": 4.25788863483632e-06,
    "VmaxICp": 0.00039134187741851726,
    "VmaxINp": 4.2322609810531694e-05,
    "gammaDp": 0.11741049115757772,
    "omegaP": 0.0071984451836736895
}