{
    "E_ROSp": 1.6932583517589333e-07,
    "KICp": 0.15465381319948518,
    "KINp": 0.35409945037591084,
    "Mp": 2.2010909133095744e-06,
    "VmaxICp": 0.0004457383908400808,
    "VmaxINp": 7.440897168754441e-05,
    "gammaDp": 0.33826459619682503,
    "omegaP": 0.0033203067109552693
}