{
    "KICp": 0.049661147832265884,
    "KINp": 0.06062680294230076,
    "Mp": 2.5831610816547174e-06,
    "VmaxICp": 0.0006567827515807239,
    "VmaxINp": 4.0779672980654755e-05,
    "gammaDp": 0.15532642700523133
}