{
    "KICp": 0.5878125129899178,
    "KINp": 0.6072136883083593,
    "Mp": 5.120072766758345e-06,
    "VmaxICp": 0.0006335764428472676,
    "VmaxINp": 0.00013626627381813544,
    "gammaDp": 0.4579065218578186,
    "gamma_DON2DINp": 4.183981926123173e-08
}