{
    "E_ROSp": 9.655510069496725e-08,
    "KICp": 0.11597953054963359,
    "KINp": 0.15800370576151485,
    "Mp": 1.841380569059691e-06,
    "VmaxICp": 0.00021670727155936965,
    "VmaxINp": 8.822040379359054e-05,
    "gammaDp": 0.7085531836566035,
    "omegaP": 0.07294372258724666
}