{
    "KICp": 0.22734671600100895,
    "KINp": 0.04205124538221419,
    "Mp": 3.3820669324009537e-06,
    "VmaxICp": 0.0002008208358070727,
    "VmaxINp": 0.00013507064451830818,
    "gammaDp": 0.159965300040381,
    "gamma_DON2DINp": 3.1628435048725134e-08
}