{
    "KICp": 0.13100177506780739,
    "KINp": 0.06702327575649361,
    "KOCp": 0.21423549733323077,
    "KONp": 0.1082642611485509,
    "Mp": 2.5652726708844837e-06,
    "VmaxICp": 0.0006254800072671589,
    "VmaxINp": 2.6711128232025684e-05,
    "VmaxOCp": 4.598633424151841e-05,
    "VmaxONp": 1.149685728648583e-05,
    "gammaDp": 0.13358594392114337
}