{
    "KICp": 0.5018479673055378,
    "KINp": 0.05617042564902863,
    "Mp": 2.1499236746420383e-06,
    "VmaxICp": 0.00019157611205912177,
    "VmaxINp": 7.182468034492308e-05,
    "gammaDp": 0.1096407620022095
}