{
    "KICp": 0.19239724108507117,
    "KINp": 0.1217975628163459,
    "KOCp": 0.046002649846394295,
    "KONp": 0.20789177182321775,
    "Mp": 3.7471438532407643e-06,
    "VmaxICp": 0.0005964448353734884,
    "VmaxINp": 0.0003810680227845466,
    "VmaxOCp": 1.3879782719879813e-05,
    "VmaxONp": 3.897052202373041e-06,
    "gammaDp": 0.6730584939229399
}