{
    "KICp": 0.07924426481715438,
    "KINp": 0.3808462160142242,
    "Mp": 2.14580232208538e-06,
    "VmaxICp": 0.0001661004836639022,
    "VmaxINp": 0.00021743286660299343,
    "gammaDp": 0.4002686862548072
}