{
    "KICp": 0.47235428658033807,
    "KINp": 0.25421449583566513,
    "KOCp": 0.055020051477010605,
    "KONp": 0.07360085880681183,
    "Mp": 2.4443282736325257e-06,
    "VmaxICp": 0.001440869660471721,
    "VmaxINp": 3.437254151957353e-05,
    "VmaxOCp": 0.00017996149279365473,
    "VmaxONp": 4.099756869168332e-06,
    "gammaDp": 0.15178254452435117
}