{
    "KICp": 0.03893833065560321,
    "KINp": 0.21019723779812122,
    "Mp": 2.414465687327145e-06,
    "VmaxICp": 0.0007594919263232899,
    "VmaxINp": 6.879814498079975e-05,
    "gammaDp": 0.345158055240049
}