{
    "KICp": 0.24350345115403346,
    "KINp": 0.0719468667787283,
    "KOCp": 0.6841459630577906,
    "KONp": 0.04240789697010095,
    "Mp": 5.326745823325502e-06,
    "VmaxICp": 0.0006567678547602585,
    "VmaxINp": 3.291547659325772e-05,
    "VmaxOCp": 1.770635237294201e-05,
    "VmaxONp": 1.9088085569802218e-05,
    "gammaDp": 0.21086405714405618
}