{
    "E_ROSp": 4.640073836007605e-06,
    "KICp": 0.070978002660643,
    "KINp": 0.38531082218510354,
    "Mp": 2.94607787390675e-06,
    "VmaxICp": 0.0005908474984310701,
    "VmaxINp": 4.355967194831716e-05,
    "gammaDp": 0.5102138139913212,
    "omegaP": 0.0017513795929075969
}