{
    "KICp": 0.04463513357630652,
    "KINp": 0.15123160385670859,
    "Mp": 3.393373407682153e-06,
    "VmaxICp": 0.00027547693179247464,
    "VmaxINp": 0.00023082112288701705,
    "gammaDp": 0.20565978413589894,
    "gamma_DON2DINp": 1.3240635344053393e-08
}