{
    "KICp": 0.06909194296316189,
    "KINp": 0.169710873946405,
    "Mp": 1.9469972966007053e-06,
    "VmaxICp": 0.00037461547543160084,
    "VmaxINp": 4.562152506631998e-05,
    "gammaDp": 0.13286426220269396
}