{
    "E_ROSp": 5.2002355724927145e-06,
    "KICp": 0.1933671071100128,
    "KINp": 0.16284074761228848,
    "Mp": 1.446232213911827e-06,
    "VmaxICp": 0.00014764265883949673,
    "VmaxINp": 8.119050831246867e-05,
    "gammaDp": 0.11634140677355867,
    "omegaP": 0.005368345708675764
}