{
    "KICp": 0.06343197377358478,
    "KINp": 0.20435302093256877,
    "Mp": 3.031971905854614e-06,
    "VmaxICp": 0.0006644232166239384,
    "VmaxINp": 3.379689479122472e-05,
    "gammaDp": 0.23489960269863422,
    "gamma_DON2DINp": 2.524767484935507e-08
}