{
    "KICp": 0.6366131803094798,
    "KINp": 0.068212986867918,
    "Mp": 1.9560439533815694e-06,
    "VmaxICp": 0.0005022083923886998,
    "VmaxINp": 3.605842218816761e-05,
    "gammaDp": 0.325775948992316
}