{
    "KICp": 0.3779168484741188,
    "KINp": 0.23256338537557317,
    "Mp": 1.65817588106845e-06,
    "VmaxICp": 0.0002850496109503383,
    "VmaxINp": 6.398481773683944e-05,
    "gammaDp": 0.10536491405066965
}