{
    "KICp": 0.10405055300009601,
    "KINp": 0.04908181151928638,
    "KOCp": 0.5237234083747259,
    "KONp": 0.0793441944518553,
    "Mp": 5.221472993569762e-06,
    "VmaxICp": 0.0005618295353900882,
    "VmaxINp": 4.716326269633702e-05,
    "VmaxOCp": 0.00011517833067077597,
    "VmaxONp": 7.3852722009378385e-06,
    "gammaDp": 0.31832740407448523
}