{
    "KICp": 0.06756332229928351,
    "KINp": 0.035690981567596154,
    "KOCp": 0.3295425238318192,
    "KONp": 0.5882565311441678,
    "Mp": 4.319164684865102e-06,
    "VmaxICp": 0.00018990980218221314,
    "VmaxINp": 0.0003424127194089558,
    "VmaxOCp": 1.1760755993313965e-05,
    "VmaxONp": 3.338928679595259e-06,
    "gammaDp": 0.1896424490710728
}