{
    "KICp": 0.24420662255537387,
    "KINp": 0.713174050930241,
    "KOCp": 0.1942531251881155,
    "KONp": 0.15245932277900853,
    "Mp": 2.3320548499191744e-06,
    "VmaxICp": 0.00029352847762254924,
    "VmaxINp": 0.00019737500665249465,
    "VmaxOCp": 2.5669245176196664e-05,
    "VmaxONp": 1.8890337643531844e-05,
    "gammaDp": 0.16855622708696288
}