{
    "KICp": 0.45470693767781917,
    "KINp": 0.27977366815823057,
    "Mp": 2.1577290087203764e-06,
    "VmaxICp": 0.0003111205869797874,
    "VmaxINp": 4.495832358538137e-05,
    "gammaDp": 0.8970804845153905
}