{
    "KICp": 0.08479088856656096,
    "KINp": 0.05551017863154817,
    "KOCp": 0.27390608087091606,
    "KONp": 0.05610697576577381,
    "Mp": 3.1823882931668083e-06,
    "VmaxICp": 0.000139215056632562,
    "VmaxINp": 9.565114251640549e-05,
    "VmaxOCp": 9.644303517353685e-05,
    "VmaxONp": 3.901657131890798e-06,
    "gammaDp": 0.27562041798017267
}