{
    "KICp": 0.36507664611286644,
    "KINp": 0.24782361679672135,
    "Mp": 3.055254672576612e-06,
    "VmaxICp": 0.0022400822694001606,
    "VmaxINp": 2.5322439665651385e-05,
    "gammaDp": 0.704642966804421
}