{
    "KICp": 0.3869575499479917,
    "KINp": 0.0734450963944735,
    "KOCp": 0.6325735924868493,
    "KONp": 0.13964140535172714,
    "Mp": 2.7298679543911174e-06,
    "VmaxICp": 0.0009232634469753825,
    "VmaxINp": 2.0289840863466094e-05,
    "VmaxOCp": 3.6521661845616444e-05,
    "VmaxONp": 3.462723107600702e-06,
    "gammaDp": 0.13343470589721443
}