{
    "KICp": 0.049806199776954115,
    "KINp": 0.46713484847822956,
    "Mp": 4.629750721972672e-06,
    "VmaxICp": 0.00044928167100614436,
    "VmaxINp": 0.0001284805210212036,
    "gammaDp": 0.3543987579320103
}