{
    "KICp": 0.0537196693062256,
    "KINp": 0.21088950045291024,
    "Mp": 2.117430929540712e-06,
    "VmaxICp": 0.00023909443863346622,
    "VmaxINp": 3.7844777167027055e-05,
    "gammaDp": 0.14959900586551778
}