{
    "KICp": 0.5439293173334178,
    "KINp": 0.2493799012004583,
    "Mp": 2.1896653927568136e-06,
    "VmaxICp": 0.0009338748412077838,
    "VmaxINp": 2.5473126257831367e-05,
    "gammaDp": 0.29596855598707594
}