{
    "E_ROSp": 8.695609030427587e-08,
    "KICp": 0.05295829805592547,
    "KINp": 0.21974881632373458,
    "Mp": 1.884810875212044e-06,
    "VmaxICp": 0.00021189273482524897,
    "VmaxINp": 5.948596013336961e-05,
    "gammaDp": 0.2599340295224494,
    "omegaP": 0.008120876699454143
}