{
    "KICp": 0.5797763653650643,
    "KINp": 0.06516138266229009,
    "Mp": 1.8185578719726524e-06,
    "VmaxICp": 0.0011433746495245797,
    "VmaxINp": 2.7956534560589402e-05,
    "gammaDp": 0.5473224962120316
}