{
    "E_ROSp": 2.951226511170604e-07,
    "KICp": 0.07851035690187552,
    "KINp": 0.044112621829037184,
    "Mp": 2.172674702260004e-06,
    "VmaxICp": 0.0003809832882219387,
    "VmaxINp": 3.9298983311411376e-05,
    "gammaDp": 0.24347306988635484,
    "omegaP": 0.001115125734325182
}