{
    "KICp": 0.2943242561724387,
    "KINp": 0.4389060558552916,
    "Mp": 2.2303638999406253e-06,
    "VmaxICp": 0.00017275003585051833,
    "VmaxINp": 8.430794956954235e-05,
    "gammaDp": 0.18416258247666137
}