{
    "KICp": 0.6996482927490054,
    "KINp": 0.15009835153548856,
    "Mp": 2.159402543118502e-06,
    "VmaxICp": 0.00020620663540988574,
    "VmaxINp": 4.783023172399946e-05,
    "gammaDp": 0.3606405813485674
}