{
    "KICp": 0.3098474066937803,
    "KINp": 0.13891115096657258,
    "Mp": 2.037762309372507e-06,
    "VmaxICp": 0.0002550490996239703,
    "VmaxINp": 5.013537962177104e-05,
    "gammaDp": 0.11098127851362911
}