{
    "KICp": 0.03279486730624399,
    "KINp": 0.18196640283330554,
    "Mp": 4.287915021020014e-06,
    "VmaxICp": 0.0011920330907570786,
    "VmaxINp": 3.017117926452927e-05,
    "gammaDp": 0.30375941603117346,
    "gamma_DON2DINp": 4.727416072360368e-08
}