{
    "E_ROSp": 2.534117895246002e-06,
    "KICp": 0.05846833532440156,
    "KINp": 0.3619190543643253,
    "Mp": 1.9102831692084523e-06,
    "VmaxICp": 0.00020672397215781252,
    "VmaxINp": 5.484557579815192e-05,
    "gammaDp": 0.7749752050242378,
    "omegaP": 0.0022576088949172735
}