{
    "KICp": 0.1429224074976084,
    "KINp": 0.11293628828342603,
    "Mp": 2.0683758998661567e-06,
    "VmaxICp": 0.00019241107159558173,
    "VmaxINp": 0.00017557085144858446,
    "gammaDp": 0.20755450443676632
}