{
    "KICp": 0.04742620978123413,
    "KINp": 0.7011946569130993,
    "KOCp": 0.044146760569480574,
    "KONp": 0.09201956959127161,
    "Mp": 5.071768196085729e-06,
    "VmaxICp": 0.0003293841769779549,
    "VmaxINp": 2.7147899948807366e-05,
    "VmaxOCp": 0.0002290007555630498,
    "VmaxONp": 1.3216411520005752e-05,
    "gammaDp": 0.12141474694610932
}