{
    "E_ROSp": 1.0008140283664674e-06,
    "KICp": 0.24609303675123131,
    "KINp": 0.034664272096422984,
    "Mp": 1.679079451578513e-06,
    "VmaxICp": 0.0002646441576376305,
    "VmaxINp": 0.00013765830505851938,
    "gammaDp": 0.1644245412858826,
    "omegaP": 0.005586572717927209
}