{
    "KICp": 0.478691296294594,
    "KINp": 0.058216170011661496,
    "Mp": 4.743828151981311e-06,
    "VmaxICp": 0.0022124335931894617,
    "VmaxINp": 3.6864046086089024e-05,
    "gammaDp": 0.767518249121329
}