{
    "KICp": 0.5803045550484723,
    "KINp": 0.3042711124483682,
    "Mp": 4.44917023026848e-06,
    "VmaxICp": 0.0002985868606581204,
    "VmaxINp": 4.545006397280448e-05,
    "gammaDp": 0.23794906159307305,
    "gamma_DON2DINp": 1.6747129092468832e-08
}