{
    "KICp": 0.23450620453769166,
    "KINp": 0.10457742622047629,
    "Mp": 2.989195803757252e-06,
    "VmaxICp": 0.00022835342666010955,
    "VmaxINp": 0.00013874277601839022,
    "gammaDp": 0.12861068798841402,
    "gamma_DON2DINp": 5.625701747346061e-09
}