{
    "KICp": 0.10149712839133104,
    "KINp": 0.03602877926729831,
    "Mp": 3.986958757645008e-06,
    "VmaxICp": 0.00022712631218078867,
    "VmaxINp": 4.6752218736319384e-05,
    "gammaDp": 0.21423442804625195,
    "gamma_DON2DINp": 2.1260093236569033e-08
}