{
    "E_ROSp": 1.5355446960002748e-07,
    "KICp": 0.24858323010624775,
    "KINp": 0.34656676736618974,
    "Mp": 1.975708184570812e-06,
    "VmaxICp": 0.0004215448126136386,
    "VmaxINp": 2.471577816885134e-05,
    "gammaDp": 0.12062902350433272,
    "omegaP": 0.06438491584691035
}