{
    "KICp": 0.5866774096026514,
    "KINp": 0.6974297329549441,
    "Mp": 1.965797133742417e-06,
    "VmaxICp": 0.00018331303450390903,
    "VmaxINp": 0.0001621774537353083,
    "gammaDp": 0.527245036625548
}