{
    "E_ROSp": 7.593760503097536e-07,
    "KICp": 0.07102947693298033,
    "KINp": 0.030023167490017315,
    "Mp": 2.335985907846226e-06,
    "VmaxICp": 0.000678275759966866,
    "VmaxINp": 2.6683252891884258e-05,
    "gammaDp": 0.6989960086797729,
    "omegaP": 0.009433583328329071
}