{
    "E_ROSp": 2.542995599030383e-07,
    "KICp": 0.13617544857244945,
    "KINp": 0.10678029176060685,
    "Mp": 2.0899702445625785e-06,
    "VmaxICp": 0.0001875066684423146,
    "VmaxINp": 0.00012639596894290563,
    "gammaDp": 0.48962333812320147,
    "omegaP": 0.0039797141456859655
}