{
    "E_ROSp": 3.613691338863936e-07,
    "KICp": 0.0391293926997456,
    "KINp": 0.3324691900191952,
    "Mp": 2.2784405879283625e-06,
    "VmaxICp": 0.0006116880490805156,
    "VmaxINp": 2.6837534795813307e-05,
    "gammaDp": 0.11810002079829413,
    "omegaP": 0.014447702818409642
}