{
    "E_ROSp": 2.2522725679526988e-06,
    "KICp": 0.272064692189454,
    "KINp": 0.3415529793401355,
    "Mp": 1.8437733780011687e-06,
    "VmaxICp": 0.00017052571269957886,
    "VmaxINp": 0.00012151692156827694,
    "gammaDp": 0.22594267486508532,
    "omegaP": 0.0010544454748356812
}