{
    "KICp": 264.96321388695344,
    "KINp": 0.1480645279155045,
    "Koverflowp": 1.2245393661085832e-07,
    "Mp": 6.1419063425643e-06,
    "VmaxICp": 2.8849521696902307e-05,
    "VmaxINp": 5.237164257237761e-05,
    "gammaDp": 0.1238682194326694
}