{
    "KICp": 13.617037727874674,
    "KINp": 0.0026790865235816,
    "Koverflowp": 1.5649343806547408e-07,
    "Mp": 5.7939692477545165e-06,
    "VmaxICp": 3.008201507471043e-05,
    "VmaxINp": 4.194600023737059e-05,
    "gammaDp": 0.8
}