{
    "KICp": 172.52063990662336,
    "KINp": 0.0318451943533135,
    "Koverflowp": 1.4964893638717943e-06,
    "Mp": 7.729569384938746e-06,
    "VmaxICp": 3.102716441415455e-05,
    "VmaxINp": 4.2617285303666375e-05,
    "gammaDp": 0.2721680214596012
}