{
    "KICp": 197.96483560452947,
    "KINp": 0.02,
    "Koverflowp": 1.6459405121589705e-06,
    "Mp": 2.827710274642974e-06,
    "VmaxICp": 2.6348961323380646e-05,
    "VmaxINp": 4.385079878568618e-05,
    "gammaDp": 0.8953077538255567
}