{
    "KICp": 40.12708747084113,
    "KINp": 0.0706710288370906,
    "Koverflowp": 4.2083656774813787e-07,
    "Mp": 4.305936513866538e-06,
    "VmaxICp": 3.42117981398038e-05,
    "VmaxINp": 1.822923320766132e-05,
    "gammaDp": 0.3985767731468108
}