{
    "KICp": 38.62523469147348,
    "KINp": 0.0026790865235816,
    "Koverflowp": 9.716125556077376e-06,
    "Mp": 5.821987409460142e-06,
    "VmaxICp": 3.72236326227332e-05,
    "VmaxINp": 2.449298480987523e-05,
    "gammaDp": 0.2288233635469375
}