{
    "KICp": 4.331882872023365,
    "KINp": 0.0053477042711368,
    "Koverflowp": 1.9402139524043093e-07,
    "Mp": 4.89288579974581e-06,
    "VmaxICp": 5.1455672375052304e-05,
    "VmaxINp": 1.5626129596054363e-05,
    "gammaDp": 0.3506952443615007
}