{
    "KICp": 4.603195958875746,
    "KINp": 0.0058604481450339,
    "Koverflowp": 2.94920403233408e-06,
    "Mp": 3.275516215920598e-06,
    "VmaxICp": 2.686239204037496e-05,
    "VmaxINp": 2.8091782159469743e-05,
    "gammaDp": 0.2244481755433161
}