{
    "KICp": 37.0,
    "KINp": 0.0021677201703812,
    "Koverflowp": 1.7871106200303397e-06,
    "Mp": 3.0410362298061863e-06,
    "VmaxICp": 2.661163450378868e-05,
    "VmaxINp": 2.2850659949632363e-05,
    "gammaDp": 0.8056358134708045
}