{
    "KICp": 349.15985672447846,
    "KINp": 0.0163930232535892,
    "Koverflowp": 3.781530436700036e-06,
    "Mp": 8.87998560326158e-06,
    "VmaxICp": 3.35038083123193e-05,
    "VmaxINp": 5.291388341103314e-05,
    "gammaDp": 0.8
}