{
    "KICp": 8.721288518037145,
    "KINp": 0.0094467800677255,
    "Koverflowp": 1.6558547688995294e-07,
    "Mp": 5.374372207361356e-06,
    "VmaxICp": 2.109541039338936e-05,
    "VmaxINp": 1.9253444035532817e-05,
    "gammaDp": 0.8
}