{
    "KICp": 8.158877643505283,
    "KINp": 0.043454701894688,
    "Koverflowp": 9.862206824538155e-07,
    "Mp": 6.121567506273921e-06,
    "VmaxICp": 3.1623210056481925e-05,
    "VmaxINp": 5.134234532170066e-05,
    "gammaDp": 0.2124141857806712
}