{
    "KICp": 107.54839034608938,
    "KINp": 0.0137745876182954,
    "Koverflowp": 4.577324719074788e-07,
    "Mp": 5.7939692477545165e-06,
    "VmaxICp": 3.008201507471043e-05,
    "VmaxINp": 2.449298480987523e-05,
    "gammaDp": 0.1695000366014832
}