{
    "KICp": 37.0,
    "KINp": 0.0662953192548776,
    "Koverflowp": 3.077211304401562e-06,
    "Mp": 5.374372207361356e-06,
    "VmaxICp": 2.109541039338936e-05,
    "VmaxINp": 1.9253444035532817e-05,
    "gammaDp": 0.5829106032045079
}