{
    "KICp": 92.23915812317529,
    "KINp": 0.0165197125818628,
    "Koverflowp": 8.814158052078963e-06,
    "Mp": 6.162966585603864e-06,
    "VmaxICp": 3.477090644461146e-05,
    "VmaxINp": 5.0257947094599886e-05,
    "gammaDp": 0.8
}