{
    "KICp": 134.34507612141755,
    "KINp": 0.0139503242018344,
    "Koverflowp": 1.4221413466440584e-06,
    "Mp": 4.305936513866538e-06,
    "VmaxICp": 5.374104783139006e-05,
    "VmaxINp": 1.822923320766132e-05,
    "gammaDp": 0.3985767731468108
}