{
    "KICp": 139.71092054098074,
    "KINp": 0.080350778413615,
    "Koverflowp": 9.261117697037864e-06,
    "Mp": 5.969392758414998e-06,
    "VmaxICp": 3.056313945024598e-05,
    "VmaxINp": 1.876290010167472e-05,
    "gammaDp": 0.1338671036441432
}