{
    "KICp": 37.0,
    "KINp": 0.1245749986295014,
    "Koverflowp": 1.207748473876346e-06,
    "Mp": 2.1729542451883765e-06,
    "VmaxICp": 1.8480961299214583e-05,
    "VmaxINp": 4.396816176226192e-05,
    "gammaDp": 0.2027313889544666
}