{
    "KICp": 21.968664516682647,
    "KINp": 0.007217919099135,
    "Koverflowp": 1.195183005046384e-06,
    "Mp": 7.1957494828620095e-06,
    "VmaxICp": 3.911470666546389e-05,
    "VmaxINp": 3.495382428312662e-05,
    "gammaDp": 0.2214725075730697
}