{
    "KICp": 81.9255060790977,
    "KINp": 0.0064448328086969,
    "Koverflowp": 1.015937366811398e-05,
    "Mp": 9.612130361638504e-06,
    "VmaxICp": 5.54105353419177e-05,
    "VmaxINp": 3.2673656412160166e-05,
    "gammaDp": 0.8
}