{
    "KICp": 37.0,
    "KINp": 0.0057112258356818,
    "Koverflowp": 9.93239774781784e-06,
    "Mp": 5.576652899144963e-06,
    "VmaxICp": 1.8234313386169e-05,
    "VmaxINp": 3.881436102022505e-05,
    "gammaDp": 0.4711261024647764
}