{
    "KICp": 21.968664516682647,
    "KINp": 0.02,
    "Koverflowp": 1.2968671452404815e-06,
    "Mp": 7.1957494828620095e-06,
    "VmaxICp": 3.481192651000201e-05,
    "VmaxINp": 3.495382428312662e-05,
    "gammaDp": 0.1443568150811982
}