{
    "KICp": 56.36877832963179,
    "KINp": 0.0685634955604435,
    "Koverflowp": 3.9121413845535136e-06,
    "Mp": 8.609007892078403e-06,
    "VmaxICp": 3.749645888986684e-05,
    "VmaxINp": 3.776193893572401e-05,
    "gammaDp": 0.4590055583839214
}