{
    "KICp": 37.0,
    "KINp": 0.0028012642621309,
    "Koverflowp": 6.929410814559977e-06,
    "Mp": 3.2770228941891314e-06,
    "VmaxICp": 2.332858519388749e-05,
    "VmaxINp": 1.6041367203801797e-05,
    "gammaDp": 0.1811888957864501
}