{
    "KICp": 4.1252146711335165,
    "KINp": 0.0093977204645844,
    "Koverflowp": 3.1330094212405254e-07,
    "Mp": 1.0003758565291994e-05,
    "VmaxICp": 3.425594922494785e-05,
    "VmaxINp": 2.67425225351454e-05,
    "gammaDp": 0.1854303327147661
}