{
    "KICp": 107.54839034608938,
    "KINp": 0.019550814265053,
    "Koverflowp": 9.716125556077376e-06,
    "Mp": 3.2918430235923546e-06,
    "VmaxICp": 3.008201507471043e-05,
    "VmaxINp": 4.1285105086955206e-05,
    "gammaDp": 0.8
}