{
    "KICp": 116.54712317954272,
    "KINp": 0.02,
    "Koverflowp": 3.770965187960278e-06,
    "Mp": 4.989641459559259e-06,
    "VmaxICp": 2.0634077465041813e-05,
    "VmaxINp": 4.784168971651183e-05,
    "gammaDp": 0.8
}