{
    "KICp": 11.273289794787932,
    "KINp": 0.1855054257391963,
    "Koverflowp": 3.060429900762547e-07,
    "Mp": 2.2738248432037827e-06,
    "VmaxICp": 1.9010190328637256e-05,
    "VmaxINp": 4.68311699565049e-05,
    "gammaDp": 0.8
}