{
    "KICp": 148.94736672905267,
    "KINp": 0.02,
    "Koverflowp": 1.5785533346741947e-06,
    "Mp": 4.528447943649421e-06,
    "VmaxICp": 3.853951592077844e-05,
    "VmaxINp": 2.6334961104043298e-05,
    "gammaDp": 0.5158544942791454
}