{
    "KICp": 37.0,
    "KINp": 0.1754922913408976,
    "Koverflowp": 2.432054026314396e-06,
    "Mp": 5.496959645374888e-06,
    "VmaxICp": 4.727370775727598e-05,
    "VmaxINp": 2.475076301924162e-05,
    "gammaDp": 0.6957666757858874
}