{
    "KICp": 6.612869298228718,
    "KINp": 0.0107345536643682,
    "Koverflowp": 4.258738144924244e-06,
    "Mp": 7.602483209333364e-06,
    "VmaxICp": 3.603929053482253e-05,
    "VmaxINp": 2.969941642966977e-05,
    "gammaDp": 0.2665245747271915
}