{
    "KICp": 33.54975232248911,
    "KINp": 0.0343669384376664,
    "Koverflowp": 2.060512763129717e-07,
    "Mp": 6.694508921839299e-06,
    "VmaxICp": 4.753736355990647e-05,
    "VmaxINp": 3.531242268444222e-05,
    "gammaDp": 0.1086969224905598
}