{
    "KICp": 11.576250050110897,
    "KINp": 0.0595887212070792,
    "Koverflowp": 1.2418385063088676e-06,
    "Mp": 6.323290480045783e-06,
    "VmaxICp": 1.9336690434125128e-05,
    "VmaxINp": 5.3661372040451486e-05,
    "gammaDp": 0.1411999470637419
}