{
    "KICp": 37.0,
    "KINp": 0.0035983771343396,
    "Koverflowp": 8.903978892532225e-06,
    "Mp": 3.960133001247577e-06,
    "VmaxICp": 3.2587498990056074e-05,
    "VmaxINp": 2.475076301924162e-05,
    "gammaDp": 0.3692999174157763
}