{
    "KICp": 25.31618635829669,
    "KINp": 0.0103240193177629,
    "Koverflowp": 9.716125556077376e-06,
    "Mp": 6.626636341457046e-06,
    "VmaxICp": 3.8850632754850566e-05,
    "VmaxINp": 2.449298480987523e-05,
    "gammaDp": 0.8
}