{
    "KICp": 13.41621011966056,
    "KINp": 0.02,
    "Koverflowp": 5.747906726639448e-06,
    "Mp": 7.1957494828620095e-06,
    "VmaxICp": 3.911470666546389e-05,
    "VmaxINp": 3.495382428312662e-05,
    "gammaDp": 0.3384314756813134
}