{
    "KICp": 6.784615601846014,
    "KINp": 0.0026790865235816,
    "Koverflowp": 5.503507374233377e-07,
    "Mp": 5.7939692477545165e-06,
    "VmaxICp": 3.008201507471043e-05,
    "VmaxINp": 2.449298480987523e-05,
    "gammaDp": 0.5655951872892673
}