{
    "KICp": 49.8395973113724,
    "KINp": 0.0086651518421131,
    "Koverflowp": 9.487243543102612e-06,
    "Mp": 4.726473969699721e-06,
    "VmaxICp": 4.23150361804875e-05,
    "VmaxINp": 1.7565035364915232e-05,
    "gammaDp": 0.8
}