{
    "KICp": 37.0,
    "KINp": 0.006595875420201,
    "Koverflowp": 5.684437633591706e-06,
    "Mp": 3.8796756859808185e-06,
    "VmaxICp": 4.061293679610308e-05,
    "VmaxINp": 1.290313832263252e-05,
    "gammaDp": 0.3576029424644965
}