{
    "KICp": 146.86684532147603,
    "KINp": 0.0554689962297289,
    "Koverflowp": 1.1441381822931892e-05,
    "Mp": 2.84013498849558e-06,
    "VmaxICp": 2.139245161782169e-05,
    "VmaxINp": 3.688080502807298e-05,
    "gammaDp": 0.312029713567436
}