{
    "KICp": 37.0,
    "KINp": 0.0253036852944567,
    "Koverflowp": 8.777878251478193e-06,
    "Mp": 7.387766287663949e-06,
    "VmaxICp": 2.8849521696902307e-05,
    "VmaxINp": 5.237164257237761e-05,
    "gammaDp": 0.5665012604660978
}