{
    "KICp": 37.0,
    "KINp": 0.1831663573900769,
    "Koverflowp": 1.056692510448879e-05,
    "Mp": 9.434971045498452e-06,
    "VmaxICp": 3.007117271223888e-05,
    "VmaxINp": 5.172019047569325e-05,
    "gammaDp": 0.5021120930265269
}