{
    "KICp": 110.15868687618442,
    "KINp": 0.0021594229085155,
    "Koverflowp": 9.560221600747724e-06,
    "Mp": 4.305936513866538e-06,
    "VmaxICp": 4.87399479006045e-05,
    "VmaxINp": 1.822923320766132e-05,
    "gammaDp": 0.3985767731468108
}