{
    "KICp": 37.0,
    "KINp": 0.048933573510375,
    "Koverflowp": 8.872924843677678e-07,
    "Mp": 7.729569384938746e-06,
    "VmaxICp": 3.102716441415455e-05,
    "VmaxINp": 2.152143504165092e-05,
    "gammaDp": 0.8
}