{
    "KICp": 82.6068314329901,
    "KINp": 0.1350492472789591,
    "Koverflowp": 6.535304886765888e-07,
    "Mp": 3.6748282993714216e-06,
    "VmaxICp": 3.056313945024598e-05,
    "VmaxINp": 1.876290010167472e-05,
    "gammaDp": 0.1338671036441432
}