{
    "KICp": 47.89951577940044,
    "KINp": 0.0028366483629137,
    "Koverflowp": 1.5967311841282026e-06,
    "Mp": 9.434971045498452e-06,
    "VmaxICp": 3.007117271223888e-05,
    "VmaxINp": 5.172019047569325e-05,
    "gammaDp": 0.4537324277490296
}