{
    "KICp": 35.499803369201565,
    "KINp": 0.1833932420446667,
    "Koverflowp": 4.897559013174802e-07,
    "Mp": 5.1440267725687465e-06,
    "VmaxICp": 2.5686266166889552e-05,
    "VmaxINp": 4.64291504760778e-05,
    "gammaDp": 0.2095031709967251
}