{
    "KICp": 35.81490346334064,
    "KINp": 0.02,
    "Koverflowp": 3.576293608832756e-07,
    "Mp": 3.491061937039759e-06,
    "VmaxICp": 1.9149707632517587e-05,
    "VmaxINp": 4.784168971651183e-05,
    "gammaDp": 0.1357747841290812
}