{
    "KICp": 10.047749051355233,
    "KINp": 0.0595887212070792,
    "Koverflowp": 1.157407407407407e-06,
    "Mp": 5.80860307338141e-06,
    "VmaxICp": 4.656279369892984e-05,
    "VmaxINp": 2.786010676192716e-05,
    "gammaDp": 0.1178074457597326
}