{
    "KICp": 37.0,
    "KINp": 0.080350778413615,
    "Koverflowp": 4.30275696405247e-07,
    "Mp": 5.349224763716601e-06,
    "VmaxICp": 3.056313945024598e-05,
    "VmaxINp": 2.8084731838776216e-05,
    "gammaDp": 0.1338671036441432
}