{
    "KICp": 5.952189278156786,
    "KINp": 0.0028378822410137,
    "Koverflowp": 9.740792682597629e-07,
    "Mp": 3.405649149623774e-06,
    "VmaxICp": 3.194493040487167e-05,
    "VmaxINp": 2.669612749975629e-05,
    "gammaDp": 0.1098487876280632
}