{
    "KICp": 13.097497766753545,
    "KINp": 0.0805717478771922,
    "Koverflowp": 7.74270042078851e-06,
    "Mp": 5.857514727409633e-06,
    "VmaxICp": 1.9336690434125128e-05,
    "VmaxINp": 5.3661372040451486e-05,
    "gammaDp": 0.6052469397995395
}