{
    "KICp": 37.0,
    "KINp": 0.0058604481450339,
    "Koverflowp": 1.3004926477044638e-07,
    "Mp": 3.275516215920598e-06,
    "VmaxICp": 2.006861693554043e-05,
    "VmaxINp": 3.643736794144618e-05,
    "gammaDp": 0.8648412511712915
}