{
    "KICp": 37.0,
    "KINp": 0.018785059281756,
    "Koverflowp": 1.157407407407407e-06,
    "Mp": 5.00426478484808e-06,
    "VmaxICp": 2.743085149700654e-05,
    "VmaxINp": 1.5626129596054363e-05,
    "gammaDp": 0.3506952443615007
}