{
    "KICp": 7.229820869882168,
    "KINp": 0.02,
    "Koverflowp": 1.157407407407407e-06,
    "Mp": 4.89288579974581e-06,
    "VmaxICp": 5.1455672375052304e-05,
    "VmaxINp": 1.854165368207581e-05,
    "gammaDp": 0.326675081065745
}