{
    "KICp": 39.51865991598853,
    "KINp": 0.013662602778663,
    "Koverflowp": 3.346209723360761e-07,
    "Mp": 2.195815791856394e-06,
    "VmaxICp": 1.448552658179443e-05,
    "VmaxINp": 5.383207057510661e-05,
    "gammaDp": 0.2359887627737398
}