{
    "KICp": 105.97833927473908,
    "KINp": 0.0089392732118652,
    "Koverflowp": 6.915349851729911e-06,
    "Mp": 8.733441059571587e-06,
    "VmaxICp": 3.35038083123193e-05,
    "VmaxINp": 5.291388341103314e-05,
    "gammaDp": 0.7015060147204157
}