{
    "KICp": 20.61452687126258,
    "KINp": 0.1656004191296211,
    "Koverflowp": 7.85526130866747e-07,
    "Mp": 5.374372207361356e-06,
    "VmaxICp": 2.109541039338936e-05,
    "VmaxINp": 3.619208017524769e-05,
    "gammaDp": 0.8
}