{
    "KICp": 4.576321122146154,
    "KINp": 0.02,
    "Koverflowp": 1.157407407407407e-06,
    "Mp": 1.0293219456743023e-05,
    "VmaxICp": 5.1455672375052304e-05,
    "VmaxINp": 3.032970481795981e-05,
    "gammaDp": 0.3506952443615007
}