{
    "KICp": 37.02363196321953,
    "KINp": 0.015005226054628,
    "Koverflowp": 3.050722833025644e-06,
    "Mp": 5.942891183952621e-06,
    "VmaxICp": 1.6069887905067045e-05,
    "VmaxINp": 5.199686538895449e-05,
    "gammaDp": 0.8
}