{
    "KICp": 10.047749051355233,
    "KINp": 0.0026961088013966,
    "Koverflowp": 1.157407407407407e-06,
    "Mp": 5.857514727409633e-06,
    "VmaxICp": 1.9336690434125128e-05,
    "VmaxINp": 4.90943559935126e-05,
    "gammaDp": 0.6282995053736137
}