{
    "KICp": 6.280123230828515,
    "KINp": 0.004399794467911,
    "Koverflowp": 2.041440091279195e-06,
    "Mp": 4.89288579974581e-06,
    "VmaxICp": 5.1455672375052304e-05,
    "VmaxINp": 2.526492695925018e-05,
    "gammaDp": 0.3506952443615007
}