{
    "KICp": 122.25877899167708,
    "KINp": 0.0030255553933422,
    "Koverflowp": 1.4027788982392883e-06,
    "Mp": 3.490985866130024e-06,
    "VmaxICp": 1.540885469831346e-05,
    "VmaxINp": 4.0582214700587216e-05,
    "gammaDp": 0.694540309772634
}