{
    "KICp": 37.0,
    "KINp": 0.0155964197666238,
    "Koverflowp": 1.157407407407407e-06,
    "Mp": 7.097276146790934e-06,
    "VmaxICp": 3.431541727349536e-05,
    "VmaxINp": 1.7371341820691486e-05,
    "gammaDp": 0.4581041145739933
}