{
    "KICp": 17.891624568823392,
    "KINp": 0.0026790865235816,
    "Koverflowp": 5.926327361873391e-07,
    "Mp": 3.6955306668984543e-06,
    "VmaxICp": 3.008201507471043e-05,
    "VmaxINp": 2.449298480987523e-05,
    "gammaDp": 0.8
}