{
    "KICp": 179.45320924793236,
    "KINp": 0.02,
    "Koverflowp": 3.576293608832756e-07,
    "Mp": 5.154308912715094e-06,
    "VmaxICp": 3.392791028596803e-05,
    "VmaxINp": 5.182056225202944e-05,
    "gammaDp": 0.4485189180555454
}