{
    "KICp": 5.975441712875994,
    "KINp": 0.080350778413615,
    "Koverflowp": 3.614983164808602e-06,
    "Mp": 6.079994769912495e-06,
    "VmaxICp": 3.056313945024598e-05,
    "VmaxINp": 1.69089959015987e-05,
    "gammaDp": 0.4343697453543728
}