{
    "KICp": 3.7919252014349447,
    "KINp": 0.0583880239750657,
    "Koverflowp": 4.935495880530101e-07,
    "Mp": 3.499358870860134e-06,
    "VmaxICp": 2.1006728508628343e-05,
    "VmaxINp": 2.1936909499896448e-05,
    "gammaDp": 0.8
}