{
    "KICp": 27.40675584576968,
    "KINp": 0.0036663036145432,
    "Koverflowp": 1.1981519040508905e-07,
    "Mp": 3.499358870860134e-06,
    "VmaxICp": 2.1006728508628343e-05,
    "VmaxINp": 1.7194075337577738e-05,
    "gammaDp": 0.6071164372896221
}