{
    "KICp": 35.94002547991472,
    "KINp": 0.0125815745126556,
    "Koverflowp": 1.157407407407407e-06,
    "Mp": 2.879825820084205e-06,
    "VmaxICp": 1.9010190328637256e-05,
    "VmaxINp": 2.437423279726889e-05,
    "gammaDp": 0.8304317066534915
}