{
    "KICp": 5.952189278156786,
    "KINp": 0.0031449866991308,
    "Koverflowp": 1.2192751096601008e-07,
    "Mp": 5.543694560976808e-06,
    "VmaxICp": 3.194493040487167e-05,
    "VmaxINp": 2.669612749975629e-05,
    "gammaDp": 0.6342294094840738
}