{
    "KICp": 7.409191539353517,
    "KINp": 0.0294170534005979,
    "Koverflowp": 1.157407407407407e-06,
    "Mp": 7.074613353365902e-06,
    "VmaxICp": 2.483258098046172e-05,
    "VmaxINp": 4.452913299875567e-05,
    "gammaDp": 0.8
}