{
    "KICp": 12.356466912839748,
    "KINp": 0.0048254912875091,
    "Koverflowp": 5.006377109291713e-06,
    "Mp": 5.1440267725687465e-06,
    "VmaxICp": 2.5686266166889552e-05,
    "VmaxINp": 3.499185287935904e-05,
    "gammaDp": 0.1344258726766791
}