{
    "KICp": 141.9404114984901,
    "KINp": 0.024859461915056,
    "Koverflowp": 1.5065546191707789e-07,
    "Mp": 6.261203201792239e-06,
    "VmaxICp": 2.204272911957716e-05,
    "VmaxINp": 2.18208513365018e-05,
    "gammaDp": 0.8
}