{
    "KICp": 37.0,
    "KINp": 0.0896616909379869,
    "Koverflowp": 1.157407407407407e-06,
    "Mp": 7.910605844535974e-06,
    "VmaxICp": 2.483258098046172e-05,
    "VmaxINp": 4.452913299875567e-05,
    "gammaDp": 0.759241622862412
}