{
    "KICp": 12.021839602673898,
    "KINp": 0.080350778413615,
    "Koverflowp": 1.397152071080034e-06,
    "Mp": 6.079994769912495e-06,
    "VmaxICp": 3.056313945024598e-05,
    "VmaxINp": 5.531150138375441e-05,
    "gammaDp": 0.1429708738697244
}