{
    "KICp": 6.398099873227031,
    "KINp": 0.1833932420446667,
    "Koverflowp": 4.897559013174802e-07,
    "Mp": 2.5367032377911084e-06,
    "VmaxICp": 2.5686266166889552e-05,
    "VmaxINp": 3.123611622935699e-05,
    "gammaDp": 0.2114183219890059
}