{
    "KICp": 43.29650230330403,
    "KINp": 0.0362040640439167,
    "Koverflowp": 4.736482966344851e-06,
    "Mp": 2.195815791856394e-06,
    "VmaxICp": 1.448552658179443e-05,
    "VmaxINp": 5.383207057510661e-05,
    "gammaDp": 0.2828156290565911
}