{
    "KICp": 27.40675584576968,
    "KINp": 0.0113217556435398,
    "Koverflowp": 8.498540589239203e-07,
    "Mp": 8.66260834640286e-06,
    "VmaxICp": 3.429516747306551e-05,
    "VmaxINp": 2.1936909499896448e-05,
    "gammaDp": 0.8
}