{
    "KICp": 221.78925044125515,
    "KINp": 0.1507483596402573,
    "Koverflowp": 1.157407407407407e-06,
    "Mp": 3.7554104943871455e-06,
    "VmaxICp": 3.5463558032816186e-05,
    "VmaxINp": 2.874829283519708e-05,
    "gammaDp": 0.8
}