{
    "KICp": 79.4989186071677,
    "KINp": 0.0425418485893311,
    "Koverflowp": 8.378481710719128e-06,
    "Mp": 4.989641459559259e-06,
    "VmaxICp": 3.392791028596803e-05,
    "VmaxINp": 4.784168971651183e-05,
    "gammaDp": 0.3945469622928243
}