{
    "KICp": 6.051127632292032,
    "KINp": 0.0218654160599051,
    "Koverflowp": 2.542509924792257e-07,
    "Mp": 8.043549227732114e-06,
    "VmaxICp": 2.079186142962881e-05,
    "VmaxINp": 5.488200950512284e-05,
    "gammaDp": 0.4283047744532935
}