{
    "KICp": 69.04092541783044,
    "KINp": 0.0050111050546183,
    "Koverflowp": 2.8745816814287776e-07,
    "Mp": 7.1957494828620095e-06,
    "VmaxICp": 3.911470666546389e-05,
    "VmaxINp": 2.265477883564041e-05,
    "gammaDp": 0.4132584512086142
}