{
    "KICp": 28.67056380808074,
    "KINp": 0.02,
    "Koverflowp": 1.815429125407944e-06,
    "Mp": 7.458069589692501e-06,
    "VmaxICp": 2.8849521696902307e-05,
    "VmaxINp": 5.237164257237761e-05,
    "gammaDp": 0.2525777508122456
}