{
    "KICp": 94.88248109049856,
    "KINp": 0.0431402175756433,
    "Koverflowp": 3.075080721163352e-07,
    "Mp": 2.1786099073161934e-06,
    "VmaxICp": 1.701761441903097e-05,
    "VmaxINp": 3.676846135965088e-05,
    "gammaDp": 0.8
}