{
    "KICp": 37.0,
    "KINp": 0.0248918105783524,
    "Koverflowp": 2.400991655131356e-07,
    "Mp": 2.1729542451883765e-06,
    "VmaxICp": 1.8480961299214583e-05,
    "VmaxINp": 2.3761578311244123e-05,
    "gammaDp": 0.2805859431462837
}