{
    "KICp": 9.592985800049268,
    "KINp": 0.002523499572618,
    "Koverflowp": 7.888659116003108e-07,
    "Mp": 4.726473969699721e-06,
    "VmaxICp": 4.23150361804875e-05,
    "VmaxINp": 1.7565035364915232e-05,
    "gammaDp": 0.5941328309353271
}