{
    "KICp": 141.9404114984901,
    "KINp": 0.0109316108472191,
    "Koverflowp": 1.676535616677668e-06,
    "Mp": 4.0630776113455466e-06,
    "VmaxICp": 3.377637724042301e-05,
    "VmaxINp": 2.9537946398046454e-05,
    "gammaDp": 0.8
}