{
    "KICp": 6.6753370526192,
    "KINp": 0.0985915255079086,
    "Koverflowp": 1.0067390639127354e-06,
    "Mp": 5.543694560976808e-06,
    "VmaxICp": 3.194493040487167e-05,
    "VmaxINp": 2.669612749975629e-05,
    "gammaDp": 0.1658102903055564
}