{
    "KICp": 129.370483560125,
    "KINp": 0.0514832303928676,
    "Koverflowp": 1.157407407407407e-06,
    "Mp": 4.985982055870353e-06,
    "VmaxICp": 3.2491495242508804e-05,
    "VmaxINp": 3.881436102022505e-05,
    "gammaDp": 0.4711261024647764
}