{
    "KICp": 37.0,
    "KINp": 0.1730246538697511,
    "Koverflowp": 5.569464077179814e-06,
    "Mp": 4.077791482651899e-06,
    "VmaxICp": 2.332858519388749e-05,
    "VmaxINp": 2.3941583463314264e-05,
    "gammaDp": 0.4311948261755028
}