{
    "KICp": 9.662581571215473,
    "KINp": 0.0114008623339293,
    "Koverflowp": 4.049901348462866e-06,
    "Mp": 1.03677404868284e-05,
    "VmaxICp": 3.2494740615375266e-05,
    "VmaxINp": 5.199686538895449e-05,
    "gammaDp": 0.8
}