{
    "KICp": 167.10736630341484,
    "KINp": 0.0058604481450339,
    "Koverflowp": 2.367298387533582e-07,
    "Mp": 3.275516215920598e-06,
    "VmaxICp": 1.928347889047777e-05,
    "VmaxINp": 2.8091782159469743e-05,
    "gammaDp": 0.8997272988215842
}