{
    "KICp": 37.0,
    "KINp": 0.0062192300532972,
    "Koverflowp": 1.5584383656301958e-06,
    "Mp": 5.036156275088397e-06,
    "VmaxICp": 3.853951592077844e-05,
    "VmaxINp": 2.081639538887329e-05,
    "gammaDp": 0.2005398277556232
}