{
    "KICp": 37.0,
    "KINp": 0.02,
    "Koverflowp": 2.586326987699023e-06,
    "Mp": 2.827710274642974e-06,
    "VmaxICp": 2.6348961323380646e-05,
    "VmaxINp": 4.588007437741548e-05,
    "gammaDp": 0.3881235108828492
}