{
    "KICp": 58.84960743177274,
    "KINp": 0.0125350568258233,
    "Koverflowp": 2.060512763129717e-07,
    "Mp": 8.332957292371049e-06,
    "VmaxICp": 2.397012511245326e-05,
    "VmaxINp": 3.531242268444222e-05,
    "gammaDp": 0.1848011171743106
}