{
    "KICp": 255.04260912243203,
    "KINp": 0.0038177580685812,
    "Koverflowp": 4.568725526335339e-07,
    "Mp": 7.746151319846098e-06,
    "VmaxICp": 3.1623210056481925e-05,
    "VmaxINp": 5.134234532170066e-05,
    "gammaDp": 0.342238003511904
}