{
    "KICp": 3.851104305424632,
    "KINp": 0.1663982354736422,
    "Koverflowp": 3.172548769801912e-07,
    "Mp": 5.857514727409633e-06,
    "VmaxICp": 1.9336690434125128e-05,
    "VmaxINp": 5.3661372040451486e-05,
    "gammaDp": 0.6052469397995395
}