{
    "KICp": 42.569236071957135,
    "KINp": 0.1507483596402573,
    "Koverflowp": 1.3852457374876008e-06,
    "Mp": 2.2738248432037827e-06,
    "VmaxICp": 2.1991377281330065e-05,
    "VmaxINp": 2.437423279726889e-05,
    "gammaDp": 0.8
}