{
    "KICp": 79.4989186071677,
    "KINp": 0.02,
    "Koverflowp": 1.4758782245667294e-07,
    "Mp": 9.46445583475386e-06,
    "VmaxICp": 3.212197187940624e-05,
    "VmaxINp": 4.784168971651183e-05,
    "gammaDp": 0.6619114810530387
}