{
    "KICp": 7.746543854560477,
    "KINp": 0.0489353227575295,
    "Koverflowp": 1.487666901346317e-06,
    "Mp": 3.499358870860134e-06,
    "VmaxICp": 5.384623324451706e-05,
    "VmaxINp": 2.1936909499896448e-05,
    "gammaDp": 0.8169965677372106
}