{
    "KICp": 115.3857302671575,
    "KINp": 0.096866158299215,
    "Koverflowp": 1.3634966050465017e-07,
    "Mp": 5.374372207361356e-06,
    "VmaxICp": 2.109541039338936e-05,
    "VmaxINp": 3.63586462591524e-05,
    "gammaDp": 0.8
}