{
    "KICp": 37.0,
    "KINp": 0.0928263895941688,
    "Koverflowp": 6.1496426680174e-07,
    "Mp": 3.0410362298061863e-06,
    "VmaxICp": 5.050609987600617e-05,
    "VmaxINp": 2.2850659949632363e-05,
    "gammaDp": 0.7803476160291632
}