{
    "KICp": 37.0,
    "KINp": 0.0038858616318488,
    "Koverflowp": 5.684596041682679e-07,
    "Mp": 3.6757578337361447e-06,
    "VmaxICp": 4.061293679610308e-05,
    "VmaxINp": 1.290313832263252e-05,
    "gammaDp": 0.2804068791265197
}