{
    "KICp": 81.1916705278423,
    "KINp": 0.003112163525266,
    "Koverflowp": 1.157407407407407e-06,
    "Mp": 3.960133001247577e-06,
    "VmaxICp": 5.06349317944914e-05,
    "VmaxINp": 2.475076301924162e-05,
    "gammaDp": 0.8
}