{
    "KICp": 49.352619746975215,
    "KINp": 0.0645958849912316,
    "Koverflowp": 1.304780123788479e-07,
    "Mp": 3.306454189899387e-06,
    "VmaxICp": 3.425594922494785e-05,
    "VmaxINp": 2.67425225351454e-05,
    "gammaDp": 0.1854303327147661
}