{
    "KICp": 9.772617728512058,
    "KINp": 0.1507483596402573,
    "Koverflowp": 1.0422199695838489e-06,
    "Mp": 2.2738248432037827e-06,
    "VmaxICp": 2.3913423391339085e-05,
    "VmaxINp": 2.437423279726889e-05,
    "gammaDp": 0.8
}