{
    "KICp": 97.36455193600273,
    "KINp": 0.1616153998888935,
    "Koverflowp": 6.209128997776045e-06,
    "Mp": 2.6395575217362106e-06,
    "VmaxICp": 1.932301561236637e-05,
    "VmaxINp": 2.67425225351454e-05,
    "gammaDp": 0.1854303327147661
}