{
    "KICp": 192.3173721112261,
    "KINp": 0.1664006683982028,
    "Koverflowp": 1.3122846789875509e-06,
    "Mp": 6.079994769912495e-06,
    "VmaxICp": 3.056313945024598e-05,
    "VmaxINp": 4.764479639951918e-05,
    "gammaDp": 0.1170722670043632
}