{
    "KICp": 26.70377096500324,
    "KINp": 0.0318451943533135,
    "Koverflowp": 3.3166884781989133e-06,
    "Mp": 7.729569384938746e-06,
    "VmaxICp": 3.102716441415455e-05,
    "VmaxINp": 4.148477945528166e-05,
    "gammaDp": 0.8
}