{
    "KICp": 42.68210999986059,
    "KINp": 0.0618394828405148,
    "Koverflowp": 4.22289786487785e-07,
    "Mp": 3.395253732823169e-06,
    "VmaxICp": 2.6348961323380646e-05,
    "VmaxINp": 3.93472862129686e-05,
    "gammaDp": 0.8
}