{
    "KICp": 11.273289794787932,
    "KINp": 0.1507483596402573,
    "Koverflowp": 9.875194906729006e-07,
    "Mp": 2.2738248432037827e-06,
    "VmaxICp": 1.9010190328637256e-05,
    "VmaxINp": 2.4412497422504644e-05,
    "gammaDp": 0.2688901464261593
}