{
    "KICp": 37.0,
    "KINp": 0.0389967196643656,
    "Koverflowp": 2.6716563620921425e-07,
    "Mp": 3.924158752067255e-06,
    "VmaxICp": 2.51868166083918e-05,
    "VmaxINp": 2.6334961104043298e-05,
    "gammaDp": 0.71693652971496
}