{
    "KICp": 242.47126752134363,
    "KINp": 0.1185326027974209,
    "Koverflowp": 2.716967334463144e-07,
    "Mp": 6.6439951424353264e-06,
    "VmaxICp": 3.123720518745412e-05,
    "VmaxINp": 2.9728362425022723e-05,
    "gammaDp": 0.8220553412315564
}