{
    "KICp": 37.0,
    "KINp": 0.0066265531012222,
    "Koverflowp": 3.997606966760782e-06,
    "Mp": 6.171550172174604e-06,
    "VmaxICp": 1.8480961299214583e-05,
    "VmaxINp": 3.11000814827978e-05,
    "gammaDp": 0.4108440846466074
}