{
    "KICp": 168.66296463821288,
    "KINp": 0.0042521343812799,
    "Koverflowp": 3.232448367416779e-06,
    "Mp": 3.1133381520156026e-06,
    "VmaxICp": 3.477090644461146e-05,
    "VmaxINp": 2.2902974683534754e-05,
    "gammaDp": 0.8
}