{
    "KICp": 9.393278251903402,
    "KINp": 0.0105062616949112,
    "Koverflowp": 1.3187744366136666e-07,
    "Mp": 6.733865080798553e-06,
    "VmaxICp": 3.477090644461146e-05,
    "VmaxINp": 5.0257947094599886e-05,
    "gammaDp": 0.8
}