{
    "KICp": 4.805885237372271,
    "KINp": 0.0380556988965175,
    "Koverflowp": 2.0279970243780385e-06,
    "Mp": 2.446046144530414e-06,
    "VmaxICp": 2.2202290565065405e-05,
    "VmaxINp": 2.431460708618776e-05,
    "gammaDp": 0.2854682463733268
}