{
    "KICp": 107.54839034608938,
    "KINp": 0.0020985429401954,
    "Koverflowp": 1.93380674334612e-07,
    "Mp": 5.7939692477545165e-06,
    "VmaxICp": 3.008201507471043e-05,
    "VmaxINp": 2.449298480987523e-05,
    "gammaDp": 0.1928897590075019
}