{
    "KICp": 328.13594295314005,
    "KINp": 0.0530604479137624,
    "Koverflowp": 2.243104120241317e-07,
    "Mp": 4.987959530012989e-06,
    "VmaxICp": 2.204272911957716e-05,
    "VmaxINp": 2.9537946398046454e-05,
    "gammaDp": 0.8
}