{
    "KICp": 37.0,
    "KINp": 0.0058604481450339,
    "Koverflowp": 1.406787275996666e-06,
    "Mp": 3.275516215920598e-06,
    "VmaxICp": 2.0011012414836007e-05,
    "VmaxINp": 2.3401696264350827e-05,
    "gammaDp": 0.1814481739334737
}