{
    "KICp": 46.82992629237479,
    "KINp": 0.0151410451839596,
    "Koverflowp": 5.20056231269401e-06,
    "Mp": 9.156187818593032e-06,
    "VmaxICp": 3.1623210056481925e-05,
    "VmaxINp": 5.134234532170066e-05,
    "gammaDp": 0.8
}