{
    "KICp": 105.97833927473908,
    "KINp": 0.0286903273579898,
    "Koverflowp": 7.266968683769453e-06,
    "Mp": 8.87998560326158e-06,
    "VmaxICp": 3.35038083123193e-05,
    "VmaxINp": 5.291388341103314e-05,
    "gammaDp": 0.680059612164452
}