{
    "KICp": 120.05133376020244,
    "KINp": 0.0054102641482629,
    "Koverflowp": 7.54797543750422e-06,
    "Mp": 2.838192577053591e-06,
    "VmaxICp": 2.139245161782169e-05,
    "VmaxINp": 3.688080502807298e-05,
    "gammaDp": 0.161132690140423
}