{
    "KICp": 12.73273731634102,
    "KINp": 0.1833932420446667,
    "Koverflowp": 2.0195446138332846e-06,
    "Mp": 5.1440267725687465e-06,
    "VmaxICp": 2.4422546999733324e-05,
    "VmaxINp": 3.499185287935904e-05,
    "gammaDp": 0.1265342555485967
}