{
    "KICp": 13.122622562836408,
    "KINp": 0.003550489143565,
    "Koverflowp": 3.3038260796997325e-06,
    "Mp": 4.726473969699721e-06,
    "VmaxICp": 2.344629266497028e-05,
    "VmaxINp": 4.696298495681492e-05,
    "gammaDp": 0.8
}