{
    "KICp": 34.69272083600434,
    "KINp": 0.0421906181641009,
    "Koverflowp": 1.157407407407407e-06,
    "Mp": 2.5017922574918747e-06,
    "VmaxICp": 3.431541727349536e-05,
    "VmaxINp": 1.6821767566466797e-05,
    "gammaDp": 0.2202149036948984
}