{
    "KICp": 7.0482024024607375,
    "KINp": 0.0046746293390295,
    "Koverflowp": 1.6459405121589705e-06,
    "Mp": 2.827710274642974e-06,
    "VmaxICp": 1.9276432815826405e-05,
    "VmaxINp": 3.93472862129686e-05,
    "gammaDp": 0.8
}