{
    "KICp": 5.815748974157872,
    "KINp": 0.0286505503997438,
    "Koverflowp": 7.099314615415262e-07,
    "Mp": 4.995160195507786e-06,
    "VmaxICp": 2.2202290565065405e-05,
    "VmaxINp": 2.8080633310846625e-05,
    "gammaDp": 0.4098334179107852
}