{
    "KICp": 21.968664516682647,
    "KINp": 0.0328138218868079,
    "Koverflowp": 1.157407407407407e-06,
    "Mp": 7.1957494828620095e-06,
    "VmaxICp": 3.911470666546389e-05,
    "VmaxINp": 4.205068333671328e-05,
    "gammaDp": 0.1410251622592228
}