{
    "KICp": 67.84047333208436,
    "KINp": 0.0552152497841615,
    "Koverflowp": 1.157407407407407e-06,
    "Mp": 3.960133001247577e-06,
    "VmaxICp": 3.7672377171816655e-05,
    "VmaxINp": 2.475076301924162e-05,
    "gammaDp": 0.8
}