{
    "KICp": 37.0,
    "KINp": 0.067474964604619,
    "Koverflowp": 3.18288170560296e-07,
    "Mp": 5.188905047868574e-06,
    "VmaxICp": 2.332858519388749e-05,
    "VmaxINp": 2.746742124144854e-05,
    "gammaDp": 0.4698374779141078
}