{
    "KICp": 37.0,
    "KINp": 0.0327588142231714,
    "Koverflowp": 8.857285393017668e-07,
    "Mp": 9.434971045498452e-06,
    "VmaxICp": 3.007117271223888e-05,
    "VmaxINp": 3.873948874989496e-05,
    "gammaDp": 0.2010469294212521
}