{
    "KICp": 37.0,
    "KINp": 0.1871567973348308,
    "Koverflowp": 2.7407206142644904e-07,
    "Mp": 4.7349835435532265e-06,
    "VmaxICp": 1.5966414500097985e-05,
    "VmaxINp": 3.664494209268395e-05,
    "gammaDp": 0.8
}