{
    "KICp": 5.632433734015513,
    "KINp": 0.0362040640439167,
    "Koverflowp": 2.1485427069932226e-07,
    "Mp": 2.195815791856394e-06,
    "VmaxICp": 1.448552658179443e-05,
    "VmaxINp": 5.383207057510661e-05,
    "gammaDp": 0.140054591149641
}