{
    "KICp": 146.86684532147603,
    "KINp": 0.0129609500899793,
    "Koverflowp": 9.784523602727356e-06,
    "Mp": 2.838192577053591e-06,
    "VmaxICp": 2.139245161782169e-05,
    "VmaxINp": 3.688080502807298e-05,
    "gammaDp": 0.1147116500048066
}