{
    "KICp": 10.047749051355233,
    "KINp": 0.1081468599927486,
    "Koverflowp": 1.157407407407407e-06,
    "Mp": 4.814038463770572e-06,
    "VmaxICp": 1.9336690434125128e-05,
    "VmaxINp": 5.3661372040451486e-05,
    "gammaDp": 0.2712713966111308
}