{
    "KICp": 6.41985014515451,
    "KINp": 0.0322735385631299,
    "Koverflowp": 4.259721194545981e-07,
    "Mp": 3.2704117348502746e-06,
    "VmaxICp": 3.123720518745412e-05,
    "VmaxINp": 2.642295611399497e-05,
    "gammaDp": 0.8220553412315564
}