{
    "KICp": 37.0,
    "KINp": 0.1833932420446667,
    "Koverflowp": 5.466748207752921e-07,
    "Mp": 6.199567061255492e-06,
    "VmaxICp": 2.5686266166889552e-05,
    "VmaxINp": 2.2478579110469764e-05,
    "gammaDp": 0.2607325804714168
}