{
    "KICp": 195.7106211156256,
    "KINp": 0.0054271108558962,
    "Koverflowp": 6.603973853697932e-07,
    "Mp": 3.490985866130024e-06,
    "VmaxICp": 2.255193092533769e-05,
    "VmaxINp": 4.0582214700587216e-05,
    "gammaDp": 0.570608569023065
}