{
    "KICp": 37.0,
    "KINp": 0.0576256866759224,
    "Koverflowp": 1.3004926477044638e-07,
    "Mp": 3.275516215920598e-06,
    "VmaxICp": 2.686239204037496e-05,
    "VmaxINp": 1.4009965698788008e-05,
    "gammaDp": 0.7348919733746352
}