{
    "KICp": 278.29461337770994,
    "KINp": 0.0195424426704605,
    "Koverflowp": 8.1413061883786e-06,
    "Mp": 3.0410362298061863e-06,
    "VmaxICp": 2.661163450378868e-05,
    "VmaxINp": 2.2850659949632363e-05,
    "gammaDp": 0.7833382933652294
}