{
    "KICp": 37.0,
    "KINp": 0.1845528010102136,
    "Koverflowp": 8.559440364226457e-07,
    "Mp": 3.275516215920598e-06,
    "VmaxICp": 2.686239204037496e-05,
    "VmaxINp": 2.8091782159469743e-05,
    "gammaDp": 0.1231839058825473
}