{
    "KICp": 37.0,
    "KINp": 0.0318451943533135,
    "Koverflowp": 6.129375781159083e-06,
    "Mp": 5.011664641609509e-06,
    "VmaxICp": 3.102716441415455e-05,
    "VmaxINp": 2.1030250791944063e-05,
    "gammaDp": 0.8
}