{
    "KICp": 19.004245901637745,
    "KINp": 0.02,
    "Koverflowp": 4.716022122435157e-06,
    "Mp": 4.006975266416867e-06,
    "VmaxICp": 1.701761441903097e-05,
    "VmaxINp": 5.480991040490243e-05,
    "gammaDp": 0.5014876710903529
}