{
    "KICp": 107.9024590536062,
    "KINp": 0.0082648600835463,
    "Koverflowp": 2.5095442077366013e-06,
    "Mp": 4.982950996349726e-06,
    "VmaxICp": 2.079186142962881e-05,
    "VmaxINp": 5.488200950512284e-05,
    "gammaDp": 0.816641239152563
}