{
    "KICp": 18.965667641732548,
    "KINp": 0.0058604481450339,
    "Koverflowp": 1.3004926477044638e-07,
    "Mp": 3.275516215920598e-06,
    "VmaxICp": 2.686239204037496e-05,
    "VmaxINp": 1.5922705130235273e-05,
    "gammaDp": 0.7119437603241316
}