{
    "KICp": 55.306896896668455,
    "KINp": 0.1400194369429054,
    "Koverflowp": 5.361770796241016e-07,
    "Mp": 3.490985866130024e-06,
    "VmaxICp": 1.540885469831346e-05,
    "VmaxINp": 4.0582214700587216e-05,
    "gammaDp": 0.8
}