{
    "KICp": 9.689614728420562,
    "KINp": 0.0030958436635977,
    "Koverflowp": 2.542509924792257e-07,
    "Mp": 4.982950996349726e-06,
    "VmaxICp": 2.079186142962881e-05,
    "VmaxINp": 5.488200950512284e-05,
    "gammaDp": 0.2671094985389283
}