{
    "KICp": 209.54971796364444,
    "KINp": 0.0096216676786671,
    "Koverflowp": 1.5065546191707789e-07,
    "Mp": 4.842658074300396e-06,
    "VmaxICp": 4.344809647895934e-05,
    "VmaxINp": 2.9537946398046454e-05,
    "gammaDp": 0.8
}