{
    "KICp": 37.0,
    "KINp": 0.0442267606780714,
    "Koverflowp": 2.052251471278846e-07,
    "Mp": 4.713900434837006e-06,
    "VmaxICp": 3.2587498990056074e-05,
    "VmaxINp": 2.475076301924162e-05,
    "gammaDp": 0.8
}