{
    "KICp": 107.9024590536062,
    "KINp": 0.0087183737207831,
    "Koverflowp": 2.542509924792257e-07,
    "Mp": 4.982950996349726e-06,
    "VmaxICp": 2.079186142962881e-05,
    "VmaxINp": 2.63302712604801e-05,
    "gammaDp": 0.3917491680744187
}