{
    "KICp": 12.711339126286676,
    "KINp": 0.0058604481450339,
    "Koverflowp": 1.3004926477044638e-07,
    "Mp": 3.900043777571466e-06,
    "VmaxICp": 2.686239204037496e-05,
    "VmaxINp": 2.8091782159469743e-05,
    "gammaDp": 0.475017387427203
}