{
    "KICp": 284.411259799783,
    "KINp": 0.02,
    "Koverflowp": 2.0128126621058885e-07,
    "Mp": 5.543694560976808e-06,
    "VmaxICp": 3.194493040487167e-05,
    "VmaxINp": 2.669612749975629e-05,
    "gammaDp": 0.8680100362902182
}