{
    "KICp": 11.297110991124477,
    "KINp": 0.02,
    "Koverflowp": 3.576293608832756e-07,
    "Mp": 4.989641459559259e-06,
    "VmaxICp": 3.290730262548647e-05,
    "VmaxINp": 4.784168971651183e-05,
    "gammaDp": 0.4086159606850387
}