{
    "KICp": 139.39395832226572,
    "KINp": 0.0500618590902984,
    "Koverflowp": 4.716022122435157e-06,
    "Mp": 3.651638959345976e-06,
    "VmaxICp": 1.701761441903097e-05,
    "VmaxINp": 3.676846135965088e-05,
    "gammaDp": 0.2955183269152017
}