{
    "KICp": 4.228222916458342,
    "KINp": 0.1262368118320471,
    "Koverflowp": 1.157407407407407e-06,
    "Mp": 4.985982055870353e-06,
    "VmaxICp": 1.8234313386169e-05,
    "VmaxINp": 3.881436102022505e-05,
    "gammaDp": 0.8380000939910037
}