{
    "KICp": 52.01262522022206,
    "KINp": 0.02,
    "Koverflowp": 8.741130325970033e-07,
    "Mp": 8.252810422867142e-06,
    "VmaxICp": 3.911470666546389e-05,
    "VmaxINp": 3.495382428312662e-05,
    "gammaDp": 0.4132584512086142
}