{
    "KICp": 156.65346744960968,
    "KINp": 0.002989654837369,
    "Koverflowp": 4.716022122435157e-06,
    "Mp": 2.1786099073161934e-06,
    "VmaxICp": 1.701761441903097e-05,
    "VmaxINp": 3.676846135965088e-05,
    "gammaDp": 0.1780436144554808
}