{
    "KICp": 10.299404083325246,
    "KINp": 0.0214466516415551,
    "Koverflowp": 3.764977563080487e-06,
    "Mp": 6.694508921839299e-06,
    "VmaxICp": 2.397012511245326e-05,
    "VmaxINp": 3.531242268444222e-05,
    "gammaDp": 0.8
}