{
    "KICp": 56.36877832963179,
    "KINp": 0.0192103881888413,
    "Koverflowp": 1.5601928426062906e-07,
    "Mp": 8.609007892078403e-06,
    "VmaxICp": 3.749645888986684e-05,
    "VmaxINp": 5.510191567708563e-05,
    "gammaDp": 0.4786488674676678
}