{
    "KICp": 8.216337907921572,
    "KINp": 0.02,
    "Koverflowp": 2.749558234398769e-07,
    "Mp": 6.569741371640339e-06,
    "VmaxICp": 3.35038083123193e-05,
    "VmaxINp": 5.291388341103314e-05,
    "gammaDp": 0.6590765042735764
}