{
    "KICp": 337.29810334658595,
    "KINp": 0.080350778413615,
    "Koverflowp": 1.4667726061425472e-06,
    "Mp": 6.079994769912495e-06,
    "VmaxICp": 3.056313945024598e-05,
    "VmaxINp": 1.876290010167472e-05,
    "gammaDp": 0.1194644712595934
}