{
    "KICp": 16.525303475293924,
    "KINp": 0.1334243307507673,
    "Koverflowp": 5.740951846123607e-06,
    "Mp": 5.543694560976808e-06,
    "VmaxICp": 3.194493040487167e-05,
    "VmaxINp": 2.669612749975629e-05,
    "gammaDp": 0.1098487876280632
}