{
    "KICp": 6.848438181743769,
    "KINp": 0.0038858616318488,
    "Koverflowp": 5.684437633591706e-06,
    "Mp": 5.482299550827454e-06,
    "VmaxICp": 4.762490857723337e-05,
    "VmaxINp": 1.290313832263252e-05,
    "gammaDp": 0.2991482602836636
}