{
    "KICp": 107.9024590536062,
    "KINp": 0.0511385403756574,
    "Koverflowp": 6.515452638557427e-07,
    "Mp": 5.779107391125908e-06,
    "VmaxICp": 2.079186142962881e-05,
    "VmaxINp": 5.488200950512284e-05,
    "gammaDp": 0.4283047744532935
}