{
    "KICp": 206.474108439991,
    "KINp": 0.0108337821018775,
    "Koverflowp": 3.888700823118328e-07,
    "Mp": 4.543486189887338e-06,
    "VmaxICp": 1.5966414500097985e-05,
    "VmaxINp": 3.664494209268395e-05,
    "gammaDp": 0.4115449539226756
}