{
    "KICp": 84.63199661436398,
    "KINp": 0.016394680963927,
    "Koverflowp": 8.490922728443505e-07,
    "Mp": 6.1419063425643e-06,
    "VmaxICp": 2.8849521696902307e-05,
    "VmaxINp": 5.237164257237761e-05,
    "gammaDp": 0.2525777508122456
}