{
    "KICp": 132.62546392390507,
    "KINp": 0.1003226623420389,
    "Koverflowp": 9.445060903008492e-06,
    "Mp": 5.1440267725687465e-06,
    "VmaxICp": 2.5686266166889552e-05,
    "VmaxINp": 3.499185287935904e-05,
    "gammaDp": 0.1344258726766791
}