{
    "KICp": 22.670113708173147,
    "KINp": 0.0519550817565985,
    "Koverflowp": 1.9801832478776698e-07,
    "Mp": 7.602483209333364e-06,
    "VmaxICp": 3.603929053482253e-05,
    "VmaxINp": 2.969941642966977e-05,
    "gammaDp": 0.1241379892195796
}