{
    "KICp": 37.0,
    "KINp": 0.0524858953475881,
    "Koverflowp": 1.157407407407407e-06,
    "Mp": 3.129987504938286e-06,
    "VmaxICp": 2.1697626042222856e-05,
    "VmaxINp": 2.2433042701118063e-05,
    "gammaDp": 0.8
}