{
    "KICp": 17.7340699264029,
    "KINp": 0.0928263895941688,
    "Koverflowp": 1.157407407407407e-06,
    "Mp": 2.731999015182636e-06,
    "VmaxICp": 2.661163450378868e-05,
    "VmaxINp": 2.2850659949632363e-05,
    "gammaDp": 0.1313838499933267
}