{
    "KICp": 111.6044437609962,
    "KINp": 0.0437904800033326,
    "Koverflowp": 2.6716563620921425e-07,
    "Mp": 5.036156275088397e-06,
    "VmaxICp": 2.6143822832422133e-05,
    "VmaxINp": 2.6334961104043298e-05,
    "gammaDp": 0.1708509701138103
}