{
    "KICp": 148.9501937456741,
    "KINp": 0.0050097275936584,
    "Koverflowp": 2.396464398205236e-06,
    "Mp": 6.733865080798553e-06,
    "VmaxICp": 3.477090644461146e-05,
    "VmaxINp": 5.0257947094599886e-05,
    "gammaDp": 0.8
}