{
    "KICp": 37.0,
    "KINp": 0.0078993925247789,
    "Koverflowp": 2.173666903421213e-07,
    "Mp": 2.5017922574918747e-06,
    "VmaxICp": 3.431541727349536e-05,
    "VmaxINp": 1.590041794963484e-05,
    "gammaDp": 0.1098419080141242
}