{
    "KICp": 55.49896059265815,
    "KINp": 0.0022925421917632,
    "Koverflowp": 5.714464930942897e-07,
    "Mp": 9.642413138668982e-06,
    "VmaxICp": 3.123720518745412e-05,
    "VmaxINp": 2.9728362425022723e-05,
    "gammaDp": 0.8220553412315564
}