{
    "KICp": 11.286586309528108,
    "KINp": 0.0038858616318488,
    "Koverflowp": 7.342487914635498e-06,
    "Mp": 5.482299550827454e-06,
    "VmaxICp": 4.061293679610308e-05,
    "VmaxINp": 5.002394314106475e-05,
    "gammaDp": 0.1268997112081817
}