{
    "KICp": 122.1277706810088,
    "KINp": 0.0537634708294811,
    "Koverflowp": 9.89190289295198e-06,
    "Mp": 2.2738248432037827e-06,
    "VmaxICp": 1.9010190328637256e-05,
    "VmaxINp": 2.437423279726889e-05,
    "gammaDp": 0.8
}