{
    "KICp": 31.751223436625267,
    "KINp": 0.011386249820932,
    "Koverflowp": 1.157407407407407e-06,
    "Mp": 3.7205877939857135e-06,
    "VmaxICp": 1.9336690434125128e-05,
    "VmaxINp": 5.3661372040451486e-05,
    "gammaDp": 0.6498767935154671
}