{
    "KICp": 9.963625372683714,
    "KINp": 0.0414610486558701,
    "Koverflowp": 4.039289145391105e-06,
    "Mp": 3.129987504938286e-06,
    "VmaxICp": 2.483258098046172e-05,
    "VmaxINp": 1.994189391650832e-05,
    "gammaDp": 0.2587764986071104
}