{
    "KICp": 99.79019759726414,
    "KINp": 0.0549737095393294,
    "Koverflowp": 6.506013064753137e-06,
    "Mp": 4.1149850878659415e-06,
    "VmaxICp": 5.374104783139006e-05,
    "VmaxINp": 1.822923320766132e-05,
    "gammaDp": 0.3985767731468108
}