{
    "KICp": 4.347746491701614,
    "KINp": 0.02,
    "Koverflowp": 7.85526130866747e-07,
    "Mp": 2.034002876150089e-06,
    "VmaxICp": 2.109541039338936e-05,
    "VmaxINp": 1.9253444035532817e-05,
    "gammaDp": 0.2952799702022418
}