{
    "KICp": 35.08850314149904,
    "KINp": 0.0208004526631477,
    "Koverflowp": 1.3004926477044638e-07,
    "Mp": 3.275516215920598e-06,
    "VmaxICp": 2.863272991483116e-05,
    "VmaxINp": 2.8091782159469743e-05,
    "gammaDp": 0.1542101174941348
}