{
    "KICp": 192.10093784590288,
    "KINp": 0.0025623028765335,
    "Koverflowp": 8.256959545292951e-07,
    "Mp": 2.838192577053591e-06,
    "VmaxICp": 2.139245161782169e-05,
    "VmaxINp": 3.688080502807298e-05,
    "gammaDp": 0.2013004528318146
}