{
    "KICp": 37.0,
    "KINp": 0.084462510465251,
    "Koverflowp": 1.9700906021112607e-06,
    "Mp": 6.079994769912495e-06,
    "VmaxICp": 4.04617425922599e-05,
    "VmaxINp": 1.876290010167472e-05,
    "gammaDp": 0.2006219141288328
}