{
    "KICp": 170.55272642446033,
    "KINp": 0.0314700654436578,
    "Koverflowp": 1.1010889172814115e-06,
    "Mp": 4.478401498602015e-06,
    "VmaxICp": 3.194493040487167e-05,
    "VmaxINp": 2.669612749975629e-05,
    "gammaDp": 0.1098487876280632
}