{
    "KICp": 6.893453697374663,
    "KINp": 0.0084401646011451,
    "Koverflowp": 1.2970050314472425e-06,
    "Mp": 2.195815791856394e-06,
    "VmaxICp": 1.448552658179443e-05,
    "VmaxINp": 5.383207057510661e-05,
    "gammaDp": 0.1050364520228094
}