{
    "KICp": 53.50079981394477,
    "KINp": 0.0058819842808492,
    "Koverflowp": 1.1441381822931892e-05,
    "Mp": 6.930109055976275e-06,
    "VmaxICp": 2.139245161782169e-05,
    "VmaxINp": 3.688080502807298e-05,
    "gammaDp": 0.3954332742645672
}