{
    "KICp": 52.85501611245722,
    "KINp": 0.0414610486558701,
    "Koverflowp": 4.522470914545441e-07,
    "Mp": 3.129987504938286e-06,
    "VmaxICp": 2.483258098046172e-05,
    "VmaxINp": 4.452913299875567e-05,
    "gammaDp": 0.1190682510130424
}