{
    "KICp": 37.0,
    "KINp": 0.02,
    "Koverflowp": 2.6716563620921425e-07,
    "Mp": 4.975350541081302e-06,
    "VmaxICp": 1.98119615966197e-05,
    "VmaxINp": 2.6334961104043298e-05,
    "gammaDp": 0.3910317379949557
}