{
    "KICp": 15.928617776887302,
    "KINp": 0.02,
    "Koverflowp": 1.6459405121589705e-06,
    "Mp": 5.065880539986946e-06,
    "VmaxICp": 2.6348961323380646e-05,
    "VmaxINp": 3.93472862129686e-05,
    "gammaDp": 0.1000601397562167
}