{
    "KICp": 37.0,
    "KINp": 0.0030081161572398,
    "Koverflowp": 7.408773566991334e-07,
    "Mp": 7.199527882569249e-06,
    "VmaxICp": 2.6348961323380646e-05,
    "VmaxINp": 3.93472862129686e-05,
    "gammaDp": 0.2984680905317009
}