{
    "KICp": 3.7003267320645934,
    "KINp": 0.0260040396419004,
    "Koverflowp": 6.382323981183116e-07,
    "Mp": 4.982950996349726e-06,
    "VmaxICp": 2.079186142962881e-05,
    "VmaxINp": 5.488200950512284e-05,
    "gammaDp": 0.4283047744532935
}