{
    "KICp": 37.0,
    "KINp": 0.0028318885829888,
    "Koverflowp": 4.315055031139429e-07,
    "Mp": 5.1440267725687465e-06,
    "VmaxICp": 2.7473997645883707e-05,
    "VmaxINp": 3.499185287935904e-05,
    "gammaDp": 0.3719056273096343
}