{
    "KICp": 92.23915812317529,
    "KINp": 0.014400219007077,
    "Koverflowp": 3.232448367416779e-06,
    "Mp": 9.090828813456518e-06,
    "VmaxICp": 3.477090644461146e-05,
    "VmaxINp": 4.093979557033997e-05,
    "gammaDp": 0.8984563965633738
}