{
    "KICp": 4.714174433601694,
    "KINp": 0.0028650091293831,
    "Koverflowp": 8.341135627729364e-07,
    "Mp": 4.543486189887338e-06,
    "VmaxICp": 1.5966414500097985e-05,
    "VmaxINp": 3.664494209268395e-05,
    "gammaDp": 0.5444406140515208
}