{
    "KICp": 37.0,
    "KINp": 0.0922123652110089,
    "Koverflowp": 1.5494997528260288e-06,
    "Mp": 4.543486189887338e-06,
    "VmaxICp": 2.5104121926515063e-05,
    "VmaxINp": 3.759842273698073e-05,
    "gammaDp": 0.1831961401575761
}