{
    "KICp": 69.83329013492289,
    "KINp": 0.0922123652110089,
    "Koverflowp": 5.436389703770405e-06,
    "Mp": 1.0365412264536752e-05,
    "VmaxICp": 3.970473572517822e-05,
    "VmaxINp": 3.664494209268395e-05,
    "gammaDp": 0.8
}