{
    "KICp": 105.97833927473908,
    "KINp": 0.1275060514865102,
    "Koverflowp": 3.354168716828528e-06,
    "Mp": 8.87998560326158e-06,
    "VmaxICp": 5.074384672221476e-05,
    "VmaxINp": 5.291388341103314e-05,
    "gammaDp": 0.1325160480839553
}