{
    "KICp": 5.952189278156786,
    "KINp": 0.0032390864400201,
    "Koverflowp": 3.3560428003438284e-06,
    "Mp": 5.543694560976808e-06,
    "VmaxICp": 3.194493040487167e-05,
    "VmaxINp": 2.669612749975629e-05,
    "gammaDp": 0.124243192197568
}