{
    "KICp": 352.3065979374004,
    "KINp": 0.0668868752975485,
    "Koverflowp": 4.989884648712091e-06,
    "Mp": 8.609007892078403e-06,
    "VmaxICp": 3.749645888986684e-05,
    "VmaxINp": 3.6456967545962536e-05,
    "gammaDp": 0.4786488674676678
}