{
    "KICp": 330.33202621157807,
    "KINp": 0.0032215529027413,
    "Koverflowp": 8.523440338230915e-06,
    "Mp": 6.694508921839299e-06,
    "VmaxICp": 2.397012511245326e-05,
    "VmaxINp": 3.531242268444222e-05,
    "gammaDp": 0.603269598566287
}