{
    "KICp": 141.9404114984901,
    "KINp": 0.0134534666923444,
    "Koverflowp": 4.25795578606537e-06,
    "Mp": 2.8189157427512445e-06,
    "VmaxICp": 2.204272911957716e-05,
    "VmaxINp": 2.9537946398046454e-05,
    "gammaDp": 0.8
}