{
    "KICp": 4.715254288065594,
    "KINp": 0.0304925632425474,
    "Koverflowp": 1.0125048397755932e-05,
    "Mp": 5.7939692477545165e-06,
    "VmaxICp": 3.008201507471043e-05,
    "VmaxINp": 2.449298480987523e-05,
    "gammaDp": 0.1759560291415384
}