{
    "KICp": 37.0,
    "KINp": 0.0090427374029744,
    "Koverflowp": 1.4614762051179793e-06,
    "Mp": 4.718245015269813e-06,
    "VmaxICp": 2.6348961323380646e-05,
    "VmaxINp": 3.93472862129686e-05,
    "gammaDp": 0.1673962295971767
}