{
    "KICp": 6.41985014515451,
    "KINp": 0.0055458410095733,
    "Koverflowp": 1.157407407407407e-06,
    "Mp": 6.6439951424353264e-06,
    "VmaxICp": 3.123720518745412e-05,
    "VmaxINp": 3.475718663165079e-05,
    "gammaDp": 0.2426482931625643
}