{
    "KICp": 169.1791002827056,
    "KINp": 0.0038858616318488,
    "Koverflowp": 5.684437633591706e-06,
    "Mp": 3.354121297306028e-06,
    "VmaxICp": 4.061293679610308e-05,
    "VmaxINp": 1.290313832263252e-05,
    "gammaDp": 0.3276603355310487
}