{
    "KICp": 37.0,
    "KINp": 0.1358465830678586,
    "Koverflowp": 1.039283559083538e-06,
    "Mp": 4.89288579974581e-06,
    "VmaxICp": 5.1455672375052304e-05,
    "VmaxINp": 1.5626129596054363e-05,
    "gammaDp": 0.2139316199993783
}