{
    "KICp": 37.0,
    "KINp": 0.0778002405680946,
    "Koverflowp": 3.857844237050503e-06,
    "Mp": 3.0410362298061863e-06,
    "VmaxICp": 2.661163450378868e-05,
    "VmaxINp": 2.2850659949632363e-05,
    "gammaDp": 0.2853568284506568
}