{
    "KICp": 4.207872711834442,
    "KINp": 0.0064495240273856,
    "Koverflowp": 3.69497472503628e-07,
    "Mp": 5.942891183952621e-06,
    "VmaxICp": 3.2494740615375266e-05,
    "VmaxINp": 1.7558266762797528e-05,
    "gammaDp": 0.8
}