{
    "KICp": 224.94177415531223,
    "KINp": 0.0116790253788006,
    "Koverflowp": 1.558469995466238e-06,
    "Mp": 3.129987504938286e-06,
    "VmaxICp": 2.483258098046172e-05,
    "VmaxINp": 4.452913299875567e-05,
    "gammaDp": 0.8
}