{
    "KICp": 60.20592937096711,
    "KINp": 0.0632908335165361,
    "Koverflowp": 3.232448367416779e-06,
    "Mp": 6.733865080798553e-06,
    "VmaxICp": 3.477090644461146e-05,
    "VmaxINp": 5.175878526270374e-05,
    "gammaDp": 0.130515656307858
}