{
    "KICp": 184.6382970579388,
    "KINp": 0.0296259915515269,
    "Koverflowp": 6.400932490772725e-06,
    "Mp": 6.1419063425643e-06,
    "VmaxICp": 2.8849521696902307e-05,
    "VmaxINp": 5.237164257237761e-05,
    "gammaDp": 0.2525777508122456
}