{
    "KICp": 4.041077631458903,
    "KINp": 0.1476252775819926,
    "Koverflowp": 7.825640731241582e-07,
    "Mp": 6.6439951424353264e-06,
    "VmaxICp": 3.123720518745412e-05,
    "VmaxINp": 4.2459030515489374e-05,
    "gammaDp": 0.8220553412315564
}