{
    "KICp": 146.86684532147603,
    "KINp": 0.02,
    "Koverflowp": 1.4642941263732338e-06,
    "Mp": 5.961864558587897e-06,
    "VmaxICp": 2.139245161782169e-05,
    "VmaxINp": 4.9504679084128806e-05,
    "gammaDp": 0.2374382468529679
}