{
    "KICp": 50.70621452712383,
    "KINp": 0.0404098308543371,
    "Koverflowp": 3.085151884608947e-07,
    "Mp": 2.4300183500579526e-06,
    "VmaxICp": 2.686239204037496e-05,
    "VmaxINp": 2.8091782159469743e-05,
    "gammaDp": 0.1542101174941348
}