{
    "KICp": 271.65653280209216,
    "KINp": 0.0318451943533135,
    "Koverflowp": 1.3185666549783865e-07,
    "Mp": 7.729569384938746e-06,
    "VmaxICp": 3.102716441415455e-05,
    "VmaxINp": 4.2617285303666375e-05,
    "gammaDp": 0.1149357002633551
}