{
    "KICp": 16.48890401056053,
    "KINp": 0.0022925421917632,
    "Koverflowp": 5.419319292226301e-07,
    "Mp": 6.6439951424353264e-06,
    "VmaxICp": 3.123720518745412e-05,
    "VmaxINp": 2.9728362425022723e-05,
    "gammaDp": 0.1282942951345006
}