{
    "KICp": 5.118881171404456,
    "KINp": 0.0352271651520003,
    "Koverflowp": 1.157407407407407e-06,
    "Mp": 5.786581909711385e-06,
    "VmaxICp": 3.431541727349536e-05,
    "VmaxINp": 1.590041794963484e-05,
    "gammaDp": 0.245241618365039
}