{
    "KICp": 6.475969886369652,
    "KINp": 0.1322887896503173,
    "Koverflowp": 8.039776619862934e-06,
    "Mp": 2.195815791856394e-06,
    "VmaxICp": 1.448552658179443e-05,
    "VmaxINp": 5.383207057510661e-05,
    "gammaDp": 0.1275688698135882
}