{
    "KICp": 37.0,
    "KINp": 0.0028366483629137,
    "Koverflowp": 3.453973288777128e-07,
    "Mp": 9.434971045498452e-06,
    "VmaxICp": 2.7384081769865907e-05,
    "VmaxINp": 5.172019047569325e-05,
    "gammaDp": 0.1268328520821173
}