{
    "KICp": 237.1369907887352,
    "KINp": 0.0596751602696312,
    "Koverflowp": 1.2245393661085832e-07,
    "Mp": 6.1419063425643e-06,
    "VmaxICp": 2.8849521696902307e-05,
    "VmaxINp": 1.929384365225808e-05,
    "gammaDp": 0.1909958887571525
}