{
    "KICp": 45.89782150398449,
    "KINp": 0.1616153998888935,
    "Koverflowp": 1.6146017963439211e-06,
    "Mp": 3.52777064700924e-06,
    "VmaxICp": 3.425594922494785e-05,
    "VmaxINp": 2.8177645647253487e-05,
    "gammaDp": 0.1854303327147661
}