{
    "KICp": 8.6909937804941,
    "KINp": 0.1833932420446667,
    "Koverflowp": 3.871144111226077e-07,
    "Mp": 6.054703968335692e-06,
    "VmaxICp": 2.5686266166889552e-05,
    "VmaxINp": 3.499185287935904e-05,
    "gammaDp": 0.1344258726766791
}