{
    "KICp": 4.111220990206784,
    "KINp": 0.0951898912284522,
    "Koverflowp": 8.70182023127451e-06,
    "Mp": 4.982950996349726e-06,
    "VmaxICp": 2.079186142962881e-05,
    "VmaxINp": 5.488200950512284e-05,
    "gammaDp": 0.3850204622884563
}