{
    "KICp": 49.28820418681348,
    "KINp": 0.1278532537157618,
    "Koverflowp": 4.0816456716177456e-06,
    "Mp": 7.746151319846098e-06,
    "VmaxICp": 3.1623210056481925e-05,
    "VmaxINp": 5.134234532170066e-05,
    "gammaDp": 0.1516047136144252
}