{
    "KICp": 317.29303541109,
    "KINp": 0.1616153998888935,
    "Koverflowp": 4.580642866960152e-07,
    "Mp": 1.0003758565291994e-05,
    "VmaxICp": 3.425594922494785e-05,
    "VmaxINp": 4.281489002177733e-05,
    "gammaDp": 0.240244597292716
}