{
    "KICp": 37.0,
    "KINp": 0.0022543250505895,
    "Koverflowp": 5.113382628261822e-06,
    "Mp": 4.921889246479492e-06,
    "VmaxICp": 2.656434629256342e-05,
    "VmaxINp": 5.383207057510661e-05,
    "gammaDp": 0.2359887627737398
}