{
    "KICp": 37.0,
    "KINp": 0.0066943364098412,
    "Koverflowp": 2.887938946380772e-06,
    "Mp": 7.729569384938746e-06,
    "VmaxICp": 4.509325291000714e-05,
    "VmaxINp": 4.2617285303666375e-05,
    "gammaDp": 0.8
}