{
    "KICp": 151.72920502658948,
    "KINp": 0.0025092009472269,
    "Koverflowp": 1.3004926477044638e-07,
    "Mp": 3.275516215920598e-06,
    "VmaxICp": 4.0725531926111774e-05,
    "VmaxINp": 2.8091782159469743e-05,
    "gammaDp": 0.6320133072264077
}