{
    "KICp": 11.118779301644697,
    "KINp": 0.0030617495687092,
    "Koverflowp": 1.6459405121589705e-06,
    "Mp": 2.827710274642974e-06,
    "VmaxICp": 2.6348961323380646e-05,
    "VmaxINp": 4.237787454341985e-05,
    "gammaDp": 0.2977713846102984
}