{
    "KICp": 113.60102157506614,
    "KINp": 0.02,
    "Koverflowp": 1.157407407407407e-06,
    "Mp": 7.1957494828620095e-06,
    "VmaxICp": 3.911470666546389e-05,
    "VmaxINp": 1.7693469329930467e-05,
    "gammaDp": 0.3030928567631542
}