{
    "KICp": 6.612869298228718,
    "KINp": 0.02,
    "Koverflowp": 1.7358838879417273e-07,
    "Mp": 4.468594337372101e-06,
    "VmaxICp": 3.012187585540321e-05,
    "VmaxINp": 2.969941642966977e-05,
    "gammaDp": 0.7235040513486548
}