{
    "KICp": 37.0,
    "KINp": 0.0044012349769966,
    "Koverflowp": 1.3122846789875509e-06,
    "Mp": 2.4466796460140543e-06,
    "VmaxICp": 3.056313945024598e-05,
    "VmaxINp": 2.1941053712180383e-05,
    "gammaDp": 0.2165433113595217
}