{
    "KICp": 122.92166947463724,
    "KINp": 0.1245749986295014,
    "Koverflowp": 6.031982375003697e-07,
    "Mp": 3.062191245233444e-06,
    "VmaxICp": 1.8480961299214583e-05,
    "VmaxINp": 3.11000814827978e-05,
    "gammaDp": 0.2805859431462837
}