{
    "KICp": 10.047749051355233,
    "KINp": 0.0595887212070792,
    "Koverflowp": 6.715445229346429e-07,
    "Mp": 5.857514727409633e-06,
    "VmaxICp": 1.5960744904887017e-05,
    "VmaxINp": 5.3661372040451486e-05,
    "gammaDp": 0.1600382127813253
}