{
    "KICp": 5.012933719050824,
    "KINp": 0.02,
    "Koverflowp": 1.962034371766155e-06,
    "Mp": 5.374372207361356e-06,
    "VmaxICp": 2.109541039338936e-05,
    "VmaxINp": 1.9253444035532817e-05,
    "gammaDp": 0.2029016852456841
}