{
    "KICp": 118.13758889347932,
    "KINp": 0.0922123652110089,
    "Koverflowp": 1.2330515008096984e-06,
    "Mp": 4.543486189887338e-06,
    "VmaxICp": 1.5966414500097985e-05,
    "VmaxINp": 5.227714563229105e-05,
    "gammaDp": 0.1309338241687647
}