{
    "KICp": 37.0,
    "KINp": 0.1754922913408976,
    "Koverflowp": 1.4058779092984444e-07,
    "Mp": 3.672821462929933e-06,
    "VmaxICp": 3.490759830141074e-05,
    "VmaxINp": 2.475076301924162e-05,
    "gammaDp": 0.8
}