{
    "KICp": 37.0,
    "KINp": 0.0614574989120992,
    "Koverflowp": 3.024805102901077e-07,
    "Mp": 3.129987504938286e-06,
    "VmaxICp": 2.483258098046172e-05,
    "VmaxINp": 4.238000942476279e-05,
    "gammaDp": 0.4609694385266606
}