{
    "KICp": 37.0,
    "KINp": 0.0115119339245459,
    "Koverflowp": 7.032368336440416e-06,
    "Mp": 3.4472297181897365e-06,
    "VmaxICp": 3.007117271223888e-05,
    "VmaxINp": 2.052540665636932e-05,
    "gammaDp": 0.2313298831966031
}