{
    "KICp": 37.0,
    "KINp": 0.0121260879220055,
    "Koverflowp": 6.159341252900748e-07,
    "Mp": 4.063418054177662e-06,
    "VmaxICp": 2.332858519388749e-05,
    "VmaxINp": 4.133989649432512e-05,
    "gammaDp": 0.3145697943412995
}