{
    "KICp": 81.04085991311639,
    "KINp": 0.0058604481450339,
    "Koverflowp": 1.5724669973780394e-07,
    "Mp": 3.275516215920598e-06,
    "VmaxICp": 2.686239204037496e-05,
    "VmaxINp": 3.249395893695019e-05,
    "gammaDp": 0.1542101174941348
}