{
    "KICp": 37.0,
    "KINp": 0.1926721272271615,
    "Koverflowp": 6.209128997776045e-06,
    "Mp": 1.0003758565291994e-05,
    "VmaxICp": 3.425594922494785e-05,
    "VmaxINp": 4.989796082922128e-05,
    "gammaDp": 0.2473025828587471
}