{
    "KICp": 7.3757483851147345,
    "KINp": 0.02,
    "Koverflowp": 1.1632280268013205e-07,
    "Mp": 4.982950996349726e-06,
    "VmaxICp": 2.079186142962881e-05,
    "VmaxINp": 5.488200950512284e-05,
    "gammaDp": 0.1083925813222787
}