{
    "KICp": 8.422711687667983,
    "KINp": 0.048282969154427,
    "Koverflowp": 6.300175862319299e-07,
    "Mp": 4.305936513866538e-06,
    "VmaxICp": 2.728276778925673e-05,
    "VmaxINp": 1.822923320766132e-05,
    "gammaDp": 0.3985767731468108
}