{
    "KICp": 10.047749051355233,
    "KINp": 0.0034891300283592,
    "Koverflowp": 2.527534426392262e-06,
    "Mp": 5.857514727409633e-06,
    "VmaxICp": 1.9336690434125128e-05,
    "VmaxINp": 3.857448893841848e-05,
    "gammaDp": 0.6052469397995395
}