{
    "KICp": 37.0,
    "KINp": 0.0849198239405562,
    "Koverflowp": 1.2154845927725484e-07,
    "Mp": 5.434839163076438e-06,
    "VmaxICp": 3.007117271223888e-05,
    "VmaxINp": 4.051673795486315e-05,
    "gammaDp": 0.2313298831966031
}