{
    "KICp": 127.32024537409724,
    "KINp": 0.0038177580685812,
    "Koverflowp": 5.436315920513267e-07,
    "Mp": 5.702646946472844e-06,
    "VmaxICp": 3.1623210056481925e-05,
    "VmaxINp": 5.134234532170066e-05,
    "gammaDp": 0.3886835839587204
}