{
    "KICp": 22.828295327890004,
    "KINp": 0.0489353227575295,
    "Koverflowp": 4.564438071550466e-07,
    "Mp": 3.499358870860134e-06,
    "VmaxICp": 2.1006728508628343e-05,
    "VmaxINp": 2.1936909499896448e-05,
    "gammaDp": 0.4703703093053742
}