{
    "KICp": 197.28089460928064,
    "KINp": 0.0089799141494766,
    "Koverflowp": 1.157407407407407e-06,
    "Mp": 4.89288579974581e-06,
    "VmaxICp": 5.381814337634224e-05,
    "VmaxINp": 1.5626129596054363e-05,
    "gammaDp": 0.3366952183956625
}