{
    "KICp": 5.952189278156786,
    "KINp": 0.0244802447582506,
    "Koverflowp": 3.392747624323874e-07,
    "Mp": 2.748275667765269e-06,
    "VmaxICp": 3.194493040487167e-05,
    "VmaxINp": 2.7489940315022265e-05,
    "gammaDp": 0.1098487876280632
}