{
    "KICp": 193.155712458051,
    "KINp": 0.1200074626018657,
    "Koverflowp": 1.9801832478776698e-07,
    "Mp": 7.602483209333364e-06,
    "VmaxICp": 3.603929053482253e-05,
    "VmaxINp": 2.969941642966977e-05,
    "gammaDp": 0.440083134770751
}