{
    "KICp": 5.952189278156786,
    "KINp": 0.1862230220242521,
    "Koverflowp": 8.393391308276312e-06,
    "Mp": 5.543694560976808e-06,
    "VmaxICp": 3.194493040487167e-05,
    "VmaxINp": 2.0043516811535747e-05,
    "gammaDp": 0.1098487876280632
}