{
    "KICp": 34.15525840898723,
    "KINp": 0.0086321562516807,
    "Koverflowp": 1.3947974237375857e-07,
    "Mp": 4.479013064015756e-06,
    "VmaxICp": 2.8849521696902307e-05,
    "VmaxINp": 5.237164257237761e-05,
    "gammaDp": 0.2525777508122456
}