{
    "KICp": 37.0,
    "KINp": 0.0572048146254944,
    "Koverflowp": 1.3548291031576074e-07,
    "Mp": 4.182851843272065e-06,
    "VmaxICp": 2.545122716093953e-05,
    "VmaxINp": 2.6334961104043298e-05,
    "gammaDp": 0.1708509701138103
}