{
    "KICp": 13.539206838625446,
    "KINp": 0.0062111536811643,
    "Koverflowp": 2.324710914574901e-06,
    "Mp": 2.1786099073161934e-06,
    "VmaxICp": 1.701761441903097e-05,
    "VmaxINp": 3.676846135965088e-05,
    "gammaDp": 0.8
}