{
    "KICp": 37.15731981673435,
    "KINp": 0.0922123652110089,
    "Koverflowp": 1.244701668685116e-07,
    "Mp": 5.42402375597682e-06,
    "VmaxICp": 2.985547997016811e-05,
    "VmaxINp": 3.664494209268395e-05,
    "gammaDp": 0.8
}