{
    "KICp": 14.494815427479352,
    "KINp": 0.02,
    "Koverflowp": 2.1570042995688405e-06,
    "Mp": 5.036156275088397e-06,
    "VmaxICp": 4.885241895118334e-05,
    "VmaxINp": 2.6334961104043298e-05,
    "gammaDp": 0.1708509701138103
}