{
    "KICp": 27.40675584576968,
    "KINp": 0.0489353227575295,
    "Koverflowp": 6.043192015421544e-06,
    "Mp": 5.159793102280888e-06,
    "VmaxICp": 2.7721810192904805e-05,
    "VmaxINp": 2.1936909499896448e-05,
    "gammaDp": 0.8
}