{
    "KICp": 24.37898015193686,
    "KINp": 0.02,
    "Koverflowp": 1.6459405121589705e-06,
    "Mp": 6.076428658232641e-06,
    "VmaxICp": 2.6348961323380646e-05,
    "VmaxINp": 3.860253754853199e-05,
    "gammaDp": 0.8
}