{
    "KICp": 4.3501065087840365,
    "KINp": 0.1161768746997183,
    "Koverflowp": 2.542509924792257e-07,
    "Mp": 4.982950996349726e-06,
    "VmaxICp": 2.2873039742079645e-05,
    "VmaxINp": 5.488200950512284e-05,
    "gammaDp": 0.4283047744532935
}