{
    "KICp": 37.0,
    "KINp": 0.0058380411951287,
    "Koverflowp": 1.157407407407407e-06,
    "Mp": 3.960133001247577e-06,
    "VmaxICp": 2.404852187976281e-05,
    "VmaxINp": 2.475076301924162e-05,
    "gammaDp": 0.3175132672276471
}