{
    "KICp": 20.44744227689462,
    "KINp": 0.0034737351040227,
    "KOCp": 0.03,
    "KONp": 0.1,
    "Koverflowp": 4.37689829718224e-07,
    "Mp": 2.803691194887047e-06,
    "VmaxICp": 1.251682651588369e-05,
    "VmaxINp": 3.928358686324606e-05,
    "VmaxOCp": 6.9109200697974434e-06,
    "VmaxONp": 1.7230208969121076e-07,
    "gammaDp": 0.2365968685757812
}