{
    "KICp": 49.99855940077734,
    "KINp": 0.0025150077467891,
    "KOCp": 0.0031633928066999,
    "KONp": 0.0596474765447578,
    "Koverflowp": 3.50031121472269e-06,
    "Mp": 4.058543245943026e-06,
    "VmaxICp": 2.937202324781452e-05,
    "VmaxINp": 1.912022160684782e-05,
    "VmaxOCp": 2.092273614889498e-07,
    "VmaxONp": 1.1111111111111112e-06,
    "gammaDp": 0.4221999476380901
}