{
    "KICp": 26.23939019066346,
    "KINp": 0.0382685880489121,
    "KOCp": 0.0076409349588921,
    "KONp": 0.6077028925392378,
    "Koverflowp": 1.5827183219044611e-06,
    "Mp": 8.927157497137637e-06,
    "VmaxICp": 4.010809040112728e-05,
    "VmaxINp": 3.3288550876393937e-05,
    "VmaxOCp": 7.720361142073798e-07,
    "VmaxONp": 9.601276529746652e-07,
    "gammaDp": 0.1687031093236746
}