{
    "KICp": 346.59719562437186,
    "KINp": 0.02,
    "KOCp": 0.008140773174164,
    "KONp": 0.0171132477076831,
    "Koverflowp": 1.157407407407407e-06,
    "Mp": 6.713651759723845e-06,
    "VmaxICp": 4.524836044735623e-05,
    "VmaxINp": 3.515162073836137e-05,
    "VmaxOCp": 2.459661545314949e-06,
    "VmaxONp": 2.237808970760583e-07,
    "gammaDp": 0.164584387421479
}