{
    "KICp": 72.60091303416958,
    "KINp": 0.1900698603024034,
    "KOCp": 0.0040335081167498,
    "KONp": 0.1,
    "Koverflowp": 2.90173809895363e-07,
    "Mp": 2.8769261306275816e-06,
    "VmaxICp": 2.650808634687913e-05,
    "VmaxINp": 2.229653373596016e-05,
    "VmaxOCp": 2.4298211773776683e-07,
    "VmaxONp": 2.216884800284851e-07,
    "gammaDp": 0.5169800874029598
}