{
    "KICp": 22.49851736304867,
    "KINp": 0.0034737351040227,
    "KOCp": 0.03,
    "KONp": 0.1,
    "Koverflowp": 2.164179339530672e-06,
    "Mp": 2.803691194887047e-06,
    "VmaxICp": 1.251682651588369e-05,
    "VmaxINp": 3.928358686324606e-05,
    "VmaxOCp": 5.7864594877586346e-06,
    "VmaxONp": 1.7230208969121076e-07,
    "gammaDp": 0.371510829466106
}