{
    "KICp": 16.915273562177784,
    "KINp": 0.0865179838220623,
    "KOCp": 0.0214698767504604,
    "KONp": 0.0166089042118212,
    "Koverflowp": 7.639836711233924e-07,
    "Mp": 5.136490214315669e-06,
    "VmaxICp": 4.364504835309575e-05,
    "VmaxINp": 1.5039799625757386e-05,
    "VmaxOCp": 1.851851851851852e-06,
    "VmaxONp": 5.890057649141555e-07,
    "gammaDp": 0.8
}