{
    "KICp": 119.89170756124204,
    "KINp": 0.0124844692669866,
    "KOCp": 0.0149876114524773,
    "KONp": 0.0172030046780718,
    "Koverflowp": 1.157407407407407e-06,
    "Mp": 8.92530452626043e-06,
    "VmaxICp": 2.2623768512510564e-05,
    "VmaxINp": 4.276576740200676e-05,
    "VmaxOCp": 7.120553977538654e-07,
    "VmaxONp": 1.227971250501735e-06,
    "gammaDp": 0.3958925892483347
}