{
    "KICp": 145.78529783607289,
    "KINp": 0.02,
    "KOCp": 0.03,
    "KONp": 0.5010038526246487,
    "Koverflowp": 3.874864016807051e-06,
    "Mp": 5.305082555671863e-06,
    "VmaxICp": 4.40092631459149e-05,
    "VmaxINp": 3.540282038867501e-05,
    "VmaxOCp": 5.511284111178459e-07,
    "VmaxONp": 5.223862022372952e-07,
    "gammaDp": 0.780088299142126
}