{
    "KICp": 110.9943700290107,
    "KINp": 0.0637013219239779,
    "KOCp": 0.1162615050941145,
    "KONp": 0.4030380194733639,
    "Koverflowp": 1.1730304243441285e-07,
    "Mp": 5.49385137098067e-06,
    "VmaxICp": 2.359732873912828e-05,
    "VmaxINp": 3.60709541086843e-05,
    "VmaxOCp": 7.295096363893351e-06,
    "VmaxONp": 4.093894985969365e-06,
    "gammaDp": 0.6667266082241511
}