{
    "KICp": 37.0,
    "KINp": 0.0072627815627789,
    "KOCp": 0.03,
    "KONp": 0.1517934115429026,
    "Koverflowp": 1.157407407407407e-06,
    "Mp": 5.215428798909108e-06,
    "VmaxICp": 3.964035432553595e-05,
    "VmaxINp": 1.7098932752892527e-05,
    "VmaxOCp": 4.02525704046978e-06,
    "VmaxONp": 1.2452844575586866e-06,
    "gammaDp": 0.4306097621669305
}