{
    "KICp": 37.0,
    "KINp": 0.0055661583607791,
    "KOCp": 0.0167383155361278,
    "KONp": 0.1397065744762304,
    "Koverflowp": 6.668502825236875e-06,
    "Mp": 4.7405661205358855e-06,
    "VmaxICp": 2.4942867860545296e-05,
    "VmaxINp": 3.509758827059062e-05,
    "VmaxOCp": 1.851851851851852e-06,
    "VmaxONp": 2.469973590704937e-07,
    "gammaDp": 0.8624036219585868
}