{
    "KICp": 14.850936060226449,
    "KINp": 0.0158544926804317,
    "KOCp": 0.0133296422607388,
    "KONp": 0.1,
    "Koverflowp": 6.328935827833847e-06,
    "Mp": 1.1049168737433382e-05,
    "VmaxICp": 3.759522701381091e-05,
    "VmaxINp": 5.132597119581279e-05,
    "VmaxOCp": 3.337686027418344e-06,
    "VmaxONp": 3.999641825679129e-06,
    "gammaDp": 0.1013838600811374
}