{
    "KICp": 261.346646835322,
    "KINp": 0.0027363966667139,
    "KOCp": 0.0081009431570197,
    "KONp": 0.570504886921115,
    "Koverflowp": 2.8695215071521928e-06,
    "Mp": 2.8864895004389044e-06,
    "VmaxICp": 2.8554676539157e-05,
    "VmaxINp": 1.8815007323887416e-05,
    "VmaxOCp": 1.851851851851852e-06,
    "VmaxONp": 1.1119231134447564e-07,
    "gammaDp": 0.740734452765118
}