{
    "KICp": 17.38795084343428,
    "KINp": 0.004721554461043,
    "KOCp": 0.0236897866044174,
    "KONp": 0.1,
    "Koverflowp": 1.157407407407407e-06,
    "Mp": 8.06718819873455e-06,
    "VmaxICp": 2.5472661637747705e-05,
    "VmaxINp": 4.3888863838304725e-05,
    "VmaxOCp": 4.179688115100763e-06,
    "VmaxONp": 1.5437539082695746e-07,
    "gammaDp": 0.8
}