{
    "KICp": 147.2945826384788,
    "KINp": 0.0585717177878373,
    "KOCp": 0.2398216576353247,
    "KONp": 0.0416249473288428,
    "Koverflowp": 9.290018931837032e-06,
    "Mp": 5.49385137098067e-06,
    "VmaxICp": 2.359732873912828e-05,
    "VmaxINp": 3.60709541086843e-05,
    "VmaxOCp": 1.851851851851852e-06,
    "VmaxONp": 4.093894985969365e-06,
    "gammaDp": 0.8
}