{
    "KICp": 66.85646098192153,
    "KINp": 0.1644618058494804,
    "KOCp": 0.0167383155361278,
    "KONp": 0.0440743765410638,
    "Koverflowp": 6.668502825236875e-06,
    "Mp": 4.7405661205358855e-06,
    "VmaxICp": 2.4942867860545296e-05,
    "VmaxINp": 3.509758827059062e-05,
    "VmaxOCp": 1.851851851851852e-06,
    "VmaxONp": 9.629299873687612e-06,
    "gammaDp": 0.2447049557792402
}