{
    "KICp": 119.89170756124204,
    "KINp": 0.0027010021145941,
    "KOCp": 0.0149876114524773,
    "KONp": 0.1170464083515108,
    "Koverflowp": 5.579177649621942e-06,
    "Mp": 8.92530452626043e-06,
    "VmaxICp": 2.2623768512510564e-05,
    "VmaxINp": 4.276576740200676e-05,
    "VmaxOCp": 1.851851851851852e-06,
    "VmaxONp": 1.1111111111111112e-06,
    "gammaDp": 0.5720124800494099
}