{
    "KICp": 9.677501114946349,
    "KINp": 0.1644618058494804,
    "KOCp": 0.2413573237252519,
    "KONp": 0.5530748953185276,
    "Koverflowp": 6.668502825236875e-06,
    "Mp": 4.7405661205358855e-06,
    "VmaxICp": 2.4942867860545296e-05,
    "VmaxINp": 3.509758827059062e-05,
    "VmaxOCp": 1.851851851851852e-06,
    "VmaxONp": 8.043051916283665e-07,
    "gammaDp": 0.1525046926242079
}