{
    "KICp": 16.96678698751916,
    "KINp": 0.0084699286321085,
    "KOCp": 0.03,
    "KONp": 0.1,
    "Koverflowp": 1.157407407407407e-06,
    "Mp": 2.803691194887047e-06,
    "VmaxICp": 1.251682651588369e-05,
    "VmaxINp": 3.928358686324606e-05,
    "VmaxOCp": 8.240162739916516e-06,
    "VmaxONp": 1.7230208969121076e-07,
    "gammaDp": 0.8
}