{
    "KICp": 4.71767435653589,
    "KINp": 0.1753928276920908,
    "KOCp": 0.1350673753787737,
    "KONp": 0.1494027882046214,
    "Koverflowp": 6.833404473610309e-07,
    "Mp": 4.847824063756049e-06,
    "VmaxICp": 3.7474726705384325e-05,
    "VmaxINp": 1.8570628851711627e-05,
    "VmaxOCp": 6.298414361723559e-06,
    "VmaxONp": 6.506044130038154e-07,
    "gammaDp": 0.8
}