{
    "KICp": 5.557807123103648,
    "KINp": 0.0289042584542566,
    "KOCp": 0.0378607385212923,
    "KONp": 0.9168268969567392,
    "Koverflowp": 2.0697913158998103e-06,
    "Mp": 3.912808241929407e-06,
    "VmaxICp": 1.968586701375264e-05,
    "VmaxINp": 2.459411738741718e-05,
    "VmaxOCp": 6.263165598357064e-07,
    "VmaxONp": 1.1111111111111112e-06,
    "gammaDp": 0.1725158087166906
}