{
    "KICp": 181.1262139257608,
    "KINp": 0.0678232339515668,
    "KOCp": 0.03,
    "KONp": 0.132194486025534,
    "Koverflowp": 1.157407407407407e-06,
    "Mp": 9.86825357113326e-06,
    "VmaxICp": 2.794630526816317e-05,
    "VmaxINp": 3.658705537686501e-05,
    "VmaxOCp": 6.733314467920101e-06,
    "VmaxONp": 1.1111111111111112e-06,
    "gammaDp": 0.6027303502567114
}