{
    "KICp": 7.335708899764942,
    "KINp": 0.0289852933835915,
    "KOCp": 0.0085806686230569,
    "KONp": 0.1326946412043792,
    "Koverflowp": 1.7023505016356602e-06,
    "Mp": 3.248303345794201e-06,
    "VmaxICp": 1.1799230530138282e-05,
    "VmaxINp": 3.299297008565782e-05,
    "VmaxOCp": 8.727379727855205e-06,
    "VmaxONp": 1.1111111111111112e-06,
    "gammaDp": 0.8
}