{
    "KICp": 219.7500401496113,
    "KINp": 0.0046299641120502,
    "KOCp": 0.0040335081167498,
    "KONp": 0.010387739013933,
    "Koverflowp": 2.771327992745198e-07,
    "Mp": 2.8769261306275816e-06,
    "VmaxICp": 2.650808634687913e-05,
    "VmaxINp": 2.229653373596016e-05,
    "VmaxOCp": 2.556222970994667e-06,
    "VmaxONp": 2.216884800284851e-07,
    "gammaDp": 0.1089737439986097
}