{
    "KICp": 151.64473862794077,
    "KINp": 0.0065238464206688,
    "KOCp": 0.0040335081167498,
    "KONp": 0.2381540148350808,
    "Koverflowp": 1.901891310116507e-07,
    "Mp": 2.8769261306275816e-06,
    "VmaxICp": 2.650808634687913e-05,
    "VmaxINp": 2.229653373596016e-05,
    "VmaxOCp": 2.556222970994667e-06,
    "VmaxONp": 1.3848250528854377e-07,
    "gammaDp": 0.7603492271556419
}