{
    "KICp": 53.99641860874833,
    "KINp": 0.0077540391293101,
    "KOCp": 0.1740944491942994,
    "KONp": 0.2022097885927931,
    "Koverflowp": 9.830901864707012e-06,
    "Mp": 8.967998128162887e-06,
    "VmaxICp": 4.987033159539489e-05,
    "VmaxINp": 2.231275148016464e-05,
    "VmaxOCp": 1.851851851851852e-06,
    "VmaxONp": 1.1111111111111112e-06,
    "gammaDp": 0.243064453230988
}