{
    "KICp": 72.76008543382672,
    "KINp": 0.0047350029768993,
    "KOCp": 0.0051458161451298,
    "KONp": 0.3734770983562864,
    "Koverflowp": 6.259665932531399e-06,
    "Mp": 3.677011587172135e-06,
    "VmaxICp": 1.3178165271957806e-05,
    "VmaxINp": 4.86065032767936e-05,
    "VmaxOCp": 1.372103337153575e-05,
    "VmaxONp": 1.5372277705199902e-06,
    "gammaDp": 0.1006628464342235
}