{
    "KICp": 37.0,
    "KINp": 0.0021604197342833,
    "KOCp": 0.0315186348217338,
    "KONp": 0.3380744521111754,
    "Koverflowp": 3.04323973656147e-06,
    "Mp": 3.2411597555318505e-06,
    "VmaxICp": 2.470144057779742e-05,
    "VmaxINp": 5.044003558841754e-05,
    "VmaxOCp": 1.882676022385914e-07,
    "VmaxONp": 1.0895350492532326e-05,
    "gammaDp": 0.1479559366183235
}