{
    "KICp": 27.203466243962488,
    "KINp": 0.02,
    "KOCp": 0.0401866929575404,
    "KONp": 0.6277106859130559,
    "Koverflowp": 1.157407407407407e-06,
    "Mp": 6.713651759723845e-06,
    "VmaxICp": 4.524836044735623e-05,
    "VmaxINp": 3.515162073836137e-05,
    "VmaxOCp": 3.565876211959106e-07,
    "VmaxONp": 2.237808970760583e-07,
    "gammaDp": 0.6328496931580608
}