{
    "KICp": 73.6229390889315,
    "KINp": 0.0985523327563624,
    "KOCp": 0.0894490347306827,
    "KONp": 0.0880665934702385,
    "Koverflowp": 3.680114486386607e-07,
    "Mp": 4.966322082342452e-06,
    "VmaxICp": 2.522854270522447e-05,
    "VmaxINp": 1.6427950472504515e-05,
    "VmaxOCp": 1.851851851851852e-06,
    "VmaxONp": 1.3753878337031918e-07,
    "gammaDp": 0.7691752401966684
}