{
    "KICp": 236.85824531143496,
    "KINp": 0.0158544926804317,
    "KOCp": 0.0133296422607388,
    "KONp": 0.010242084621264,
    "Koverflowp": 3.652492535723113e-06,
    "Mp": 6.413848475581461e-06,
    "VmaxICp": 3.759522701381091e-05,
    "VmaxINp": 5.132597119581279e-05,
    "VmaxOCp": 9.799514256792536e-06,
    "VmaxONp": 3.999641825679129e-06,
    "gammaDp": 0.2689329260495485
}