{
    "KICp": 37.0,
    "KINp": 0.1987418574215251,
    "KOCp": 0.03,
    "KONp": 0.1,
    "Koverflowp": 1.157407407407407e-06,
    "Mp": 4.013139395005471e-06,
    "VmaxICp": 1.579341367829622e-05,
    "VmaxINp": 3.314592192144325e-05,
    "VmaxOCp": 1.851851851851852e-06,
    "VmaxONp": 1.2145317565964773e-07,
    "gammaDp": 0.1284814085950086
}