{
    "KICp": 49.99855940077734,
    "KINp": 0.0118043848982549,
    "KOCp": 0.0155913800625471,
    "KONp": 0.0411552280636117,
    "Koverflowp": 3.50031121472269e-06,
    "Mp": 4.058543245943026e-06,
    "VmaxICp": 2.937202324781452e-05,
    "VmaxINp": 1.912022160684782e-05,
    "VmaxOCp": 1.222813379349642e-05,
    "VmaxONp": 2.504135846386856e-07,
    "gammaDp": 0.1710120012665458
}