{
    "KICp": 110.9943700290107,
    "KINp": 0.1162988296782383,
    "KOCp": 0.1162615050941145,
    "KONp": 0.1,
    "Koverflowp": 1.1730304243441285e-07,
    "Mp": 5.49385137098067e-06,
    "VmaxICp": 2.359732873912828e-05,
    "VmaxINp": 3.60709541086843e-05,
    "VmaxOCp": 1.851851851851852e-06,
    "VmaxONp": 5.962630963773634e-06,
    "gammaDp": 0.1124687508447972
}