{
    "KICp": 14.850936060226449,
    "KINp": 0.1999407525359162,
    "KOCp": 0.0133296422607388,
    "KONp": 0.2295994416726245,
    "Koverflowp": 3.652492535723113e-06,
    "Mp": 7.924881988722041e-06,
    "VmaxICp": 3.759522701381091e-05,
    "VmaxINp": 5.132597119581279e-05,
    "VmaxOCp": 3.082233726947301e-07,
    "VmaxONp": 3.999641825679129e-06,
    "gammaDp": 0.2689329260495485
}