{
    "KICp": 8.506506896379724,
    "KINp": 0.0818967781938106,
    "KOCp": 0.0090463358008739,
    "KONp": 0.1,
    "Koverflowp": 3.440348151798678e-07,
    "Mp": 3.7145474996567375e-06,
    "VmaxICp": 2.244151093411883e-05,
    "VmaxINp": 5.014075105633452e-05,
    "VmaxOCp": 2.3619385319556542e-06,
    "VmaxONp": 2.0472394470084658e-07,
    "gammaDp": 0.182635245923078
}