{
    "KICp": 49.406825373941565,
    "KINp": 0.0046299641120502,
    "KOCp": 0.240674875156834,
    "KONp": 0.263941653391526,
    "Koverflowp": 1.901891310116507e-07,
    "Mp": 2.8769261306275816e-06,
    "VmaxICp": 2.650808634687913e-05,
    "VmaxINp": 2.229653373596016e-05,
    "VmaxOCp": 2.556222970994667e-06,
    "VmaxONp": 2.216884800284851e-07,
    "gammaDp": 0.7603492271556419
}