{
    "KICp": 4.126437614815493,
    "KINp": 0.1310093514715313,
    "KOCp": 0.0041201922634803,
    "KONp": 0.9833872312267816,
    "Koverflowp": 2.4479074973075973e-06,
    "Mp": 1.006863405728169e-05,
    "VmaxICp": 5.541574627756878e-05,
    "VmaxINp": 2.773144252793629e-05,
    "VmaxOCp": 1.851851851851852e-06,
    "VmaxONp": 8.385594009391253e-06,
    "gammaDp": 0.1421697518932066
}