{
    "KICp": 136.11049837209464,
    "KINp": 0.004721554461043,
    "KOCp": 0.1904838935006174,
    "KONp": 0.1,
    "Koverflowp": 1.157407407407407e-06,
    "Mp": 3.8083099711680737e-06,
    "VmaxICp": 2.5472661637747705e-05,
    "VmaxINp": 4.3888863838304725e-05,
    "VmaxOCp": 4.179688115100763e-06,
    "VmaxONp": 3.28639031076476e-06,
    "gammaDp": 0.2008662520164537
}