{
    "KICp": 182.44742650547656,
    "KINp": 0.0040055213290803,
    "KOCp": 0.1070299003410938,
    "KONp": 0.1908398303509902,
    "Koverflowp": 2.740232385161234e-06,
    "Mp": 5.136490214315669e-06,
    "VmaxICp": 4.364504835309575e-05,
    "VmaxINp": 1.5039799625757386e-05,
    "VmaxOCp": 1.851851851851852e-06,
    "VmaxONp": 5.890057649141555e-07,
    "gammaDp": 0.8
}