{
    "KICp": 222.96404928528355,
    "KINp": 0.0051844425174148,
    "KOCp": 0.0074253119712824,
    "KONp": 0.07177493386818,
    "Koverflowp": 1.157407407407407e-06,
    "Mp": 9.86825357113326e-06,
    "VmaxICp": 2.794630526816317e-05,
    "VmaxINp": 3.658705537686501e-05,
    "VmaxOCp": 1.414299445359971e-05,
    "VmaxONp": 3.483898586036304e-06,
    "gammaDp": 0.1043798797664477
}