{
    "KICp": 12.098463144579036,
    "KINp": 0.0632756277405804,
    "KOCp": 0.170196098168453,
    "KONp": 0.7293166301615158,
    "Koverflowp": 2.9060714754761765e-06,
    "Mp": 3.996592279616737e-06,
    "VmaxICp": 2.982865496414452e-05,
    "VmaxINp": 1.978016029210256e-05,
    "VmaxOCp": 1.3827961175637498e-05,
    "VmaxONp": 1.3820742317296832e-07,
    "gammaDp": 0.2079665751025431
}