{
    "KICp": 145.78529783607289,
    "KINp": 0.0056354952001991,
    "KOCp": 0.03,
    "KONp": 0.1,
    "Koverflowp": 3.874864016807051e-06,
    "Mp": 6.764520785254621e-06,
    "VmaxICp": 2.1355079423844534e-05,
    "VmaxINp": 3.540282038867501e-05,
    "VmaxOCp": 5.511284111178459e-07,
    "VmaxONp": 2.3065070528182715e-06,
    "gammaDp": 0.7524314843166724
}