{
    "KICp": 21.728747591711933,
    "KINp": 0.002762132547089,
    "KOCp": 0.005214310342088,
    "KONp": 0.3734770983562864,
    "Koverflowp": 6.259665932531399e-06,
    "Mp": 3.677011587172135e-06,
    "VmaxICp": 1.3178165271957806e-05,
    "VmaxINp": 4.761178235855541e-05,
    "VmaxOCp": 1.743624897451403e-05,
    "VmaxONp": 1.5372277705199902e-06,
    "gammaDp": 0.1006628464342235
}