{
    "KICp": 56.05971765618919,
    "KINp": 0.008626011613742,
    "KOCp": 0.0480441911554368,
    "KONp": 0.1,
    "Koverflowp": 2.872558078592866e-07,
    "Mp": 4.181675346199631e-06,
    "VmaxICp": 2.806869301075851e-05,
    "VmaxINp": 2.036832029096081e-05,
    "VmaxOCp": 1.851851851851852e-06,
    "VmaxONp": 2.244261548225087e-06,
    "gammaDp": 0.3437332369312526
}