{
    "KICp": 49.99855940077734,
    "KINp": 0.0454042587129951,
    "KOCp": 0.2684058716688056,
    "KONp": 0.0181265916099872,
    "Koverflowp": 3.50031121472269e-06,
    "Mp": 4.058543245943026e-06,
    "VmaxICp": 2.937202324781452e-05,
    "VmaxINp": 1.912022160684782e-05,
    "VmaxOCp": 1.586368417194462e-05,
    "VmaxONp": 1.1111111111111112e-06,
    "gammaDp": 0.1710120012665458
}