{
    "KICp": 37.0,
    "KINp": 0.0484769472069332,
    "KOCp": 0.1740944491942994,
    "KONp": 0.0319649297396182,
    "Koverflowp": 9.830901864707012e-06,
    "Mp": 5.479243710953981e-06,
    "VmaxICp": 4.987033159539489e-05,
    "VmaxINp": 3.563367375492866e-05,
    "VmaxOCp": 1.851851851851852e-06,
    "VmaxONp": 1.1111111111111112e-06,
    "gammaDp": 0.6168526388528134
}