{
    "KICp": 5.527940563343915,
    "KINp": 0.1544971730002743,
    "KOCp": 0.0101324775127478,
    "KONp": 0.1,
    "Koverflowp": 8.675043877106022e-07,
    "Mp": 5.755306051573312e-06,
    "VmaxICp": 3.002015226075272e-05,
    "VmaxINp": 2.291680358539264e-05,
    "VmaxOCp": 8.071823106321243e-06,
    "VmaxONp": 6.842655438658737e-06,
    "gammaDp": 0.513692776471289
}