{
    "KICp": 7.915341667343653,
    "KINp": 0.02,
    "KOCp": 0.1920303932812545,
    "KONp": 0.1006073923107081,
    "Koverflowp": 1.975628233816285e-06,
    "Mp": 4.225059086075753e-06,
    "VmaxICp": 2.7297228092089097e-05,
    "VmaxINp": 2.7656339246885457e-05,
    "VmaxOCp": 1.851851851851852e-06,
    "VmaxONp": 8.348406304141353e-07,
    "gammaDp": 0.3756015341327539
}