{
    "KICp": 231.5980346215468,
    "KINp": 0.02,
    "KOCp": 0.147477513822303,
    "KONp": 0.1006073923107081,
    "Koverflowp": 6.490995017889777e-07,
    "Mp": 4.225059086075753e-06,
    "VmaxICp": 2.6717497364631968e-05,
    "VmaxINp": 2.7656339246885457e-05,
    "VmaxOCp": 1.851851851851852e-06,
    "VmaxONp": 1.1111111111111112e-06,
    "gammaDp": 0.6954409885193786
}