{
    "KICp": 298.78489546923936,
    "KINp": 0.0839235457436335,
    "KOCp": 0.0283100646229418,
    "KONp": 0.0524957494661719,
    "Koverflowp": 4.468840352579924e-07,
    "Mp": 5.2343166726134775e-06,
    "VmaxICp": 4.939980166123896e-05,
    "VmaxINp": 1.1303088599381836e-05,
    "VmaxOCp": 2.383891872250035e-06,
    "VmaxONp": 4.726248281855158e-06,
    "gammaDp": 0.501168746797345
}