{
    "KICp": 49.99855940077734,
    "KINp": 0.0111327775517229,
    "KOCp": 0.0155913800625471,
    "KONp": 0.8829908565867636,
    "Koverflowp": 3.50031121472269e-06,
    "Mp": 4.058543245943026e-06,
    "VmaxICp": 2.937202324781452e-05,
    "VmaxINp": 3.576556822277012e-05,
    "VmaxOCp": 2.092273614889498e-07,
    "VmaxONp": 4.009323121511366e-07,
    "gammaDp": 0.1710120012665458
}