{
    "KICp": 110.9943700290107,
    "KINp": 0.0585717177878373,
    "KOCp": 0.0184091788952276,
    "KONp": 0.0853502197375226,
    "Koverflowp": 1.1730304243441285e-07,
    "Mp": 5.49385137098067e-06,
    "VmaxICp": 2.359732873912828e-05,
    "VmaxINp": 3.60709541086843e-05,
    "VmaxOCp": 1.8467203005935407e-06,
    "VmaxONp": 4.093894985969365e-06,
    "gammaDp": 0.8
}