{
    "KICp": 17.639852990589585,
    "KINp": 0.003881736795145,
    "KOCp": 0.006719430931856,
    "KONp": 0.2638549316108138,
    "Koverflowp": 1.0781469339990242e-05,
    "Mp": 4.035565062420724e-06,
    "VmaxICp": 3.647540821219596e-05,
    "VmaxINp": 1.392848002407122e-05,
    "VmaxOCp": 3.7144858608918055e-06,
    "VmaxONp": 1.0670480544887646e-06,
    "gammaDp": 0.2568437899173513
}