{
    "KICp": 5.182372457348432,
    "KINp": 0.0921536804236266,
    "KOCp": 0.0032966674802666,
    "KONp": 0.1620473093267797,
    "Koverflowp": 2.8695215071521928e-06,
    "Mp": 2.8864895004389044e-06,
    "VmaxICp": 2.8554676539157e-05,
    "VmaxINp": 2.262587990613964e-05,
    "VmaxOCp": 1.851851851851852e-06,
    "VmaxONp": 1.1119231134447564e-07,
    "gammaDp": 0.8
}