{
    "KICp": 178.52982819243627,
    "KINp": 0.0021362872717263,
    "KOCp": 0.0402685793940587,
    "KONp": 0.3380744521111754,
    "Koverflowp": 8.551906983308326e-07,
    "Mp": 3.2411597555318505e-06,
    "VmaxICp": 2.470144057779742e-05,
    "VmaxINp": 5.044003558841754e-05,
    "VmaxOCp": 1.882676022385914e-07,
    "VmaxONp": 9.239673089304297e-07,
    "gammaDp": 0.8989807321561144
}