{
    "KICp": 37.0,
    "KINp": 0.0839235457436335,
    "KOCp": 0.13652642605662,
    "KONp": 0.1785725020426927,
    "Koverflowp": 4.468840352579924e-07,
    "Mp": 3.4765374032755503e-06,
    "VmaxICp": 4.939980166123896e-05,
    "VmaxINp": 1.5352029312913413e-05,
    "VmaxOCp": 2.383891872250035e-06,
    "VmaxONp": 2.467940742788772e-06,
    "gammaDp": 0.1935554842407898
}