{
    "KICp": 37.0,
    "KINp": 0.0839235457436335,
    "KOCp": 0.0283100646229418,
    "KONp": 0.0117173731948592,
    "Koverflowp": 1.7847971167967583e-06,
    "Mp": 3.4765374032755503e-06,
    "VmaxICp": 4.939980166123896e-05,
    "VmaxINp": 1.1303088599381836e-05,
    "VmaxOCp": 7.686367756066685e-06,
    "VmaxONp": 2.467940742788772e-06,
    "gammaDp": 0.1935554842407898
}