{
    "KICp": 46.12447105468565,
    "KINp": 0.013306608732314,
    "KOCp": 0.0283100646229418,
    "KONp": 0.6500726778495397,
    "Koverflowp": 4.468840352579924e-07,
    "Mp": 3.4765374032755503e-06,
    "VmaxICp": 4.939980166123896e-05,
    "VmaxINp": 1.1303088599381836e-05,
    "VmaxOCp": 3.07399164846719e-07,
    "VmaxONp": 2.467940742788772e-06,
    "gammaDp": 0.1935554842407898
}