{
    "KICp": 109.8436673053242,
    "KINp": 0.1839180747526719,
    "KOCp": 0.0378607385212923,
    "KONp": 0.0288977844506778,
    "Koverflowp": 1.3377115693029897e-06,
    "Mp": 3.912808241929407e-06,
    "VmaxICp": 1.968586701375264e-05,
    "VmaxINp": 2.459411738741718e-05,
    "VmaxOCp": 5.217866223597814e-07,
    "VmaxONp": 1.7567011575348285e-07,
    "gammaDp": 0.1725158087166906
}