{
    "KICp": 162.92264122830505,
    "KINp": 0.1056428398713785,
    "KOCp": 0.0052435892329853,
    "KONp": 0.6401701927821273,
    "Koverflowp": 2.096516397838474e-07,
    "Mp": 5.859216595691711e-06,
    "VmaxICp": 2.850583689624713e-05,
    "VmaxINp": 2.790538935330112e-05,
    "VmaxOCp": 1.851851851851852e-06,
    "VmaxONp": 1.2229530856198028e-06,
    "gammaDp": 0.3490952977985702
}