{
    "KICp": 268.4476350617165,
    "KINp": 0.0307917371399602,
    "KOCp": 0.1156475098499196,
    "KONp": 0.1908398303509902,
    "Koverflowp": 2.89373092938502e-06,
    "Mp": 3.258632973552564e-06,
    "VmaxICp": 4.364504835309575e-05,
    "VmaxINp": 1.5039799625757386e-05,
    "VmaxOCp": 1.851851851851852e-06,
    "VmaxONp": 5.890057649141555e-07,
    "gammaDp": 0.8
}