{
    "KICp": 5.527940563343915,
    "KINp": 0.0023822473391707,
    "KOCp": 0.03,
    "KONp": 0.0491179049203054,
    "Koverflowp": 1.802198921668344e-07,
    "Mp": 4.432066436774937e-06,
    "VmaxICp": 3.002015226075272e-05,
    "VmaxINp": 2.291680358539264e-05,
    "VmaxOCp": 8.071823106321243e-06,
    "VmaxONp": 1.1111111111111112e-06,
    "gammaDp": 0.4994104983155751
}