{
    "KICp": 73.6229390889315,
    "KINp": 0.0036897495059622,
    "KOCp": 0.0894490347306827,
    "KONp": 0.0880665934702385,
    "Koverflowp": 2.4896830318190385e-06,
    "Mp": 4.158708685607995e-06,
    "VmaxICp": 5.3215082083402966e-05,
    "VmaxINp": 1.6427950472504515e-05,
    "VmaxOCp": 1.851851851851852e-06,
    "VmaxONp": 2.695381497796994e-07,
    "gammaDp": 0.1994265119797643
}