{
    "KICp": 72.60091303416958,
    "KINp": 0.0046299641120502,
    "KOCp": 0.0040335081167498,
    "KONp": 0.0109364300437562,
    "Koverflowp": 1.3924003801095068e-07,
    "Mp": 2.8769261306275816e-06,
    "VmaxICp": 2.650808634687913e-05,
    "VmaxINp": 2.229653373596016e-05,
    "VmaxOCp": 2.556222970994667e-06,
    "VmaxONp": 2.216884800284851e-07,
    "gammaDp": 0.1898677664244377
}