{
    "KICp": 15.728034436514555,
    "KINp": 0.012122408256814,
    "KOCp": 0.0361583390903277,
    "KONp": 0.1136761870308512,
    "Koverflowp": 1.488020341094027e-07,
    "Mp": 7.959693582296393e-06,
    "VmaxICp": 2.1985161012570315e-05,
    "VmaxINp": 4.329700467610365e-05,
    "VmaxOCp": 3.0205728368489083e-06,
    "VmaxONp": 1.2360087349937334e-06,
    "gammaDp": 0.2534206019976881
}