{
    "KICp": 37.0,
    "KINp": 0.0839235457436335,
    "KOCp": 0.0034512050929776,
    "KONp": 0.0597888904703825,
    "Koverflowp": 4.468840352579924e-07,
    "Mp": 3.4765374032755503e-06,
    "VmaxICp": 4.939980166123896e-05,
    "VmaxINp": 1.1303088599381836e-05,
    "VmaxOCp": 1.4462244248439177e-06,
    "VmaxONp": 2.467940742788772e-06,
    "gammaDp": 0.1935554842407898
}