{
    "KICp": 10.361269117476716,
    "KINp": 0.0037462942430745,
    "KOCp": 0.0149876114524773,
    "KONp": 0.1170464083515108,
    "Koverflowp": 7.543991145786774e-06,
    "Mp": 8.92530452626043e-06,
    "VmaxICp": 2.2623768512510564e-05,
    "VmaxINp": 4.276576740200676e-05,
    "VmaxOCp": 6.391628410914348e-06,
    "VmaxONp": 1.1111111111111112e-06,
    "gammaDp": 0.3958925892483347
}