{
    "KICp": 169.59969955655237,
    "KINp": 0.0115952590361625,
    "KOCp": 0.0306491610447364,
    "KONp": 0.1703422436812717,
    "Koverflowp": 6.833404473610309e-07,
    "Mp": 9.510199232319651e-06,
    "VmaxICp": 3.7474726705384325e-05,
    "VmaxINp": 1.8570628851711627e-05,
    "VmaxOCp": 6.298414361723559e-06,
    "VmaxONp": 3.906847647047085e-06,
    "gammaDp": 0.8
}