{
    "KICp": 17.639852990589585,
    "KINp": 0.003881736795145,
    "KOCp": 0.006719430931856,
    "KONp": 0.0378385364876491,
    "Koverflowp": 2.036040019179182e-07,
    "Mp": 4.035565062420724e-06,
    "VmaxICp": 4.482742805703058e-05,
    "VmaxINp": 1.392848002407122e-05,
    "VmaxOCp": 1.851851851851852e-06,
    "VmaxONp": 1.0670480544887646e-06,
    "gammaDp": 0.8065119917791946
}