{
    "KICp": 4.940965043609412,
    "KINp": 0.0818967781938106,
    "KOCp": 0.0049060601156628,
    "KONp": 0.1,
    "Koverflowp": 1.2229019391100834e-07,
    "Mp": 3.0521609945050425e-06,
    "VmaxICp": 2.244151093411883e-05,
    "VmaxINp": 5.014075105633452e-05,
    "VmaxOCp": 3.4889277143401417e-07,
    "VmaxONp": 2.0472394470084658e-07,
    "gammaDp": 0.8
}