{
    "KICp": 12.098463144579036,
    "KINp": 0.0217482901455062,
    "KOCp": 0.0046121992308398,
    "KONp": 0.7293166301615158,
    "Koverflowp": 2.632840978582614e-07,
    "Mp": 4.996768550673569e-06,
    "VmaxICp": 2.982865496414452e-05,
    "VmaxINp": 1.978016029210256e-05,
    "VmaxOCp": 1.3827961175637498e-05,
    "VmaxONp": 4.5585925148817406e-06,
    "gammaDp": 0.2079665751025431
}