{
    "KICp": 16.915273562177784,
    "KINp": 0.0040055213290803,
    "KOCp": 0.1156475098499196,
    "KONp": 0.1908398303509902,
    "Koverflowp": 1.834308375222568e-07,
    "Mp": 5.136490214315669e-06,
    "VmaxICp": 4.364504835309575e-05,
    "VmaxINp": 3.1040546676179335e-05,
    "VmaxOCp": 1.851851851851852e-06,
    "VmaxONp": 6.926444806631016e-07,
    "gammaDp": 0.8
}