{
    "KICp": 13.135286030979074,
    "KINp": 0.0862072215277818,
    "KOCp": 0.0693016436706455,
    "KONp": 0.2072184472780628,
    "Koverflowp": 2.356082053963313e-06,
    "Mp": 3.6380840426642266e-06,
    "VmaxICp": 2.879566710618936e-05,
    "VmaxINp": 5.163025059593544e-05,
    "VmaxOCp": 2.654819156822573e-07,
    "VmaxONp": 1.797402577073857e-06,
    "gammaDp": 0.7518221871096212
}