{
    "KICp": 127.54239136709428,
    "KINp": 0.0484769472069332,
    "KOCp": 0.0041432802502032,
    "KONp": 0.0165561712588575,
    "Koverflowp": 9.830901864707012e-06,
    "Mp": 5.479243710953981e-06,
    "VmaxICp": 4.987033159539489e-05,
    "VmaxINp": 2.231275148016464e-05,
    "VmaxOCp": 4.748765984533434e-06,
    "VmaxONp": 1.1111111111111112e-06,
    "gammaDp": 0.7584187589547778
}