{
    "KICp": 13.135286030979074,
    "KINp": 0.0862072215277818,
    "KOCp": 0.0693016436706455,
    "KONp": 0.7990821211339646,
    "Koverflowp": 2.230844584950178e-07,
    "Mp": 3.6380840426642266e-06,
    "VmaxICp": 1.7523855428588582e-05,
    "VmaxINp": 3.065155351479672e-05,
    "VmaxOCp": 9.494880713517427e-06,
    "VmaxONp": 1.797402577073857e-06,
    "gammaDp": 0.7518221871096212
}