{
    "KICp": 37.0,
    "KINp": 0.02,
    "KOCp": 0.0543893784211297,
    "KONp": 0.0106182000098408,
    "Koverflowp": 3.590243090858132e-06,
    "Mp": 4.013139395005471e-06,
    "VmaxICp": 1.579341367829622e-05,
    "VmaxINp": 3.314592192144325e-05,
    "VmaxOCp": 1.851851851851852e-06,
    "VmaxONp": 1.1111111111111112e-06,
    "gammaDp": 0.8
}