{
    "KICp": 4.71767435653589,
    "KINp": 0.0035450164192575,
    "KOCp": 0.1350673753787737,
    "KONp": 0.1703422436812717,
    "Koverflowp": 6.833404473610309e-07,
    "Mp": 9.510199232319651e-06,
    "VmaxICp": 3.7474726705384325e-05,
    "VmaxINp": 2.3810290069116426e-05,
    "VmaxOCp": 5.152960479934492e-07,
    "VmaxONp": 1.7016442281131823e-06,
    "gammaDp": 0.8
}