{
    "KICp": 38.494808599449634,
    "KINp": 0.1439173471319425,
    "KOCp": 0.03,
    "KONp": 0.0314413547425991,
    "Koverflowp": 1.157407407407407e-06,
    "Mp": 8.039329350315067e-06,
    "VmaxICp": 1.251682651588369e-05,
    "VmaxINp": 3.928358686324606e-05,
    "VmaxOCp": 1.3986291883719242e-05,
    "VmaxONp": 1.7230208969121076e-07,
    "gammaDp": 0.8
}