{
    "KICp": 7.807666059022653,
    "KINp": 0.0035450164192575,
    "KOCp": 0.1350673753787737,
    "KONp": 0.0382345004980949,
    "Koverflowp": 6.833404473610309e-07,
    "Mp": 9.510199232319651e-06,
    "VmaxICp": 3.7474726705384325e-05,
    "VmaxINp": 1.8570628851711627e-05,
    "VmaxOCp": 7.724179693019657e-07,
    "VmaxONp": 3.906847647047085e-06,
    "gammaDp": 0.216729677020496
}