{
    "KICp": 109.8436673053242,
    "KINp": 0.1839180747526719,
    "KOCp": 0.0378607385212923,
    "KONp": 0.200069281681813,
    "Koverflowp": 2.0697913158998103e-06,
    "Mp": 3.912808241929407e-06,
    "VmaxICp": 3.593337399762198e-05,
    "VmaxINp": 2.459411738741718e-05,
    "VmaxOCp": 3.457579656973548e-06,
    "VmaxONp": 1.1111111111111112e-06,
    "gammaDp": 0.1725158087166906
}