{
    "KICp": 255.8850582336452,
    "KINp": 0.0412042291397223,
    "KOCp": 0.03,
    "KONp": 0.1,
    "Koverflowp": 8.675043877106022e-07,
    "Mp": 4.469338475866429e-06,
    "VmaxICp": 3.002015226075272e-05,
    "VmaxINp": 2.291680358539264e-05,
    "VmaxOCp": 8.071823106321243e-06,
    "VmaxONp": 1.1111111111111112e-06,
    "gammaDp": 0.4994104983155751
}