{
    "KICp": 363.1687053023788,
    "KINp": 0.0158544926804317,
    "KOCp": 0.0096787809751862,
    "KONp": 0.1,
    "Koverflowp": 3.8707699889603366e-06,
    "Mp": 6.413848475581461e-06,
    "VmaxICp": 3.759522701381091e-05,
    "VmaxINp": 5.132597119581279e-05,
    "VmaxOCp": 2.779745561558237e-06,
    "VmaxONp": 3.999641825679129e-06,
    "gammaDp": 0.2689329260495485
}