{
    "KICp": 37.77237829617889,
    "KINp": 0.1788345204931961,
    "KOCp": 0.0323000306981757,
    "KONp": 0.1,
    "Koverflowp": 1.157407407407407e-06,
    "Mp": 4.181675346199631e-06,
    "VmaxICp": 2.806869301075851e-05,
    "VmaxINp": 2.036832029096081e-05,
    "VmaxOCp": 7.254027185527139e-07,
    "VmaxONp": 2.244261548225087e-06,
    "gammaDp": 0.5028268074487962
}