{
    "KICp": 15.726551925577256,
    "KINp": 0.007598518123767,
    "KOCp": 0.0123118011599389,
    "KONp": 0.0332550007588922,
    "Koverflowp": 1.157407407407407e-06,
    "Mp": 7.426759760779138e-06,
    "VmaxICp": 3.4006436438363286e-05,
    "VmaxINp": 2.619683027785563e-05,
    "VmaxOCp": 1.293683796500802e-05,
    "VmaxONp": 5.803383975265885e-06,
    "gammaDp": 0.1151549230757937
}