{
    "KICp": 37.0,
    "KINp": 0.02,
    "KOCp": 0.0167035110461901,
    "KONp": 0.566606571423733,
    "Koverflowp": 3.4433380807880856e-06,
    "Mp": 2.989735734381955e-06,
    "VmaxICp": 4.893127160079206e-05,
    "VmaxINp": 1.487849515207457e-05,
    "VmaxOCp": 9.640095626186758e-07,
    "VmaxONp": 7.644669657030699e-07,
    "gammaDp": 0.8
}