{
    "KICp": 37.0,
    "KINp": 0.0548373382349939,
    "KOCp": 0.0237385796067311,
    "KONp": 0.0132500073484956,
    "Koverflowp": 3.04323973656147e-06,
    "Mp": 3.2411597555318505e-06,
    "VmaxICp": 2.470144057779742e-05,
    "VmaxINp": 5.044003558841754e-05,
    "VmaxOCp": 1.882676022385914e-07,
    "VmaxONp": 9.239673089304297e-07,
    "gammaDp": 0.2924207245236331
}