{
    "KICp": 49.99855940077734,
    "KINp": 0.0025150077467891,
    "KOCp": 0.2304472555546289,
    "KONp": 0.8829908565867636,
    "Koverflowp": 3.50031121472269e-06,
    "Mp": 3.812513602816111e-06,
    "VmaxICp": 2.937202324781452e-05,
    "VmaxINp": 3.415900722154336e-05,
    "VmaxOCp": 2.092273614889498e-07,
    "VmaxONp": 1.1111111111111112e-06,
    "gammaDp": 0.1710120012665458
}