{
    "KICp": 6.29273826074461,
    "KINp": 0.0720642107688318,
    "KOCp": 0.03,
    "KONp": 0.1,
    "Koverflowp": 6.964716405632821e-07,
    "Mp": 2.803691194887047e-06,
    "VmaxICp": 1.251682651588369e-05,
    "VmaxINp": 3.928358686324606e-05,
    "VmaxOCp": 1.3986291883719242e-05,
    "VmaxONp": 1.7230208969121076e-07,
    "gammaDp": 0.8
}