{
    "KICp": 33.89138155896061,
    "KINp": 0.1310093514715313,
    "KOCp": 0.0041201922634803,
    "KONp": 0.0169062080165541,
    "Koverflowp": 4.16620881288392e-07,
    "Mp": 1.006863405728169e-05,
    "VmaxICp": 5.541574627756878e-05,
    "VmaxINp": 2.773144252793629e-05,
    "VmaxOCp": 1.6217338418687056e-05,
    "VmaxONp": 2.842624395330095e-07,
    "gammaDp": 0.6431894817529099
}