{
    "KICp": 37.0,
    "KINp": 0.0021604197342833,
    "KOCp": 0.0402685793940587,
    "KONp": 0.3380744521111754,
    "Koverflowp": 2.738215296443382e-06,
    "Mp": 5.307109128615766e-06,
    "VmaxICp": 2.470144057779742e-05,
    "VmaxINp": 5.044003558841754e-05,
    "VmaxOCp": 1.882676022385914e-07,
    "VmaxONp": 4.290792236794355e-06,
    "gammaDp": 0.2924207245236331
}