{
    "KICp": 357.0449252646275,
    "KINp": 0.02,
    "KOCp": 0.0472852629260784,
    "KONp": 0.566606571423733,
    "Koverflowp": 6.1290357325055225e-06,
    "Mp": 2.989735734381955e-06,
    "VmaxICp": 4.893127160079206e-05,
    "VmaxINp": 1.487849515207457e-05,
    "VmaxOCp": 9.361206283497662e-07,
    "VmaxONp": 2.712878601991035e-07,
    "gammaDp": 0.1654641370383824
}