{
    "KICp": 37.0,
    "KINp": 0.02,
    "KOCp": 0.003968962797211,
    "KONp": 0.566606571423733,
    "Koverflowp": 1.4688894349355585e-07,
    "Mp": 2.989735734381955e-06,
    "VmaxICp": 4.893127160079206e-05,
    "VmaxINp": 1.487849515207457e-05,
    "VmaxOCp": 1.866757985364535e-07,
    "VmaxONp": 2.712878601991035e-07,
    "gammaDp": 0.8
}