{
    "KICp": 109.8436673053242,
    "KINp": 0.004035533279888,
    "KOCp": 0.0868672186573855,
    "KONp": 0.9168268969567392,
    "Koverflowp": 2.0697913158998103e-06,
    "Mp": 3.912808241929407e-06,
    "VmaxICp": 1.968586701375264e-05,
    "VmaxINp": 2.459411738741718e-05,
    "VmaxOCp": 8.655349510511893e-07,
    "VmaxONp": 1.1111111111111112e-06,
    "gammaDp": 0.3032000470849899
}