{
    "KICp": 179.33383084216916,
    "KINp": 0.016469126471037,
    "KOCp": 0.0812335010950267,
    "KONp": 0.1006073923107081,
    "Koverflowp": 1.975628233816285e-06,
    "Mp": 4.225059086075753e-06,
    "VmaxICp": 2.7297228092089097e-05,
    "VmaxINp": 2.75551873934708e-05,
    "VmaxOCp": 1.851851851851852e-06,
    "VmaxONp": 5.971054504294971e-07,
    "gammaDp": 0.3756015341327539
}