{
    "KICp": 72.60091303416958,
    "KINp": 0.0096793332442033,
    "KOCp": 0.0040335081167498,
    "KONp": 0.1,
    "Koverflowp": 1.901891310116507e-07,
    "Mp": 5.652961111396706e-06,
    "VmaxICp": 2.650808634687913e-05,
    "VmaxINp": 2.229653373596016e-05,
    "VmaxOCp": 2.556222970994667e-06,
    "VmaxONp": 3.7455901772327293e-07,
    "gammaDp": 0.7603492271556419
}