{
    "KICp": 37.0,
    "KINp": 0.0151976831211378,
    "KOCp": 0.005214310342088,
    "KONp": 0.0899829825313319,
    "Koverflowp": 6.259665932531399e-06,
    "Mp": 3.677011587172135e-06,
    "VmaxICp": 1.3178165271957806e-05,
    "VmaxINp": 4.86065032767936e-05,
    "VmaxOCp": 1.6477893112426743e-06,
    "VmaxONp": 1.5372277705199902e-06,
    "gammaDp": 0.1006628464342235
}