{
    "KICp": 110.9943700290107,
    "KINp": 0.0585717177878373,
    "KOCp": 0.1162615050941145,
    "KONp": 0.4268422625182828,
    "Koverflowp": 7.089041998935257e-07,
    "Mp": 5.49385137098067e-06,
    "VmaxICp": 2.359732873912828e-05,
    "VmaxINp": 3.60709541086843e-05,
    "VmaxOCp": 6.561352443305349e-06,
    "VmaxONp": 4.093894985969365e-06,
    "gammaDp": 0.1315719984177816
}