{
    "KICp": 37.0,
    "KINp": 0.0396847744241063,
    "KOCp": 0.1605957706291382,
    "KONp": 0.566606571423733,
    "Koverflowp": 6.034632817579649e-06,
    "Mp": 2.989735734381955e-06,
    "VmaxICp": 4.893127160079206e-05,
    "VmaxINp": 1.487849515207457e-05,
    "VmaxOCp": 9.640095626186758e-07,
    "VmaxONp": 2.712878601991035e-07,
    "gammaDp": 0.8
}