{
    "KICp": 72.93911604631634,
    "KINp": 0.0484769472069332,
    "KOCp": 0.0032659603923603,
    "KONp": 0.0165561712588575,
    "Koverflowp": 9.830901864707012e-06,
    "Mp": 3.4324511324897103e-06,
    "VmaxICp": 4.987033159539489e-05,
    "VmaxINp": 2.231275148016464e-05,
    "VmaxOCp": 1.851851851851852e-06,
    "VmaxONp": 1.1111111111111112e-06,
    "gammaDp": 0.11899042289133
}