{
    "KICp": 119.89170756124204,
    "KINp": 0.0124844692669866,
    "KOCp": 0.0149876114524773,
    "KONp": 0.086726884117259,
    "Koverflowp": 2.830094336118656e-07,
    "Mp": 8.92530452626043e-06,
    "VmaxICp": 2.2623768512510564e-05,
    "VmaxINp": 4.276576740200676e-05,
    "VmaxOCp": 1.4020529018949465e-06,
    "VmaxONp": 1.1111111111111112e-06,
    "gammaDp": 0.2786502954675719
}