{
    "KICp": 10.565729128769815,
    "KINp": 0.0484769472069332,
    "KOCp": 0.1740944491942994,
    "KONp": 0.0165561712588575,
    "Koverflowp": 6.106842923565544e-07,
    "Mp": 5.479243710953981e-06,
    "VmaxICp": 4.987033159539489e-05,
    "VmaxINp": 2.231275148016464e-05,
    "VmaxOCp": 2.5266253030973264e-07,
    "VmaxONp": 1.192619980149926e-06,
    "gammaDp": 0.243064453230988
}