{
    "KICp": 32.02028851746339,
    "KINp": 0.02,
    "KOCp": 0.1061450496863456,
    "KONp": 0.2179069375886448,
    "Koverflowp": 1.157407407407407e-06,
    "Mp": 3.0110949340923235e-06,
    "VmaxICp": 1.729518291199579e-05,
    "VmaxINp": 3.6019002999856686e-05,
    "VmaxOCp": 3.189490532002479e-06,
    "VmaxONp": 1.1111111111111112e-06,
    "gammaDp": 0.8
}