{
    "KICp": 29.48779404227964,
    "KINp": 0.0484769472069332,
    "KOCp": 0.1740944491942994,
    "KONp": 0.0165561712588575,
    "Koverflowp": 1.1451424716368533e-05,
    "Mp": 5.479243710953981e-06,
    "VmaxICp": 4.987033159539489e-05,
    "VmaxINp": 2.231275148016464e-05,
    "VmaxOCp": 1.0836570735883383e-05,
    "VmaxONp": 1.716046105785796e-07,
    "gammaDp": 0.243064453230988
}