{
    "KICp": 61.34024173913068,
    "KINp": 0.0214187753109688,
    "KOCp": 0.1122729004735291,
    "KONp": 0.0164853316160164,
    "Koverflowp": 3.652492535723113e-06,
    "Mp": 6.413848475581461e-06,
    "VmaxICp": 3.759522701381091e-05,
    "VmaxINp": 5.132597119581279e-05,
    "VmaxOCp": 2.779745561558237e-06,
    "VmaxONp": 3.999641825679129e-06,
    "gammaDp": 0.2689329260495485
}