{
    "KICp": 48.6753991592463,
    "KINp": 0.011704966891733,
    "KOCp": 0.0097456602171669,
    "KONp": 0.672031136105169,
    "Koverflowp": 5.919107513778093e-06,
    "Mp": 7.426759760779138e-06,
    "VmaxICp": 3.4006436438363286e-05,
    "VmaxINp": 2.619683027785563e-05,
    "VmaxOCp": 1.293683796500802e-05,
    "VmaxONp": 3.115799593154351e-06,
    "gammaDp": 0.228409591960083
}