{
    "KICp": 231.5980346215468,
    "KINp": 0.02,
    "KOCp": 0.0056479862393274,
    "KONp": 0.1006073923107081,
    "Koverflowp": 2.6805369126485592e-06,
    "Mp": 4.534513246326915e-06,
    "VmaxICp": 2.7297228092089097e-05,
    "VmaxINp": 2.7656339246885457e-05,
    "VmaxOCp": 1.851851851851852e-06,
    "VmaxONp": 1.1111111111111112e-06,
    "gammaDp": 0.3756015341327539
}