{
    "KICp": 5.956941055995075,
    "KINp": 0.02,
    "KOCp": 0.2045823121086431,
    "KONp": 0.0385740593218908,
    "Koverflowp": 1.6488978313896454e-06,
    "Mp": 7.453141039661653e-06,
    "VmaxICp": 1.2323928076233084e-05,
    "VmaxINp": 4.1608224947875335e-05,
    "VmaxOCp": 1.6473202591737643e-05,
    "VmaxONp": 7.447572247476566e-07,
    "gammaDp": 0.3805285355760225
}