{
    "KICp": 37.0,
    "KINp": 0.02,
    "KOCp": 0.0499275264488309,
    "KONp": 0.3008421053001541,
    "Koverflowp": 6.1290357325055225e-06,
    "Mp": 2.989735734381955e-06,
    "VmaxICp": 4.893127160079206e-05,
    "VmaxINp": 1.487849515207457e-05,
    "VmaxOCp": 8.045120856699057e-06,
    "VmaxONp": 1.5871954325966e-07,
    "gammaDp": 0.8
}