{
    "KICp": 3.848183028435791,
    "KINp": 0.0839235457436335,
    "KOCp": 0.0283100646229418,
    "KONp": 0.8238765053506389,
    "Koverflowp": 8.896804688777402e-07,
    "Mp": 3.4765374032755503e-06,
    "VmaxICp": 4.939980166123896e-05,
    "VmaxINp": 1.1303088599381836e-05,
    "VmaxOCp": 2.383891872250035e-06,
    "VmaxONp": 2.467940742788772e-06,
    "gammaDp": 0.1935554842407898
}