{
    "KICp": 27.97729450276192,
    "KINp": 0.0678232339515668,
    "KOCp": 0.03,
    "KONp": 0.2561891300336029,
    "Koverflowp": 1.157407407407407e-06,
    "Mp": 9.86825357113326e-06,
    "VmaxICp": 2.794630526816317e-05,
    "VmaxINp": 3.658705537686501e-05,
    "VmaxOCp": 1.414299445359971e-05,
    "VmaxONp": 9.41904186021831e-07,
    "gammaDp": 0.1043798797664477
}