{
    "KICp": 12.098463144579036,
    "KINp": 0.032252937730795,
    "KOCp": 0.0656945922051557,
    "KONp": 0.7293166301615158,
    "Koverflowp": 2.894133988900715e-07,
    "Mp": 4.996768550673569e-06,
    "VmaxICp": 2.982865496414452e-05,
    "VmaxINp": 1.978016029210256e-05,
    "VmaxOCp": 1.0513721755854569e-06,
    "VmaxONp": 4.5585925148817406e-06,
    "gammaDp": 0.2079665751025431
}