{
    "KICp": 37.0,
    "KINp": 0.02,
    "KOCp": 0.0499275264488309,
    "KONp": 0.031219552493289,
    "Koverflowp": 6.1290357325055225e-06,
    "Mp": 2.989735734381955e-06,
    "VmaxICp": 4.893127160079206e-05,
    "VmaxINp": 1.487849515207457e-05,
    "VmaxOCp": 9.640095626186758e-07,
    "VmaxONp": 6.855351742943002e-07,
    "gammaDp": 0.1144610626760474
}