{
    "KICp": 9.146961145429744,
    "KINp": 0.02,
    "KOCp": 0.03,
    "KONp": 0.1,
    "Koverflowp": 3.874864016807051e-06,
    "Mp": 5.305082555671863e-06,
    "VmaxICp": 2.618283814966505e-05,
    "VmaxINp": 3.540282038867501e-05,
    "VmaxOCp": 3.022373837552677e-06,
    "VmaxONp": 2.3065070528182715e-06,
    "gammaDp": 0.4786470552020442
}