{
    "KICp": 206.0958924479068,
    "KINp": 0.0305142813036433,
    "KOCp": 0.0135558614426437,
    "KONp": 0.4255506809993903,
    "Koverflowp": 1.157407407407407e-06,
    "Mp": 7.378957818260187e-06,
    "VmaxICp": 4.632117021713685e-05,
    "VmaxINp": 3.010323985456881e-05,
    "VmaxOCp": 1.8771904041991418e-07,
    "VmaxONp": 6.868346065842285e-07,
    "gammaDp": 0.3500817542572971
}