{
    "KICp": 4.28667175735119,
    "KINp": 0.0079225193439671,
    "KOCp": 0.0385104380802546,
    "KONp": 0.1,
    "Koverflowp": 1.157407407407407e-06,
    "Mp": 4.181675346199631e-06,
    "VmaxICp": 2.806869301075851e-05,
    "VmaxINp": 2.036832029096081e-05,
    "VmaxOCp": 1.2566460176250283e-05,
    "VmaxONp": 2.244261548225087e-06,
    "gammaDp": 0.1968017987527431
}