{
    "KICp": 6.988925505697421,
    "KINp": 0.0585717177878373,
    "KOCp": 0.1162615050941145,
    "KONp": 0.9631367620693494,
    "Koverflowp": 6.084896316587668e-07,
    "Mp": 4.9748981004520605e-06,
    "VmaxICp": 2.359732873912828e-05,
    "VmaxINp": 3.60709541086843e-05,
    "VmaxOCp": 1.851851851851852e-06,
    "VmaxONp": 4.093894985969365e-06,
    "gammaDp": 0.8
}