{
    "KICp": 37.0,
    "KINp": 0.0431711792346551,
    "KOCp": 0.1740944491942994,
    "KONp": 0.2498607134949376,
    "Koverflowp": 9.830901864707012e-06,
    "Mp": 5.479243710953981e-06,
    "VmaxICp": 4.987033159539489e-05,
    "VmaxINp": 2.231275148016464e-05,
    "VmaxOCp": 4.948499020189058e-07,
    "VmaxONp": 7.529296814788956e-06,
    "gammaDp": 0.243064453230988
}