{
    "KICp": 37.0,
    "KINp": 0.0021604197342833,
    "KOCp": 0.0402685793940587,
    "KONp": 0.2785046458059066,
    "Koverflowp": 3.7208555260290414e-06,
    "Mp": 3.2411597555318505e-06,
    "VmaxICp": 2.470144057779742e-05,
    "VmaxINp": 5.044003558841754e-05,
    "VmaxOCp": 1.882676022385914e-07,
    "VmaxONp": 4.711910741713474e-06,
    "gammaDp": 0.2924207245236331
}