{
    "KICp": 261.346646835322,
    "KINp": 0.0921536804236266,
    "KOCp": 0.0408373284832109,
    "KONp": 0.0289350895424925,
    "Koverflowp": 2.8695215071521928e-06,
    "Mp": 2.8864895004389044e-06,
    "VmaxICp": 2.8554676539157e-05,
    "VmaxINp": 1.8815007323887416e-05,
    "VmaxOCp": 9.722536300696216e-07,
    "VmaxONp": 3.443331857008929e-07,
    "gammaDp": 0.8
}