{
    "KICp": 12.098463144579036,
    "KINp": 0.0632756277405804,
    "KOCp": 0.170196098168453,
    "KONp": 0.7293166301615158,
    "Koverflowp": 1.157407407407407e-06,
    "Mp": 4.996768550673569e-06,
    "VmaxICp": 2.7202660355995165e-05,
    "VmaxINp": 1.978016029210256e-05,
    "VmaxOCp": 1.4846406104740434e-05,
    "VmaxONp": 1.2958157523714037e-07,
    "gammaDp": 0.2079665751025431
}