{
    "KICp": 46.8728696356972,
    "KINp": 0.0036897495059622,
    "KOCp": 0.0894490347306827,
    "KONp": 0.10191920957918,
    "Koverflowp": 2.4896830318190385e-06,
    "Mp": 4.158708685607995e-06,
    "VmaxICp": 2.522854270522447e-05,
    "VmaxINp": 1.6427950472504515e-05,
    "VmaxOCp": 5.129340920198924e-06,
    "VmaxONp": 1.7018112099016782e-07,
    "gammaDp": 0.8070355087537351
}