{
    "KICp": 26.23939019066346,
    "KINp": 0.183195139232256,
    "KOCp": 0.042953974589603,
    "KONp": 0.1,
    "Koverflowp": 1.5827183219044611e-06,
    "Mp": 4.768807996697757e-06,
    "VmaxICp": 4.010809040112728e-05,
    "VmaxINp": 4.045848830277122e-05,
    "VmaxOCp": 2.465668402585992e-07,
    "VmaxONp": 9.601276529746652e-07,
    "gammaDp": 0.1945377121547271
}