{
    "KICp": 26.23939019066346,
    "KINp": 0.0304843219496789,
    "KOCp": 0.0112001872815093,
    "KONp": 0.2909385950637119,
    "Koverflowp": 1.5827183219044611e-06,
    "Mp": 4.768807996697757e-06,
    "VmaxICp": 4.010809040112728e-05,
    "VmaxINp": 3.3288550876393937e-05,
    "VmaxOCp": 7.720361142073798e-07,
    "VmaxONp": 1.8742989061974402e-07,
    "gammaDp": 0.1945377121547271
}