{
    "KICp": 14.850936060226449,
    "KINp": 0.0158544926804317,
    "KOCp": 0.0133296422607388,
    "KONp": 0.1,
    "Koverflowp": 5.147639988907256e-06,
    "Mp": 6.413848475581461e-06,
    "VmaxICp": 3.759522701381091e-05,
    "VmaxINp": 5.132597119581279e-05,
    "VmaxOCp": 3.723888322519272e-06,
    "VmaxONp": 3.3298773536981428e-06,
    "gammaDp": 0.2689329260495485
}