{
    "KICp": 97.42962350446749,
    "KINp": 0.1411482569022088,
    "KOCp": 0.0049247551700983,
    "KONp": 0.1,
    "Koverflowp": 1.157407407407407e-06,
    "Mp": 2.803691194887047e-06,
    "VmaxICp": 1.251682651588369e-05,
    "VmaxINp": 3.928358686324606e-05,
    "VmaxOCp": 4.171402459769497e-06,
    "VmaxONp": 1.7230208969121076e-07,
    "gammaDp": 0.8
}