{
    "KICp": 4.71767435653589,
    "KINp": 0.0022317149214223,
    "KOCp": 0.0104925514065319,
    "KONp": 0.1703422436812717,
    "Koverflowp": 2.4409084711938465e-07,
    "Mp": 9.510199232319651e-06,
    "VmaxICp": 3.7474726705384325e-05,
    "VmaxINp": 1.8570628851711627e-05,
    "VmaxOCp": 2.217144920718729e-06,
    "VmaxONp": 3.906847647047085e-06,
    "gammaDp": 0.8
}