{
    "KICp": 37.0,
    "KINp": 0.0047350029768993,
    "KOCp": 0.1053620094068738,
    "KONp": 0.3734770983562864,
    "Koverflowp": 1.5758907895054806e-07,
    "Mp": 3.677011587172135e-06,
    "VmaxICp": 1.3178165271957806e-05,
    "VmaxINp": 4.86065032767936e-05,
    "VmaxOCp": 1.743624897451403e-05,
    "VmaxONp": 5.553997416129436e-07,
    "gammaDp": 0.1006628464342235
}