{
    "KICp": 52.13024983846006,
    "KINp": 0.022318641113553,
    "KOCp": 0.0050887202100109,
    "KONp": 0.4550060988932602,
    "Koverflowp": 5.532750246523409e-06,
    "Mp": 4.375855920320876e-06,
    "VmaxICp": 2.4749009022971423e-05,
    "VmaxINp": 4.049785714688267e-05,
    "VmaxOCp": 1.131728959857143e-06,
    "VmaxONp": 4.685246278460057e-07,
    "gammaDp": 0.8
}