{
    "KICp": 130.19838041353785,
    "KINp": 0.02,
    "KOCp": 0.0643338576072624,
    "KONp": 0.1,
    "Koverflowp": 1.157407407407407e-06,
    "Mp": 4.013139395005471e-06,
    "VmaxICp": 1.579341367829622e-05,
    "VmaxINp": 3.314592192144325e-05,
    "VmaxOCp": 1.851851851851852e-06,
    "VmaxONp": 8.072343705928309e-07,
    "gammaDp": 0.8
}