{
    "KICp": 27.64228182478729,
    "KINp": 0.1644618058494804,
    "KOCp": 0.0167383155361278,
    "KONp": 0.1397065744762304,
    "Koverflowp": 6.668502825236875e-06,
    "Mp": 4.7405661205358855e-06,
    "VmaxICp": 2.4942867860545296e-05,
    "VmaxINp": 3.509758827059062e-05,
    "VmaxOCp": 1.851851851851852e-06,
    "VmaxONp": 1.949294727321637e-07,
    "gammaDp": 0.1433264425183637
}