{
    "KICp": 37.0,
    "KINp": 0.0102661156934883,
    "KOCp": 0.0216034936055881,
    "KONp": 0.1,
    "Koverflowp": 3.440348151798678e-07,
    "Mp": 3.0521609945050425e-06,
    "VmaxICp": 2.244151093411883e-05,
    "VmaxINp": 5.014075105633452e-05,
    "VmaxOCp": 3.4889277143401417e-07,
    "VmaxONp": 2.0472394470084658e-07,
    "gammaDp": 0.1777764973824661
}