{
    "KICp": 20.115751966583083,
    "KINp": 0.0632756277405804,
    "KOCp": 0.170196098168453,
    "KONp": 0.7293166301615158,
    "Koverflowp": 1.157407407407407e-06,
    "Mp": 4.996768550673569e-06,
    "VmaxICp": 3.532553191674975e-05,
    "VmaxINp": 1.978016029210256e-05,
    "VmaxOCp": 2.176174432455356e-07,
    "VmaxONp": 4.5585925148817406e-06,
    "gammaDp": 0.2598997521976706
}