{
    "KICp": 16.915273562177784,
    "KINp": 0.1725234716297672,
    "KOCp": 0.1156475098499196,
    "KONp": 0.0248333946053946,
    "Koverflowp": 1.0864038365809266e-06,
    "Mp": 5.136490214315669e-06,
    "VmaxICp": 4.022163942945246e-05,
    "VmaxINp": 3.633703371992989e-05,
    "VmaxOCp": 1.851851851851852e-06,
    "VmaxONp": 5.890057649141555e-07,
    "gammaDp": 0.8
}