{
    "KICp": 184.12808732968367,
    "KINp": 0.0464393470653169,
    "KOCp": 0.1208199844942606,
    "KONp": 0.570504886921115,
    "Koverflowp": 2.8695215071521928e-06,
    "Mp": 2.8864895004389044e-06,
    "VmaxICp": 2.8554676539157e-05,
    "VmaxINp": 1.8815007323887416e-05,
    "VmaxOCp": 1.851851851851852e-06,
    "VmaxONp": 3.678918653749813e-07,
    "gammaDp": 0.8
}