{
    "KICp": 162.92264122830505,
    "KINp": 0.0148481716824579,
    "KOCp": 0.0052435892329853,
    "KONp": 0.1593461638531032,
    "Koverflowp": 2.096516397838474e-07,
    "Mp": 5.859216595691711e-06,
    "VmaxICp": 2.850583689624713e-05,
    "VmaxINp": 2.7497603654834857e-05,
    "VmaxOCp": 1.851851851851852e-06,
    "VmaxONp": 3.673320962866163e-06,
    "gammaDp": 0.3775155217236827
}