{
    "KICp": 4.28667175735119,
    "KINp": 0.008626011613742,
    "KOCp": 0.0336437942582862,
    "KONp": 0.8425381037592056,
    "Koverflowp": 1.157407407407407e-06,
    "Mp": 4.181675346199631e-06,
    "VmaxICp": 2.806869301075851e-05,
    "VmaxINp": 2.036832029096081e-05,
    "VmaxOCp": 1.851851851851852e-06,
    "VmaxONp": 4.8957032493352165e-06,
    "gammaDp": 0.4880392708802251
}