{
    "KICp": 286.94078276396493,
    "KINp": 0.0898583992835661,
    "KOCp": 0.1904838935006174,
    "KONp": 0.7460345531937874,
    "Koverflowp": 2.966702634971264e-07,
    "Mp": 3.8083099711680737e-06,
    "VmaxICp": 2.5472661637747705e-05,
    "VmaxINp": 4.3888863838304725e-05,
    "VmaxOCp": 4.179688115100763e-06,
    "VmaxONp": 1.1111111111111112e-06,
    "gammaDp": 0.8
}