{
    "KICp": 254.21646971817347,
    "KINp": 0.0678232339515668,
    "KOCp": 0.03,
    "KONp": 0.07177493386818,
    "Koverflowp": 2.8853033382927657e-06,
    "Mp": 9.86825357113326e-06,
    "VmaxICp": 2.794630526816317e-05,
    "VmaxINp": 3.658705537686501e-05,
    "VmaxOCp": 2.140661690311544e-06,
    "VmaxONp": 1.1111111111111112e-06,
    "gammaDp": 0.1043798797664477
}