{
    "KICp": 26.837055906398376,
    "KINp": 0.02,
    "KOCp": 0.0812335010950267,
    "KONp": 0.0283535749311497,
    "Koverflowp": 1.975628233816285e-06,
    "Mp": 4.225059086075753e-06,
    "VmaxICp": 2.7297228092089097e-05,
    "VmaxINp": 2.7656339246885457e-05,
    "VmaxOCp": 1.851851851851852e-06,
    "VmaxONp": 3.318668150805261e-07,
    "gammaDp": 0.3756015341327539
}