{
    "KICp": 26.23939019066346,
    "KINp": 0.0031768931560446,
    "KOCp": 0.0112001872815093,
    "KONp": 0.1,
    "Koverflowp": 1.5827183219044611e-06,
    "Mp": 6.063655379315867e-06,
    "VmaxICp": 4.010809040112728e-05,
    "VmaxINp": 3.3288550876393937e-05,
    "VmaxOCp": 6.035611756017022e-06,
    "VmaxONp": 9.601276529746652e-07,
    "gammaDp": 0.1945377121547271
}