{
    "KICp": 95.43039124672524,
    "KINp": 0.007598518123767,
    "KOCp": 0.0143577373221361,
    "KONp": 0.672031136105169,
    "Koverflowp": 6.082354606359289e-07,
    "Mp": 7.426759760779138e-06,
    "VmaxICp": 3.4006436438363286e-05,
    "VmaxINp": 2.619683027785563e-05,
    "VmaxOCp": 1.293683796500802e-05,
    "VmaxONp": 1.7485680252750712e-06,
    "gammaDp": 0.228409591960083
}