{
    "KICp": 13.135286030979074,
    "KINp": 0.0094751027801656,
    "KOCp": 0.2011012733005487,
    "KONp": 0.0573017941494774,
    "Koverflowp": 2.230844584950178e-07,
    "Mp": 3.6380840426642266e-06,
    "VmaxICp": 1.7523855428588582e-05,
    "VmaxINp": 5.163025059593544e-05,
    "VmaxOCp": 1.851851851851852e-06,
    "VmaxONp": 1.797402577073857e-06,
    "gammaDp": 0.7263368524186802
}