{
    "KICp": 222.96404928528355,
    "KINp": 0.0678232339515668,
    "KOCp": 0.03,
    "KONp": 0.07177493386818,
    "Koverflowp": 2.9013882967226057e-06,
    "Mp": 9.86825357113326e-06,
    "VmaxICp": 2.794630526816317e-05,
    "VmaxINp": 1.9361693599493693e-05,
    "VmaxOCp": 1.414299445359971e-05,
    "VmaxONp": 1.0692050221030944e-05,
    "gammaDp": 0.6467217802912583
}