{
    "KICp": 73.6229390889315,
    "KINp": 0.0104991165981659,
    "KOCp": 0.0894490347306827,
    "KONp": 0.0880665934702385,
    "Koverflowp": 2.4896830318190385e-06,
    "Mp": 5.683001311744215e-06,
    "VmaxICp": 2.522854270522447e-05,
    "VmaxINp": 1.6427950472504515e-05,
    "VmaxOCp": 1.851851851851852e-06,
    "VmaxONp": 1.7018112099016782e-07,
    "gammaDp": 0.1508414104494014
}