{
    "KICp": 15.728034436514555,
    "KINp": 0.0533316468181974,
    "KOCp": 0.1450403456181138,
    "KONp": 0.1136761870308512,
    "Koverflowp": 1.488020341094027e-07,
    "Mp": 3.7947869831226313e-06,
    "VmaxICp": 2.1985161012570315e-05,
    "VmaxINp": 5.445783295765094e-05,
    "VmaxOCp": 1.851851851851852e-06,
    "VmaxONp": 3.654612762246974e-07,
    "gammaDp": 0.2534206019976881
}