{
    "KICp": 160.6238964549804,
    "KINp": 0.0632756277405804,
    "KOCp": 0.170196098168453,
    "KONp": 0.052092909065868,
    "Koverflowp": 1.157407407407407e-06,
    "Mp": 4.996768550673569e-06,
    "VmaxICp": 2.982865496414452e-05,
    "VmaxINp": 1.978016029210256e-05,
    "VmaxOCp": 2.159104402636963e-06,
    "VmaxONp": 4.5585925148817406e-06,
    "gammaDp": 0.1909340602577319
}