{
    "KICp": 73.6229390889315,
    "KINp": 0.0036897495059622,
    "KOCp": 0.0175083212439014,
    "KONp": 0.5505990722634521,
    "Koverflowp": 2.4896830318190385e-06,
    "Mp": 4.158708685607995e-06,
    "VmaxICp": 2.522854270522447e-05,
    "VmaxINp": 1.6427950472504515e-05,
    "VmaxOCp": 1.851851851851852e-06,
    "VmaxONp": 2.362767946380611e-07,
    "gammaDp": 0.7691752401966684
}