{
    "KICp": 37.0,
    "KINp": 0.0128676114153736,
    "KOCp": 0.0402685793940587,
    "KONp": 0.3380744521111754,
    "Koverflowp": 3.04323973656147e-06,
    "Mp": 3.2411597555318505e-06,
    "VmaxICp": 2.470144057779742e-05,
    "VmaxINp": 5.044003558841754e-05,
    "VmaxOCp": 4.203160287402823e-07,
    "VmaxONp": 1.614729905312589e-06,
    "gammaDp": 0.2924207245236331
}