{
    "KICp": 206.0958924479068,
    "KINp": 0.0032547219234041,
    "KOCp": 0.0135558614426437,
    "KONp": 0.0369626765647238,
    "Koverflowp": 1.157407407407407e-06,
    "Mp": 5.259803860523802e-06,
    "VmaxICp": 4.632117021713685e-05,
    "VmaxINp": 3.010323985456881e-05,
    "VmaxOCp": 1.8771904041991418e-07,
    "VmaxONp": 2.182692552842858e-06,
    "gammaDp": 0.8
}