{
    "KICp": 4.28667175735119,
    "KINp": 0.0040755504647202,
    "KOCp": 0.0168743604824172,
    "KONp": 0.0904112337712021,
    "Koverflowp": 4.748532541586286e-07,
    "Mp": 4.181675346199631e-06,
    "VmaxICp": 2.806869301075851e-05,
    "VmaxINp": 2.036832029096081e-05,
    "VmaxOCp": 1.851851851851852e-06,
    "VmaxONp": 2.244261548225087e-06,
    "gammaDp": 0.5028268074487962
}