{
    "KICp": 40.18001743731078,
    "KINp": 0.0499343730036782,
    "KOCp": 0.0109772528092556,
    "KONp": 0.0576866193434357,
    "Koverflowp": 2.935924010566975e-06,
    "Mp": 4.375855920320876e-06,
    "VmaxICp": 2.4749009022971423e-05,
    "VmaxINp": 4.049785714688267e-05,
    "VmaxOCp": 1.816196887727378e-06,
    "VmaxONp": 3.2429375196732746e-07,
    "gammaDp": 0.8
}