{
    "KICp": 162.92264122830505,
    "KINp": 0.0745390560440181,
    "KOCp": 0.1950149556755781,
    "KONp": 0.6401701927821273,
    "Koverflowp": 3.720793362913761e-07,
    "Mp": 5.859216595691711e-06,
    "VmaxICp": 2.850583689624713e-05,
    "VmaxINp": 2.790538935330112e-05,
    "VmaxOCp": 1.851851851851852e-06,
    "VmaxONp": 3.257295246305114e-07,
    "gammaDp": 0.3775155217236827
}