{
    "KICp": 162.92264122830505,
    "KINp": 0.0358414304898225,
    "KOCp": 0.0052435892329853,
    "KONp": 0.0679559051099598,
    "Koverflowp": 2.096516397838474e-07,
    "Mp": 5.859216595691711e-06,
    "VmaxICp": 2.850583689624713e-05,
    "VmaxINp": 2.790538935330112e-05,
    "VmaxOCp": 1.3942462295895297e-06,
    "VmaxONp": 6.012016805616868e-06,
    "gammaDp": 0.3775155217236827
}