{
    "KICp": 348.7151833742305,
    "KINp": 0.0072627815627789,
    "KOCp": 0.03,
    "KONp": 0.284080439860867,
    "Koverflowp": 2.767584340881482e-07,
    "Mp": 3.744510939055401e-06,
    "VmaxICp": 3.964035432553595e-05,
    "VmaxINp": 1.7098932752892527e-05,
    "VmaxOCp": 7.115314347625683e-07,
    "VmaxONp": 8.12423875204116e-06,
    "gammaDp": 0.4306097621669305
}