{
    "KICp": 31.70453812933312,
    "KINp": 0.0047350029768993,
    "KOCp": 0.005214310342088,
    "KONp": 0.3734770983562864,
    "Koverflowp": 7.699460068386206e-06,
    "Mp": 3.677011587172135e-06,
    "VmaxICp": 1.3178165271957806e-05,
    "VmaxINp": 4.86065032767936e-05,
    "VmaxOCp": 1.743624897451403e-05,
    "VmaxONp": 1.5372277705199902e-06,
    "gammaDp": 0.4788341382540866
}