{
    "KICp": 129.49997934714952,
    "KINp": 0.0057003647161528,
    "KOCp": 0.0182525960188236,
    "KONp": 0.1,
    "Koverflowp": 3.652492535723113e-06,
    "Mp": 6.413848475581461e-06,
    "VmaxICp": 2.499170130146585e-05,
    "VmaxINp": 5.132597119581279e-05,
    "VmaxOCp": 2.779745561558237e-06,
    "VmaxONp": 3.999641825679129e-06,
    "gammaDp": 0.2689329260495485
}