{
    "KICp": 33.16735252414247,
    "KINp": 0.0033237398554935,
    "KOCp": 0.0418270418281228,
    "KONp": 0.1326946412043792,
    "Koverflowp": 7.255293371450703e-07,
    "Mp": 4.0331369773359885e-06,
    "VmaxICp": 1.1799230530138282e-05,
    "VmaxINp": 3.299297008565782e-05,
    "VmaxOCp": 8.727379727855205e-06,
    "VmaxONp": 1.1111111111111112e-06,
    "gammaDp": 0.6039329356482078
}