{
    "KICp": 37.0,
    "KINp": 0.02,
    "KOCp": 0.0112375570616713,
    "KONp": 0.1060162028608791,
    "Koverflowp": 1.157407407407407e-06,
    "Mp": 4.013139395005471e-06,
    "VmaxICp": 3.354799875597862e-05,
    "VmaxINp": 3.314592192144325e-05,
    "VmaxOCp": 1.851851851851852e-06,
    "VmaxONp": 1.1111111111111112e-06,
    "gammaDp": 0.2321785988741626
}