{
    "KICp": 5.527940563343915,
    "KINp": 0.0030295490975714,
    "KOCp": 0.03,
    "KONp": 0.0141226249926397,
    "Koverflowp": 1.628490086040814e-07,
    "Mp": 4.432066436774937e-06,
    "VmaxICp": 3.002015226075272e-05,
    "VmaxINp": 2.291680358539264e-05,
    "VmaxOCp": 2.731176049947671e-06,
    "VmaxONp": 1.1111111111111112e-06,
    "gammaDp": 0.4994104983155751
}