{
    "KICp": 109.8436673053242,
    "KINp": 0.1839180747526719,
    "KOCp": 0.0378607385212923,
    "KONp": 0.106981169725472,
    "Koverflowp": 2.0697913158998103e-06,
    "Mp": 3.912808241929407e-06,
    "VmaxICp": 1.968586701375264e-05,
    "VmaxINp": 2.459411738741718e-05,
    "VmaxOCp": 1.0978415894434194e-05,
    "VmaxONp": 1.0227443006997108e-06,
    "gammaDp": 0.2806922601335615
}