{
    "KICp": 5.956941055995075,
    "KINp": 0.02,
    "KOCp": 0.0031105571888434,
    "KONp": 0.1188178657388795,
    "Koverflowp": 3.6315666766977e-07,
    "Mp": 7.453141039661653e-06,
    "VmaxICp": 1.2323928076233084e-05,
    "VmaxINp": 4.1608224947875335e-05,
    "VmaxOCp": 1.6473202591737643e-05,
    "VmaxONp": 5.162210251809947e-06,
    "gammaDp": 0.2896439035566219
}