{
    "KICp": 14.850936060226449,
    "KINp": 0.0158544926804317,
    "KOCp": 0.0133296422607388,
    "KONp": 0.1,
    "Koverflowp": 3.652492535723113e-06,
    "Mp": 6.413848475581461e-06,
    "VmaxICp": 3.759522701381091e-05,
    "VmaxINp": 5.132597119581279e-05,
    "VmaxOCp": 6.290057686538513e-06,
    "VmaxONp": 7.00548630848258e-06,
    "gammaDp": 0.1446064162033827
}