{
    "KICp": 119.89170756124204,
    "KINp": 0.0201949943376211,
    "KOCp": 0.0032626758255858,
    "KONp": 0.0465528904819655,
    "Koverflowp": 1.157407407407407e-06,
    "Mp": 8.92530452626043e-06,
    "VmaxICp": 2.2623768512510564e-05,
    "VmaxINp": 4.276576740200676e-05,
    "VmaxOCp": 1.851851851851852e-06,
    "VmaxONp": 1.1111111111111112e-06,
    "gammaDp": 0.5924706561412688
}