{
    "KICp": 230.87737597993285,
    "KINp": 0.0025150077467891,
    "KOCp": 0.0055430853117407,
    "KONp": 0.8829908565867636,
    "Koverflowp": 3.50031121472269e-06,
    "Mp": 4.058543245943026e-06,
    "VmaxICp": 2.937202324781452e-05,
    "VmaxINp": 1.912022160684782e-05,
    "VmaxOCp": 4.375089060731493e-07,
    "VmaxONp": 1.1111111111111112e-06,
    "gammaDp": 0.1710120012665458
}