{
    "KICp": 220.0813601493421,
    "KINp": 0.0025150077467891,
    "KOCp": 0.0155913800625471,
    "KONp": 0.8829908565867636,
    "Koverflowp": 3.50031121472269e-06,
    "Mp": 2.4906550066373844e-06,
    "VmaxICp": 2.937202324781452e-05,
    "VmaxINp": 1.912022160684782e-05,
    "VmaxOCp": 2.092273614889498e-07,
    "VmaxONp": 6.902597435821471e-07,
    "gammaDp": 0.1710120012665458
}