{
    "KICp": 12.098463144579036,
    "KINp": 0.0632756277405804,
    "KOCp": 0.0030364228275745,
    "KONp": 0.7293166301615158,
    "Koverflowp": 2.924388021338792e-07,
    "Mp": 4.996768550673569e-06,
    "VmaxICp": 2.982865496414452e-05,
    "VmaxINp": 1.978016029210256e-05,
    "VmaxOCp": 1.3827961175637498e-05,
    "VmaxONp": 3.577199099693356e-07,
    "gammaDp": 0.1165689630262685
}