{
    "KICp": 72.60091303416958,
    "KINp": 0.0535955245926566,
    "KOCp": 0.0040335081167498,
    "KONp": 0.1,
    "Koverflowp": 1.901891310116507e-07,
    "Mp": 2.8769261306275816e-06,
    "VmaxICp": 2.650808634687913e-05,
    "VmaxINp": 2.229653373596016e-05,
    "VmaxOCp": 1.0533232952286083e-06,
    "VmaxONp": 5.883199316663273e-07,
    "gammaDp": 0.7603492271556419
}