{
    "KICp": 125.3158488407798,
    "KINp": 0.0745390560440181,
    "KOCp": 0.0052435892329853,
    "KONp": 0.0581153736088746,
    "Koverflowp": 2.096516397838474e-07,
    "Mp": 5.859216595691711e-06,
    "VmaxICp": 1.725757946218011e-05,
    "VmaxINp": 2.790538935330112e-05,
    "VmaxOCp": 4.245271866991097e-06,
    "VmaxONp": 3.673320962866163e-06,
    "gammaDp": 0.3775155217236827
}