{
    "KICp": 37.0,
    "KINp": 0.0047350029768993,
    "KOCp": 0.005214310342088,
    "KONp": 0.0201075682287572,
    "Koverflowp": 5.756530309356477e-06,
    "Mp": 3.677011587172135e-06,
    "VmaxICp": 1.3178165271957806e-05,
    "VmaxINp": 4.86065032767936e-05,
    "VmaxOCp": 9.818243778570225e-06,
    "VmaxONp": 1.5372277705199902e-06,
    "gammaDp": 0.1006628464342235
}