{
    "KICp": 145.78529783607289,
    "KINp": 0.0020078057743374,
    "KOCp": 0.03,
    "KONp": 0.0319654592620197,
    "Koverflowp": 3.874864016807051e-06,
    "Mp": 5.305082555671863e-06,
    "VmaxICp": 2.618283814966505e-05,
    "VmaxINp": 3.540282038867501e-05,
    "VmaxOCp": 2.1394967520439755e-06,
    "VmaxONp": 2.3065070528182715e-06,
    "gammaDp": 0.7524314843166724
}