{
    "KICp": 5.527940563343915,
    "KINp": 0.0844137815149003,
    "KOCp": 0.03,
    "KONp": 0.1,
    "Koverflowp": 8.675043877106022e-07,
    "Mp": 4.432066436774937e-06,
    "VmaxICp": 3.002015226075272e-05,
    "VmaxINp": 2.7866697293962907e-05,
    "VmaxOCp": 1.390916695172092e-06,
    "VmaxONp": 1.1111111111111112e-06,
    "gammaDp": 0.1742726818661718
}