{
    "KICp": 4.35294944813741,
    "KINp": 0.0484769472069332,
    "KOCp": 0.071417259868718,
    "KONp": 0.0165561712588575,
    "Koverflowp": 9.830901864707012e-06,
    "Mp": 5.479243710953981e-06,
    "VmaxICp": 4.987033159539489e-05,
    "VmaxINp": 2.231275148016464e-05,
    "VmaxOCp": 1.132631103614262e-05,
    "VmaxONp": 1.1111111111111112e-06,
    "gammaDp": 0.243064453230988
}