{
    "KICp": 67.63701556155222,
    "KINp": 0.0033237398554935,
    "KOCp": 0.0689845769274331,
    "KONp": 0.9756056446325266,
    "Koverflowp": 1.7023505016356602e-06,
    "Mp": 4.0331369773359885e-06,
    "VmaxICp": 1.1799230530138282e-05,
    "VmaxINp": 3.299297008565782e-05,
    "VmaxOCp": 8.727379727855205e-06,
    "VmaxONp": 2.988228069947543e-07,
    "gammaDp": 0.8
}