{
    "KICp": 73.6229390889315,
    "KINp": 0.056605838983345,
    "KOCp": 0.0894490347306827,
    "KONp": 0.464438949111882,
    "Koverflowp": 2.4896830318190385e-06,
    "Mp": 4.158708685607995e-06,
    "VmaxICp": 2.522854270522447e-05,
    "VmaxINp": 1.6427950472504515e-05,
    "VmaxOCp": 1.5155255335308028e-05,
    "VmaxONp": 1.7018112099016782e-07,
    "gammaDp": 0.8510560976470769
}