{
    "KICp": 37.0,
    "KINp": 0.0520211611862105,
    "KOCp": 0.0050887202100109,
    "KONp": 0.1968703044453294,
    "Koverflowp": 1.5854794382482086e-07,
    "Mp": 4.375855920320876e-06,
    "VmaxICp": 2.4749009022971423e-05,
    "VmaxINp": 4.049785714688267e-05,
    "VmaxOCp": 1.816196887727378e-06,
    "VmaxONp": 3.2429375196732746e-07,
    "gammaDp": 0.8
}