{
    "KICp": 37.0,
    "KINp": 0.1792163302309482,
    "KOCp": 0.0401866929575404,
    "KONp": 0.0171132477076831,
    "Koverflowp": 1.0909841980841922e-05,
    "Mp": 6.713651759723845e-06,
    "VmaxICp": 4.524836044735623e-05,
    "VmaxINp": 3.515162073836137e-05,
    "VmaxOCp": 1.851851851851852e-06,
    "VmaxONp": 2.237808970760583e-07,
    "gammaDp": 0.8733189564567566
}