{
    "KICp": 261.6053936092532,
    "KINp": 0.0027899790516894,
    "KOCp": 0.0141581136080515,
    "KONp": 0.1,
    "Koverflowp": 9.006689191541303e-06,
    "Mp": 3.921801475754041e-06,
    "VmaxICp": 2.5472661637747705e-05,
    "VmaxINp": 4.3888863838304725e-05,
    "VmaxOCp": 4.179688115100763e-06,
    "VmaxONp": 1.1111111111111112e-06,
    "gammaDp": 0.8
}