{
    "KICp": 79.49250877568099,
    "KINp": 0.0745390560440181,
    "KOCp": 0.0052435892329853,
    "KONp": 0.6401701927821273,
    "Koverflowp": 7.890558752246071e-06,
    "Mp": 5.859216595691711e-06,
    "VmaxICp": 2.850583689624713e-05,
    "VmaxINp": 3.813124626804256e-05,
    "VmaxOCp": 1.851851851851852e-06,
    "VmaxONp": 5.4968721263775545e-06,
    "gammaDp": 0.3775155217236827
}