{
    "KICp": 110.9495834659161,
    "KINp": 0.0021604197342833,
    "KOCp": 0.0402685793940587,
    "KONp": 0.0126705464700792,
    "Koverflowp": 3.04323973656147e-06,
    "Mp": 3.2411597555318505e-06,
    "VmaxICp": 2.470144057779742e-05,
    "VmaxINp": 5.044003558841754e-05,
    "VmaxOCp": 3.088762996964253e-07,
    "VmaxONp": 9.239673089304297e-07,
    "gammaDp": 0.6838515876447615
}