{
    "KICp": 245.59479568222736,
    "KINp": 0.003355167065884,
    "KOCp": 0.0135558614426437,
    "KONp": 0.1,
    "Koverflowp": 1.157407407407407e-06,
    "Mp": 7.378957818260187e-06,
    "VmaxICp": 4.632117021713685e-05,
    "VmaxINp": 3.010323985456881e-05,
    "VmaxOCp": 1.8771904041991418e-07,
    "VmaxONp": 1.1111111111111112e-06,
    "gammaDp": 0.3057960862901409
}