{
    "KICp": 34.26677999861693,
    "KINp": 0.0585717177878373,
    "KOCp": 0.033270148474578,
    "KONp": 0.1680876087581481,
    "Koverflowp": 1.1730304243441285e-07,
    "Mp": 5.49385137098067e-06,
    "VmaxICp": 2.359732873912828e-05,
    "VmaxINp": 3.60709541086843e-05,
    "VmaxOCp": 1.851851851851852e-06,
    "VmaxONp": 2.4313905893913414e-07,
    "gammaDp": 0.8
}