{
    "KICp": 7.15150495145945,
    "KINp": 0.0678232339515668,
    "KOCp": 0.03,
    "KONp": 0.07177493386818,
    "Koverflowp": 1.157407407407407e-06,
    "Mp": 9.86825357113326e-06,
    "VmaxICp": 2.794630526816317e-05,
    "VmaxINp": 3.658705537686501e-05,
    "VmaxOCp": 1.414299445359971e-05,
    "VmaxONp": 1.3512735555141977e-06,
    "gammaDp": 0.1345707559279507
}