{
    "KICp": 37.0,
    "KINp": 0.1644618058494804,
    "KOCp": 0.0172285465130982,
    "KONp": 0.9585730409546822,
    "Koverflowp": 7.238539057081389e-06,
    "Mp": 4.7405661205358855e-06,
    "VmaxICp": 2.4942867860545296e-05,
    "VmaxINp": 3.509758827059062e-05,
    "VmaxOCp": 1.851851851851852e-06,
    "VmaxONp": 9.629299873687612e-06,
    "gammaDp": 0.4369389717899654
}