{
    "KICp": 52.80866805505099,
    "KINp": 0.02,
    "KOCp": 0.0499275264488309,
    "KONp": 0.566606571423733,
    "Koverflowp": 1.3649775869084386e-07,
    "Mp": 2.989735734381955e-06,
    "VmaxICp": 2.69987438522137e-05,
    "VmaxINp": 1.487849515207457e-05,
    "VmaxOCp": 9.640095626186758e-07,
    "VmaxONp": 2.712878601991035e-07,
    "gammaDp": 0.8
}