{
    "KICp": 231.5980346215468,
    "KINp": 0.02,
    "KOCp": 0.0286861609436935,
    "KONp": 0.0228603869960596,
    "Koverflowp": 3.322270789188379e-07,
    "Mp": 4.225059086075753e-06,
    "VmaxICp": 2.7297228092089097e-05,
    "VmaxINp": 2.7656339246885457e-05,
    "VmaxOCp": 1.851851851851852e-06,
    "VmaxONp": 2.65651249918117e-07,
    "gammaDp": 0.3756015341327539
}