{
    "KICp": 37.0,
    "KINp": 0.0755763862960064,
    "KOCp": 0.0110810839607595,
    "KONp": 0.1397065744762304,
    "Koverflowp": 6.668502825236875e-06,
    "Mp": 4.7405661205358855e-06,
    "VmaxICp": 1.833852692070543e-05,
    "VmaxINp": 3.509758827059062e-05,
    "VmaxOCp": 1.0642235998127513e-06,
    "VmaxONp": 9.629299873687612e-06,
    "gammaDp": 0.1525046926242079
}