{
    "KICp": 6.187841580150952,
    "KINp": 0.0632756277405804,
    "KOCp": 0.1187446247107058,
    "KONp": 0.7293166301615158,
    "Koverflowp": 1.157407407407407e-06,
    "Mp": 7.8002758195384e-06,
    "VmaxICp": 2.982865496414452e-05,
    "VmaxINp": 1.978016029210256e-05,
    "VmaxOCp": 1.3827961175637498e-05,
    "VmaxONp": 4.5585925148817406e-06,
    "gammaDp": 0.760195280552169
}