{
    "KICp": 84.72291132591936,
    "KINp": 0.0678232339515668,
    "KOCp": 0.0475837345848106,
    "KONp": 0.07177493386818,
    "Koverflowp": 1.157407407407407e-06,
    "Mp": 9.86825357113326e-06,
    "VmaxICp": 2.794630526816317e-05,
    "VmaxINp": 3.658705537686501e-05,
    "VmaxOCp": 1.988279447479342e-07,
    "VmaxONp": 1.1111111111111112e-06,
    "gammaDp": 0.1043798797664477
}