{
    "KICp": 41.66434463252379,
    "KINp": 0.008626011613742,
    "KOCp": 0.03,
    "KONp": 0.0865012661608946,
    "Koverflowp": 1.157407407407407e-06,
    "Mp": 4.181675346199631e-06,
    "VmaxICp": 2.806869301075851e-05,
    "VmaxINp": 2.036832029096081e-05,
    "VmaxOCp": 1.851851851851852e-06,
    "VmaxONp": 2.244261548225087e-06,
    "gammaDp": 0.8141236460966966
}