{
    "KICp": 145.78529783607289,
    "KINp": 0.02,
    "KOCp": 0.055506478879332,
    "KONp": 0.1,
    "Koverflowp": 3.874864016807051e-06,
    "Mp": 5.305082555671863e-06,
    "VmaxICp": 2.618283814966505e-05,
    "VmaxINp": 3.540282038867501e-05,
    "VmaxOCp": 4.904274707023127e-06,
    "VmaxONp": 2.312869404861519e-06,
    "gammaDp": 0.7524314843166724
}