{
    "KICp": 261.346646835322,
    "KINp": 0.0921536804236266,
    "KOCp": 0.0408373284832109,
    "KONp": 0.570504886921115,
    "Koverflowp": 2.601311095075128e-06,
    "Mp": 2.8864895004389044e-06,
    "VmaxICp": 2.8554676539157e-05,
    "VmaxINp": 1.8815007323887416e-05,
    "VmaxOCp": 1.851851851851852e-06,
    "VmaxONp": 4.2515986372854194e-07,
    "gammaDp": 0.2878712844958983
}