{
    "KICp": 37.0,
    "KINp": 0.02,
    "KOCp": 0.03,
    "KONp": 0.0296672006025385,
    "Koverflowp": 2.696183364449965e-06,
    "Mp": 4.013139395005471e-06,
    "VmaxICp": 1.579341367829622e-05,
    "VmaxINp": 3.314592192144325e-05,
    "VmaxOCp": 9.723651415692632e-07,
    "VmaxONp": 1.939328989679777e-07,
    "gammaDp": 0.8
}