{
    "KICp": 72.60091303416958,
    "KINp": 0.0046299641120502,
    "KOCp": 0.0040335081167498,
    "KONp": 0.1,
    "Koverflowp": 1.901891310116507e-07,
    "Mp": 2.8769261306275816e-06,
    "VmaxICp": 2.650808634687913e-05,
    "VmaxINp": 2.229653373596016e-05,
    "VmaxOCp": 8.265357142092553e-06,
    "VmaxONp": 3.5566054099692506e-07,
    "gammaDp": 0.4721972804025068
}