{
    "KICp": 5.527940563343915,
    "KINp": 0.1544971730002743,
    "KOCp": 0.03,
    "KONp": 0.0103812473641313,
    "Koverflowp": 1.9942419758730162e-07,
    "Mp": 8.273066850552553e-06,
    "VmaxICp": 3.002015226075272e-05,
    "VmaxINp": 2.291680358539264e-05,
    "VmaxOCp": 4.3672431600341085e-06,
    "VmaxONp": 1.1111111111111112e-06,
    "gammaDp": 0.4994104983155751
}