{
    "KICp": 261.6053936092532,
    "KINp": 0.085062366723293,
    "KOCp": 0.0194498045761488,
    "KONp": 0.1,
    "Koverflowp": 1.157407407407407e-06,
    "Mp": 3.8083099711680737e-06,
    "VmaxICp": 1.2902506652279929e-05,
    "VmaxINp": 4.3888863838304725e-05,
    "VmaxOCp": 4.179688115100763e-06,
    "VmaxONp": 1.1111111111111112e-06,
    "gammaDp": 0.8
}