{
    "KICp": 14.406543071116817,
    "KINp": 0.1839180747526719,
    "KOCp": 0.0378607385212923,
    "KONp": 0.8316159528238671,
    "Koverflowp": 2.0697913158998103e-06,
    "Mp": 3.912808241929407e-06,
    "VmaxICp": 1.968586701375264e-05,
    "VmaxINp": 2.459411738741718e-05,
    "VmaxOCp": 3.666334476665601e-07,
    "VmaxONp": 1.1111111111111112e-06,
    "gammaDp": 0.5932237238426527
}