{
    "KICp": 37.0,
    "KINp": 0.0139310163494824,
    "KOCp": 0.0083261628362111,
    "KONp": 0.3734770983562864,
    "Koverflowp": 6.650121305999605e-07,
    "Mp": 3.677011587172135e-06,
    "VmaxICp": 1.3178165271957806e-05,
    "VmaxINp": 4.86065032767936e-05,
    "VmaxOCp": 5.578886461231473e-06,
    "VmaxONp": 1.5372277705199902e-06,
    "gammaDp": 0.1006628464342235
}