{
    "KICp": 145.78529783607289,
    "KINp": 0.02,
    "KOCp": 0.0243393207157655,
    "KONp": 0.0154419044914151,
    "Koverflowp": 3.874864016807051e-06,
    "Mp": 5.305082555671863e-06,
    "VmaxICp": 2.618283814966505e-05,
    "VmaxINp": 3.540282038867501e-05,
    "VmaxOCp": 1.1113390361586143e-06,
    "VmaxONp": 7.865318038890796e-07,
    "gammaDp": 0.7524314843166724
}