{
    "KICp": 37.0,
    "KINp": 0.0166680231106721,
    "KOCp": 0.1740944491942994,
    "KONp": 0.0165561712588575,
    "Koverflowp": 9.830901864707012e-06,
    "Mp": 5.479243710953981e-06,
    "VmaxICp": 4.987033159539489e-05,
    "VmaxINp": 2.231275148016464e-05,
    "VmaxOCp": 9.648142228171596e-06,
    "VmaxONp": 3.83829601491292e-07,
    "gammaDp": 0.1719148612129983
}