{
    "KICp": 37.0,
    "KINp": 0.02,
    "KOCp": 0.0401866929575404,
    "KONp": 0.0768431279684064,
    "Koverflowp": 1.157407407407407e-06,
    "Mp": 6.713651759723845e-06,
    "VmaxICp": 4.687436184729509e-05,
    "VmaxINp": 3.515162073836137e-05,
    "VmaxOCp": 2.4689400105605616e-06,
    "VmaxONp": 2.237808970760583e-07,
    "gammaDp": 0.8
}