{
    "KICp": 19.803478913969084,
    "KINp": 0.008626011613742,
    "KOCp": 0.03,
    "KONp": 0.1,
    "Koverflowp": 1.157407407407407e-06,
    "Mp": 4.181675346199631e-06,
    "VmaxICp": 2.806869301075851e-05,
    "VmaxINp": 2.036832029096081e-05,
    "VmaxOCp": 6.980385564833967e-06,
    "VmaxONp": 3.60801571395745e-07,
    "gammaDp": 0.5028268074487962
}