{
    "KICp": 49.99855940077734,
    "KINp": 0.0025150077467891,
    "KOCp": 0.0155913800625471,
    "KONp": 0.0127198986027451,
    "Koverflowp": 2.3103239505502e-06,
    "Mp": 4.058543245943026e-06,
    "VmaxICp": 2.937202324781452e-05,
    "VmaxINp": 1.912022160684782e-05,
    "VmaxOCp": 2.891182010151442e-06,
    "VmaxONp": 2.318366404092882e-06,
    "gammaDp": 0.1710120012665458
}