{
    "KICp": 119.89170756124204,
    "KINp": 0.0025031430472245,
    "KOCp": 0.0149876114524773,
    "KONp": 0.01126044151055,
    "Koverflowp": 1.157407407407407e-06,
    "Mp": 8.92530452626043e-06,
    "VmaxICp": 2.2623768512510564e-05,
    "VmaxINp": 4.276576740200676e-05,
    "VmaxOCp": 1.851851851851852e-06,
    "VmaxONp": 2.361236568279319e-07,
    "gammaDp": 0.5815327252108802
}