{
    "KICp": 261.6053936092532,
    "KINp": 0.004721554461043,
    "KOCp": 0.1827112700227885,
    "KONp": 0.6925937219512125,
    "Koverflowp": 9.59606888193771e-06,
    "Mp": 3.8083099711680737e-06,
    "VmaxICp": 2.5472661637747705e-05,
    "VmaxINp": 4.3888863838304725e-05,
    "VmaxOCp": 4.179688115100763e-06,
    "VmaxONp": 1.1111111111111112e-06,
    "gammaDp": 0.8
}