{
    "KICp": 8.15007338315023,
    "KINp": 0.0382685880489121,
    "KOCp": 0.0035356336853983,
    "KONp": 0.1,
    "Koverflowp": 1.5324031056094185e-06,
    "Mp": 4.768807996697757e-06,
    "VmaxICp": 4.010809040112728e-05,
    "VmaxINp": 3.3288550876393937e-05,
    "VmaxOCp": 7.720361142073798e-07,
    "VmaxONp": 7.109704018881515e-06,
    "gammaDp": 0.1945377121547271
}