{
    "KICp": 181.8041787774543,
    "KINp": 0.0499343730036782,
    "KOCp": 0.1053098929941708,
    "KONp": 0.4550060988932602,
    "Koverflowp": 5.532750246523409e-06,
    "Mp": 4.375855920320876e-06,
    "VmaxICp": 2.4749009022971423e-05,
    "VmaxINp": 4.049785714688267e-05,
    "VmaxOCp": 1.816196887727378e-06,
    "VmaxONp": 1.557426977626604e-06,
    "gammaDp": 0.8
}