{
    "KICp": 162.92264122830505,
    "KINp": 0.0058106898915024,
    "KOCp": 0.0052435892329853,
    "KONp": 0.6401701927821273,
    "Koverflowp": 2.543780333112812e-07,
    "Mp": 5.859216595691711e-06,
    "VmaxICp": 2.894908881032385e-05,
    "VmaxINp": 2.790538935330112e-05,
    "VmaxOCp": 1.851851851851852e-06,
    "VmaxONp": 3.673320962866163e-06,
    "gammaDp": 0.3775155217236827
}