{
    "KICp": 57.54638030719356,
    "KINp": 0.0028979309330972,
    "KOCp": 0.2990216037045798,
    "KONp": 0.2638549316108138,
    "Koverflowp": 3.956187188185781e-07,
    "Mp": 4.035565062420724e-06,
    "VmaxICp": 4.482742805703058e-05,
    "VmaxINp": 1.392848002407122e-05,
    "VmaxOCp": 1.851851851851852e-06,
    "VmaxONp": 1.0670480544887646e-06,
    "gammaDp": 0.194959662135532
}