{
    "KICp": 37.0,
    "KINp": 0.0047350029768993,
    "KOCp": 0.005214310342088,
    "KONp": 0.3734770983562864,
    "Koverflowp": 6.259665932531399e-06,
    "Mp": 6.945324512196478e-06,
    "VmaxICp": 2.190158108583909e-05,
    "VmaxINp": 4.86065032767936e-05,
    "VmaxOCp": 1.743624897451403e-05,
    "VmaxONp": 1.0629398300348776e-05,
    "gammaDp": 0.1006628464342235
}