{
    "KICp": 119.89170756124204,
    "KINp": 0.0124844692669866,
    "KOCp": 0.0422339772023418,
    "KONp": 0.0838421331338333,
    "Koverflowp": 1.157407407407407e-06,
    "Mp": 8.92530452626043e-06,
    "VmaxICp": 2.2623768512510564e-05,
    "VmaxINp": 4.276576740200676e-05,
    "VmaxOCp": 1.851851851851852e-06,
    "VmaxONp": 4.480302212101391e-06,
    "gammaDp": 0.635231899215576
}