{
    "KICp": 37.0,
    "KINp": 0.1030252271657883,
    "KOCp": 0.0073403625405746,
    "KONp": 0.1945479428470369,
    "Koverflowp": 1.157407407407407e-06,
    "Mp": 6.713651759723845e-06,
    "VmaxICp": 4.524836044735623e-05,
    "VmaxINp": 3.515162073836137e-05,
    "VmaxOCp": 1.851851851851852e-06,
    "VmaxONp": 2.237808970760583e-07,
    "gammaDp": 0.8
}