{
    "KICp": 37.0,
    "KINp": 0.0771544780106163,
    "KOCp": 0.03,
    "KONp": 0.1291984168737477,
    "Koverflowp": 1.0557803728805342e-06,
    "Mp": 3.744510939055401e-06,
    "VmaxICp": 3.964035432553595e-05,
    "VmaxINp": 1.7098932752892527e-05,
    "VmaxOCp": 7.115314347625683e-07,
    "VmaxONp": 2.563215683130625e-07,
    "gammaDp": 0.4306097621669305
}