{
    "KICp": 222.96404928528355,
    "KINp": 0.0678232339515668,
    "KOCp": 0.03,
    "KONp": 0.2888144394868957,
    "Koverflowp": 2.1335957886672962e-07,
    "Mp": 9.86825357113326e-06,
    "VmaxICp": 2.794630526816317e-05,
    "VmaxINp": 4.532583369389501e-05,
    "VmaxOCp": 1.414299445359971e-05,
    "VmaxONp": 1.1111111111111112e-06,
    "gammaDp": 0.1832104161348411
}