{
    "KICp": 231.5980346215468,
    "KINp": 0.02,
    "KOCp": 0.0812335010950267,
    "KONp": 0.1006073923107081,
    "Koverflowp": 1.975628233816285e-06,
    "Mp": 5.375121312473784e-06,
    "VmaxICp": 2.7297228092089097e-05,
    "VmaxINp": 2.7656339246885457e-05,
    "VmaxOCp": 1.851851851851852e-06,
    "VmaxONp": 5.523563523965389e-07,
    "gammaDp": 0.5787250508682007
}