{
    "KICp": 86.6906369759676,
    "KINp": 0.0972246116820848,
    "KOCp": 0.0652137804005966,
    "KONp": 0.6802303424324495,
    "Koverflowp": 1.157407407407407e-06,
    "Mp": 6.713651759723845e-06,
    "VmaxICp": 4.524836044735623e-05,
    "VmaxINp": 3.515162073836137e-05,
    "VmaxOCp": 1.851851851851852e-06,
    "VmaxONp": 2.237808970760583e-07,
    "gammaDp": 0.8
}