{
    "KICp": 80.54346339985918,
    "KINp": 0.02,
    "KOCp": 0.156023567397485,
    "KONp": 0.0359600020131684,
    "Koverflowp": 7.935252208635098e-07,
    "Mp": 3.0110949340923235e-06,
    "VmaxICp": 1.7762313195198404e-05,
    "VmaxINp": 3.6019002999856686e-05,
    "VmaxOCp": 3.189490532002479e-06,
    "VmaxONp": 1.1111111111111112e-06,
    "gammaDp": 0.8
}