{
    "KICp": 329.37511433261875,
    "KINp": 0.011726677826272,
    "KOCp": 0.0041201922634803,
    "KONp": 0.0169062080165541,
    "Koverflowp": 4.358065984340351e-06,
    "Mp": 1.006863405728169e-05,
    "VmaxICp": 4.768263280478914e-05,
    "VmaxINp": 2.773144252793629e-05,
    "VmaxOCp": 2.596757716877009e-06,
    "VmaxONp": 8.385594009391253e-06,
    "gammaDp": 0.6431894817529099
}