{
    "KICp": 233.70666314265705,
    "KINp": 0.02,
    "KOCp": 0.03,
    "KONp": 0.1,
    "Koverflowp": 6.370878403907169e-07,
    "Mp": 4.013139395005471e-06,
    "VmaxICp": 1.579341367829622e-05,
    "VmaxINp": 3.314592192144325e-05,
    "VmaxOCp": 1.851851851851852e-06,
    "VmaxONp": 1.529441292223972e-07,
    "gammaDp": 0.8
}