{
    "KICp": 206.0958924479068,
    "KINp": 0.0087125160035366,
    "KOCp": 0.0135558614426437,
    "KONp": 0.1,
    "Koverflowp": 1.157407407407407e-06,
    "Mp": 1.0673156719405471e-05,
    "VmaxICp": 4.632117021713685e-05,
    "VmaxINp": 3.010323985456881e-05,
    "VmaxOCp": 2.2969735551234005e-06,
    "VmaxONp": 2.1877289212526496e-06,
    "gammaDp": 0.8
}