{
    "KICp": 256.5405260482588,
    "KINp": 0.0040055213290803,
    "KOCp": 0.1156475098499196,
    "KONp": 0.1908398303509902,
    "Koverflowp": 2.607076947195855e-07,
    "Mp": 5.136490214315669e-06,
    "VmaxICp": 4.364504835309575e-05,
    "VmaxINp": 1.5039799625757386e-05,
    "VmaxOCp": 9.701117356785987e-06,
    "VmaxONp": 5.890057649141555e-07,
    "gammaDp": 0.8
}