{
    "KICp": 22.67283908380072,
    "KINp": 0.0193174002508325,
    "KOCp": 0.0283543901393956,
    "KONp": 0.7293166301615158,
    "Koverflowp": 1.157407407407407e-06,
    "Mp": 7.887857047761339e-06,
    "VmaxICp": 2.982865496414452e-05,
    "VmaxINp": 1.978016029210256e-05,
    "VmaxOCp": 1.3827961175637498e-05,
    "VmaxONp": 4.5585925148817406e-06,
    "gammaDp": 0.2079665751025431
}