{
    "KICp": 16.915273562177784,
    "KINp": 0.0040055213290803,
    "KOCp": 0.005574937373298,
    "KONp": 0.0170606264038077,
    "Koverflowp": 3.1517232749357564e-06,
    "Mp": 5.136490214315669e-06,
    "VmaxICp": 4.364504835309575e-05,
    "VmaxINp": 1.5039799625757386e-05,
    "VmaxOCp": 1.851851851851852e-06,
    "VmaxONp": 2.713643707854283e-06,
    "gammaDp": 0.8
}