{
    "KICp": 23.82739382778683,
    "KINp": 0.1056737275099689,
    "KOCp": 0.0135558614426437,
    "KONp": 0.1,
    "Koverflowp": 1.157407407407407e-06,
    "Mp": 9.14381419282155e-06,
    "VmaxICp": 4.632117021713685e-05,
    "VmaxINp": 3.010323985456881e-05,
    "VmaxOCp": 3.392859166362524e-07,
    "VmaxONp": 1.1111111111111112e-06,
    "gammaDp": 0.8
}