{
    "KICp": 131.521093084174,
    "KINp": 0.007598518123767,
    "KOCp": 0.0143577373221361,
    "KONp": 0.1320824895782563,
    "Koverflowp": 5.064435715099289e-06,
    "Mp": 7.426759760779138e-06,
    "VmaxICp": 3.4006436438363286e-05,
    "VmaxINp": 2.619683027785563e-05,
    "VmaxOCp": 1.293683796500802e-05,
    "VmaxONp": 3.115799593154351e-06,
    "gammaDp": 0.228409591960083
}