{
    "KICp": 222.96404928528355,
    "KINp": 0.0678232339515668,
    "KOCp": 0.03,
    "KONp": 0.0189178115835036,
    "Koverflowp": 1.727141932068174e-07,
    "Mp": 9.86825357113326e-06,
    "VmaxICp": 2.794630526816317e-05,
    "VmaxINp": 5.353727645727134e-05,
    "VmaxOCp": 9.58958204152544e-07,
    "VmaxONp": 1.1111111111111112e-06,
    "gammaDp": 0.1043798797664477
}