{
    "KICp": 247.6718127340025,
    "KINp": 0.0417661876967582,
    "KOCp": 0.1665558583144153,
    "KONp": 0.1,
    "Koverflowp": 1.5828427408026945e-07,
    "Mp": 3.0110949340923235e-06,
    "VmaxICp": 1.9870570297973503e-05,
    "VmaxINp": 3.6019002999856686e-05,
    "VmaxOCp": 3.189490532002479e-06,
    "VmaxONp": 1.1111111111111112e-06,
    "gammaDp": 0.8
}