{
    "KICp": 80.54346339985918,
    "KINp": 0.02,
    "KOCp": 0.0203567621161611,
    "KONp": 0.2113886476937257,
    "Koverflowp": 7.161419365054397e-07,
    "Mp": 3.0110949340923235e-06,
    "VmaxICp": 1.9870570297973503e-05,
    "VmaxINp": 3.6019002999856686e-05,
    "VmaxOCp": 2.9626188946842855e-07,
    "VmaxONp": 1.1111111111111112e-06,
    "gammaDp": 0.8
}