{
    "KICp": 148.2321431149605,
    "KINp": 0.02,
    "KOCp": 0.0135558614426437,
    "KONp": 0.1,
    "Koverflowp": 7.128550697349155e-07,
    "Mp": 7.378957818260187e-06,
    "VmaxICp": 4.632117021713685e-05,
    "VmaxINp": 3.010323985456881e-05,
    "VmaxOCp": 1.8771904041991418e-07,
    "VmaxONp": 1.1111111111111112e-06,
    "gammaDp": 0.1662333341636175
}