{
    "KICp": 35.78594339997588,
    "KINp": 0.1721959416693501,
    "KOCp": 0.0071931816477997,
    "KONp": 0.4550060988932602,
    "Koverflowp": 5.532750246523409e-06,
    "Mp": 4.375855920320876e-06,
    "VmaxICp": 2.4749009022971423e-05,
    "VmaxINp": 4.049785714688267e-05,
    "VmaxOCp": 1.816196887727378e-06,
    "VmaxONp": 3.2429375196732746e-07,
    "gammaDp": 0.8
}