{
    "KICp": 37.0,
    "KINp": 0.0062736012724523,
    "KOCp": 0.0242753589875309,
    "KONp": 0.061773421359558,
    "Koverflowp": 1.157407407407407e-06,
    "Mp": 3.744510939055401e-06,
    "VmaxICp": 3.964035432553595e-05,
    "VmaxINp": 1.7098932752892527e-05,
    "VmaxOCp": 7.115314347625683e-07,
    "VmaxONp": 1.2452844575586866e-06,
    "gammaDp": 0.4306097621669305
}