{
    "KICp": 29.07661471641845,
    "KINp": 0.0862072215277818,
    "KOCp": 0.0693016436706455,
    "KONp": 0.0349672663877158,
    "Koverflowp": 2.113486145411806e-06,
    "Mp": 3.6380840426642266e-06,
    "VmaxICp": 1.7523855428588582e-05,
    "VmaxINp": 5.163025059593544e-05,
    "VmaxOCp": 1.851851851851852e-06,
    "VmaxONp": 1.6251477586319637e-07,
    "gammaDp": 0.7518221871096212
}