{
    "KICp": 205.48448389255512,
    "KINp": 0.0072627815627789,
    "KOCp": 0.035036650364084,
    "KONp": 0.8690766598908993,
    "Koverflowp": 1.157407407407407e-06,
    "Mp": 3.744510939055401e-06,
    "VmaxICp": 3.964035432553595e-05,
    "VmaxINp": 1.7098932752892527e-05,
    "VmaxOCp": 7.115314347625683e-07,
    "VmaxONp": 2.2337187988761058e-06,
    "gammaDp": 0.4306097621669305
}