{
    "KICp": 7.516284194893528,
    "KINp": 0.0265421926519744,
    "KOCp": 0.1162615050941145,
    "KONp": 0.1,
    "Koverflowp": 6.489342319629423e-06,
    "Mp": 5.49385137098067e-06,
    "VmaxICp": 2.359732873912828e-05,
    "VmaxINp": 1.63885449013519e-05,
    "VmaxOCp": 1.851851851851852e-06,
    "VmaxONp": 4.093894985969365e-06,
    "gammaDp": 0.8
}