{
    "KICp": 49.99855940077734,
    "KINp": 0.0210274571961891,
    "KOCp": 0.0455948824088344,
    "KONp": 0.8829908565867636,
    "Koverflowp": 2.739637745323635e-07,
    "Mp": 7.369355088887006e-06,
    "VmaxICp": 2.937202324781452e-05,
    "VmaxINp": 1.912022160684782e-05,
    "VmaxOCp": 2.092273614889498e-07,
    "VmaxONp": 1.1111111111111112e-06,
    "gammaDp": 0.1710120012665458
}