{
    "KICp": 4.71767435653589,
    "KINp": 0.0035450164192575,
    "KOCp": 0.0104474359709381,
    "KONp": 0.5016415780724327,
    "Koverflowp": 3.2174194606651055e-07,
    "Mp": 9.510199232319651e-06,
    "VmaxICp": 3.7474726705384325e-05,
    "VmaxINp": 1.8570628851711627e-05,
    "VmaxOCp": 8.483145741356417e-06,
    "VmaxONp": 3.906847647047085e-06,
    "gammaDp": 0.8
}