{
    "KICp": 261.6053936092532,
    "KINp": 0.194386490415953,
    "KOCp": 0.1904838935006174,
    "KONp": 0.1,
    "Koverflowp": 7.19701899886963e-06,
    "Mp": 3.8083099711680737e-06,
    "VmaxICp": 2.5472661637747705e-05,
    "VmaxINp": 4.3888863838304725e-05,
    "VmaxOCp": 4.179688115100763e-06,
    "VmaxONp": 3.222868077360438e-07,
    "gammaDp": 0.8
}