{
    "KICp": 162.92264122830505,
    "KINp": 0.0745390560440181,
    "KOCp": 0.0052435892329853,
    "KONp": 0.0113533887159301,
    "Koverflowp": 2.096516397838474e-07,
    "Mp": 5.859216595691711e-06,
    "VmaxICp": 1.982037302713594e-05,
    "VmaxINp": 2.790538935330112e-05,
    "VmaxOCp": 1.851851851851852e-06,
    "VmaxONp": 1.766838746857129e-07,
    "gammaDp": 0.3775155217236827
}