{
    "KICp": 6.161727547219143,
    "KINp": 0.008626011613742,
    "KOCp": 0.0961047229430485,
    "KONp": 0.1,
    "Koverflowp": 2.822561450158247e-07,
    "Mp": 4.181675346199631e-06,
    "VmaxICp": 2.806869301075851e-05,
    "VmaxINp": 2.036832029096081e-05,
    "VmaxOCp": 1.851851851851852e-06,
    "VmaxONp": 2.244261548225087e-06,
    "gammaDp": 0.5028268074487962
}