{
    "KICp": 97.42962350446749,
    "KINp": 0.0034737351040227,
    "KOCp": 0.0933126883842177,
    "KONp": 0.1,
    "Koverflowp": 1.157407407407407e-06,
    "Mp": 2.803691194887047e-06,
    "VmaxICp": 1.251682651588369e-05,
    "VmaxINp": 3.928358686324606e-05,
    "VmaxOCp": 4.824521531659496e-06,
    "VmaxONp": 2.227042891149969e-07,
    "gammaDp": 0.8
}