{
    "KICp": 33.16735252414247,
    "KINp": 0.0033237398554935,
    "KOCp": 0.0045685349437288,
    "KONp": 0.1326946412043792,
    "Koverflowp": 1.7023505016356602e-06,
    "Mp": 4.0331369773359885e-06,
    "VmaxICp": 3.274595772781126e-05,
    "VmaxINp": 1.861147394034932e-05,
    "VmaxOCp": 1.4345975094916345e-05,
    "VmaxONp": 1.1111111111111112e-06,
    "gammaDp": 0.8
}