{
    "KICp": 5.527940563343915,
    "KINp": 0.0035020759136955,
    "KOCp": 0.03,
    "KONp": 0.1,
    "Koverflowp": 8.675043877106022e-07,
    "Mp": 5.1590000514904985e-06,
    "VmaxICp": 3.002015226075272e-05,
    "VmaxINp": 2.291680358539264e-05,
    "VmaxOCp": 8.071823106321243e-06,
    "VmaxONp": 2.5030691401561134e-07,
    "gammaDp": 0.4994104983155751
}