{
    "KICp": 61.0574614500301,
    "KINp": 0.0724422137101037,
    "KOCp": 0.0065373160929542,
    "KONp": 0.0349672663877158,
    "Koverflowp": 2.230844584950178e-07,
    "Mp": 3.6380840426642266e-06,
    "VmaxICp": 1.7523855428588582e-05,
    "VmaxINp": 5.163025059593544e-05,
    "VmaxOCp": 3.035166577426385e-06,
    "VmaxONp": 1.797402577073857e-06,
    "gammaDp": 0.7518221871096212
}