{
    "KICp": 4.760242504699125,
    "KINp": 0.002079454460571,
    "KOCp": 0.0068644628655747,
    "KONp": 0.0827425830015005,
    "Koverflowp": 3.652492535723113e-06,
    "Mp": 6.413848475581461e-06,
    "VmaxICp": 3.759522701381091e-05,
    "VmaxINp": 5.132597119581279e-05,
    "VmaxOCp": 2.779745561558237e-06,
    "VmaxONp": 3.999641825679129e-06,
    "gammaDp": 0.2689329260495485
}