{
    "KICp": 89.88028123077733,
    "KINp": 0.0499343730036782,
    "KOCp": 0.0163027987753553,
    "KONp": 0.4550060988932602,
    "Koverflowp": 5.532750246523409e-06,
    "Mp": 4.375855920320876e-06,
    "VmaxICp": 3.456000726179003e-05,
    "VmaxINp": 4.049785714688267e-05,
    "VmaxOCp": 5.253904393672326e-07,
    "VmaxONp": 3.2429375196732746e-07,
    "gammaDp": 0.8
}