{
    "KICp": 3.920294649002701,
    "KINp": 0.0086543279688795,
    "KOCp": 0.0112001872815093,
    "KONp": 0.1,
    "Koverflowp": 1.5827183219044611e-06,
    "Mp": 4.768807996697757e-06,
    "VmaxICp": 4.010809040112728e-05,
    "VmaxINp": 2.24915335546691e-05,
    "VmaxOCp": 7.720361142073798e-07,
    "VmaxONp": 9.601276529746652e-07,
    "gammaDp": 0.1945377121547271
}