{
    "KICp": 5.742762626138939,
    "KINp": 0.003881736795145,
    "KOCp": 0.006719430931856,
    "KONp": 0.076297130548526,
    "Koverflowp": 3.956187188185781e-07,
    "Mp": 4.035565062420724e-06,
    "VmaxICp": 3.48988516471628e-05,
    "VmaxINp": 1.392848002407122e-05,
    "VmaxOCp": 1.851851851851852e-06,
    "VmaxONp": 1.5640020758003488e-07,
    "gammaDp": 0.194959662135532
}