{
    "KICp": 355.367991017486,
    "KINp": 0.0040055213290803,
    "KOCp": 0.1156475098499196,
    "KONp": 0.1908398303509902,
    "Koverflowp": 2.41436563899264e-07,
    "Mp": 5.136490214315669e-06,
    "VmaxICp": 4.364504835309575e-05,
    "VmaxINp": 1.5039799625757386e-05,
    "VmaxOCp": 1.424211060186193e-06,
    "VmaxONp": 5.890057649141555e-07,
    "gammaDp": 0.1293556614132523
}