{
    "KICp": 49.99855940077734,
    "KINp": 0.0025150077467891,
    "KOCp": 0.0099943888447459,
    "KONp": 0.8829908565867636,
    "Koverflowp": 7.066410270319049e-07,
    "Mp": 4.058543245943026e-06,
    "VmaxICp": 2.937202324781452e-05,
    "VmaxINp": 1.912022160684782e-05,
    "VmaxOCp": 2.092273614889498e-07,
    "VmaxONp": 7.018800941008104e-07,
    "gammaDp": 0.1710120012665458
}