{
    "KICp": 11.637634899931468,
    "KINp": 0.02,
    "KOCp": 0.0129497445697633,
    "KONp": 0.1,
    "Koverflowp": 1.157407407407407e-06,
    "Mp": 3.0110949340923235e-06,
    "VmaxICp": 1.9870570297973503e-05,
    "VmaxINp": 3.6019002999856686e-05,
    "VmaxOCp": 3.189490532002479e-06,
    "VmaxONp": 1.1111111111111112e-06,
    "gammaDp": 0.1614457252232747
}