{
    "KICp": 119.89170756124204,
    "KINp": 0.0124844692669866,
    "KOCp": 0.0412241383582128,
    "KONp": 0.1170464083515108,
    "Koverflowp": 1.157407407407407e-06,
    "Mp": 8.92530452626043e-06,
    "VmaxICp": 2.2623768512510564e-05,
    "VmaxINp": 4.276576740200676e-05,
    "VmaxOCp": 1.851851851851852e-06,
    "VmaxONp": 5.517860977574746e-06,
    "gammaDp": 0.1748846229080409
}