{
    "KICp": 37.0,
    "KINp": 0.0662361028312182,
    "KOCp": 0.2275435747869924,
    "KONp": 0.566606571423733,
    "Koverflowp": 6.1290357325055225e-06,
    "Mp": 2.989735734381955e-06,
    "VmaxICp": 4.893127160079206e-05,
    "VmaxINp": 1.487849515207457e-05,
    "VmaxOCp": 9.640095626186758e-07,
    "VmaxONp": 4.377244863529388e-07,
    "gammaDp": 0.8
}