{
    "KICp": 37.0,
    "KINp": 0.0839235457436335,
    "KOCp": 0.1476710903917593,
    "KONp": 0.0524957494661719,
    "Koverflowp": 4.468840352579924e-07,
    "Mp": 3.4765374032755503e-06,
    "VmaxICp": 4.979306116028468e-05,
    "VmaxINp": 1.1303088599381836e-05,
    "VmaxOCp": 2.383891872250035e-06,
    "VmaxONp": 2.467940742788772e-06,
    "gammaDp": 0.2118804714338538
}