{
    "KICp": 98.51613017730304,
    "KINp": 0.02,
    "KOCp": 0.0682839991608533,
    "KONp": 0.1,
    "Koverflowp": 5.034806060101737e-07,
    "Mp": 3.0110949340923235e-06,
    "VmaxICp": 1.9870570297973503e-05,
    "VmaxINp": 3.6019002999856686e-05,
    "VmaxOCp": 3.2205376162987943e-06,
    "VmaxONp": 1.1111111111111112e-06,
    "gammaDp": 0.8
}