{
    "KICp": 13.135286030979074,
    "KINp": 0.0862072215277818,
    "KOCp": 0.075113503301395,
    "KONp": 0.0105806040559794,
    "Koverflowp": 2.230844584950178e-07,
    "Mp": 3.6380840426642266e-06,
    "VmaxICp": 1.7523855428588582e-05,
    "VmaxINp": 5.329913525842674e-05,
    "VmaxOCp": 1.1714049713434484e-06,
    "VmaxONp": 1.797402577073857e-06,
    "gammaDp": 0.7518221871096212
}