{
    "KICp": 222.96404928528355,
    "KINp": 0.0678232339515668,
    "KOCp": 0.03,
    "KONp": 0.0454219459502523,
    "Koverflowp": 1.157407407407407e-06,
    "Mp": 3.1185301090066663e-06,
    "VmaxICp": 2.794630526816317e-05,
    "VmaxINp": 3.658705537686501e-05,
    "VmaxOCp": 4.460306587086281e-07,
    "VmaxONp": 1.1111111111111112e-06,
    "gammaDp": 0.499311744789068
}