{
    "KICp": 13.135286030979074,
    "KINp": 0.0862072215277818,
    "KOCp": 0.0693016436706455,
    "KONp": 0.0349672663877158,
    "Koverflowp": 1.2527311739630972e-06,
    "Mp": 3.6380840426642266e-06,
    "VmaxICp": 1.7523855428588582e-05,
    "VmaxINp": 3.9693311440864425e-05,
    "VmaxOCp": 8.544161540632631e-07,
    "VmaxONp": 1.797402577073857e-06,
    "gammaDp": 0.7518221871096212
}