{
    "KICp": 109.8436673053242,
    "KINp": 0.0182524753760115,
    "KOCp": 0.1546209553832896,
    "KONp": 0.9168268969567392,
    "Koverflowp": 2.0697913158998103e-06,
    "Mp": 3.912808241929407e-06,
    "VmaxICp": 1.968586701375264e-05,
    "VmaxINp": 2.459411738741718e-05,
    "VmaxOCp": 8.655349510511893e-07,
    "VmaxONp": 7.619892902666664e-07,
    "gammaDp": 0.1725158087166906
}