{
    "KICp": 37.0,
    "KINp": 0.02,
    "KOCp": 0.0499275264488309,
    "KONp": 0.3848166630345012,
    "Koverflowp": 2.5830032292359066e-06,
    "Mp": 2.989735734381955e-06,
    "VmaxICp": 4.893127160079206e-05,
    "VmaxINp": 1.487849515207457e-05,
    "VmaxOCp": 8.36238135561755e-06,
    "VmaxONp": 2.712878601991035e-07,
    "gammaDp": 0.13817130382847
}