{
    "KICp": 4.28667175735119,
    "KINp": 0.008626011613742,
    "KOCp": 0.0068034956159795,
    "KONp": 0.4788853808610664,
    "Koverflowp": 1.157407407407407e-06,
    "Mp": 4.181675346199631e-06,
    "VmaxICp": 2.806869301075851e-05,
    "VmaxINp": 2.036832029096081e-05,
    "VmaxOCp": 1.042552305688599e-06,
    "VmaxONp": 4.120063867572822e-06,
    "gammaDp": 0.5028268074487962
}