{
    "KICp": 97.42962350446749,
    "KINp": 0.0030395798265123,
    "KOCp": 0.03,
    "KONp": 0.1,
    "Koverflowp": 2.0987278396704382e-06,
    "Mp": 2.803691194887047e-06,
    "VmaxICp": 1.251682651588369e-05,
    "VmaxINp": 3.928358686324606e-05,
    "VmaxOCp": 1.3986291883719242e-05,
    "VmaxONp": 6.395923565942381e-07,
    "gammaDp": 0.3032334243288602
}