{
    "KICp": 37.0,
    "KINp": 0.0021604197342833,
    "KOCp": 0.0343022538382475,
    "KONp": 0.0883785997766991,
    "Koverflowp": 3.04323973656147e-06,
    "Mp": 3.2411597555318505e-06,
    "VmaxICp": 2.470144057779742e-05,
    "VmaxINp": 5.044003558841754e-05,
    "VmaxOCp": 1.882676022385914e-07,
    "VmaxONp": 1.558740941249909e-07,
    "gammaDp": 0.2924207245236331
}