{
    "KICp": 17.639852990589585,
    "KINp": 0.003881736795145,
    "KOCp": 0.0109351480666297,
    "KONp": 0.2638549316108138,
    "Koverflowp": 1.3637134076657306e-06,
    "Mp": 4.035565062420724e-06,
    "VmaxICp": 4.482742805703058e-05,
    "VmaxINp": 1.392848002407122e-05,
    "VmaxOCp": 1.851851851851852e-06,
    "VmaxONp": 1.476855611529737e-06,
    "gammaDp": 0.3315974927750761
}