{
    "KICp": 316.78670320046126,
    "KINp": 0.003881736795145,
    "KOCp": 0.006719430931856,
    "KONp": 0.2638549316108138,
    "Koverflowp": 2.6706074768027336e-07,
    "Mp": 4.035565062420724e-06,
    "VmaxICp": 4.482742805703058e-05,
    "VmaxINp": 1.392848002407122e-05,
    "VmaxOCp": 1.851851851851852e-06,
    "VmaxONp": 1.5469639827841664e-07,
    "gammaDp": 0.194959662135532
}