{
    "KICp": 37.0,
    "KINp": 0.0499343730036782,
    "KOCp": 0.0050887202100109,
    "KONp": 0.4550060988932602,
    "Koverflowp": 5.532750246523409e-06,
    "Mp": 2.528070214211068e-06,
    "VmaxICp": 2.4749009022971423e-05,
    "VmaxINp": 2.554773237185978e-05,
    "VmaxOCp": 1.918784727541977e-07,
    "VmaxONp": 3.2429375196732746e-07,
    "gammaDp": 0.1281795739519172
}