{
    "KICp": 16.915273562177784,
    "KINp": 0.0027080338686862,
    "KOCp": 0.1156475098499196,
    "KONp": 0.536171663323532,
    "Koverflowp": 1.0864038365809266e-06,
    "Mp": 5.136490214315669e-06,
    "VmaxICp": 4.364504835309575e-05,
    "VmaxINp": 1.5039799625757386e-05,
    "VmaxOCp": 1.6942015401632848e-06,
    "VmaxONp": 5.890057649141555e-07,
    "gammaDp": 0.8
}