{
    "KICp": 72.60091303416958,
    "KINp": 0.0046299641120502,
    "KOCp": 0.0832840192325275,
    "KONp": 0.1,
    "Koverflowp": 2.558234333340711e-06,
    "Mp": 2.8769261306275816e-06,
    "VmaxICp": 2.650808634687913e-05,
    "VmaxINp": 2.229653373596016e-05,
    "VmaxOCp": 2.556222970994667e-06,
    "VmaxONp": 3.320241852216284e-06,
    "gammaDp": 0.1309447760822021
}