{
    "KICp": 162.92264122830505,
    "KINp": 0.0745390560440181,
    "KOCp": 0.0112085588937673,
    "KONp": 0.7675950804317987,
    "Koverflowp": 1.061285782785716e-05,
    "Mp": 5.859216595691711e-06,
    "VmaxICp": 2.850583689624713e-05,
    "VmaxINp": 2.790538935330112e-05,
    "VmaxOCp": 2.159680226568456e-06,
    "VmaxONp": 3.673320962866163e-06,
    "gammaDp": 0.3775155217236827
}