{
    "KICp": 71.72943158731064,
    "KINp": 0.0382685880489121,
    "KOCp": 0.0112001872815093,
    "KONp": 0.0825924254900589,
    "Koverflowp": 3.909512114637903e-07,
    "Mp": 4.768807996697757e-06,
    "VmaxICp": 4.010809040112728e-05,
    "VmaxINp": 3.3288550876393937e-05,
    "VmaxOCp": 7.720361142073798e-07,
    "VmaxONp": 9.601276529746652e-07,
    "gammaDp": 0.1945377121547271
}