{
    "KICp": 37.0,
    "KINp": 0.0047350029768993,
    "KOCp": 0.0093275383435263,
    "KONp": 0.3734770983562864,
    "Koverflowp": 2.0181657108595363e-06,
    "Mp": 4.597568708182465e-06,
    "VmaxICp": 1.3178165271957806e-05,
    "VmaxINp": 4.86065032767936e-05,
    "VmaxOCp": 1.743624897451403e-05,
    "VmaxONp": 1.5372277705199902e-06,
    "gammaDp": 0.1143721906238762
}