{
    "KICp": 61.37331001806139,
    "KINp": 0.1325276029825619,
    "KOCp": 0.1665558583144153,
    "KONp": 0.1,
    "Koverflowp": 7.06548157351119e-07,
    "Mp": 3.0110949340923235e-06,
    "VmaxICp": 1.9870570297973503e-05,
    "VmaxINp": 3.6019002999856686e-05,
    "VmaxOCp": 3.189490532002479e-06,
    "VmaxONp": 3.363807050260365e-07,
    "gammaDp": 0.8
}