{
    "KICp": 37.0,
    "KINp": 0.0606046306737747,
    "KOCp": 0.1740944491942994,
    "KONp": 0.0165561712588575,
    "Koverflowp": 1.1553083635685213e-05,
    "Mp": 5.479243710953981e-06,
    "VmaxICp": 3.933554622729948e-05,
    "VmaxINp": 2.231275148016464e-05,
    "VmaxOCp": 1.910605524127176e-06,
    "VmaxONp": 1.1111111111111112e-06,
    "gammaDp": 0.243064453230988
}