{
    "KICp": 85.61976806861779,
    "KINp": 0.0424448203743096,
    "KOCp": 0.0132915347753139,
    "KONp": 0.1170464083515108,
    "Koverflowp": 1.157407407407407e-06,
    "Mp": 8.92530452626043e-06,
    "VmaxICp": 2.2623768512510564e-05,
    "VmaxINp": 4.276576740200676e-05,
    "VmaxOCp": 1.851851851851852e-06,
    "VmaxONp": 1.1111111111111112e-06,
    "gammaDp": 0.3958925892483347
}