{
    "KICp": 13.135286030979074,
    "KINp": 0.0862072215277818,
    "KOCp": 0.0693016436706455,
    "KONp": 0.0115965996940364,
    "Koverflowp": 2.230844584950178e-07,
    "Mp": 3.6380840426642266e-06,
    "VmaxICp": 4.258137122103313e-05,
    "VmaxINp": 1.914373569381956e-05,
    "VmaxOCp": 1.5099694975767449e-06,
    "VmaxONp": 1.797402577073857e-06,
    "gammaDp": 0.7518221871096212
}