{
    "KICp": 16.915273562177784,
    "KINp": 0.0040055213290803,
    "KOCp": 0.1156475098499196,
    "KONp": 0.1908398303509902,
    "Koverflowp": 1.0864038365809266e-06,
    "Mp": 5.136490214315669e-06,
    "VmaxICp": 2.897505323681166e-05,
    "VmaxINp": 2.73151745576784e-05,
    "VmaxOCp": 4.383952521135319e-07,
    "VmaxONp": 5.890057649141555e-07,
    "gammaDp": 0.8
}