{
    "KICp": 110.9943700290107,
    "KINp": 0.0050777435287414,
    "KOCp": 0.0039962698116029,
    "KONp": 0.0143509773775099,
    "Koverflowp": 1.1730304243441285e-07,
    "Mp": 5.49385137098067e-06,
    "VmaxICp": 2.359732873912828e-05,
    "VmaxINp": 3.60709541086843e-05,
    "VmaxOCp": 1.851851851851852e-06,
    "VmaxONp": 7.400898145832995e-07,
    "gammaDp": 0.8
}