{
    "KICp": 143.5711375849532,
    "KINp": 0.003881736795145,
    "KOCp": 0.0049347376465783,
    "KONp": 0.0309011542318752,
    "Koverflowp": 3.956187188185781e-07,
    "Mp": 4.035565062420724e-06,
    "VmaxICp": 4.482742805703058e-05,
    "VmaxINp": 1.392848002407122e-05,
    "VmaxOCp": 8.849953624954101e-07,
    "VmaxONp": 1.0670480544887646e-06,
    "gammaDp": 0.194959662135532
}