{
    "KICp": 37.0,
    "KINp": 0.02,
    "KOCp": 0.0066974482379067,
    "KONp": 0.566606571423733,
    "Koverflowp": 6.905466919126766e-06,
    "Mp": 2.989735734381955e-06,
    "VmaxICp": 4.893127160079206e-05,
    "VmaxINp": 1.487849515207457e-05,
    "VmaxOCp": 9.640095626186758e-07,
    "VmaxONp": 2.712878601991035e-07,
    "gammaDp": 0.1734271300622527
}