{
    "KICp": 37.0,
    "KINp": 0.0454091282569179,
    "KOCp": 0.1740944491942994,
    "KONp": 0.3756116186890765,
    "Koverflowp": 9.830901864707012e-06,
    "Mp": 5.479243710953981e-06,
    "VmaxICp": 4.987033159539489e-05,
    "VmaxINp": 1.7664546652806747e-05,
    "VmaxOCp": 1.851851851851852e-06,
    "VmaxONp": 1.1111111111111112e-06,
    "gammaDp": 0.243064453230988
}