{
    "KICp": 7.906338463368418,
    "KINp": 0.0124844692669866,
    "KOCp": 0.0149876114524773,
    "KONp": 0.1480728427546281,
    "Koverflowp": 1.157407407407407e-06,
    "Mp": 8.92530452626043e-06,
    "VmaxICp": 2.2623768512510564e-05,
    "VmaxINp": 4.276576740200676e-05,
    "VmaxOCp": 1.851851851851852e-06,
    "VmaxONp": 6.927525919171279e-07,
    "gammaDp": 0.3958925892483347
}