{
    "KICp": 15.728034436514555,
    "KINp": 0.012122408256814,
    "KOCp": 0.0361583390903277,
    "KONp": 0.1136761870308512,
    "Koverflowp": 5.9070272105737e-06,
    "Mp": 3.7947869831226313e-06,
    "VmaxICp": 2.1985161012570315e-05,
    "VmaxINp": 1.581211925791142e-05,
    "VmaxOCp": 2.8779728720628214e-07,
    "VmaxONp": 1.2360087349937334e-06,
    "gammaDp": 0.3315513118407014
}