{
    "KICp": 256.8284845493303,
    "KINp": 0.1644618058494804,
    "KOCp": 0.0346569344731069,
    "KONp": 0.4131830089903399,
    "Koverflowp": 4.510665257503369e-06,
    "Mp": 4.7405661205358855e-06,
    "VmaxICp": 2.4942867860545296e-05,
    "VmaxINp": 3.509758827059062e-05,
    "VmaxOCp": 1.851851851851852e-06,
    "VmaxONp": 9.629299873687612e-06,
    "gammaDp": 0.1525046926242079
}