{
    "KICp": 37.0,
    "KINp": 0.0021604197342833,
    "KOCp": 0.0306089388350394,
    "KONp": 0.0131171114884132,
    "Koverflowp": 2.6271305675342376e-07,
    "Mp": 3.080875955748481e-06,
    "VmaxICp": 2.470144057779742e-05,
    "VmaxINp": 5.044003558841754e-05,
    "VmaxOCp": 1.882676022385914e-07,
    "VmaxONp": 9.239673089304297e-07,
    "gammaDp": 0.2924207245236331
}