{
    "KICp": 49.99855940077734,
    "KINp": 0.0039042431822866,
    "KOCp": 0.0155913800625471,
    "KONp": 0.018282603926193,
    "Koverflowp": 3.50031121472269e-06,
    "Mp": 2.9504567804462054e-06,
    "VmaxICp": 2.937202324781452e-05,
    "VmaxINp": 1.912022160684782e-05,
    "VmaxOCp": 2.092273614889498e-07,
    "VmaxONp": 2.528385446729461e-07,
    "gammaDp": 0.1710120012665458
}