{
    "KICp": 13.135286030979074,
    "KINp": 0.0862072215277818,
    "KOCp": 0.0693016436706455,
    "KONp": 0.0707963952954536,
    "Koverflowp": 3.392356607528481e-07,
    "Mp": 3.6380840426642266e-06,
    "VmaxICp": 1.5898368517039468e-05,
    "VmaxINp": 5.163025059593544e-05,
    "VmaxOCp": 1.851851851851852e-06,
    "VmaxONp": 1.797402577073857e-06,
    "gammaDp": 0.7518221871096212
}