{
    "KICp": 37.0,
    "KINp": 0.0839235457436335,
    "KOCp": 0.016858032755559,
    "KONp": 0.2103554530852537,
    "Koverflowp": 4.468840352579924e-07,
    "Mp": 3.4765374032755503e-06,
    "VmaxICp": 4.939980166123896e-05,
    "VmaxINp": 1.1303088599381836e-05,
    "VmaxOCp": 2.383891872250035e-06,
    "VmaxONp": 3.879912682032595e-06,
    "gammaDp": 0.1935554842407898
}