{
    "KICp": 17.639852990589585,
    "KINp": 0.003881736795145,
    "KOCp": 0.006719430931856,
    "KONp": 0.0906399471541973,
    "Koverflowp": 3.956187188185781e-07,
    "Mp": 4.035565062420724e-06,
    "VmaxICp": 4.597688090565588e-05,
    "VmaxINp": 1.392848002407122e-05,
    "VmaxOCp": 1.851851851851852e-06,
    "VmaxONp": 2.2101118262434226e-07,
    "gammaDp": 0.194959662135532
}