{
    "KICp": 145.78529783607289,
    "KINp": 0.0079773818314285,
    "KOCp": 0.03,
    "KONp": 0.1,
    "Koverflowp": 9.65020801405294e-07,
    "Mp": 5.305082555671863e-06,
    "VmaxICp": 3.8484199184003085e-05,
    "VmaxINp": 3.540282038867501e-05,
    "VmaxOCp": 2.495387142045275e-07,
    "VmaxONp": 2.3065070528182715e-06,
    "gammaDp": 0.7524314843166724
}