{
    "KICp": 106.83154973531614,
    "KINp": 0.0102172656271198,
    "KOCp": 0.0147358100231136,
    "KONp": 0.2515045056722856,
    "Koverflowp": 3.6315666766977e-07,
    "Mp": 2.3455242921944464e-06,
    "VmaxICp": 1.2323928076233084e-05,
    "VmaxINp": 4.1608224947875335e-05,
    "VmaxOCp": 1.6473202591737643e-05,
    "VmaxONp": 6.935425617245917e-07,
    "gammaDp": 0.3063103049022874
}