{
    "KICp": 5.527940563343915,
    "KINp": 0.0127557511458123,
    "KOCp": 0.03,
    "KONp": 0.1,
    "Koverflowp": 3.176161095163233e-07,
    "Mp": 4.432066436774937e-06,
    "VmaxICp": 2.6832569702966307e-05,
    "VmaxINp": 2.291680358539264e-05,
    "VmaxOCp": 8.071823106321243e-06,
    "VmaxONp": 1.1111111111111112e-06,
    "gammaDp": 0.4994104983155751
}