{
    "KICp": 15.728034436514555,
    "KINp": 0.012122408256814,
    "KOCp": 0.0361583390903277,
    "KONp": 0.0439288275457794,
    "Koverflowp": 1.488020341094027e-07,
    "Mp": 3.7947869831226313e-06,
    "VmaxICp": 2.1985161012570315e-05,
    "VmaxINp": 1.581211925791142e-05,
    "VmaxOCp": 2.9399247441714586e-07,
    "VmaxONp": 2.331704570736881e-07,
    "gammaDp": 0.2534206019976881
}