{
    "KICp": 78.49935206999153,
    "KINp": 0.02,
    "KOCp": 0.0401866929575404,
    "KONp": 0.0171132477076831,
    "Koverflowp": 1.157407407407407e-06,
    "Mp": 6.713651759723845e-06,
    "VmaxICp": 4.524836044735623e-05,
    "VmaxINp": 3.515162073836137e-05,
    "VmaxOCp": 1.851851851851852e-06,
    "VmaxONp": 4.320887874615894e-06,
    "gammaDp": 0.1536679867574159
}