{
    "KICp": 261.6053936092532,
    "KINp": 0.0264165801553471,
    "KOCp": 0.0037528578824139,
    "KONp": 0.1,
    "Koverflowp": 6.408550554032733e-07,
    "Mp": 3.8083099711680737e-06,
    "VmaxICp": 2.5472661637747705e-05,
    "VmaxINp": 4.3888863838304725e-05,
    "VmaxOCp": 4.179688115100763e-06,
    "VmaxONp": 1.1927828267762036e-07,
    "gammaDp": 0.8
}