{
    "KICp": 231.5980346215468,
    "KINp": 0.02,
    "KOCp": 0.0812335010950267,
    "KONp": 0.1006073923107081,
    "Koverflowp": 1.975628233816285e-06,
    "Mp": 4.225059086075753e-06,
    "VmaxICp": 3.907873848035576e-05,
    "VmaxINp": 2.7656339246885457e-05,
    "VmaxOCp": 1.851851851851852e-06,
    "VmaxONp": 8.651142551101177e-07,
    "gammaDp": 0.5073691455018329
}