{
    "KICp": 14.850936060226449,
    "KINp": 0.0158544926804317,
    "KOCp": 0.0660372979915935,
    "KONp": 0.1,
    "Koverflowp": 7.927185215088613e-07,
    "Mp": 6.413848475581461e-06,
    "VmaxICp": 3.759522701381091e-05,
    "VmaxINp": 5.132597119581279e-05,
    "VmaxOCp": 2.779745561558237e-06,
    "VmaxONp": 3.999641825679129e-06,
    "gammaDp": 0.1967997798557828
}