{
    "KICp": 37.0,
    "KINp": 0.0589908497907363,
    "KOCp": 0.0050887202100109,
    "KONp": 0.4550060988932602,
    "Koverflowp": 5.532750246523409e-06,
    "Mp": 3.960990959342853e-06,
    "VmaxICp": 2.4749009022971423e-05,
    "VmaxINp": 4.049785714688267e-05,
    "VmaxOCp": 1.816196887727378e-06,
    "VmaxONp": 1.086975155764674e-06,
    "gammaDp": 0.8
}