{
    "KICp": 37.0,
    "KINp": 0.0031664954485533,
    "KOCp": 0.0357996970201984,
    "KONp": 0.0165561712588575,
    "Koverflowp": 9.830901864707012e-06,
    "Mp": 5.479243710953981e-06,
    "VmaxICp": 3.161093068173808e-05,
    "VmaxINp": 2.231275148016464e-05,
    "VmaxOCp": 1.851851851851852e-06,
    "VmaxONp": 1.1111111111111112e-06,
    "gammaDp": 0.243064453230988
}