{
    "KICp": 15.726551925577256,
    "KINp": 0.007598518123767,
    "KOCp": 0.0317929062694031,
    "KONp": 0.672031136105169,
    "Koverflowp": 1.157407407407407e-06,
    "Mp": 7.426759760779138e-06,
    "VmaxICp": 3.431388075693197e-05,
    "VmaxINp": 2.619683027785563e-05,
    "VmaxOCp": 5.361859715325491e-07,
    "VmaxONp": 3.115799593154351e-06,
    "gammaDp": 0.228409591960083
}