{
    "KICp": 261.346646835322,
    "KINp": 0.0055638924594632,
    "KOCp": 0.0408373284832109,
    "KONp": 0.570504886921115,
    "Koverflowp": 2.8695215071521928e-06,
    "Mp": 2.8864895004389044e-06,
    "VmaxICp": 2.8554676539157e-05,
    "VmaxINp": 4.372319071703236e-05,
    "VmaxOCp": 2.5578603855825e-07,
    "VmaxONp": 1.1119231134447564e-07,
    "gammaDp": 0.309692956212064
}