{
    "KICp": 15.726551925577256,
    "KINp": 0.0031360189154357,
    "KOCp": 0.0143577373221361,
    "KONp": 0.672031136105169,
    "Koverflowp": 7.05554294581013e-07,
    "Mp": 7.426759760779138e-06,
    "VmaxICp": 2.255899987420774e-05,
    "VmaxINp": 2.619683027785563e-05,
    "VmaxOCp": 1.293683796500802e-05,
    "VmaxONp": 1.6427613384790716e-06,
    "gammaDp": 0.228409591960083
}