{
    "KICp": 8.433710312472627,
    "KINp": 0.0585717177878373,
    "KOCp": 0.0523932534633695,
    "KONp": 0.1,
    "Koverflowp": 1.1730304243441285e-07,
    "Mp": 5.49385137098067e-06,
    "VmaxICp": 2.359732873912828e-05,
    "VmaxINp": 3.60709541086843e-05,
    "VmaxOCp": 1.851851851851852e-06,
    "VmaxONp": 4.093894985969365e-06,
    "gammaDp": 0.2212021846223857
}