{
    "KICp": 37.0,
    "KINp": 0.0072627815627789,
    "KOCp": 0.03,
    "KONp": 0.8690766598908993,
    "Koverflowp": 1.4108491790815372e-07,
    "Mp": 3.744510939055401e-06,
    "VmaxICp": 3.964035432553595e-05,
    "VmaxINp": 1.7098932752892527e-05,
    "VmaxOCp": 7.115314347625683e-07,
    "VmaxONp": 2.288537622184613e-07,
    "gammaDp": 0.2219373869013801
}