{
    "KICp": 130.5908279981205,
    "KINp": 0.0484769472069332,
    "KOCp": 0.1740944491942994,
    "KONp": 0.0165561712588575,
    "Koverflowp": 1.395400536062924e-07,
    "Mp": 5.479243710953981e-06,
    "VmaxICp": 4.987033159539489e-05,
    "VmaxINp": 2.231275148016464e-05,
    "VmaxOCp": 9.756174752902588e-06,
    "VmaxONp": 1.1111111111111112e-06,
    "gammaDp": 0.243064453230988
}