{
    "KICp": 72.60091303416958,
    "KINp": 0.0046299641120502,
    "KOCp": 0.0241606363849327,
    "KONp": 0.1,
    "Koverflowp": 1.901891310116507e-07,
    "Mp": 5.842656197228111e-06,
    "VmaxICp": 2.650808634687913e-05,
    "VmaxINp": 2.229653373596016e-05,
    "VmaxOCp": 2.556222970994667e-06,
    "VmaxONp": 2.216884800284851e-07,
    "gammaDp": 0.3743927129055646
}