{
    "KICp": 284.9469723607266,
    "KINp": 0.0175435040376682,
    "KOCp": 0.03,
    "KONp": 0.1,
    "Koverflowp": 1.157407407407407e-06,
    "Mp": 2.543730667523394e-06,
    "VmaxICp": 1.251682651588369e-05,
    "VmaxINp": 3.928358686324606e-05,
    "VmaxOCp": 1.3986291883719242e-05,
    "VmaxONp": 1.7230208969121076e-07,
    "gammaDp": 0.4699091725661296
}