{
    "KICp": 13.135286030979074,
    "KINp": 0.1773918252116695,
    "KOCp": 0.0693016436706455,
    "KONp": 0.0349672663877158,
    "Koverflowp": 4.9901335235655965e-06,
    "Mp": 3.6380840426642266e-06,
    "VmaxICp": 1.7523855428588582e-05,
    "VmaxINp": 5.163025059593544e-05,
    "VmaxOCp": 1.851851851851852e-06,
    "VmaxONp": 1.797402577073857e-06,
    "gammaDp": 0.3998506003415055
}