{
    "KICp": 68.84016141692774,
    "KINp": 0.0818967781938106,
    "KOCp": 0.0090463358008739,
    "KONp": 0.1418759817899563,
    "Koverflowp": 3.440348151798678e-07,
    "Mp": 3.0521609945050425e-06,
    "VmaxICp": 2.244151093411883e-05,
    "VmaxINp": 5.014075105633452e-05,
    "VmaxOCp": 2.584478362979554e-07,
    "VmaxONp": 2.0472394470084658e-07,
    "gammaDp": 0.8
}