{
    "KICp": 6.547151248399404,
    "KINp": 0.0124844692669866,
    "KOCp": 0.0149876114524773,
    "KONp": 0.1170464083515108,
    "Koverflowp": 9.606059706945857e-07,
    "Mp": 8.92530452626043e-06,
    "VmaxICp": 3.572167201810086e-05,
    "VmaxINp": 4.276576740200676e-05,
    "VmaxOCp": 1.851851851851852e-06,
    "VmaxONp": 1.1111111111111112e-06,
    "gammaDp": 0.1387850336157058
}