{
    "KICp": 222.96404928528355,
    "KINp": 0.0029861324998539,
    "KOCp": 0.0052031940256494,
    "KONp": 0.07177493386818,
    "Koverflowp": 1.157407407407407e-06,
    "Mp": 9.405464306572931e-06,
    "VmaxICp": 2.794630526816317e-05,
    "VmaxINp": 3.658705537686501e-05,
    "VmaxOCp": 1.414299445359971e-05,
    "VmaxONp": 1.1111111111111112e-06,
    "gammaDp": 0.1222235381845459
}