{
    "KICp": 144.67426339072415,
    "KINp": 0.0397183183572511,
    "KOCp": 0.0155913800625471,
    "KONp": 0.8117347486062324,
    "Koverflowp": 3.50031121472269e-06,
    "Mp": 4.058543245943026e-06,
    "VmaxICp": 2.937202324781452e-05,
    "VmaxINp": 1.912022160684782e-05,
    "VmaxOCp": 2.092273614889498e-07,
    "VmaxONp": 4.277159050271428e-07,
    "gammaDp": 0.1710120012665458
}