{
    "KICp": 12.098463144579036,
    "KINp": 0.002873742989118,
    "KOCp": 0.1760537697306559,
    "KONp": 0.7293166301615158,
    "Koverflowp": 1.157407407407407e-06,
    "Mp": 4.996768550673569e-06,
    "VmaxICp": 2.982865496414452e-05,
    "VmaxINp": 1.978016029210256e-05,
    "VmaxOCp": 1.3827961175637498e-05,
    "VmaxONp": 4.5585925148817406e-06,
    "gammaDp": 0.590172225735303
}