{
    "KICp": 37.0,
    "KINp": 0.0818967781938106,
    "KOCp": 0.0753233669425589,
    "KONp": 0.1,
    "Koverflowp": 3.440348151798678e-07,
    "Mp": 3.0521609945050425e-06,
    "VmaxICp": 2.244151093411883e-05,
    "VmaxINp": 5.014075105633452e-05,
    "VmaxOCp": 2.875107574674067e-07,
    "VmaxONp": 1.0641333962288955e-06,
    "gammaDp": 0.8507788571886228
}