{
    "KICp": 37.0,
    "KINp": 0.1644618058494804,
    "KOCp": 0.0167383155361278,
    "KONp": 0.0694061974463042,
    "Koverflowp": 1.941725714907817e-07,
    "Mp": 8.226384205113615e-06,
    "VmaxICp": 2.4942867860545296e-05,
    "VmaxINp": 3.509758827059062e-05,
    "VmaxOCp": 1.851851851851852e-06,
    "VmaxONp": 2.1052376147255752e-06,
    "gammaDp": 0.1525046926242079
}