{
    "KICp": 162.92264122830505,
    "KINp": 0.0745390560440181,
    "KOCp": 0.0052435892329853,
    "KONp": 0.6401701927821273,
    "Koverflowp": 2.096516397838474e-07,
    "Mp": 5.859216595691711e-06,
    "VmaxICp": 2.850583689624713e-05,
    "VmaxINp": 1.931184397483917e-05,
    "VmaxOCp": 5.433930151580845e-07,
    "VmaxONp": 1.8940713479384521e-07,
    "gammaDp": 0.3775155217236827
}