{
    "KICp": 15.728034436514555,
    "KINp": 0.012122408256814,
    "KOCp": 0.0361583390903277,
    "KONp": 0.2105317412076439,
    "Koverflowp": 5.856353516999758e-06,
    "Mp": 3.7947869831226313e-06,
    "VmaxICp": 2.1985161012570315e-05,
    "VmaxINp": 1.581211925791142e-05,
    "VmaxOCp": 7.20886444045954e-07,
    "VmaxONp": 3.224590789068028e-06,
    "gammaDp": 0.2534206019976881
}