{
    "KICp": 33.19555912009566,
    "KINp": 0.0047350029768993,
    "KOCp": 0.005214310342088,
    "KONp": 0.013035671380149,
    "Koverflowp": 6.259665932531399e-06,
    "Mp": 3.677011587172135e-06,
    "VmaxICp": 1.3178165271957806e-05,
    "VmaxINp": 4.86065032767936e-05,
    "VmaxOCp": 1.5984163865906458e-06,
    "VmaxONp": 1.395848966993294e-07,
    "gammaDp": 0.1006628464342235
}