{
    "KICp": 15.728034436514555,
    "KINp": 0.012122408256814,
    "KOCp": 0.0067675987069217,
    "KONp": 0.5807120368564885,
    "Koverflowp": 1.488020341094027e-07,
    "Mp": 3.7947869831226313e-06,
    "VmaxICp": 2.1985161012570315e-05,
    "VmaxINp": 1.581211925791142e-05,
    "VmaxOCp": 1.851851851851852e-06,
    "VmaxONp": 1.2360087349937334e-06,
    "gammaDp": 0.121668199222421
}