{
    "KICp": 170.7978295241929,
    "KINp": 0.0331692654132146,
    "KOCp": 0.006719430931856,
    "KONp": 0.2638549316108138,
    "Koverflowp": 3.956187188185781e-07,
    "Mp": 4.035565062420724e-06,
    "VmaxICp": 4.482742805703058e-05,
    "VmaxINp": 1.392848002407122e-05,
    "VmaxOCp": 1.851851851851852e-06,
    "VmaxONp": 3.175790377593819e-06,
    "gammaDp": 0.2184369122364885
}