{
    "KICp": 33.16735252414247,
    "KINp": 0.0137222223310442,
    "KOCp": 0.059535357882902,
    "KONp": 0.1326946412043792,
    "Koverflowp": 1.7023505016356602e-06,
    "Mp": 4.0331369773359885e-06,
    "VmaxICp": 1.1799230530138282e-05,
    "VmaxINp": 3.299297008565782e-05,
    "VmaxOCp": 9.232041328032063e-06,
    "VmaxONp": 1.1111111111111112e-06,
    "gammaDp": 0.102145453344262
}