{
    "KICp": 16.915273562177784,
    "KINp": 0.0040055213290803,
    "KOCp": 0.1156475098499196,
    "KONp": 0.0249363976726833,
    "Koverflowp": 1.0864038365809266e-06,
    "Mp": 5.433768773279634e-06,
    "VmaxICp": 4.364504835309575e-05,
    "VmaxINp": 1.5039799625757386e-05,
    "VmaxOCp": 1.851851851851852e-06,
    "VmaxONp": 5.890057649141555e-07,
    "gammaDp": 0.5979269433776601
}