{
    "KICp": 206.0958924479068,
    "KINp": 0.02,
    "KOCp": 0.2094575807328954,
    "KONp": 0.1,
    "Koverflowp": 4.1882492614942326e-06,
    "Mp": 7.378957818260187e-06,
    "VmaxICp": 4.632117021713685e-05,
    "VmaxINp": 3.010323985456881e-05,
    "VmaxOCp": 5.886061848474798e-06,
    "VmaxONp": 1.1111111111111112e-06,
    "gammaDp": 0.8
}