{
    "KICp": 46.66260019641719,
    "KINp": 0.0034737351040227,
    "KOCp": 0.03,
    "KONp": 0.1,
    "Koverflowp": 1.655665862796296e-07,
    "Mp": 2.803691194887047e-06,
    "VmaxICp": 1.251682651588369e-05,
    "VmaxINp": 3.928358686324606e-05,
    "VmaxOCp": 1.3986291883719242e-05,
    "VmaxONp": 1.7230208969121076e-07,
    "gammaDp": 0.6859892750551337
}