{
    "KICp": 4.28667175735119,
    "KINp": 0.008626011613742,
    "KOCp": 0.03,
    "KONp": 0.0767505375186748,
    "Koverflowp": 8.936266501952824e-06,
    "Mp": 4.181675346199631e-06,
    "VmaxICp": 2.806869301075851e-05,
    "VmaxINp": 2.036832029096081e-05,
    "VmaxOCp": 1.765346379553551e-06,
    "VmaxONp": 2.244261548225087e-06,
    "gammaDp": 0.5028268074487962
}