{
    "KICp": 119.89170756124204,
    "KINp": 0.1884147546537495,
    "KOCp": 0.0149876114524773,
    "KONp": 0.1170464083515108,
    "Koverflowp": 8.692038593738142e-06,
    "Mp": 8.92530452626043e-06,
    "VmaxICp": 2.2623768512510564e-05,
    "VmaxINp": 4.276576740200676e-05,
    "VmaxOCp": 1.851851851851852e-06,
    "VmaxONp": 8.084702508095003e-07,
    "gammaDp": 0.3958925892483347
}