{
    "KICp": 84.63248869043572,
    "KINp": 0.008626011613742,
    "KOCp": 0.0036309541096178,
    "KONp": 0.1847189878999093,
    "Koverflowp": 1.157407407407407e-06,
    "Mp": 4.181675346199631e-06,
    "VmaxICp": 2.806869301075851e-05,
    "VmaxINp": 2.036832029096081e-05,
    "VmaxOCp": 1.851851851851852e-06,
    "VmaxONp": 3.399106916319568e-06,
    "gammaDp": 0.5028268074487962
}