{
    "KICp": 7.676486675165504,
    "KINp": 0.1310093514715313,
    "KOCp": 0.0716018064284801,
    "KONp": 0.0169062080165541,
    "Koverflowp": 4.358065984340351e-06,
    "Mp": 1.006863405728169e-05,
    "VmaxICp": 5.541574627756878e-05,
    "VmaxINp": 2.773144252793629e-05,
    "VmaxOCp": 1.851851851851852e-06,
    "VmaxONp": 4.588434916236495e-07,
    "gammaDp": 0.6431894817529099
}