{
    "KICp": 261.346646835322,
    "KINp": 0.0382561792477454,
    "KOCp": 0.1121975287452722,
    "KONp": 0.570504886921115,
    "Koverflowp": 2.8695215071521928e-06,
    "Mp": 2.8864895004389044e-06,
    "VmaxICp": 2.8554676539157e-05,
    "VmaxINp": 1.8815007323887416e-05,
    "VmaxOCp": 6.671782630152879e-07,
    "VmaxONp": 1.1119231134447564e-07,
    "gammaDp": 0.8
}