{
    "KICp": 14.850936060226449,
    "KINp": 0.0158544926804317,
    "KOCp": 0.0133296422607388,
    "KONp": 0.1,
    "Koverflowp": 3.652492535723113e-06,
    "Mp": 9.853996253299668e-06,
    "VmaxICp": 3.759522701381091e-05,
    "VmaxINp": 5.132597119581279e-05,
    "VmaxOCp": 6.558973288406245e-07,
    "VmaxONp": 5.502313496414709e-06,
    "gammaDp": 0.3861654879947083
}