{
    "KICp": 242.6594055445684,
    "KINp": 0.0039503812753003,
    "KOCp": 0.03,
    "KONp": 0.8690766598908993,
    "Koverflowp": 1.157407407407407e-06,
    "Mp": 3.744510939055401e-06,
    "VmaxICp": 3.964035432553595e-05,
    "VmaxINp": 1.7098932752892527e-05,
    "VmaxOCp": 7.115314347625683e-07,
    "VmaxONp": 1.1693268648844633e-07,
    "gammaDp": 0.2543868128234273
}