{
    "KICp": 8.228213036073223,
    "KINp": 0.1544971730002743,
    "KOCp": 0.0142763695520889,
    "KONp": 0.1,
    "Koverflowp": 6.4668571131196905e-06,
    "Mp": 4.432066436774937e-06,
    "VmaxICp": 3.002015226075272e-05,
    "VmaxINp": 2.291680358539264e-05,
    "VmaxOCp": 2.401279380108545e-06,
    "VmaxONp": 1.1111111111111112e-06,
    "gammaDp": 0.4994104983155751
}