{
    "KICp": 266.68622404838624,
    "KINp": 0.02,
    "KOCp": 0.112935473158228,
    "KONp": 0.566606571423733,
    "Koverflowp": 6.1290357325055225e-06,
    "Mp": 2.989735734381955e-06,
    "VmaxICp": 4.893127160079206e-05,
    "VmaxINp": 1.487849515207457e-05,
    "VmaxOCp": 1.6537988044467915e-06,
    "VmaxONp": 2.712878601991035e-07,
    "gammaDp": 0.4082927126917832
}