{
    "KICp": 19.30536168203929,
    "KINp": 0.1544971730002743,
    "KOCp": 0.03,
    "KONp": 0.1,
    "Koverflowp": 8.675043877106022e-07,
    "Mp": 4.432066436774937e-06,
    "VmaxICp": 2.1938875215582217e-05,
    "VmaxINp": 2.291680358539264e-05,
    "VmaxOCp": 2.5897383354222097e-07,
    "VmaxONp": 1.095264268661284e-06,
    "gammaDp": 0.4994104983155751
}