{
    "KICp": 102.2542715467731,
    "KINp": 0.0158544926804317,
    "KOCp": 0.2342116263907768,
    "KONp": 0.1,
    "Koverflowp": 3.652492535723113e-06,
    "Mp": 6.413848475581461e-06,
    "VmaxICp": 1.8173826944073737e-05,
    "VmaxINp": 5.132597119581279e-05,
    "VmaxOCp": 4.93516855354325e-06,
    "VmaxONp": 3.999641825679129e-06,
    "gammaDp": 0.2689329260495485
}