{
    "KICp": 127.15814113947506,
    "KINp": 0.0585717177878373,
    "KOCp": 0.1162615050941145,
    "KONp": 0.31387567536421,
    "Koverflowp": 1.1730304243441285e-07,
    "Mp": 5.49385137098067e-06,
    "VmaxICp": 2.359732873912828e-05,
    "VmaxINp": 3.60709541086843e-05,
    "VmaxOCp": 1.851851851851852e-06,
    "VmaxONp": 6.063693668701182e-07,
    "gammaDp": 0.8
}