{
    "KICp": 5.527940563343915,
    "KINp": 0.1544971730002743,
    "KOCp": 0.0073075355246803,
    "KONp": 0.1,
    "Koverflowp": 4.362249667349447e-07,
    "Mp": 4.432066436774937e-06,
    "VmaxICp": 3.002015226075272e-05,
    "VmaxINp": 2.291680358539264e-05,
    "VmaxOCp": 6.370148845021749e-06,
    "VmaxONp": 3.096077237273899e-07,
    "gammaDp": 0.4994104983155751
}