{
    "KICp": 201.33766204721152,
    "KINp": 0.0051500630424816,
    "KOCp": 0.0408373284832109,
    "KONp": 0.5745778758151413,
    "Koverflowp": 2.8695215071521928e-06,
    "Mp": 2.8864895004389044e-06,
    "VmaxICp": 2.8554676539157e-05,
    "VmaxINp": 1.8815007323887416e-05,
    "VmaxOCp": 1.851851851851852e-06,
    "VmaxONp": 1.6106905757195208e-07,
    "gammaDp": 0.8
}