{
    "KICp": 13.135286030979074,
    "KINp": 0.0303667516377155,
    "KOCp": 0.0693016436706455,
    "KONp": 0.0349672663877158,
    "Koverflowp": 5.591570483430623e-07,
    "Mp": 4.071376703095129e-06,
    "VmaxICp": 1.7523855428588582e-05,
    "VmaxINp": 5.163025059593544e-05,
    "VmaxOCp": 4.95850040887149e-06,
    "VmaxONp": 1.797402577073857e-06,
    "gammaDp": 0.7518221871096212
}