{
    "KICp": 276.9628597520222,
    "KINp": 0.0124844692669866,
    "KOCp": 0.0149876114524773,
    "KONp": 0.1170464083515108,
    "Koverflowp": 3.1196851093912225e-06,
    "Mp": 8.92530452626043e-06,
    "VmaxICp": 5.4987349899411054e-05,
    "VmaxINp": 4.276576740200676e-05,
    "VmaxOCp": 1.851851851851852e-06,
    "VmaxONp": 1.1111111111111112e-06,
    "gammaDp": 0.3958925892483347
}