{
    "KICp": 194.1497876188203,
    "KINp": 0.0382685880489121,
    "KOCp": 0.0669416926078512,
    "KONp": 0.6336577158364012,
    "Koverflowp": 1.5827183219044611e-06,
    "Mp": 4.768807996697757e-06,
    "VmaxICp": 4.010809040112728e-05,
    "VmaxINp": 3.3288550876393937e-05,
    "VmaxOCp": 2.9946177837785867e-06,
    "VmaxONp": 9.601276529746652e-07,
    "gammaDp": 0.1945377121547271
}