{
    "KICp": 37.0,
    "KINp": 0.0839235457436335,
    "KOCp": 0.0283100646229418,
    "KONp": 0.0524957494661719,
    "Koverflowp": 2.5696777713144814e-06,
    "Mp": 3.4765374032755503e-06,
    "VmaxICp": 4.939980166123896e-05,
    "VmaxINp": 1.1303088599381836e-05,
    "VmaxOCp": 3.741792967870923e-06,
    "VmaxONp": 2.467940742788772e-06,
    "gammaDp": 0.1319291150542059
}