{
    "KICp": 37.0,
    "KINp": 0.1271717415636064,
    "KOCp": 0.0156363522186533,
    "KONp": 0.1,
    "Koverflowp": 1.157407407407407e-06,
    "Mp": 4.013139395005471e-06,
    "VmaxICp": 1.579341367829622e-05,
    "VmaxINp": 3.314592192144325e-05,
    "VmaxOCp": 2.454717555392217e-07,
    "VmaxONp": 1.1111111111111112e-06,
    "gammaDp": 0.8
}