{
    "KICp": 37.0,
    "KINp": 0.0020764574012517,
    "KOCp": 0.03,
    "KONp": 0.021653482932798,
    "Koverflowp": 1.157407407407407e-06,
    "Mp": 3.744510939055401e-06,
    "VmaxICp": 3.964035432553595e-05,
    "VmaxINp": 1.7098932752892527e-05,
    "VmaxOCp": 1.5735757242943346e-05,
    "VmaxONp": 1.2452844575586866e-06,
    "gammaDp": 0.1802351044135865
}