{
    "KICp": 37.0,
    "KINp": 0.0185832380206642,
    "KOCp": 0.03,
    "KONp": 0.8690766598908993,
    "Koverflowp": 1.2343447990767006e-07,
    "Mp": 3.744510939055401e-06,
    "VmaxICp": 3.964035432553595e-05,
    "VmaxINp": 2.0071706332120964e-05,
    "VmaxOCp": 7.115314347625683e-07,
    "VmaxONp": 1.2452844575586866e-06,
    "gammaDp": 0.4306097621669305
}