{
    "KICp": 0.045507212675155194,
    "KINp": 0.7112741127741657,
    "Mp": 2.1132557312197637e-06,
    "VmaxICp": 0.00023765619235704616,
    "VmaxINp": 5.4268960064210073e-05,
    "gammaDp": 0.3006041280046613
}