{
    "KICp": 0.22093476693156444,
    "KINp": 0.32659658707767075,
    "Mp": 1.994304358586539e-06,
    "VmaxICp": 0.0003988946410071148,
    "VmaxINp": 6.552842939172254e-05,
    "gammaDp": 0.1752210617390341
}