{
    "KICp": 0.047507637447584794,
    "KINp": 0.39928464852821133,
    "Mp": 3.3211991114663542e-06,
    "VmaxICp": 0.00027352393199772467,
    "VmaxINp": 0.00036742024415827067,
    "gammaDp": 0.11292727778883409
}