{
    "KICp": 0.09783169294284834,
    "KINp": 0.16448315196953384,
    "Mp": 3.123134709727142e-06,
    "VmaxICp": 0.000866218511571792,
    "VmaxINp": 2.329307471223422e-05,
    "gammaDp": 0.13751674109177145
}