{
    "KICp": 0.05714097620234254,
    "KINp": 0.06584263847529376,
    "Mp": 3.7138329741151926e-06,
    "VmaxICp": 0.0009991989559447714,
    "VmaxINp": 2.5590114654706814e-05,
    "gammaDp": 0.33685643287123007
}