{
    "KICp": 0.3951997361515305,
    "KINp": 0.048927972212708594,
    "Mp": 2.621906398298189e-06,
    "VmaxICp": 0.00021822835293755394,
    "VmaxINp": 7.622998383150696e-05,
    "gammaDp": 0.1666251574485717
}