{
    "KICp": 0.5069461355293947,
    "KINp": 0.030232353303621416,
    "Mp": 2.851455165787804e-06,
    "VmaxICp": 0.00042327282931022545,
    "VmaxINp": 2.8407310900490168e-05,
    "gammaDp": 0.1019429980035527
}