{
    "KICp": 0.09632159324485273,
    "KINp": 0.11491664231423229,
    "Mp": 2.432791581400866e-06,
    "VmaxICp": 0.0005600006017350573,
    "VmaxINp": 2.2500406158531546e-05,
    "gammaDp": 0.2270522858841478
}