{
    "KICp": 0.38870322099211274,
    "KINp": 0.4813482054965618,
    "Mp": 1.936860637579944e-06,
    "VmaxICp": 0.00018043455457664572,
    "VmaxINp": 0.00015583806558899037,
    "gammaDp": 0.608958457776204
}