{
    "KICp": 0.11931590149869331,
    "KINp": 0.0900729202596369,
    "Mp": 1.9283373129623472e-06,
    "VmaxICp": 0.00021331434934009782,
    "VmaxINp": 0.00010062780649960821,
    "gammaDp": 0.2308606647109679
}