{
    "KICp": 0.08403164517760546,
    "KINp": 0.09848125708197235,
    "Mp": 2.2033690851283e-06,
    "VmaxICp": 0.0009835929214898657,
    "VmaxINp": 5.0679300034906e-05,
    "gammaDp": 0.4413203956144285
}