{
    "KICp": 0.05373356701096214,
    "KINp": 0.35255655098638117,
    "Mp": 2.4299884906188397e-06,
    "VmaxICp": 0.0004575713036246964,
    "VmaxINp": 0.00012144465275982037,
    "gammaDp": 0.10600172893425955
}