{
    "KICp": 0.11021543361418155,
    "KINp": 0.11247984403208508,
    "Mp": 1.834595700373309e-06,
    "VmaxICp": 0.000495366801808566,
    "VmaxINp": 5.4832370909489794e-05,
    "gammaDp": 0.11796496709392607
}