{
    "KICp": 0.22177453891907317,
    "KINp": 0.1456849940425963,
    "Mp": 2.1882809160286103e-06,
    "VmaxICp": 0.0002986360770397543,
    "VmaxINp": 3.384213315558214e-05,
    "gammaDp": 0.6285419384769589
}