{
    "KICp": 0.2627129038277431,
    "KINp": 0.05268270486338606,
    "Mp": 3.303646620297289e-06,
    "VmaxICp": 0.0012938782999089029,
    "VmaxINp": 2.9922474549698964e-05,
    "gammaDp": 0.21133374323655654
}