{
    "KICp": 0.08911136781912096,
    "KINp": 0.6510355398743705,
    "Mp": 2.115013407303514e-06,
    "VmaxICp": 0.0003710848744458349,
    "VmaxINp": 3.2984709905100214e-05,
    "gammaDp": 0.1002475566018801
}