{
    "KICp": 0.7114612238587972,
    "KINp": 0.11060967915091391,
    "Mp": 2.7578515704098278e-06,
    "VmaxICp": 0.001099170853893147,
    "VmaxINp": 2.7110521628492163e-05,
    "gammaDp": 0.2354810992239433
}