{
    "KICp": 0.03412198353837483,
    "KINp": 0.1985391658359203,
    "Mp": 3.1018771193057052e-06,
    "VmaxICp": 0.0016570728504144406,
    "VmaxINp": 2.391196375882716e-05,
    "gammaDp": 0.22331918693013175
}