{
    "E_ROSp": 8.683468335292205e-07,
    "KICp": 0.6345945489106655,
    "KINp": 0.14148172620031127,
    "Mp": 1.9789962549483065e-06,
    "VmaxICp": 0.00018758388981676293,
    "VmaxINp": 4.305574691273577e-05,
    "gammaDp": 0.8770629586384998,
    "omegaP": 0.028652868857705314
}