{
    "E_ROSp": 5.851260282044909e-07,
    "KICp": 0.5459912390794923,
    "KINp": 0.4226675091136733,
    "Mp": 2.0211276345190636e-06,
    "VmaxICp": 0.0003149310818600306,
    "VmaxINp": 3.3566626392844885e-05,
    "gammaDp": 0.42302030684287084,
    "omegaP": 0.0018112066997672122
}