{
    "E_ROSp": 6.145089897977749e-07,
    "KICp": 0.2842547547374711,
    "KINp": 0.22846346285924216,
    "Mp": 2.1196001756880642e-06,
    "VmaxICp": 0.00028600995100489413,
    "VmaxINp": 2.538292359914236e-05,
    "gammaDp": 0.10610691289355884,
    "omegaP": 0.031747843374577325
}