{
    "E_ROSp": 1.409705577297528e-06,
    "KICp": 0.03351951560022181,
    "KINp": 0.15149366828736371,
    "Mp": 3.923386639612654e-06,
    "VmaxICp": 0.0012814430903126024,
    "VmaxINp": 2.568955028748637e-05,
    "gammaDp": 0.29404666459456835,
    "omegaP": 0.004574924773932869
}