{
    "E_ROSp": 1.2794840348559769e-06,
    "KICp": 0.46231522316049317,
    "KINp": 0.07058491984845308,
    "Mp": 2.2010090591939825e-06,
    "VmaxICp": 0.002146092466831889,
    "VmaxINp": 2.912068742870855e-05,
    "gammaDp": 0.5997783855589082,
    "omegaP": 0.005820934574965634
}