{
    "E_ROSp": 1.1125491516906724e-06,
    "KICp": 0.3126571644740917,
    "KINp": 0.4339493835098874,
    "Mp": 2.089318239590346e-06,
    "VmaxICp": 0.0003197805290283359,
    "VmaxINp": 3.307089589823787e-05,
    "gammaDp": 0.3444416370681214,
    "omegaP": 0.007396269998977062
}