{
    "E_ROSp": 5.209549482519951e-06,
    "KICp": 0.06822813786185902,
    "KINp": 0.1856702293163088,
    "Mp": 2.2552688387113604e-06,
    "VmaxICp": 0.0007121353608333446,
    "VmaxINp": 2.1522547114623214e-05,
    "gammaDp": 0.7092868257846672,
    "omegaP": 0.0012317041443845947
}