{
    "E_ROSp": 8.52985263941282e-07,
    "KICp": 0.11510435543333362,
    "KINp": 0.050851359135530017,
    "Mp": 1.2157606340006941e-06,
    "VmaxICp": 0.0011079920538044998,
    "VmaxINp": 2.42703171854877e-05,
    "gammaDp": 0.16647705092446632,
    "omegaP": 0.07312095166319492
}