{
    "E_ROSp": 8.612967221391534e-08,
    "KICp": 0.06758234776698349,
    "KINp": 0.27630960791972364,
    "Mp": 2.319836546342737e-06,
    "VmaxICp": 0.0007044832894554305,
    "VmaxINp": 5.161510451710683e-05,
    "gammaDp": 0.22172730238727706,
    "omegaP": 0.015886599946715235
}