{
    "E_ROSp": 3.4082324668582304e-06,
    "KICp": 0.14961571551234662,
    "KINp": 0.11837025910612671,
    "Mp": 2.1811040464501114e-06,
    "VmaxICp": 0.0005175642054152548,
    "VmaxINp": 2.894184113966189e-05,
    "gammaDp": 0.10114512127604414,
    "omegaP": 0.0028861466394697827
}