{
    "E_ROSp": 4.2199567531597926e-07,
    "KICp": 0.04431509379775582,
    "KINp": 0.07311942450179656,
    "Mp": 2.028857656684533e-06,
    "VmaxICp": 0.0002692196923562724,
    "VmaxINp": 4.879610112697473e-05,
    "gammaDp": 0.8695129542199225,
    "omegaP": 0.01627494478975934
}