{
    "KICp": 37.0,
    "KINp": 0.02,
    "Koverflowp": 5.83088515312551e-07,
    "Mp": 5.02113975149856e-06,
    "VmaxICp": 1.763688315423991e-05,
    "VmaxINp": 4.939428375655761e-05,
    "gammaDp": 0.8
}