{
    "KICp": 4.411043391749894,
    "KINp": 0.1045989163069844,
    "Koverflowp": 1.157407407407407e-06,
    "Mp": 3.024412388592957e-06,
    "VmaxICp": 4.462600669792185e-05,
    "VmaxINp": 1.2129037428080736e-05,
    "gammaDp": 0.172772643404967
}