{
    "KICp": 24.181327520949264,
    "KINp": 0.0057697758015596,
    "Koverflowp": 1.157407407407407e-06,
    "Mp": 2.2872592543055124e-06,
    "VmaxICp": 4.5331780648433154e-05,
    "VmaxINp": 1.6685696396846517e-05,
    "gammaDp": 0.8
}