{
    "KICp": 90.84379200343048,
    "KINp": 0.0116425316774134,
    "Koverflowp": 9.177523528012368e-07,
    "Mp": 5.059041496785867e-06,
    "VmaxICp": 5.535006754176759e-05,
    "VmaxINp": 1.7578855809418514e-05,
    "gammaDp": 0.8
}