{
    "KICp": 13.598191069718448,
    "KINp": 0.02,
    "Koverflowp": 1.614080256969334e-06,
    "Mp": 6.176358160026588e-06,
    "VmaxICp": 2.289066496404209e-05,
    "VmaxINp": 5.499787741078257e-05,
    "gammaDp": 0.3720356070542761
}