{
    "KICp": 12.80483526283067,
    "KINp": 0.02,
    "Koverflowp": 1.157407407407407e-06,
    "Mp": 2.484182965144663e-06,
    "VmaxICp": 2.793435287257424e-05,
    "VmaxINp": 1.853479011008901e-05,
    "gammaDp": 0.126912243857959
}