{
    "KICp": 8.68554645087516,
    "KINp": 0.02,
    "Koverflowp": 4.640205906041585e-07,
    "Mp": 6.357462543728041e-06,
    "VmaxICp": 2.821361517412669e-05,
    "VmaxINp": 2.26588158346758e-05,
    "gammaDp": 0.7741252897978483
}