{
    "KICp": 133.93008442143457,
    "KINp": 0.0265233369456533,
    "Koverflowp": 1.157407407407407e-06,
    "Mp": 3.051569532221512e-06,
    "VmaxICp": 5.461519095028056e-05,
    "VmaxINp": 1.358993810182686e-05,
    "gammaDp": 0.6245373512601429
}