{
    "KICp": 37.0,
    "KINp": 0.1613409227543492,
    "Koverflowp": 2.0036054587801426e-07,
    "Mp": 5.373987936430103e-06,
    "VmaxICp": 3.987698425444493e-05,
    "VmaxINp": 2.873088388988425e-05,
    "gammaDp": 0.8
}