{
    "KICp": 9.978686455035009,
    "KINp": 0.110397839011241,
    "Koverflowp": 1.157407407407407e-06,
    "Mp": 7.163731037808808e-06,
    "VmaxICp": 3.674096584896225e-05,
    "VmaxINp": 3.1288369132338644e-05,
    "gammaDp": 0.8
}