{
    "KICp": 65.78146535336077,
    "KINp": 0.0919369376483014,
    "KOCp": 0.2806508960315812,
    "KONp": 0.0312421159368248,
    "KlossROSp": 1.0205926600143166e-05,
    "KprodROSp": 2.564362151487729e-08,
    "Mp": 8.359160644404506e-06,
    "VmaxICp": 4.505022732526489e-05,
    "VmaxINp": 3.148538116929301e-05,
    "VmaxOCp": 1.851851851851852e-06,
    "VmaxONp": 1.590383785774846e-07,
    "gammaDp": 0.2541170445632965,
    "omegaP": 0.0001036077193768
}