{
    "KICp": 80.0091217011386,
    "KINp": 0.0090398267874036,
    "KOCp": 0.0469791352661361,
    "KONp": 0.3153004420112648,
    "KlossROSp": 3.466968073727074e-07,
    "Koverflowp": 6.791101486018651e-07,
    "KprodROSp": 8.649315422374395e-10,
    "Mp": 4.130258870603664e-06,
    "VmaxICp": 3.988199477667029e-05,
    "VmaxINp": 2.3999118743779663e-05,
    "VmaxOCp": 4.3185792551353865e-07,
    "VmaxONp": 6.501817434408648e-06,
    "gammaDp": 0.2938196704195446,
    "omegaP": 3.405555555555556e-05
}