{
    "KICp": 38.23234662211291,
    "KINp": 0.0052639560528723,
    "KOCp": 0.03,
    "KONp": 0.1473735774204415,
    "KlossROSp": 4.27191076747079e-07,
    "Koverflowp": 5.776510945600123e-07,
    "KprodROSp": 2.8714810818553752e-08,
    "Mp": 3.03506968201231e-06,
    "VmaxICp": 2.456918019438875e-05,
    "VmaxINp": 2.395862975639065e-05,
    "VmaxOCp": 3.161353331778554e-06,
    "VmaxONp": 7.500808186666895e-07,
    "gammaDp": 0.1064521945456603,
    "omegaP": 3.405555555555556e-05
}