{
    "KICp": 11.5779469798573,
    "KINp": 0.0650576339043368,
    "KOCp": 0.041469077775761,
    "KONp": 0.4769417584838772,
    "KlossROSp": 2.010951397097291e-07,
    "Koverflowp": 1.157407407407407e-06,
    "KprodROSp": 3.596935795950805e-08,
    "Mp": 3.0717476766424975e-07,
    "VmaxICp": 1.2549353815873362e-05,
    "VmaxINp": 2.879998369076147e-05,
    "VmaxOCp": 1.851851851851852e-06,
    "VmaxONp": 2.6850771816866257e-06,
    "gammaDp": 0.7754037281651297,
    "omegaP": 4.361300288437151e-05
}