{
    "KICp": 34.748051805641595,
    "KINp": 0.0111936878368124,
    "KOCp": 0.0044353505216754,
    "KONp": 0.4251506398972955,
    "KlossROSp": 1.0119652573786069e-06,
    "Koverflowp": 3.102548176120647e-07,
    "KprodROSp": 4.163049931251465e-09,
    "Mp": 7.505797248608882e-06,
    "VmaxICp": 5.032121359571725e-05,
    "VmaxINp": 2.122893359390167e-05,
    "VmaxOCp": 1.851851851851852e-06,
    "VmaxONp": 5.485795656784948e-07,
    "gammaDp": 0.198778431262298,
    "omegaP": 3.47078306119953e-06
}