{
    "KICp": 21.118165067687595,
    "KINp": 0.0581816899850019,
    "KOCp": 0.0114077507624849,
    "KONp": 0.0158206441232501,
    "KlossROSp": 4.312106948071775e-07,
    "Koverflowp": 7.091128663223277e-06,
    "KprodROSp": 8.970519432626771e-10,
    "Mp": 9.648666883808533e-06,
    "VmaxICp": 4.132693116867157e-05,
    "VmaxINp": 3.316424795180379e-05,
    "VmaxOCp": 3.5008173653748894e-06,
    "VmaxONp": 3.337313493495625e-07,
    "gammaDp": 0.8402419626585744,
    "omegaP": 3.612860022376316e-05
}