{
    "KICp": 6.998375390738425,
    "KINp": 0.0907561263024675,
    "KOCp": 0.0497889752762441,
    "KONp": 0.1551928837239877,
    "KlossROSp": 8.663876227768406e-06,
    "Koverflowp": 2.7038539358265567e-06,
    "KprodROSp": 1.646942667331585e-08,
    "Mp": 4.6177607878735e-06,
    "VmaxICp": 1.449412040896552e-05,
    "VmaxINp": 3.926581727855518e-05,
    "VmaxOCp": 5.828202339864838e-06,
    "VmaxONp": 5.185094038935203e-06,
    "gammaDp": 0.3556325708518391,
    "omegaP": 2.990652724860149e-05
}