{
    "KICp": 13.56553662740615,
    "KINp": 0.0083511082467984,
    "KOCp": 0.0057621804338936,
    "KONp": 0.0511604060054435,
    "KlossROSp": 2.765511681576816e-07,
    "Koverflowp": 4.301946253290651e-06,
    "KprodROSp": 3.856575987946167e-08,
    "Mp": 5.326076827568761e-06,
    "VmaxICp": 3.841950857911373e-05,
    "VmaxINp": 3.49879953120525e-05,
    "VmaxOCp": 1.332605766505256e-06,
    "VmaxONp": 4.746387801023219e-07,
    "gammaDp": 0.5207437932839851,
    "omegaP": 3.7184050935496617e-06
}