{
    "KICp": 21.118165067687595,
    "KINp": 0.0581816899850019,
    "KOCp": 0.0114077507624849,
    "KONp": 0.1683510317834878,
    "KlossROSp": 1.956673654786862e-06,
    "Koverflowp": 7.091128663223277e-06,
    "KprodROSp": 1.591040882127976e-09,
    "Mp": 9.648666883808533e-06,
    "VmaxICp": 4.132693116867157e-05,
    "VmaxINp": 3.316424795180379e-05,
    "VmaxOCp": 4.447188039057285e-07,
    "VmaxONp": 3.337313493495625e-07,
    "gammaDp": 0.1085243851037283,
    "omegaP": 4.1888104112896855e-05
}