{
    "KICp": 12.796555548585916,
    "KINp": 0.1967090528076076,
    "KOCp": 0.0231133056365133,
    "KONp": 0.8701627772993126,
    "KlossROSp": 1.956673654786862e-06,
    "Koverflowp": 6.390911380851366e-06,
    "KprodROSp": 1.6950917869968547e-09,
    "Mp": 7.119495205368296e-06,
    "VmaxICp": 2.622591261907296e-05,
    "VmaxINp": 2.24532741345881e-05,
    "VmaxOCp": 4.721376738790813e-07,
    "VmaxONp": 1.702924540459377e-06,
    "gammaDp": 0.8,
    "omegaP": 6.418133652346743e-06
}