{
    "KICp": 21.118165067687595,
    "KINp": 0.0157115538062861,
    "KOCp": 0.0114077507624849,
    "KONp": 0.0177209791593949,
    "KlossROSp": 1.956673654786862e-06,
    "Koverflowp": 7.091128663223277e-06,
    "KprodROSp": 1.9756969328161484e-08,
    "Mp": 9.648666883808533e-06,
    "VmaxICp": 4.132693116867157e-05,
    "VmaxINp": 3.316424795180379e-05,
    "VmaxOCp": 3.5008173653748894e-06,
    "VmaxONp": 3.337313493495625e-07,
    "gammaDp": 0.1434816220234109,
    "omegaP": 3.992984500723061e-05
}