{
    "KICp": 7.612108428764721,
    "KINp": 0.0080822735038417,
    "KOCp": 0.0374180164089175,
    "KONp": 0.2562056288274509,
    "KlossROSp": 3.031790286921718e-06,
    "Koverflowp": 7.893755894781378e-06,
    "KprodROSp": 1.831518280367739e-08,
    "Mp": 3.5021683056349683e-06,
    "VmaxICp": 2.986346013348826e-05,
    "VmaxINp": 3.3931672493125176e-05,
    "VmaxOCp": 9.39273667644682e-07,
    "VmaxONp": 1.452767003834468e-07,
    "gammaDp": 0.2772370250142525,
    "omegaP": 6.442366426823084e-05
}