{
    "KICp": 76.77372672114926,
    "KINp": 0.0505664487218129,
    "KOCp": 0.0469791352661361,
    "KONp": 0.2580732687059713,
    "KlossROSp": 8.348238743808206e-06,
    "Koverflowp": 6.791101486018651e-07,
    "KprodROSp": 8.649315422374395e-10,
    "Mp": 4.130258870603664e-06,
    "VmaxICp": 3.988199477667029e-05,
    "VmaxINp": 2.3999118743779663e-05,
    "VmaxOCp": 2.421247048682789e-07,
    "VmaxONp": 6.501817434408648e-06,
    "gammaDp": 0.2938196704195446,
    "omegaP": 3.405555555555556e-05
}