{
    "KICp": 180.72661518753225,
    "KINp": 0.007979755258968,
    "KOCp": 0.03,
    "KONp": 0.8034285548943617,
    "KlossROSp": 1.956673654786862e-06,
    "Koverflowp": 1.157407407407407e-06,
    "KprodROSp": 4.696016771488469e-09,
    "Mp": 5.331508301349091e-06,
    "VmaxICp": 2.4898985541245324e-05,
    "VmaxINp": 5.156342605467471e-05,
    "VmaxOCp": 9.09276740211982e-07,
    "VmaxONp": 1.1111111111111112e-06,
    "gammaDp": 0.2756304145189462,
    "omegaP": 1.8432451601137225e-05
}