{
    "KICp": 110.02652299231798,
    "KINp": 0.1861013516239918,
    "KOCp": 0.251967208991405,
    "KONp": 0.2322713825221676,
    "KlossROSp": 1.2462230998524894e-05,
    "Koverflowp": 3.002684755404714e-06,
    "KprodROSp": 4.696016771488469e-09,
    "Mp": 2.8813321088739464e-06,
    "VmaxICp": 3.374206078784359e-05,
    "VmaxINp": 1.5469024728896543e-05,
    "VmaxOCp": 1.219001542443728e-05,
    "VmaxONp": 1.118222957250837e-06,
    "gammaDp": 0.4264972271291248,
    "omegaP": 8.699455937656012e-06
}