{
    "KICp": 32.08617207381077,
    "KINp": 0.0032247831665371,
    "KOCp": 0.0241869775465539,
    "KONp": 0.3604530020741322,
    "KlossROSp": 2.048405763253445e-07,
    "Koverflowp": 1.421279292906715e-06,
    "KprodROSp": 1.843931974010316e-08,
    "Mp": 1.2041542312454603e-06,
    "VmaxICp": 1.9476976297055628e-05,
    "VmaxINp": 2.378523679997706e-05,
    "VmaxOCp": 4.0623684166925253e-07,
    "VmaxONp": 2.0134994471345466e-06,
    "gammaDp": 0.1422521480097347,
    "omegaP": 3.405555555555556e-05
}