{
    "KICp": 6.377145494846073,
    "KINp": 0.02,
    "KOCp": 0.0242225455870348,
    "KONp": 0.4268118985849999,
    "KlossROSp": 1.956673654786862e-06,
    "Koverflowp": 1.2938421567127552e-07,
    "KprodROSp": 1.264150186555884e-09,
    "Mp": 9.738698015360726e-06,
    "VmaxICp": 5.141348639047566e-05,
    "VmaxINp": 4.8617659378973445e-05,
    "VmaxOCp": 1.851851851851852e-06,
    "VmaxONp": 1.446840383934011e-06,
    "gammaDp": 0.1765261583086219,
    "omegaP": 9.203852565814574e-06
}