{
    "KICp": 37.0,
    "KINp": 0.0134285256545978,
    "KOCp": 0.0583187944083458,
    "KONp": 0.0201732461670926,
    "KlossROSp": 4.811067790554214e-07,
    "Koverflowp": 1.547738159927041e-06,
    "KprodROSp": 1.439134331856792e-09,
    "Mp": 2.949257628691525e-06,
    "VmaxICp": 2.576706441690187e-05,
    "VmaxINp": 3.534305902143199e-05,
    "VmaxOCp": 1.9744510532935882e-07,
    "VmaxONp": 1.159493334205109e-06,
    "gammaDp": 0.3081605650651244,
    "omegaP": 2.0661714477792126e-05
}