{
    "KICp": 3.915849036253791,
    "KINp": 0.0194599410062279,
    "KOCp": 0.0256050992018248,
    "KONp": 0.1,
    "KlossROSp": 4.996746353045992e-06,
    "Koverflowp": 1.157407407407407e-06,
    "KprodROSp": 1.8182703987196203e-08,
    "Mp": 2.9635731797088854e-06,
    "VmaxICp": 2.823524010884514e-05,
    "VmaxINp": 2.253768631978217e-05,
    "VmaxOCp": 1.851851851851852e-06,
    "VmaxONp": 1.5407517979613256e-07,
    "gammaDp": 0.3238068464361235,
    "omegaP": 4.307818936894686e-05
}