{
    "KICp": 3.815905567182559,
    "KINp": 0.0042704583649334,
    "KOCp": 0.0102614883306715,
    "KONp": 0.1,
    "KlossROSp": 7.339354685457837e-07,
    "Koverflowp": 5.117722758923512e-06,
    "KprodROSp": 4.696016771488469e-09,
    "Mp": 1.090238335759761e-05,
    "VmaxICp": 3.684865926495748e-05,
    "VmaxINp": 4.449733021859655e-05,
    "VmaxOCp": 2.145920286737711e-06,
    "VmaxONp": 1.2773937580618061e-07,
    "gammaDp": 0.2971334812239122,
    "omegaP": 3.827990209501989e-06
}