{
    "KICp": 27.62146857620709,
    "KINp": 0.031250668451775,
    "KOCp": 0.0442858138615671,
    "KONp": 0.0273192011088792,
    "KlossROSp": 4.045523469586218e-07,
    "Koverflowp": 1.367623605180682e-06,
    "KprodROSp": 2.577584378567888e-08,
    "Mp": 2.295105507253232e-06,
    "VmaxICp": 4.277406349057822e-05,
    "VmaxINp": 3.2179247824459696e-05,
    "VmaxOCp": 3.018547836485155e-07,
    "VmaxONp": 2.938150871157971e-07,
    "gammaDp": 0.3875387688944356,
    "omegaP": 3.874784320979622e-05
}