{
    "KICp": 36.07324110006765,
    "KINp": 0.0061789284193998,
    "KOCp": 0.0345246970682502,
    "KONp": 0.4474029996288038,
    "KlossROSp": 1.956673654786862e-06,
    "Koverflowp": 2.439897046662746e-07,
    "KprodROSp": 1.171279932739497e-09,
    "Mp": 4.046584963714542e-06,
    "VmaxICp": 1.565490451721093e-05,
    "VmaxINp": 2.857052703945267e-05,
    "VmaxOCp": 7.562099047449546e-06,
    "VmaxONp": 1.1111111111111112e-06,
    "gammaDp": 0.1193269616566416,
    "omegaP": 1.485129901612564e-05
}