{
    "KICp": 34.748051805641595,
    "KINp": 0.0028518996514711,
    "KOCp": 0.0044353505216754,
    "KONp": 0.0182319370809448,
    "KlossROSp": 1.9060891422825963e-05,
    "Koverflowp": 3.102548176120647e-07,
    "KprodROSp": 2.362341108338292e-08,
    "Mp": 7.505797248608882e-06,
    "VmaxICp": 3.886146637355206e-05,
    "VmaxINp": 2.122893359390167e-05,
    "VmaxOCp": 1.828592114100653e-05,
    "VmaxONp": 1.920249048779897e-06,
    "gammaDp": 0.198778431262298,
    "omegaP": 3.47078306119953e-06
}