{
    "KICp": 5.965885288699048,
    "KINp": 0.0072339876199896,
    "KOCp": 0.005283606763689,
    "KONp": 0.7789199724636076,
    "KlossROSp": 5.550341402045606e-07,
    "Koverflowp": 1.157407407407407e-06,
    "KprodROSp": 1.0535571385026835e-09,
    "Mp": 6.329743416959973e-06,
    "VmaxICp": 4.433494497850212e-05,
    "VmaxINp": 2.070436465141414e-05,
    "VmaxOCp": 2.793443997905408e-06,
    "VmaxONp": 8.640843103679031e-06,
    "gammaDp": 0.4265743689609266,
    "omegaP": 7.854653787859982e-06
}