{
    "KICp": 77.27124234215897,
    "KINp": 0.004883263922696,
    "KOCp": 0.03,
    "KONp": 0.2970512427290804,
    "KlossROSp": 2.258598150198108e-07,
    "Koverflowp": 1.0552508457587349e-05,
    "KprodROSp": 2.8090405662961903e-09,
    "Mp": 7.199692331278719e-06,
    "VmaxICp": 3.605894548890366e-05,
    "VmaxINp": 3.017596158393872e-05,
    "VmaxOCp": 8.427807241233176e-06,
    "VmaxONp": 1.1111111111111112e-06,
    "gammaDp": 0.1144156366309942,
    "omegaP": 5.735175233177003e-05
}