{
    "KICp": 50.69058722017855,
    "KINp": 0.0204579209767189,
    "KOCp": 0.2947388218686327,
    "KONp": 0.4220983776442134,
    "KlossROSp": 4.946829185378155e-07,
    "Koverflowp": 7.635170058726596e-06,
    "KprodROSp": 8.480151747304554e-09,
    "Mp": 3.679072822704766e-06,
    "VmaxICp": 3.769439082715441e-05,
    "VmaxINp": 3.113505872717165e-05,
    "VmaxOCp": 2.730291321110313e-06,
    "VmaxONp": 1.1689443613038735e-06,
    "gammaDp": 0.8,
    "omegaP": 3.405555555555556e-05
}