{
    "KICp": 5.965885288699048,
    "KINp": 0.0072339876199896,
    "KOCp": 0.0101287945055602,
    "KONp": 0.7789199724636076,
    "KlossROSp": 1.8215798872308847e-06,
    "Koverflowp": 1.157407407407407e-06,
    "KprodROSp": 3.629350872583757e-09,
    "Mp": 4.302906865351838e-06,
    "VmaxICp": 4.5401594498003805e-05,
    "VmaxINp": 2.070436465141414e-05,
    "VmaxOCp": 1.3784377541866202e-06,
    "VmaxONp": 1.4860144016145602e-07,
    "gammaDp": 0.3698590717955516,
    "omegaP": 7.854653787859982e-06
}