{
    "KICp": 48.9948071426516,
    "KINp": 0.02,
    "KOCp": 0.130684902241374,
    "KONp": 0.1,
    "KlossROSp": 2.201562988994345e-07,
    "Koverflowp": 1.1175858905151984e-06,
    "KprodROSp": 2.05189558655498e-08,
    "Mp": 5.974008596768883e-06,
    "VmaxICp": 2.1881545110929075e-05,
    "VmaxINp": 5.1681517599188494e-05,
    "VmaxOCp": 4.065794895588687e-06,
    "VmaxONp": 1.1111111111111112e-06,
    "gammaDp": 0.8,
    "omegaP": 3.442576860002392e-06
}