{
    "KICp": 41.40294628444676,
    "KINp": 0.0790488544811155,
    "KOCp": 0.1029661446860008,
    "KONp": 0.385208479401935,
    "KlossROSp": 1.4025239826815454e-05,
    "Koverflowp": 7.921461215298631e-07,
    "KprodROSp": 2.996251913301873e-09,
    "Mp": 4.489284483461961e-06,
    "VmaxICp": 4.956640044716614e-05,
    "VmaxINp": 2.4179467709727003e-05,
    "VmaxOCp": 4.328593293257468e-07,
    "VmaxONp": 1.1111111111111112e-06,
    "gammaDp": 0.6628335088105793,
    "omegaP": 3.603840430822268e-06
}