{
    "KICp": 37.0,
    "KINp": 0.0021842704329189,
    "KOCp": 0.03,
    "KONp": 0.0307678526184194,
    "KlossROSp": 1.1592308348508282e-06,
    "Koverflowp": 5.31469862998532e-07,
    "KprodROSp": 1.6397365314553833e-08,
    "Mp": 4.903650498710958e-06,
    "VmaxICp": 2.3602656988499887e-05,
    "VmaxINp": 3.6143141053645546e-05,
    "VmaxOCp": 2.0684050215712186e-06,
    "VmaxONp": 1.2816923781327305e-07,
    "gammaDp": 0.1889782903661347,
    "omegaP": 3.0701363414963144e-05
}