{
    "KICp": 23.421680575568946,
    "KINp": 0.0042704583649334,
    "KOCp": 0.2303766177240606,
    "KONp": 0.1,
    "KlossROSp": 7.339354685457837e-07,
    "Koverflowp": 2.1175812231476552e-06,
    "KprodROSp": 4.485740396234935e-08,
    "Mp": 1.090238335759761e-05,
    "VmaxICp": 3.684865926495748e-05,
    "VmaxINp": 4.449733021859655e-05,
    "VmaxOCp": 2.145920286737711e-06,
    "VmaxONp": 2.1672838550513823e-06,
    "gammaDp": 0.8,
    "omegaP": 3.827990209501989e-06
}