{
    "KICp": 50.69058722017855,
    "KINp": 0.0338721470421648,
    "KOCp": 0.2947388218686327,
    "KONp": 0.1238208714272219,
    "KlossROSp": 4.946829185378155e-07,
    "Koverflowp": 7.635170058726596e-06,
    "KprodROSp": 8.480151747304554e-09,
    "Mp": 3.679072822704766e-06,
    "VmaxICp": 3.769439082715441e-05,
    "VmaxINp": 4.750531126126968e-05,
    "VmaxOCp": 2.7099095537467166e-06,
    "VmaxONp": 4.713355597746416e-07,
    "gammaDp": 0.8,
    "omegaP": 3.405555555555556e-05
}