{
    "KICp": 5.965885288699048,
    "KINp": 0.0033975209595063,
    "KOCp": 0.005283606763689,
    "KONp": 0.7705902890591445,
    "KlossROSp": 1.8215798872308847e-06,
    "Koverflowp": 1.157407407407407e-06,
    "KprodROSp": 3.629350872583757e-09,
    "Mp": 6.329743416959973e-06,
    "VmaxICp": 4.433494497850212e-05,
    "VmaxINp": 2.070436465141414e-05,
    "VmaxOCp": 6.476062193476504e-06,
    "VmaxONp": 1.4860144016145602e-07,
    "gammaDp": 0.3196309070964418,
    "omegaP": 7.854653787859982e-06
}