{
    "KICp": 296.597288260556,
    "KINp": 0.0749849590537401,
    "KOCp": 0.1099641690804714,
    "KONp": 0.0334498430702087,
    "KlossROSp": 1.0770203725175712e-06,
    "Koverflowp": 1.157407407407407e-06,
    "KprodROSp": 4.696016771488469e-09,
    "Mp": 4.445440025822492e-06,
    "VmaxICp": 5.005300467211932e-05,
    "VmaxINp": 2.7100692106420543e-05,
    "VmaxOCp": 1.851851851851852e-06,
    "VmaxONp": 1.1111111111111112e-06,
    "gammaDp": 0.2906603072933847,
    "omegaP": 1.560248340871642e-05
}