{
    "KICp": 41.40294628444676,
    "KINp": 0.02,
    "KOCp": 0.1029661446860008,
    "KONp": 0.385208479401935,
    "KlossROSp": 1.5052255298747582e-06,
    "Koverflowp": 1.157407407407407e-06,
    "KprodROSp": 2.996251913301873e-09,
    "Mp": 4.489284483461961e-06,
    "VmaxICp": 4.956640044716614e-05,
    "VmaxINp": 5.531377621138489e-05,
    "VmaxOCp": 4.328593293257468e-07,
    "VmaxONp": 7.750915324968579e-07,
    "gammaDp": 0.6628335088105793,
    "omegaP": 7.317311090854958e-05
}