{
    "KICp": 23.72783898882093,
    "KINp": 0.0020603119336491,
    "KOCp": 0.0991802889398734,
    "KONp": 0.0163227258608161,
    "KlossROSp": 1.956673654786862e-06,
    "Koverflowp": 1.157407407407407e-06,
    "KprodROSp": 4.696016771488469e-09,
    "Mp": 6.620838722234587e-06,
    "VmaxICp": 3.339038745813198e-05,
    "VmaxINp": 2.2683696537376103e-05,
    "VmaxOCp": 9.89603543599231e-06,
    "VmaxONp": 1.1111111111111112e-06,
    "gammaDp": 0.8,
    "omegaP": 3.405555555555556e-05
}