{
    "KICp": 6.377145494846073,
    "KINp": 0.02,
    "KOCp": 0.1664638487051501,
    "KONp": 0.5624240173721711,
    "KlossROSp": 4.169223064381501e-06,
    "Koverflowp": 1.157407407407407e-06,
    "KprodROSp": 7.55561789547223e-10,
    "Mp": 8.886659598870565e-06,
    "VmaxICp": 5.141348639047566e-05,
    "VmaxINp": 4.8617659378973445e-05,
    "VmaxOCp": 1.851851851851852e-06,
    "VmaxONp": 1.446840383934011e-06,
    "gammaDp": 0.1765261583086219,
    "omegaP": 9.203852565814574e-06
}