{
    "KICp": 31.068466806745658,
    "KINp": 0.055721015591309,
    "KOCp": 0.0334244265647441,
    "KONp": 0.1,
    "KlossROSp": 3.196187999875571e-07,
    "Koverflowp": 1.157407407407407e-06,
    "KprodROSp": 1.5803937728851314e-08,
    "Mp": 1.157407407407407e-06,
    "VmaxICp": 3.0098695915775665e-05,
    "VmaxINp": 1.6261949548485917e-05,
    "VmaxOCp": 1.1840537176886704e-05,
    "VmaxONp": 3.972672687489103e-06,
    "gammaDp": 0.1507277969055573,
    "omegaP": 5.2514234321807575e-05
}