{
    "KICp": 80.0091217011386,
    "KINp": 0.0156340712649535,
    "KOCp": 0.0469791352661361,
    "KONp": 0.2580732687059713,
    "KlossROSp": 8.348238743808206e-06,
    "Koverflowp": 6.791101486018651e-07,
    "KprodROSp": 3.9084894863723324e-09,
    "Mp": 4.130258870603664e-06,
    "VmaxICp": 3.988199477667029e-05,
    "VmaxINp": 1.2291606632523274e-05,
    "VmaxOCp": 1.0030286798080628e-06,
    "VmaxONp": 6.501817434408648e-06,
    "gammaDp": 0.2624550216957216,
    "omegaP": 1.5504040685768606e-05
}