{
    "KICp": 33.78787217332647,
    "KINp": 0.0194599410062279,
    "KOCp": 0.004422144446372,
    "KONp": 0.1,
    "KlossROSp": 3.734372725482554e-07,
    "Koverflowp": 9.303398788794476e-06,
    "KprodROSp": 3.3146693753941496e-08,
    "Mp": 2.9635731797088854e-06,
    "VmaxICp": 2.823524010884514e-05,
    "VmaxINp": 2.253768631978217e-05,
    "VmaxOCp": 1.851851851851852e-06,
    "VmaxONp": 1.1111111111111112e-06,
    "gammaDp": 0.3238068464361235,
    "omegaP": 4.307818936894686e-05
}