{
    "KICp": 5.40008199003942,
    "KINp": 0.0749849590537401,
    "KOCp": 0.1099641690804714,
    "KONp": 0.1,
    "KlossROSp": 2.07344652158967e-06,
    "Koverflowp": 1.157407407407407e-06,
    "KprodROSp": 4.696016771488469e-09,
    "Mp": 4.445440025822492e-06,
    "VmaxICp": 5.005300467211932e-05,
    "VmaxINp": 2.7100692106420543e-05,
    "VmaxOCp": 1.851851851851852e-06,
    "VmaxONp": 4.520808961380393e-07,
    "gammaDp": 0.7980372624843103,
    "omegaP": 5.747126494025563e-05
}