{
    "KICp": 12.796555548585916,
    "KINp": 0.02,
    "KOCp": 0.0228046992655094,
    "KONp": 0.8701627772993126,
    "KlossROSp": 1.956673654786862e-06,
    "Koverflowp": 4.289361745577933e-06,
    "KprodROSp": 1.6950917869968547e-09,
    "Mp": 7.119495205368296e-06,
    "VmaxICp": 2.622591261907296e-05,
    "VmaxINp": 2.24532741345881e-05,
    "VmaxOCp": 4.721376738790813e-07,
    "VmaxONp": 1.3539109566409185e-07,
    "gammaDp": 0.2685641455884378,
    "omegaP": 7.588340752189253e-06
}