{
    "KICp": 6.628570068761345,
    "KINp": 0.0252197609096649,
    "KOCp": 0.0087037130569209,
    "KONp": 0.0158988458008042,
    "KlossROSp": 2.215401070210868e-06,
    "Koverflowp": 8.158680549799089e-07,
    "KprodROSp": 4.696016771488469e-09,
    "Mp": 3.330500617904233e-06,
    "VmaxICp": 1.4403923919499618e-05,
    "VmaxINp": 4.934326641623144e-05,
    "VmaxOCp": 3.068723602341932e-06,
    "VmaxONp": 9.388167746100812e-06,
    "gammaDp": 0.2380007058653718,
    "omegaP": 1.2192001356361806e-05
}