{
    "KICp": 7.958675760908576,
    "KINp": 0.0034351184884619,
    "KOCp": 0.08528553991857,
    "KONp": 0.1,
    "KlossROSp": 3.196187999875571e-07,
    "Koverflowp": 1.2789343191782565e-07,
    "KprodROSp": 3.578183306906952e-08,
    "Mp": 1.157407407407407e-06,
    "VmaxICp": 3.0098695915775665e-05,
    "VmaxINp": 1.6261949548485917e-05,
    "VmaxOCp": 1.1840537176886704e-05,
    "VmaxONp": 7.716689617154277e-07,
    "gammaDp": 0.1507277969055573,
    "omegaP": 5.2514234321807575e-05
}