{
    "KICp": 117.5883897695942,
    "KINp": 0.0120331831475178,
    "KOCp": 0.018194015799001,
    "KONp": 0.0139579152880936,
    "KlossROSp": 2.5986911645964856e-06,
    "Koverflowp": 1.7143484935222215e-06,
    "KprodROSp": 6.75838048009045e-10,
    "Mp": 3.093676915162215e-06,
    "VmaxICp": 4.657686036387545e-05,
    "VmaxINp": 1.6364904807116785e-05,
    "VmaxOCp": 4.966499071305695e-07,
    "VmaxONp": 6.97436530894688e-07,
    "gammaDp": 0.1431599958176779,
    "omegaP": 1.1785151866370187e-05
}