{
    "KICp": 3.815905567182559,
    "KINp": 0.0413630802909816,
    "KOCp": 0.2702258055519592,
    "KONp": 0.1,
    "KlossROSp": 7.339354685457837e-07,
    "Koverflowp": 1.0487365198377643e-06,
    "KprodROSp": 4.696016771488469e-09,
    "Mp": 1.090238335759761e-05,
    "VmaxICp": 3.684865926495748e-05,
    "VmaxINp": 4.449733021859655e-05,
    "VmaxOCp": 2.145920286737711e-06,
    "VmaxONp": 1.6677439600432357e-06,
    "gammaDp": 0.8,
    "omegaP": 3.827990209501989e-06
}