{
    "KICp": 27.62146857620709,
    "KINp": 0.02,
    "KOCp": 0.0442858138615671,
    "KONp": 0.1826054301290404,
    "KlossROSp": 4.045523469586218e-07,
    "Koverflowp": 1.367623605180682e-06,
    "KprodROSp": 2.577584378567888e-08,
    "Mp": 4.812047372563947e-06,
    "VmaxICp": 1.7843246512878332e-05,
    "VmaxINp": 3.2179247824459696e-05,
    "VmaxOCp": 1.3927240441719046e-05,
    "VmaxONp": 1.548645084354699e-07,
    "gammaDp": 0.3875387688944356,
    "omegaP": 3.874784320979622e-05
}