{
    "KICp": 293.45470660506146,
    "KINp": 0.0388578194548372,
    "KOCp": 0.0583187944083458,
    "KONp": 0.0201732461670926,
    "KlossROSp": 6.734756588198805e-06,
    "Koverflowp": 1.547738159927041e-06,
    "KprodROSp": 1.4750523530273492e-09,
    "Mp": 2.949257628691525e-06,
    "VmaxICp": 2.576706441690187e-05,
    "VmaxINp": 3.534305902143199e-05,
    "VmaxOCp": 2.349215460401656e-06,
    "VmaxONp": 1.159493334205109e-06,
    "gammaDp": 0.7542197258139288,
    "omegaP": 5.334363937972651e-05
}