{
    "KICp": 209.82472809941092,
    "KINp": 0.0204579209767189,
    "KOCp": 0.2947388218686327,
    "KONp": 0.0142887496606892,
    "KlossROSp": 4.946829185378155e-07,
    "Koverflowp": 7.635170058726596e-06,
    "KprodROSp": 1.0881067369800695e-09,
    "Mp": 6.404785432981793e-06,
    "VmaxICp": 3.769439082715441e-05,
    "VmaxINp": 4.750531126126968e-05,
    "VmaxOCp": 2.7099095537467166e-06,
    "VmaxONp": 1.1689443613038735e-06,
    "gammaDp": 0.8,
    "omegaP": 3.405555555555556e-05
}