{
    "KICp": 34.748051805641595,
    "KINp": 0.0028518996514711,
    "KOCp": 0.0168924551404318,
    "KONp": 0.0182319370809448,
    "KlossROSp": 1.020074873740135e-06,
    "Koverflowp": 3.102548176120647e-07,
    "KprodROSp": 2.362341108338292e-08,
    "Mp": 1.124243113463406e-05,
    "VmaxICp": 5.032121359571725e-05,
    "VmaxINp": 2.9131785140533723e-05,
    "VmaxOCp": 1.851851851851852e-06,
    "VmaxONp": 1.1111111111111112e-06,
    "gammaDp": 0.198778431262298,
    "omegaP": 3.47078306119953e-06
}