{
    "KICp": 12.075411759559714,
    "KINp": 0.0141771427033057,
    "KOCp": 0.0052127077417174,
    "KONp": 0.1,
    "KlossROSp": 1.1717020683623042e-05,
    "Koverflowp": 1.713672521897761e-07,
    "KprodROSp": 8.496041626944011e-10,
    "Mp": 7.026852774240835e-06,
    "VmaxICp": 5.4089172384835095e-05,
    "VmaxINp": 2.36108567808712e-05,
    "VmaxOCp": 7.0932654880739685e-06,
    "VmaxONp": 2.85579942281781e-07,
    "gammaDp": 0.1069667831332128,
    "omegaP": 0.0001002755033131
}