{
    "KICp": 21.118165067687595,
    "KINp": 0.0581816899850019,
    "KOCp": 0.053852376136141,
    "KONp": 0.1243773141575872,
    "KlossROSp": 1.956673654786862e-06,
    "Koverflowp": 7.091128663223277e-06,
    "KprodROSp": 1.591040882127976e-09,
    "Mp": 9.648666883808533e-06,
    "VmaxICp": 5.0087812803712285e-05,
    "VmaxINp": 3.316424795180379e-05,
    "VmaxOCp": 3.5008173653748894e-06,
    "VmaxONp": 3.337313493495625e-07,
    "gammaDp": 0.7487627221418183,
    "omegaP": 3.612860022376316e-05
}