{
    "KICp": 7.958675760908576,
    "KINp": 0.02,
    "KOCp": 0.2277727291153236,
    "KONp": 0.1,
    "KlossROSp": 3.196187999875571e-07,
    "Koverflowp": 1.157407407407407e-06,
    "KprodROSp": 3.578183306906952e-08,
    "Mp": 1.157407407407407e-06,
    "VmaxICp": 3.0098695915775665e-05,
    "VmaxINp": 1.6261949548485917e-05,
    "VmaxOCp": 2.70192627223814e-07,
    "VmaxONp": 2.3811129843255906e-07,
    "gammaDp": 0.1507277969055573,
    "omegaP": 5.2514234321807575e-05
}