{
    "KICp": 3.815905567182559,
    "KINp": 0.0042704583649334,
    "KOCp": 0.2303766177240606,
    "KONp": 0.1,
    "KlossROSp": 2.6152650401068136e-07,
    "Koverflowp": 1.0487365198377643e-06,
    "KprodROSp": 4.696016771488469e-09,
    "Mp": 1.090238335759761e-05,
    "VmaxICp": 3.684865926495748e-05,
    "VmaxINp": 4.449733021859655e-05,
    "VmaxOCp": 2.145920286737711e-06,
    "VmaxONp": 2.1672838550513823e-06,
    "gammaDp": 0.2069973986813801,
    "omegaP": 3.7286842677673375e-06
}