{
    "KICp": 265.6104906553958,
    "KINp": 0.0772581519844447,
    "KOCp": 0.03,
    "KONp": 0.1,
    "KlossROSp": 6.969572653127501e-06,
    "Koverflowp": 3.431032109168751e-07,
    "KprodROSp": 3.283534386710711e-09,
    "Mp": 4.03968217709858e-06,
    "VmaxICp": 2.6716394980689963e-05,
    "VmaxINp": 2.0389239471664745e-05,
    "VmaxOCp": 8.82516783156628e-07,
    "VmaxONp": 7.741966546294741e-07,
    "gammaDp": 0.8082178759911488,
    "omegaP": 1.9871740142762e-05
}