{
    "KICp": 6.998375390738425,
    "KINp": 0.02,
    "KOCp": 0.0387608326821567,
    "KONp": 0.1440215278414554,
    "KlossROSp": 8.663876227768406e-06,
    "Koverflowp": 1.5119407268979784e-07,
    "KprodROSp": 1.646942667331585e-08,
    "Mp": 4.6177607878735e-06,
    "VmaxICp": 1.449412040896552e-05,
    "VmaxINp": 3.926581727855518e-05,
    "VmaxOCp": 1.5656334054808708e-05,
    "VmaxONp": 4.051171121130177e-07,
    "gammaDp": 0.3556325708518391,
    "omegaP": 2.990652724860149e-05
}