{
    "KICp": 41.40294628444676,
    "KINp": 0.1171712862075762,
    "KOCp": 0.1029661446860008,
    "KONp": 0.385208479401935,
    "KlossROSp": 1.956673654786862e-06,
    "Koverflowp": 1.157407407407407e-06,
    "KprodROSp": 2.996251913301873e-09,
    "Mp": 5.351840171202291e-06,
    "VmaxICp": 4.956640044716614e-05,
    "VmaxINp": 2.4179467709727003e-05,
    "VmaxOCp": 4.328593293257468e-07,
    "VmaxONp": 1.1111111111111112e-06,
    "gammaDp": 0.1755738084383417,
    "omegaP": 9.46697115522937e-06
}