{
    "KICp": 296.597288260556,
    "KINp": 0.0749849590537401,
    "KOCp": 0.1099641690804714,
    "KONp": 0.0103514137025147,
    "KlossROSp": 3.852223540984458e-06,
    "Koverflowp": 7.424427994502469e-06,
    "KprodROSp": 1.885149319691217e-09,
    "Mp": 4.445440025822492e-06,
    "VmaxICp": 5.005300467211932e-05,
    "VmaxINp": 2.7100692106420543e-05,
    "VmaxOCp": 1.851851851851852e-06,
    "VmaxONp": 1.1111111111111112e-06,
    "gammaDp": 0.2906603072933847,
    "omegaP": 5.747126494025563e-05
}