{
    "KICp": 4.169214884606049,
    "KINp": 0.046239147661801,
    "KOCp": 0.03,
    "KONp": 0.0121817484420938,
    "KlossROSp": 4.853671641157949e-07,
    "Koverflowp": 1.3990712665099113e-07,
    "KprodROSp": 1.6511480718925404e-09,
    "Mp": 3.7328652814558215e-06,
    "VmaxICp": 5.345345115208815e-05,
    "VmaxINp": 2.164516588200421e-05,
    "VmaxOCp": 3.4108454309026586e-07,
    "VmaxONp": 1.0836045164743602e-06,
    "gammaDp": 0.123545923825876,
    "omegaP": 2.2630262717328068e-05
}