{
    "KICp": 335.2513710999276,
    "KINp": 0.0749584097520428,
    "KOCp": 0.0345626954837527,
    "KONp": 0.4474029996288038,
    "KlossROSp": 1.956673654786862e-06,
    "Koverflowp": 2.439897046662746e-07,
    "KprodROSp": 2.639624311131128e-09,
    "Mp": 4.046584963714542e-06,
    "VmaxICp": 1.565490451721093e-05,
    "VmaxINp": 2.857052703945267e-05,
    "VmaxOCp": 7.562099047449546e-06,
    "VmaxONp": 1.1111111111111112e-06,
    "gammaDp": 0.3165108969820172,
    "omegaP": 9.022577890493452e-06
}