{
    "KICp": 4.169214884606049,
    "KINp": 0.0196641741238117,
    "KOCp": 0.03,
    "KONp": 0.0121817484420938,
    "KlossROSp": 4.384195486017301e-07,
    "Koverflowp": 3.895192239927167e-07,
    "KprodROSp": 1.736665687609757e-09,
    "Mp": 3.7328652814558215e-06,
    "VmaxICp": 5.345345115208815e-05,
    "VmaxINp": 2.164516588200421e-05,
    "VmaxOCp": 3.4108454309026586e-07,
    "VmaxONp": 1.98154167181174e-07,
    "gammaDp": 0.1508783624377876,
    "omegaP": 2.2630262717328068e-05
}