{
    "KICp": 3.815905567182559,
    "KINp": 0.0042704583649334,
    "KOCp": 0.0150001736907001,
    "KONp": 0.1,
    "KlossROSp": 7.339354685457837e-07,
    "Koverflowp": 1.0487365198377643e-06,
    "KprodROSp": 2.904279481423563e-08,
    "Mp": 1.090238335759761e-05,
    "VmaxICp": 4.662216257083511e-05,
    "VmaxINp": 4.449733021859655e-05,
    "VmaxOCp": 2.145920286737711e-06,
    "VmaxONp": 2.1672838550513823e-06,
    "gammaDp": 0.1704634935197913,
    "omegaP": 3.827990209501989e-06
}