{
    "KICp": 4.169214884606049,
    "KINp": 0.0025147819577423,
    "KOCp": 0.0752637149461473,
    "KONp": 0.0121817484420938,
    "KlossROSp": 9.104184017900966e-07,
    "Koverflowp": 1.3990712665099113e-07,
    "KprodROSp": 8.448839375124292e-09,
    "Mp": 3.7328652814558215e-06,
    "VmaxICp": 5.345345115208815e-05,
    "VmaxINp": 2.164516588200421e-05,
    "VmaxOCp": 3.4108454309026586e-07,
    "VmaxONp": 1.0836045164743602e-06,
    "gammaDp": 0.1508783624377876,
    "omegaP": 2.2630262717328068e-05
}