{
    "KICp": 41.40294628444676,
    "KINp": 0.02,
    "KOCp": 0.1029661446860008,
    "KONp": 0.385208479401935,
    "KlossROSp": 4.62550710881022e-06,
    "Koverflowp": 1.157407407407407e-06,
    "KprodROSp": 2.996251913301873e-09,
    "Mp": 4.489284483461961e-06,
    "VmaxICp": 4.956640044716614e-05,
    "VmaxINp": 2.4179467709727003e-05,
    "VmaxOCp": 4.1661622237874505e-07,
    "VmaxONp": 1.1111111111111112e-06,
    "gammaDp": 0.2271302233302985,
    "omegaP": 9.46697115522937e-06
}