{
    "KICp": 33.78787217332647,
    "KINp": 0.0194599410062279,
    "KOCp": 0.004422144446372,
    "KONp": 0.1,
    "KlossROSp": 3.570329974234003e-07,
    "Koverflowp": 1.954611424015915e-06,
    "KprodROSp": 1.8182703987196203e-08,
    "Mp": 2.9635731797088854e-06,
    "VmaxICp": 2.823524010884514e-05,
    "VmaxINp": 2.253768631978217e-05,
    "VmaxOCp": 1.851851851851852e-06,
    "VmaxONp": 1.1111111111111112e-06,
    "gammaDp": 0.303342762431558,
    "omegaP": 4.307818936894686e-05
}