{
    "KICp": 34.748051805641595,
    "KINp": 0.1860232648640566,
    "KOCp": 0.1828233757605612,
    "KONp": 0.0182319370809448,
    "KlossROSp": 1.0119652573786069e-06,
    "Koverflowp": 3.102548176120647e-07,
    "KprodROSp": 2.362341108338292e-08,
    "Mp": 7.505797248608882e-06,
    "VmaxICp": 5.032121359571725e-05,
    "VmaxINp": 2.066783089002369e-05,
    "VmaxOCp": 2.6297240047826096e-06,
    "VmaxONp": 1.1111111111111112e-06,
    "gammaDp": 0.198778431262298,
    "omegaP": 3.47078306119953e-06
}