{
    "KICp": 50.69058722017855,
    "KINp": 0.0204579209767189,
    "KOCp": 0.2947388218686327,
    "KONp": 0.147852498358864,
    "KlossROSp": 4.946829185378155e-07,
    "Koverflowp": 7.635170058726596e-06,
    "KprodROSp": 8.480151747304554e-09,
    "Mp": 3.679072822704766e-06,
    "VmaxICp": 3.769439082715441e-05,
    "VmaxINp": 4.750531126126968e-05,
    "VmaxOCp": 1.061962648726413e-06,
    "VmaxONp": 1.1689443613038735e-06,
    "gammaDp": 0.2479677680676361,
    "omegaP": 3.405555555555556e-05
}