{
    "KICp": 98.21430903679618,
    "KINp": 0.0072339876199896,
    "KOCp": 0.005283606763689,
    "KONp": 0.7789199724636076,
    "KlossROSp": 1.8215798872308847e-06,
    "Koverflowp": 1.157407407407407e-06,
    "KprodROSp": 6.430843307714767e-10,
    "Mp": 6.329743416959973e-06,
    "VmaxICp": 4.433494497850212e-05,
    "VmaxINp": 2.070436465141414e-05,
    "VmaxOCp": 1.3784377541866202e-06,
    "VmaxONp": 7.01694665526694e-07,
    "gammaDp": 0.4265743689609266,
    "omegaP": 7.854653787859982e-06
}