{
    "KICp": 122.8055066349835,
    "KINp": 0.0581816899850019,
    "KOCp": 0.041992285372915,
    "KONp": 0.0177209791593949,
    "KlossROSp": 1.956673654786862e-06,
    "Koverflowp": 7.091128663223277e-06,
    "KprodROSp": 1.591040882127976e-09,
    "Mp": 9.648666883808533e-06,
    "VmaxICp": 4.132693116867157e-05,
    "VmaxINp": 3.316424795180379e-05,
    "VmaxOCp": 3.5008173653748894e-06,
    "VmaxONp": 4.745228940745962e-07,
    "gammaDp": 0.1085243851037283,
    "omegaP": 1.0615520078994e-05
}