{
    "KICp": 34.748051805641595,
    "KINp": 0.0028518996514711,
    "KOCp": 0.0044353505216754,
    "KONp": 0.0182319370809448,
    "KlossROSp": 1.0119652573786069e-06,
    "Koverflowp": 2.855393077882808e-06,
    "KprodROSp": 2.362341108338292e-08,
    "Mp": 7.505797248608882e-06,
    "VmaxICp": 5.032121359571725e-05,
    "VmaxINp": 2.122893359390167e-05,
    "VmaxOCp": 8.432415272175145e-07,
    "VmaxONp": 1.1111111111111112e-06,
    "gammaDp": 0.4125474250263323,
    "omegaP": 3.47078306119953e-06
}