{
    "KICp": 27.62146857620709,
    "KINp": 0.02,
    "KOCp": 0.0442858138615671,
    "KONp": 0.0915602410011139,
    "KlossROSp": 4.045523469586218e-07,
    "Koverflowp": 2.1212654577964125e-07,
    "KprodROSp": 3.0313672805809333e-08,
    "Mp": 2.268493709987915e-06,
    "VmaxICp": 4.277406349057822e-05,
    "VmaxINp": 3.2179247824459696e-05,
    "VmaxOCp": 8.434152746824342e-07,
    "VmaxONp": 1.548645084354699e-07,
    "gammaDp": 0.3875387688944356,
    "omegaP": 3.874784320979622e-05
}