{
    "KICp": 11.5779469798573,
    "KINp": 0.0077754177156217,
    "KOCp": 0.0115493486341633,
    "KONp": 0.1464475406832342,
    "KlossROSp": 2.010951397097291e-07,
    "Koverflowp": 1.157407407407407e-06,
    "KprodROSp": 3.596935795950805e-08,
    "Mp": 3.0717476766424975e-07,
    "VmaxICp": 1.2549353815873362e-05,
    "VmaxINp": 2.879998369076147e-05,
    "VmaxOCp": 5.400779656036415e-06,
    "VmaxONp": 2.6850771816866257e-06,
    "gammaDp": 0.8984239662328315,
    "omegaP": 4.361300288437151e-05
}