{
    "KICp": 10.868608165227032,
    "KINp": 0.0252197609096649,
    "KOCp": 0.0087037130569209,
    "KONp": 0.0158988458008042,
    "KlossROSp": 8.961239223256855e-06,
    "Koverflowp": 1.2997478496685358e-06,
    "KprodROSp": 4.696016771488469e-09,
    "Mp": 3.330500617904233e-06,
    "VmaxICp": 1.4403923919499618e-05,
    "VmaxINp": 4.934326641623144e-05,
    "VmaxOCp": 2.503309877803448e-06,
    "VmaxONp": 9.388167746100812e-06,
    "gammaDp": 0.2380007058653718,
    "omegaP": 4.360284078216588e-06
}