{
    "KICp": 33.78787217332647,
    "KINp": 0.0205412241675163,
    "KOCp": 0.2027216366064151,
    "KONp": 0.1,
    "KlossROSp": 4.996746353045992e-06,
    "Koverflowp": 1.157407407407407e-06,
    "KprodROSp": 7.939574049481721e-09,
    "Mp": 2.9635731797088854e-06,
    "VmaxICp": 2.823524010884514e-05,
    "VmaxINp": 2.253768631978217e-05,
    "VmaxOCp": 1.851851851851852e-06,
    "VmaxONp": 2.8344895497018924e-07,
    "gammaDp": 0.3238068464361235,
    "omegaP": 4.307818936894686e-05
}