{
    "KICp": 12.075411759559714,
    "KINp": 0.1205476727799515,
    "KOCp": 0.1795933144893222,
    "KONp": 0.1,
    "KlossROSp": 1.1717020683623042e-05,
    "Koverflowp": 2.084788584765309e-06,
    "KprodROSp": 8.496041626944011e-10,
    "Mp": 7.026852774240835e-06,
    "VmaxICp": 5.4089172384835095e-05,
    "VmaxINp": 2.36108567808712e-05,
    "VmaxOCp": 7.326020494764542e-06,
    "VmaxONp": 2.85579942281781e-07,
    "gammaDp": 0.1069667831332128,
    "omegaP": 0.0001004579432135
}