{
    "KICp": 37.0,
    "KINp": 0.0252197609096649,
    "KOCp": 0.0087037130569209,
    "KONp": 0.0158988458008042,
    "KlossROSp": 8.961239223256855e-06,
    "Koverflowp": 8.158680549799089e-07,
    "KprodROSp": 4.696016771488469e-09,
    "Mp": 3.330500617904233e-06,
    "VmaxICp": 2.566013487971396e-05,
    "VmaxINp": 1.4342567643648107e-05,
    "VmaxOCp": 2.503309877803448e-06,
    "VmaxONp": 9.388167746100812e-06,
    "gammaDp": 0.3347236663516434,
    "omegaP": 3.800469327278301e-06
}