{
    "KICp": 252.2603625603721,
    "KINp": 0.02,
    "KOCp": 0.0058846290193162,
    "KONp": 0.1,
    "KlossROSp": 3.196187999875571e-07,
    "Koverflowp": 4.78090310301627e-07,
    "KprodROSp": 3.578183306906952e-08,
    "Mp": 1.157407407407407e-06,
    "VmaxICp": 3.0098695915775665e-05,
    "VmaxINp": 1.6261949548485917e-05,
    "VmaxOCp": 9.200114198887188e-07,
    "VmaxONp": 3.972672687489103e-06,
    "gammaDp": 0.5500647609373761,
    "omegaP": 5.2514234321807575e-05
}