{
    "KICp": 6.377145494846073,
    "KINp": 0.02,
    "KOCp": 0.0256683506242963,
    "KONp": 0.4268118985849999,
    "KlossROSp": 1.956673654786862e-06,
    "Koverflowp": 2.4157660958475095e-07,
    "KprodROSp": 7.55561789547223e-10,
    "Mp": 8.886659598870565e-06,
    "VmaxICp": 5.141348639047566e-05,
    "VmaxINp": 4.8617659378973445e-05,
    "VmaxOCp": 1.851851851851852e-06,
    "VmaxONp": 1.826089516401448e-07,
    "gammaDp": 0.3744149300415336,
    "omegaP": 9.203852565814574e-06
}