{
    "KICp": 248.2044629505183,
    "KINp": 0.0065794510468425,
    "KOCp": 0.0067603032778757,
    "KONp": 0.5055479859413139,
    "KlossROSp": 1.5789386218259808e-06,
    "Koverflowp": 7.4865448363538995e-06,
    "KprodROSp": 4.696016771488469e-09,
    "Mp": 3.1038630958655407e-06,
    "VmaxICp": 4.203573334233944e-05,
    "VmaxINp": 2.041165021839531e-05,
    "VmaxOCp": 2.284959711747899e-06,
    "VmaxONp": 1.1111111111111112e-06,
    "gammaDp": 0.7146016342591874,
    "omegaP": 3.405555555555556e-05
}