{
    "KICp": 33.78787217332647,
    "KINp": 0.0079726924679339,
    "KOCp": 0.004422144446372,
    "KONp": 0.5509720440042631,
    "KlossROSp": 4.996746353045992e-06,
    "Koverflowp": 1.157407407407407e-06,
    "KprodROSp": 2.3052547758399e-09,
    "Mp": 2.9635731797088854e-06,
    "VmaxICp": 2.823524010884514e-05,
    "VmaxINp": 2.253768631978217e-05,
    "VmaxOCp": 2.7295220155480043e-06,
    "VmaxONp": 1.1111111111111112e-06,
    "gammaDp": 0.3238068464361235,
    "omegaP": 4.307818936894686e-05
}