{
    "KICp": 13.159703755804491,
    "KINp": 0.0020862429366329,
    "KOCp": 0.0242225455870348,
    "KONp": 0.4268118985849999,
    "KlossROSp": 1.956673654786862e-06,
    "Koverflowp": 2.559880322293912e-06,
    "KprodROSp": 7.55561789547223e-10,
    "Mp": 8.886659598870565e-06,
    "VmaxICp": 5.141348639047566e-05,
    "VmaxINp": 4.8617659378973445e-05,
    "VmaxOCp": 1.851851851851852e-06,
    "VmaxONp": 1.3056781061812973e-06,
    "gammaDp": 0.1765261583086219,
    "omegaP": 9.203852565814574e-06
}