{
    "KICp": 47.31910171690427,
    "KINp": 0.0048117426463517,
    "KOCp": 0.0058846290193162,
    "KONp": 0.0129326788691922,
    "KlossROSp": 3.196187999875571e-07,
    "Koverflowp": 1.157407407407407e-06,
    "KprodROSp": 3.578183306906952e-08,
    "Mp": 1.157407407407407e-06,
    "VmaxICp": 3.0098695915775665e-05,
    "VmaxINp": 1.6261949548485917e-05,
    "VmaxOCp": 1.5859113716441103e-06,
    "VmaxONp": 3.972672687489103e-06,
    "gammaDp": 0.1507277969055573,
    "omegaP": 5.2514234321807575e-05
}