{
    "KICp": 21.118165067687595,
    "KINp": 0.0025898462620497,
    "KOCp": 0.0048062154913914,
    "KONp": 0.949510354436634,
    "KlossROSp": 6.722447355772855e-06,
    "Koverflowp": 7.091128663223277e-06,
    "KprodROSp": 1.591040882127976e-09,
    "Mp": 9.648666883808533e-06,
    "VmaxICp": 4.132693116867157e-05,
    "VmaxINp": 3.316424795180379e-05,
    "VmaxOCp": 3.5008173653748894e-06,
    "VmaxONp": 3.337313493495625e-07,
    "gammaDp": 0.1085243851037283,
    "omegaP": 3.612860022376316e-05
}