{
    "KICp": 7.958675760908576,
    "KINp": 0.02,
    "KOCp": 0.00370030198648,
    "KONp": 0.2425166279309573,
    "KlossROSp": 3.196187999875571e-07,
    "Koverflowp": 1.157407407407407e-06,
    "KprodROSp": 3.578183306906952e-08,
    "Mp": 8.326354023406514e-07,
    "VmaxICp": 3.0098695915775665e-05,
    "VmaxINp": 1.6261949548485917e-05,
    "VmaxOCp": 1.1840537176886704e-05,
    "VmaxONp": 3.972672687489103e-06,
    "gammaDp": 0.1507277969055573,
    "omegaP": 5.2514234321807575e-05
}