{
    "KICp": 27.62146857620709,
    "KINp": 0.1794438074370647,
    "KOCp": 0.0442858138615671,
    "KONp": 0.1826054301290404,
    "KlossROSp": 4.045523469586218e-07,
    "Koverflowp": 1.367623605180682e-06,
    "KprodROSp": 2.577584378567888e-08,
    "Mp": 2.295105507253232e-06,
    "VmaxICp": 3.160923160184032e-05,
    "VmaxINp": 3.2179247824459696e-05,
    "VmaxOCp": 8.434152746824342e-07,
    "VmaxONp": 9.777120255806404e-06,
    "gammaDp": 0.1024018628079283,
    "omegaP": 3.874784320979622e-05
}