{
    "KICp": 80.0091217011386,
    "KINp": 0.0156340712649535,
    "KOCp": 0.0469791352661361,
    "KONp": 0.2580732687059713,
    "KlossROSp": 1.8995626435394057e-05,
    "Koverflowp": 6.791101486018651e-07,
    "KprodROSp": 3.430508457766884e-09,
    "Mp": 4.130258870603664e-06,
    "VmaxICp": 3.988199477667029e-05,
    "VmaxINp": 2.3999118743779663e-05,
    "VmaxOCp": 1.5119125612022623e-05,
    "VmaxONp": 6.501817434408648e-06,
    "gammaDp": 0.2938196704195446,
    "omegaP": 3.405555555555556e-05
}