{
    "KICp": 36.07772504113058,
    "KINp": 0.0042704583649334,
    "KOCp": 0.2303766177240606,
    "KONp": 0.0119889041976921,
    "KlossROSp": 6.967993005673819e-07,
    "Koverflowp": 1.0487365198377643e-06,
    "KprodROSp": 4.696016771488469e-09,
    "Mp": 1.090238335759761e-05,
    "VmaxICp": 3.684865926495748e-05,
    "VmaxINp": 4.449733021859655e-05,
    "VmaxOCp": 2.145920286737711e-06,
    "VmaxONp": 9.70721773693321e-07,
    "gammaDp": 0.8,
    "omegaP": 3.827990209501989e-06
}