{
    "KICp": 38.23234662211291,
    "KINp": 0.0194979657428939,
    "KOCp": 0.0929396997993961,
    "KONp": 0.1473735774204415,
    "KlossROSp": 4.079801678564134e-07,
    "Koverflowp": 2.740974651118364e-07,
    "KprodROSp": 2.8714810818553752e-08,
    "Mp": 3.03506968201231e-06,
    "VmaxICp": 2.456918019438875e-05,
    "VmaxINp": 2.395862975639065e-05,
    "VmaxOCp": 5.041248977530845e-07,
    "VmaxONp": 4.290174633939406e-06,
    "gammaDp": 0.4892821429176954,
    "omegaP": 3.405555555555556e-05
}