{
    "KICp": 80.0091217011386,
    "KINp": 0.0156340712649535,
    "KOCp": 0.0995431201762235,
    "KONp": 0.0710602518423983,
    "KlossROSp": 8.348238743808206e-06,
    "Koverflowp": 6.791101486018651e-07,
    "KprodROSp": 3.2333097396402603e-09,
    "Mp": 4.130258870603664e-06,
    "VmaxICp": 3.988199477667029e-05,
    "VmaxINp": 2.3999118743779663e-05,
    "VmaxOCp": 1.0030286798080628e-06,
    "VmaxONp": 6.501817434408648e-06,
    "gammaDp": 0.2938196704195446,
    "omegaP": 3.405555555555556e-05
}