{
    "KICp": 32.08617207381077,
    "KINp": 0.0032247831665371,
    "KOCp": 0.0113671806643081,
    "KONp": 0.0247991259441911,
    "KlossROSp": 2.048405763253445e-07,
    "Koverflowp": 7.482327638035744e-07,
    "KprodROSp": 3.5349477142998925e-08,
    "Mp": 1.2041542312454603e-06,
    "VmaxICp": 2.8745538727866008e-05,
    "VmaxINp": 2.378523679997706e-05,
    "VmaxOCp": 4.0623684166925253e-07,
    "VmaxONp": 2.0134994471345466e-06,
    "gammaDp": 0.565031951616863,
    "omegaP": 2.4831979265921906e-05
}