{
    "KICp": 23.72783898882093,
    "KINp": 0.0339246285814766,
    "KOCp": 0.0991802889398734,
    "KONp": 0.1,
    "KlossROSp": 2.075125607238853e-07,
    "Koverflowp": 1.157407407407407e-06,
    "KprodROSp": 8.174421191371536e-09,
    "Mp": 5.162790663660873e-06,
    "VmaxICp": 3.2139489313125376e-05,
    "VmaxINp": 2.2683696537376103e-05,
    "VmaxOCp": 9.89603543599231e-06,
    "VmaxONp": 1.1111111111111112e-06,
    "gammaDp": 0.455598873194871,
    "omegaP": 3.405555555555556e-05
}