{
    "KICp": 23.72783898882093,
    "KINp": 0.0023481369784095,
    "KOCp": 0.0100034159609679,
    "KONp": 0.1,
    "KlossROSp": 1.956673654786862e-06,
    "Koverflowp": 1.157407407407407e-06,
    "KprodROSp": 4.696016771488469e-09,
    "Mp": 5.162790663660873e-06,
    "VmaxICp": 3.2139489313125376e-05,
    "VmaxINp": 5.349602249096139e-05,
    "VmaxOCp": 9.89603543599231e-06,
    "VmaxONp": 1.1111111111111112e-06,
    "gammaDp": 0.8,
    "omegaP": 5.970411880447412e-05
}