{
    "KICp": 8.188886587441608,
    "KINp": 0.0668016005282871,
    "KOCp": 0.03,
    "KONp": 0.0115378789929791,
    "KlossROSp": 1.2242292586910462e-05,
    "Koverflowp": 3.796048313944978e-07,
    "KprodROSp": 2.8090405662961903e-09,
    "Mp": 7.199692331278719e-06,
    "VmaxICp": 3.605894548890366e-05,
    "VmaxINp": 3.017596158393872e-05,
    "VmaxOCp": 4.870002157601295e-06,
    "VmaxONp": 1.1111111111111112e-06,
    "gammaDp": 0.1144156366309942,
    "omegaP": 3.405555555555556e-05
}