{
    "KICp": 265.6104906553958,
    "KINp": 0.0051923244650662,
    "KOCp": 0.03,
    "KONp": 0.1,
    "KlossROSp": 1.0490128616162476e-05,
    "Koverflowp": 3.431032109168751e-07,
    "KprodROSp": 3.283534386710711e-09,
    "Mp": 4.03968217709858e-06,
    "VmaxICp": 2.704955300368489e-05,
    "VmaxINp": 2.0389239471664745e-05,
    "VmaxOCp": 8.82516783156628e-07,
    "VmaxONp": 1.889462594650919e-07,
    "gammaDp": 0.8082178759911488,
    "omegaP": 3.405555555555556e-05
}