{
    "KICp": 11.666193037814413,
    "KINp": 0.0196641741238117,
    "KOCp": 0.03,
    "KONp": 0.265822400410717,
    "KlossROSp": 6.914568674666168e-07,
    "Koverflowp": 1.3990712665099113e-07,
    "KprodROSp": 1.6511480718925404e-09,
    "Mp": 3.7328652814558215e-06,
    "VmaxICp": 5.345345115208815e-05,
    "VmaxINp": 2.164516588200421e-05,
    "VmaxOCp": 3.4108454309026586e-07,
    "VmaxONp": 3.787876271773294e-07,
    "gammaDp": 0.20427967709072,
    "omegaP": 2.2630262717328068e-05
}