{
    "KICp": 352.06364289803804,
    "KINp": 0.1996365240271229,
    "KOCp": 0.0442858138615671,
    "KONp": 0.1826054301290404,
    "KlossROSp": 4.045523469586218e-07,
    "Koverflowp": 1.367623605180682e-06,
    "KprodROSp": 2.577584378567888e-08,
    "Mp": 6.177418125162615e-07,
    "VmaxICp": 4.277406349057822e-05,
    "VmaxINp": 3.2179247824459696e-05,
    "VmaxOCp": 8.434152746824342e-07,
    "VmaxONp": 1.548645084354699e-07,
    "gammaDp": 0.3875387688944356,
    "omegaP": 3.874784320979622e-05
}