{
    "KICp": 24.307027743930394,
    "KINp": 0.0080822735038417,
    "KOCp": 0.0628100192174326,
    "KONp": 0.2562056288274509,
    "KlossROSp": 2.498467734037432e-07,
    "Koverflowp": 3.887142164728262e-06,
    "KprodROSp": 1.831518280367739e-08,
    "Mp": 3.5021683056349683e-06,
    "VmaxICp": 2.986346013348826e-05,
    "VmaxINp": 3.3931672493125176e-05,
    "VmaxOCp": 2.854758838010209e-07,
    "VmaxONp": 1.452767003834468e-07,
    "gammaDp": 0.2772370250142525,
    "omegaP": 8.179590829284212e-06
}