{
    "KICp": 196.3468710433504,
    "KINp": 0.0061789284193998,
    "KOCp": 0.03,
    "KONp": 0.0410002744828381,
    "KlossROSp": 1.956673654786862e-06,
    "Koverflowp": 1.386269960074296e-06,
    "KprodROSp": 2.639624311131128e-09,
    "Mp": 4.046584963714542e-06,
    "VmaxICp": 1.565490451721093e-05,
    "VmaxINp": 2.857052703945267e-05,
    "VmaxOCp": 7.562099047449546e-06,
    "VmaxONp": 1.1111111111111112e-06,
    "gammaDp": 0.1193269616566416,
    "omegaP": 9.022577890493452e-06
}