{
    "KICp": 37.0,
    "KINp": 0.0133562319122745,
    "KOCp": 0.1047731310805927,
    "KONp": 0.0201732461670926,
    "KlossROSp": 6.734756588198805e-06,
    "Koverflowp": 1.547738159927041e-06,
    "KprodROSp": 1.439134331856792e-09,
    "Mp": 2.949257628691525e-06,
    "VmaxICp": 2.576706441690187e-05,
    "VmaxINp": 3.534305902143199e-05,
    "VmaxOCp": 2.349215460401656e-06,
    "VmaxONp": 9.395749064720191e-06,
    "gammaDp": 0.2367970319904578,
    "omegaP": 8.131866566234294e-05
}