{
    "KICp": 11.207992481753012,
    "KINp": 0.02,
    "KOCp": 0.1029661446860008,
    "KONp": 0.1220881882199897,
    "KlossROSp": 1.956673654786862e-06,
    "Koverflowp": 8.982941567390062e-06,
    "KprodROSp": 2.996251913301873e-09,
    "Mp": 6.159473227882562e-06,
    "VmaxICp": 4.956640044716614e-05,
    "VmaxINp": 2.4179467709727003e-05,
    "VmaxOCp": 4.328593293257468e-07,
    "VmaxONp": 1.1111111111111112e-06,
    "gammaDp": 0.6628335088105793,
    "omegaP": 9.46697115522937e-06
}