{
    "KICp": 33.78787217332647,
    "KINp": 0.0194599410062279,
    "KOCp": 0.039804342905683,
    "KONp": 0.1,
    "KlossROSp": 4.996746353045992e-06,
    "Koverflowp": 2.3046238514032603e-07,
    "KprodROSp": 1.8182703987196203e-08,
    "Mp": 2.9635731797088854e-06,
    "VmaxICp": 2.823524010884514e-05,
    "VmaxINp": 2.253768631978217e-05,
    "VmaxOCp": 3.254599665469724e-07,
    "VmaxONp": 1.1111111111111112e-06,
    "gammaDp": 0.3238068464361235,
    "omegaP": 4.307818936894686e-05
}