{
    "KICp": 33.39328927317639,
    "KINp": 0.0076277088388351,
    "KOCp": 0.03,
    "KONp": 0.0987311649910834,
    "KlossROSp": 1.956673654786862e-06,
    "Koverflowp": 1.928341513390694e-07,
    "KprodROSp": 1.6824770511779464e-09,
    "Mp": 3.5775510759892e-06,
    "VmaxICp": 1.6426405199816596e-05,
    "VmaxINp": 4.640738067083938e-05,
    "VmaxOCp": 4.862696456907594e-06,
    "VmaxONp": 1.1111111111111112e-06,
    "gammaDp": 0.1803895833021155,
    "omegaP": 3.405555555555556e-05
}