{
    "KICp": 6.998375390738425,
    "KINp": 0.02,
    "KOCp": 0.0497889752762441,
    "KONp": 0.0324543198461679,
    "KlossROSp": 8.663876227768406e-06,
    "Koverflowp": 5.715345417276519e-07,
    "KprodROSp": 1.646942667331585e-08,
    "Mp": 4.6177607878735e-06,
    "VmaxICp": 1.449412040896552e-05,
    "VmaxINp": 3.926581727855518e-05,
    "VmaxOCp": 6.203867423089017e-06,
    "VmaxONp": 4.051171121130177e-07,
    "gammaDp": 0.5928221244107764,
    "omegaP": 2.990652724860149e-05
}