{
    "KICp": 13.56553662740615,
    "KINp": 0.15852541530879,
    "KOCp": 0.0057621804338936,
    "KONp": 0.0511604060054435,
    "KlossROSp": 1.956673654786862e-06,
    "Koverflowp": 1.967038546971195e-06,
    "KprodROSp": 3.856575987946167e-08,
    "Mp": 5.326076827568761e-06,
    "VmaxICp": 2.7308660581655145e-05,
    "VmaxINp": 3.49879953120525e-05,
    "VmaxOCp": 4.843722019728165e-07,
    "VmaxONp": 2.57815208004527e-06,
    "gammaDp": 0.5207437932839851,
    "omegaP": 3.7184050935496617e-06
}