{
    "KICp": 3.783541370181936,
    "KINp": 0.0120331831475178,
    "KOCp": 0.018194015799001,
    "KONp": 0.0139579152880936,
    "KlossROSp": 1.2711747534827156e-05,
    "Koverflowp": 1.7143484935222215e-06,
    "KprodROSp": 6.938572994269545e-10,
    "Mp": 5.280994083011294e-06,
    "VmaxICp": 4.786230731654655e-05,
    "VmaxINp": 1.6364904807116785e-05,
    "VmaxOCp": 1.851851851851852e-06,
    "VmaxONp": 6.97436530894688e-07,
    "gammaDp": 0.1431599958176779,
    "omegaP": 1.1785151866370187e-05
}