{
    "KICp": 47.29940651787047,
    "KINp": 0.1205476727799515,
    "KOCp": 0.0052127077417174,
    "KONp": 0.1,
    "KlossROSp": 1.1717020683623042e-05,
    "Koverflowp": 3.714362042460274e-07,
    "KprodROSp": 8.496041626944011e-10,
    "Mp": 6.35834017928788e-06,
    "VmaxICp": 5.4089172384835095e-05,
    "VmaxINp": 2.36108567808712e-05,
    "VmaxOCp": 4.2769338155606963e-07,
    "VmaxONp": 5.013317782955185e-06,
    "gammaDp": 0.1069667831332128,
    "omegaP": 0.0001002755033131
}