{
    "KICp": 180.72661518753225,
    "KINp": 0.0309019016126428,
    "KOCp": 0.03,
    "KONp": 0.8034285548943617,
    "KlossROSp": 1.956673654786862e-06,
    "Koverflowp": 3.169900654538687e-07,
    "KprodROSp": 1.4438327637111194e-09,
    "Mp": 5.331508301349091e-06,
    "VmaxICp": 2.4898985541245324e-05,
    "VmaxINp": 5.156342605467471e-05,
    "VmaxOCp": 2.4372747950996364e-07,
    "VmaxONp": 1.1111111111111112e-06,
    "gammaDp": 0.6151282748921179,
    "omegaP": 3.765332607137531e-06
}