{
    "KICp": 48.9948071426516,
    "KINp": 0.02,
    "KOCp": 0.1287273683994912,
    "KONp": 0.1,
    "KlossROSp": 2.3640117182203904e-06,
    "Koverflowp": 1.3025085469078045e-07,
    "KprodROSp": 1.232698481544854e-08,
    "Mp": 5.974008596768883e-06,
    "VmaxICp": 2.1881545110929075e-05,
    "VmaxINp": 5.1681517599188494e-05,
    "VmaxOCp": 4.065794895588687e-06,
    "VmaxONp": 1.1802367893959713e-07,
    "gammaDp": 0.6818774084265343,
    "omegaP": 3.405555555555556e-05
}