{
    "KICp": 38.23234662211291,
    "KINp": 0.0694306926181919,
    "KOCp": 0.0327716839636456,
    "KONp": 0.5521672530556467,
    "KlossROSp": 4.079801678564134e-07,
    "Koverflowp": 2.740974651118364e-07,
    "KprodROSp": 2.8714810818553752e-08,
    "Mp": 3.03506968201231e-06,
    "VmaxICp": 2.0999850022177733e-05,
    "VmaxINp": 2.395862975639065e-05,
    "VmaxOCp": 3.161353331778554e-06,
    "VmaxONp": 7.500808186666895e-07,
    "gammaDp": 0.2039227714609464,
    "omegaP": 3.405555555555556e-05
}