{
    "KICp": 296.597288260556,
    "KINp": 0.0749849590537401,
    "KOCp": 0.1099641690804714,
    "KONp": 0.1,
    "KlossROSp": 3.852223540984458e-06,
    "Koverflowp": 1.157407407407407e-06,
    "KprodROSp": 4.696016771488469e-09,
    "Mp": 4.445440025822492e-06,
    "VmaxICp": 5.005300467211932e-05,
    "VmaxINp": 2.274817979085532e-05,
    "VmaxOCp": 1.4527698880056552e-05,
    "VmaxONp": 1.5085854347785882e-07,
    "gammaDp": 0.2906603072933847,
    "omegaP": 6.131155302227446e-06
}