{
    "KICp": 24.307027743930394,
    "KINp": 0.0080822735038417,
    "KOCp": 0.0710362060451861,
    "KONp": 0.038759678891061,
    "KlossROSp": 6.68356146749661e-07,
    "Koverflowp": 3.887142164728262e-06,
    "KprodROSp": 1.831518280367739e-08,
    "Mp": 3.5021683056349683e-06,
    "VmaxICp": 2.986346013348826e-05,
    "VmaxINp": 3.3931672493125176e-05,
    "VmaxOCp": 2.854758838010209e-07,
    "VmaxONp": 1.452767003834468e-07,
    "gammaDp": 0.2602602414464577,
    "omegaP": 6.442366426823084e-05
}