{
    "KICp": 6.377145494846073,
    "KINp": 0.0072631122746047,
    "KOCp": 0.0242225455870348,
    "KONp": 0.031870159309218,
    "KlossROSp": 1.956673654786862e-06,
    "Koverflowp": 1.157407407407407e-06,
    "KprodROSp": 7.55561789547223e-10,
    "Mp": 8.886659598870565e-06,
    "VmaxICp": 5.141348639047566e-05,
    "VmaxINp": 4.8617659378973445e-05,
    "VmaxOCp": 2.49270561140182e-06,
    "VmaxONp": 1.446840383934011e-06,
    "gammaDp": 0.1765261583086219,
    "omegaP": 2.192030276789332e-05
}