{
    "KICp": 10.2088941040321,
    "KINp": 0.0113025270450546,
    "KOCp": 0.03,
    "KONp": 0.1676993751025872,
    "KlossROSp": 1.956673654786862e-06,
    "Koverflowp": 1.928341513390694e-07,
    "KprodROSp": 2.3577227742663268e-08,
    "Mp": 3.5775510759892e-06,
    "VmaxICp": 1.6426405199816596e-05,
    "VmaxINp": 3.620670441718142e-05,
    "VmaxOCp": 4.862696456907594e-06,
    "VmaxONp": 1.1111111111111112e-06,
    "gammaDp": 0.1803895833021155,
    "omegaP": 3.405555555555556e-05
}