{
    "KICp": 27.62146857620709,
    "KINp": 0.02,
    "KOCp": 0.0040732957658086,
    "KONp": 0.7355440425188634,
    "KlossROSp": 4.045523469586218e-07,
    "Koverflowp": 1.367623605180682e-06,
    "KprodROSp": 2.94573963631354e-08,
    "Mp": 2.295105507253232e-06,
    "VmaxICp": 4.277406349057822e-05,
    "VmaxINp": 3.2179247824459696e-05,
    "VmaxOCp": 4.964538859806503e-06,
    "VmaxONp": 1.548645084354699e-07,
    "gammaDp": 0.3875387688944356,
    "omegaP": 3.874784320979622e-05
}