{
    "KICp": 117.5883897695942,
    "KINp": 0.0120331831475178,
    "KOCp": 0.018194015799001,
    "KONp": 0.0139579152880936,
    "KlossROSp": 1.2193610196307772e-05,
    "Koverflowp": 1.3659052413860274e-06,
    "KprodROSp": 6.75838048009045e-10,
    "Mp": 3.093676915162215e-06,
    "VmaxICp": 4.786230731654655e-05,
    "VmaxINp": 1.6364904807116785e-05,
    "VmaxOCp": 1.851851851851852e-06,
    "VmaxONp": 2.226714096397236e-07,
    "gammaDp": 0.2329386552040208,
    "omegaP": 1.1785151866370187e-05
}