{
    "KICp": 40.74653115498516,
    "KINp": 0.0120331831475178,
    "KOCp": 0.0179981497831049,
    "KONp": 0.0520969248225432,
    "KlossROSp": 3.1566076076512177e-06,
    "Koverflowp": 1.7143484935222215e-06,
    "KprodROSp": 6.75838048009045e-10,
    "Mp": 3.093676915162215e-06,
    "VmaxICp": 4.786230731654655e-05,
    "VmaxINp": 1.6364904807116785e-05,
    "VmaxOCp": 1.851851851851852e-06,
    "VmaxONp": 6.97436530894688e-07,
    "gammaDp": 0.1431599958176779,
    "omegaP": 1.1785151866370187e-05
}