{
    "KICp": 3.815905567182559,
    "KINp": 0.103583167146999,
    "KOCp": 0.0033386157522927,
    "KONp": 0.1769874263278944,
    "KlossROSp": 7.339354685457837e-07,
    "Koverflowp": 1.0487365198377643e-06,
    "KprodROSp": 4.696016771488469e-09,
    "Mp": 1.090238335759761e-05,
    "VmaxICp": 2.6752530473631585e-05,
    "VmaxINp": 4.449733021859655e-05,
    "VmaxOCp": 2.145920286737711e-06,
    "VmaxONp": 2.1672838550513823e-06,
    "gammaDp": 0.8,
    "omegaP": 3.827990209501989e-06
}