{
    "KICp": 13.56553662740615,
    "KINp": 0.0074555483769354,
    "KOCp": 0.0049125487247475,
    "KONp": 0.0511604060054435,
    "KlossROSp": 1.956673654786862e-06,
    "Koverflowp": 4.301946253290651e-06,
    "KprodROSp": 5.827994703204038e-10,
    "Mp": 5.326076827568761e-06,
    "VmaxICp": 2.7308660581655145e-05,
    "VmaxINp": 3.49879953120525e-05,
    "VmaxOCp": 1.332605766505256e-06,
    "VmaxONp": 2.57815208004527e-06,
    "gammaDp": 0.5207437932839851,
    "omegaP": 3.7184050935496617e-06
}