{
    "KICp": 11.5779469798573,
    "KINp": 0.0077754177156217,
    "KOCp": 0.008850188811701,
    "KONp": 0.1,
    "KlossROSp": 2.010951397097291e-07,
    "Koverflowp": 1.157407407407407e-06,
    "KprodROSp": 3.596935795950805e-08,
    "Mp": 1.2700994451930006e-06,
    "VmaxICp": 1.2549353815873362e-05,
    "VmaxINp": 2.879998369076147e-05,
    "VmaxOCp": 1.851851851851852e-06,
    "VmaxONp": 1.21915095037492e-07,
    "gammaDp": 0.2809771838426471,
    "omegaP": 4.361300288437151e-05
}