{
    "KICp": 3.815905567182559,
    "KINp": 0.0109797755089188,
    "KOCp": 0.2303766177240606,
    "KONp": 0.0365692262058508,
    "KlossROSp": 7.339354685457837e-07,
    "Koverflowp": 1.0487365198377643e-06,
    "KprodROSp": 6.927359465253e-10,
    "Mp": 1.090238335759761e-05,
    "VmaxICp": 3.684865926495748e-05,
    "VmaxINp": 4.449733021859655e-05,
    "VmaxOCp": 6.165303375074245e-07,
    "VmaxONp": 2.1672838550513823e-06,
    "gammaDp": 0.8,
    "omegaP": 3.827990209501989e-06
}