{
    "KICp": 11.5779469798573,
    "KINp": 0.0077754177156217,
    "KOCp": 0.008850188811701,
    "KONp": 0.1055760032730338,
    "KlossROSp": 2.010951397097291e-07,
    "Koverflowp": 1.947481128813058e-06,
    "KprodROSp": 3.596935795950805e-08,
    "Mp": 3.0717476766424975e-07,
    "VmaxICp": 1.2549353815873362e-05,
    "VmaxINp": 2.879998369076147e-05,
    "VmaxOCp": 4.626845024690563e-06,
    "VmaxONp": 2.6850771816866257e-06,
    "gammaDp": 0.5708673279923221,
    "omegaP": 4.361300288437151e-05
}