{
    "KICp": 117.5883897695942,
    "KINp": 0.0120331831475178,
    "KOCp": 0.0103201919366811,
    "KONp": 0.0139579152880936,
    "KlossROSp": 1.1558841452355112e-06,
    "Koverflowp": 1.7143484935222215e-06,
    "KprodROSp": 2.025704273656145e-08,
    "Mp": 3.093676915162215e-06,
    "VmaxICp": 4.786230731654655e-05,
    "VmaxINp": 1.6364904807116785e-05,
    "VmaxOCp": 3.4796461302674057e-06,
    "VmaxONp": 6.97436530894688e-07,
    "gammaDp": 0.1431599958176779,
    "omegaP": 1.1785151866370187e-05
}