{
    "KICp": 80.0091217011386,
    "KINp": 0.0156340712649535,
    "KOCp": 0.0469791352661361,
    "KONp": 0.9537539521996514,
    "KlossROSp": 8.348238743808206e-06,
    "Koverflowp": 6.791101486018651e-07,
    "KprodROSp": 8.649315422374395e-10,
    "Mp": 4.130258870603664e-06,
    "VmaxICp": 4.410194489660939e-05,
    "VmaxINp": 2.3999118743779663e-05,
    "VmaxOCp": 1.6370313824774623e-05,
    "VmaxONp": 2.4312131534592404e-06,
    "gammaDp": 0.2938196704195446,
    "omegaP": 3.405555555555556e-05
}