{
    "KICp": 3.815905567182559,
    "KINp": 0.0042704583649334,
    "KOCp": 0.2303766177240606,
    "KONp": 0.1,
    "KlossROSp": 3.8445080086501977e-07,
    "Koverflowp": 2.462225786085678e-07,
    "KprodROSp": 2.0223700941004152e-08,
    "Mp": 1.090238335759761e-05,
    "VmaxICp": 3.684865926495748e-05,
    "VmaxINp": 4.449733021859655e-05,
    "VmaxOCp": 2.145920286737711e-06,
    "VmaxONp": 2.1672838550513823e-06,
    "gammaDp": 0.8,
    "omegaP": 3.827990209501989e-06
}