{
    "KICp": 109.888432707079,
    "KINp": 0.0042704583649334,
    "KOCp": 0.2303766177240606,
    "KONp": 0.1,
    "KlossROSp": 7.339354685457837e-07,
    "Koverflowp": 1.0487365198377643e-06,
    "KprodROSp": 9.870692191265493e-09,
    "Mp": 1.090238335759761e-05,
    "VmaxICp": 3.684865926495748e-05,
    "VmaxINp": 4.449733021859655e-05,
    "VmaxOCp": 2.145920286737711e-06,
    "VmaxONp": 4.404981177523197e-06,
    "gammaDp": 0.8,
    "omegaP": 3.827990209501989e-06
}