{
    "KICp": 8.188886587441608,
    "KINp": 0.1282999344985218,
    "KOCp": 0.03,
    "KONp": 0.0270486882824219,
    "KlossROSp": 2.258598150198108e-07,
    "Koverflowp": 3.796048313944978e-07,
    "KprodROSp": 2.942991330715189e-09,
    "Mp": 7.199692331278719e-06,
    "VmaxICp": 3.605894548890366e-05,
    "VmaxINp": 3.017596158393872e-05,
    "VmaxOCp": 4.149580415887396e-07,
    "VmaxONp": 1.1111111111111112e-06,
    "gammaDp": 0.1144156366309942,
    "omegaP": 3.405555555555556e-05
}