{
    "KICp": 35.85555490280642,
    "KINp": 0.02,
    "KOCp": 0.03,
    "KONp": 0.1,
    "KlossROSp": 2.30167175075228e-07,
    "Koverflowp": 1.1766249720205333e-07,
    "KprodROSp": 1.2477427897438876e-08,
    "Mp": 1.6073000968861754e-06,
    "VmaxICp": 3.528431831710585e-05,
    "VmaxINp": 2.6767472049989724e-05,
    "VmaxOCp": 1.0691476259420602e-06,
    "VmaxONp": 1.1111111111111112e-06,
    "gammaDp": 0.8,
    "omegaP": 3.405555555555556e-05
}