{
    "KICp": 34.748051805641595,
    "KINp": 0.0028518996514711,
    "KOCp": 0.0044353505216754,
    "KONp": 0.0182319370809448,
    "KlossROSp": 1.0119652573786069e-06,
    "Koverflowp": 3.102548176120647e-07,
    "KprodROSp": 2.362341108338292e-08,
    "Mp": 7.505797248608882e-06,
    "VmaxICp": 2.3306499633471013e-05,
    "VmaxINp": 2.990159579878185e-05,
    "VmaxOCp": 1.851851851851852e-06,
    "VmaxONp": 1.2047024978617564e-07,
    "gammaDp": 0.198778431262298,
    "omegaP": 5.874584932825296e-06
}