{
    "KICp": 6.377145494846073,
    "KINp": 0.02,
    "KOCp": 0.0242225455870348,
    "KONp": 0.4268118985849999,
    "KlossROSp": 1.956673654786862e-06,
    "Koverflowp": 1.157407407407407e-06,
    "KprodROSp": 2.303221271342869e-09,
    "Mp": 8.886659598870565e-06,
    "VmaxICp": 5.141348639047566e-05,
    "VmaxINp": 4.8617659378973445e-05,
    "VmaxOCp": 1.851851851851852e-06,
    "VmaxONp": 6.404541544714742e-07,
    "gammaDp": 0.1765261583086219,
    "omegaP": 1.0334849994055026e-05
}