{
    "KICp": 54.07059917059043,
    "KINp": 0.0581816899850019,
    "KOCp": 0.0114077507624849,
    "KONp": 0.0177209791593949,
    "KlossROSp": 9.597683047084823e-06,
    "Koverflowp": 7.091128663223277e-06,
    "KprodROSp": 1.591040882127976e-09,
    "Mp": 9.648666883808533e-06,
    "VmaxICp": 4.132693116867157e-05,
    "VmaxINp": 3.03853176080302e-05,
    "VmaxOCp": 3.5008173653748894e-06,
    "VmaxONp": 1.4472306824394237e-07,
    "gammaDp": 0.1085243851037283,
    "omegaP": 3.612860022376316e-05
}