{
    "KICp": 37.0,
    "KINp": 0.0105034418476604,
    "KOCp": 0.03,
    "KONp": 0.1352398041658214,
    "KlossROSp": 1.1592308348508282e-06,
    "Koverflowp": 4.652822581741209e-07,
    "KprodROSp": 9.140719825910566e-09,
    "Mp": 4.903650498710958e-06,
    "VmaxICp": 2.3602656988499887e-05,
    "VmaxINp": 3.6143141053645546e-05,
    "VmaxOCp": 1.851851851851852e-06,
    "VmaxONp": 9.476680492349756e-07,
    "gammaDp": 0.1889782903661347,
    "omegaP": 3.0701363414963144e-05
}