{
    "KICp": 180.72661518753225,
    "KINp": 0.0309019016126428,
    "KOCp": 0.03,
    "KONp": 0.8034285548943617,
    "KlossROSp": 1.956673654786862e-06,
    "Koverflowp": 4.306491865567353e-07,
    "KprodROSp": 4.696016771488469e-09,
    "Mp": 5.331508301349091e-06,
    "VmaxICp": 2.4898985541245324e-05,
    "VmaxINp": 5.156342605467471e-05,
    "VmaxOCp": 1.851851851851852e-06,
    "VmaxONp": 1.1111111111111112e-06,
    "gammaDp": 0.8119786771848335,
    "omegaP": 3.668107866081511e-05
}