{
    "KICp": 21.118165067687595,
    "KINp": 0.0581816899850019,
    "KOCp": 0.0114077507624849,
    "KONp": 0.0177209791593949,
    "KlossROSp": 1.956673654786862e-06,
    "Koverflowp": 2.870505273219171e-07,
    "KprodROSp": 1.591040882127976e-09,
    "Mp": 9.648666883808533e-06,
    "VmaxICp": 4.132693116867157e-05,
    "VmaxINp": 3.316424795180379e-05,
    "VmaxOCp": 3.350851517324021e-06,
    "VmaxONp": 3.337313493495625e-07,
    "gammaDp": 0.7245986921062194,
    "omegaP": 3.612860022376316e-05
}