{
    "KICp": 41.40294628444676,
    "KINp": 0.02,
    "KOCp": 0.1029661446860008,
    "KONp": 0.385208479401935,
    "KlossROSp": 8.403646426551446e-07,
    "Koverflowp": 1.157407407407407e-06,
    "KprodROSp": 5.645132105370916e-10,
    "Mp": 4.489284483461961e-06,
    "VmaxICp": 4.956640044716614e-05,
    "VmaxINp": 2.4179467709727003e-05,
    "VmaxOCp": 1.0438109728149515e-05,
    "VmaxONp": 1.1111111111111112e-06,
    "gammaDp": 0.6628335088105793,
    "omegaP": 9.46697115522937e-06
}