{
    "KICp": 296.597288260556,
    "KINp": 0.0749849590537401,
    "KOCp": 0.1099641690804714,
    "KONp": 0.1,
    "KlossROSp": 3.852223540984458e-06,
    "Koverflowp": 1.1198672955238576e-05,
    "KprodROSp": 4.696016771488469e-09,
    "Mp": 4.445440025822492e-06,
    "VmaxICp": 4.469457167684055e-05,
    "VmaxINp": 2.7100692106420543e-05,
    "VmaxOCp": 8.153560741070349e-06,
    "VmaxONp": 1.641246892286328e-07,
    "gammaDp": 0.2906603072933847,
    "omegaP": 5.747126494025563e-05
}