{
    "KICp": 180.72661518753225,
    "KINp": 0.0309019016126428,
    "KOCp": 0.053600765639579,
    "KONp": 0.8034285548943617,
    "KlossROSp": 1.956673654786862e-06,
    "Koverflowp": 4.900619502659397e-06,
    "KprodROSp": 6.525157571454194e-10,
    "Mp": 5.331508301349091e-06,
    "VmaxICp": 2.032840999039568e-05,
    "VmaxINp": 5.156342605467471e-05,
    "VmaxOCp": 1.851851851851852e-06,
    "VmaxONp": 1.1111111111111112e-06,
    "gammaDp": 0.3190030852723815,
    "omegaP": 3.765332607137531e-06
}