{
    "KICp": 6.377145494846073,
    "KINp": 0.1491876484376931,
    "KOCp": 0.0242225455870348,
    "KONp": 0.4268118985849999,
    "KlossROSp": 1.956673654786862e-06,
    "Koverflowp": 1.5561396748663196e-06,
    "KprodROSp": 1.21437485172594e-08,
    "Mp": 8.886659598870565e-06,
    "VmaxICp": 4.095092273824524e-05,
    "VmaxINp": 4.8617659378973445e-05,
    "VmaxOCp": 1.851851851851852e-06,
    "VmaxONp": 1.446840383934011e-06,
    "gammaDp": 0.1765261583086219,
    "omegaP": 9.203852565814574e-06
}