{
    "KICp": 5.0453896865970655,
    "KINp": 0.02,
    "KOCp": 0.0231133056365133,
    "KONp": 0.8701627772993126,
    "KlossROSp": 1.956673654786862e-06,
    "Koverflowp": 8.947184567319958e-06,
    "KprodROSp": 4.237570650209456e-08,
    "Mp": 7.119495205368296e-06,
    "VmaxICp": 2.622591261907296e-05,
    "VmaxINp": 2.24532741345881e-05,
    "VmaxOCp": 8.856195238154023e-06,
    "VmaxONp": 1.3539109566409185e-07,
    "gammaDp": 0.8,
    "omegaP": 7.588340752189253e-06
}