{
    "KICp": 44.00835421324018,
    "KINp": 0.02,
    "KOCp": 0.03,
    "KONp": 0.1,
    "KlossROSp": 2.30167175075228e-07,
    "Koverflowp": 1.98732049894232e-07,
    "KprodROSp": 3.967126921520615e-08,
    "Mp": 8.989274075556649e-07,
    "VmaxICp": 2.138227223970231e-05,
    "VmaxINp": 2.6767472049989724e-05,
    "VmaxOCp": 1.0691476259420602e-06,
    "VmaxONp": 1.1111111111111112e-06,
    "gammaDp": 0.8,
    "omegaP": 3.405555555555556e-05
}