{
    "KICp": 4.169214884606049,
    "KINp": 0.0196641741238117,
    "KOCp": 0.0513648050870184,
    "KONp": 0.0121817484420938,
    "KlossROSp": 6.914568674666168e-07,
    "Koverflowp": 1.3990712665099113e-07,
    "KprodROSp": 9.037752286629022e-09,
    "Mp": 3.7328652814558215e-06,
    "VmaxICp": 5.345345115208815e-05,
    "VmaxINp": 2.164516588200421e-05,
    "VmaxOCp": 1.2556537232514742e-06,
    "VmaxONp": 1.0836045164743602e-06,
    "gammaDp": 0.3434361646427442,
    "omegaP": 2.2630262717328068e-05
}