{
    "KICp": 296.597288260556,
    "KINp": 0.1749298358260796,
    "KOCp": 0.0341494240886756,
    "KONp": 0.1,
    "KlossROSp": 3.852223540984458e-06,
    "Koverflowp": 1.157407407407407e-06,
    "KprodROSp": 4.696016771488469e-09,
    "Mp": 4.445440025822492e-06,
    "VmaxICp": 5.005300467211932e-05,
    "VmaxINp": 2.7100692106420543e-05,
    "VmaxOCp": 1.851851851851852e-06,
    "VmaxONp": 1.0616172665343976e-06,
    "gammaDp": 0.3021786341564295,
    "omegaP": 5.747126494025563e-05
}