{
    "KICp": 40.32328903599052,
    "KINp": 0.0120331831475178,
    "KOCp": 0.0887568514295365,
    "KONp": 0.0139579152880936,
    "KlossROSp": 1.1558841452355112e-06,
    "Koverflowp": 2.8451036414995547e-06,
    "KprodROSp": 6.75838048009045e-10,
    "Mp": 3.093676915162215e-06,
    "VmaxICp": 4.786230731654655e-05,
    "VmaxINp": 1.6364904807116785e-05,
    "VmaxOCp": 1.851851851851852e-06,
    "VmaxONp": 6.97436530894688e-07,
    "gammaDp": 0.1431599958176779,
    "omegaP": 1.2886311700892146e-05
}