{
    "KICp": 87.62336238827342,
    "KINp": 0.0156340712649535,
    "KOCp": 0.0469791352661361,
    "KONp": 0.2580732687059713,
    "KlossROSp": 8.348238743808206e-06,
    "Koverflowp": 6.791101486018651e-07,
    "KprodROSp": 8.649315422374395e-10,
    "Mp": 4.130258870603664e-06,
    "VmaxICp": 3.988199477667029e-05,
    "VmaxINp": 2.3999118743779663e-05,
    "VmaxOCp": 1.7839718091495133e-06,
    "VmaxONp": 3.023142445095991e-07,
    "gammaDp": 0.2938196704195446,
    "omegaP": 3.405555555555556e-05
}