{
    "KICp": 23.66002757082421,
    "KINp": 0.0314644275662918,
    "KOCp": 0.0057621804338936,
    "KONp": 0.8474478437090761,
    "KlossROSp": 3.366597581706668e-07,
    "Koverflowp": 4.301946253290651e-06,
    "KprodROSp": 3.856575987946167e-08,
    "Mp": 5.326076827568761e-06,
    "VmaxICp": 2.7308660581655145e-05,
    "VmaxINp": 3.49879953120525e-05,
    "VmaxOCp": 1.332605766505256e-06,
    "VmaxONp": 2.57815208004527e-06,
    "gammaDp": 0.5207437932839851,
    "omegaP": 3.7184050935496617e-06
}