{
    "KICp": 12.796555548585916,
    "KINp": 0.02,
    "KOCp": 0.2960969233918447,
    "KONp": 0.126635715258787,
    "KlossROSp": 2.071462012019996e-06,
    "Koverflowp": 8.538273758193794e-06,
    "KprodROSp": 1.6950917869968547e-09,
    "Mp": 7.119495205368296e-06,
    "VmaxICp": 2.622591261907296e-05,
    "VmaxINp": 2.24532741345881e-05,
    "VmaxOCp": 4.721376738790813e-07,
    "VmaxONp": 4.400700893948549e-07,
    "gammaDp": 0.8,
    "omegaP": 7.588340752189253e-06
}