{
    "KICp": 80.0091217011386,
    "KINp": 0.0156340712649535,
    "KOCp": 0.0469791352661361,
    "KONp": 0.2580732687059713,
    "KlossROSp": 3.791411268263556e-07,
    "Koverflowp": 6.791101486018651e-07,
    "KprodROSp": 8.649315422374395e-10,
    "Mp": 9.075925632584956e-06,
    "VmaxICp": 3.988199477667029e-05,
    "VmaxINp": 2.3999118743779663e-05,
    "VmaxOCp": 1.0030286798080628e-06,
    "VmaxONp": 6.501817434408648e-06,
    "gammaDp": 0.2938196704195446,
    "omegaP": 2.1326115687504625e-05
}