{
    "KICp": 21.118165067687595,
    "KINp": 0.0031206154089101,
    "KOCp": 0.0114077507624849,
    "KONp": 0.7393616713267158,
    "KlossROSp": 1.956673654786862e-06,
    "Koverflowp": 7.091128663223277e-06,
    "KprodROSp": 1.591040882127976e-09,
    "Mp": 9.153000392402658e-06,
    "VmaxICp": 4.132693116867157e-05,
    "VmaxINp": 3.316424795180379e-05,
    "VmaxOCp": 3.5008173653748894e-06,
    "VmaxONp": 3.337313493495625e-07,
    "gammaDp": 0.1085243851037283,
    "omegaP": 3.612860022376316e-05
}