{
    "KICp": 4.27184042293524,
    "KINp": 0.0749849590537401,
    "KOCp": 0.1099641690804714,
    "KONp": 0.274229396718308,
    "KlossROSp": 3.852223540984458e-06,
    "Koverflowp": 1.157407407407407e-06,
    "KprodROSp": 5.715245086726443e-10,
    "Mp": 4.445440025822492e-06,
    "VmaxICp": 5.005300467211932e-05,
    "VmaxINp": 2.7100692106420543e-05,
    "VmaxOCp": 1.851851851851852e-06,
    "VmaxONp": 1.1111111111111112e-06,
    "gammaDp": 0.861298175391827,
    "omegaP": 5.747126494025563e-05
}