{
    "KICp": 4.9668525964257935,
    "KINp": 0.0204579209767189,
    "KOCp": 0.2947388218686327,
    "KONp": 0.0142887496606892,
    "KlossROSp": 4.946829185378155e-07,
    "Koverflowp": 7.65569335054907e-06,
    "KprodROSp": 5.241884928481577e-09,
    "Mp": 3.679072822704766e-06,
    "VmaxICp": 3.769439082715441e-05,
    "VmaxINp": 4.750531126126968e-05,
    "VmaxOCp": 2.7099095537467166e-06,
    "VmaxONp": 7.85552633872865e-07,
    "gammaDp": 0.8,
    "omegaP": 3.405555555555556e-05
}