{
    "KICp": 296.597288260556,
    "KINp": 0.0749849590537401,
    "KOCp": 0.0076768197649037,
    "KONp": 0.1,
    "KlossROSp": 7.0721044927954124e-06,
    "Koverflowp": 1.157407407407407e-06,
    "KprodROSp": 4.696016771488469e-09,
    "Mp": 4.445440025822492e-06,
    "VmaxICp": 5.005300467211932e-05,
    "VmaxINp": 3.032080578014092e-05,
    "VmaxOCp": 1.851851851851852e-06,
    "VmaxONp": 1.1111111111111112e-06,
    "gammaDp": 0.2906603072933847,
    "omegaP": 0.0001175216859443
}