{
    "KICp": 24.307027743930394,
    "KINp": 0.0080822735038417,
    "KOCp": 0.03,
    "KONp": 0.0688983004466157,
    "KlossROSp": 1.174656302621738e-06,
    "Koverflowp": 3.887142164728262e-06,
    "KprodROSp": 2.282242910130209e-09,
    "Mp": 3.5021683056349683e-06,
    "VmaxICp": 2.986346013348826e-05,
    "VmaxINp": 3.3931672493125176e-05,
    "VmaxOCp": 2.854758838010209e-07,
    "VmaxONp": 1.452767003834468e-07,
    "gammaDp": 0.2772370250142525,
    "omegaP": 6.442366426823084e-05
}