{
    "KICp": 50.531521258620565,
    "KINp": 0.0052706377379512,
    "KOCp": 0.004422144446372,
    "KONp": 0.1,
    "KlossROSp": 4.996746353045992e-06,
    "Koverflowp": 1.157407407407407e-06,
    "KprodROSp": 1.8182703987196203e-08,
    "Mp": 2.9635731797088854e-06,
    "VmaxICp": 2.823524010884514e-05,
    "VmaxINp": 2.253768631978217e-05,
    "VmaxOCp": 1.851851851851852e-06,
    "VmaxONp": 1.1111111111111112e-06,
    "gammaDp": 0.8023345888901864,
    "omegaP": 3.357171772844304e-05
}