{
    "KICp": 69.0463900516897,
    "KINp": 0.1861013516239918,
    "KOCp": 0.251967208991405,
    "KONp": 0.2322713825221676,
    "KlossROSp": 5.901397138926138e-07,
    "Koverflowp": 3.002684755404714e-06,
    "KprodROSp": 4.696016771488469e-09,
    "Mp": 3.6479298614460777e-06,
    "VmaxICp": 3.374206078784359e-05,
    "VmaxINp": 1.5469024728896543e-05,
    "VmaxOCp": 4.874441206306129e-06,
    "VmaxONp": 1.118222957250837e-06,
    "gammaDp": 0.4264972271291248,
    "omegaP": 5.236421918090881e-06
}