{
    "KICp": 248.2044629505183,
    "KINp": 0.0065794510468425,
    "KOCp": 0.105302637008844,
    "KONp": 0.0173723374764188,
    "KlossROSp": 1.5789386218259808e-06,
    "Koverflowp": 7.4865448363538995e-06,
    "KprodROSp": 6.914804165733338e-09,
    "Mp": 3.1038630958655407e-06,
    "VmaxICp": 3.334403786116425e-05,
    "VmaxINp": 2.041165021839531e-05,
    "VmaxOCp": 2.284959711747899e-06,
    "VmaxONp": 2.451775742085822e-07,
    "gammaDp": 0.7146016342591874,
    "omegaP": 3.405555555555556e-05
}