{
    "KICp": 180.72661518753225,
    "KINp": 0.0309019016126428,
    "KOCp": 0.03,
    "KONp": 0.4652927640711767,
    "KlossROSp": 1.956673654786862e-06,
    "Koverflowp": 1.157407407407407e-06,
    "KprodROSp": 3.3943726043967834e-08,
    "Mp": 5.331508301349091e-06,
    "VmaxICp": 2.4898985541245324e-05,
    "VmaxINp": 4.29004283300944e-05,
    "VmaxOCp": 5.710425542300983e-07,
    "VmaxONp": 1.1111111111111112e-06,
    "gammaDp": 0.3190030852723815,
    "omegaP": 3.765332607137531e-06
}