{
    "KICp": 3.7616092569646056,
    "KINp": 0.0204579209767189,
    "KOCp": 0.2947388218686327,
    "KONp": 0.8553084816341312,
    "KlossROSp": 4.946829185378155e-07,
    "Koverflowp": 7.635170058726596e-06,
    "KprodROSp": 8.480151747304554e-09,
    "Mp": 3.679072822704766e-06,
    "VmaxICp": 3.769439082715441e-05,
    "VmaxINp": 4.750531126126968e-05,
    "VmaxOCp": 2.7099095537467166e-06,
    "VmaxONp": 3.5822666728678007e-06,
    "gammaDp": 0.4185493475270921,
    "omegaP": 3.405555555555556e-05
}