{
    "KICp": 20.86995533380037,
    "KINp": 0.02,
    "KOCp": 0.0991802889398734,
    "KONp": 0.1181985464647527,
    "KlossROSp": 1.956673654786862e-06,
    "Koverflowp": 1.157407407407407e-06,
    "KprodROSp": 4.696016771488469e-09,
    "Mp": 5.162790663660873e-06,
    "VmaxICp": 3.2139489313125376e-05,
    "VmaxINp": 2.2683696537376103e-05,
    "VmaxOCp": 9.89603543599231e-06,
    "VmaxONp": 1.4754115065992327e-06,
    "gammaDp": 0.8,
    "omegaP": 1.9696248576465143e-05
}