{
    "KICp": 265.6104906553958,
    "KINp": 0.0772581519844447,
    "KOCp": 0.0451069769101537,
    "KONp": 0.1,
    "KlossROSp": 1.0865093954318848e-05,
    "Koverflowp": 3.431032109168751e-07,
    "KprodROSp": 3.283534386710711e-09,
    "Mp": 4.03968217709858e-06,
    "VmaxICp": 2.6716394980689963e-05,
    "VmaxINp": 2.0389239471664745e-05,
    "VmaxOCp": 8.82516783156628e-07,
    "VmaxONp": 6.581892001360685e-06,
    "gammaDp": 0.1975388673776753,
    "omegaP": 3.405555555555556e-05
}