{
    "KICp": 8.954792750393976,
    "KINp": 0.004883263922696,
    "KOCp": 0.03,
    "KONp": 0.2970512427290804,
    "KlossROSp": 2.258598150198108e-07,
    "Koverflowp": 3.796048313944978e-07,
    "KprodROSp": 2.8090405662961903e-09,
    "Mp": 7.199692331278719e-06,
    "VmaxICp": 2.986982495274265e-05,
    "VmaxINp": 3.533681872823324e-05,
    "VmaxOCp": 8.427807241233176e-06,
    "VmaxONp": 1.1111111111111112e-06,
    "gammaDp": 0.1144156366309942,
    "omegaP": 3.405555555555556e-05
}