{
    "KICp": 248.2044629505183,
    "KINp": 0.0065794510468425,
    "KOCp": 0.105302637008844,
    "KONp": 0.0719949993280134,
    "KlossROSp": 1.5789386218259808e-06,
    "Koverflowp": 2.149002302860122e-06,
    "KprodROSp": 4.696016771488469e-09,
    "Mp": 3.5306583186728624e-06,
    "VmaxICp": 4.128905294573414e-05,
    "VmaxINp": 2.041165021839531e-05,
    "VmaxOCp": 2.284959711747899e-06,
    "VmaxONp": 6.679642701382577e-07,
    "gammaDp": 0.7146016342591874,
    "omegaP": 3.405555555555556e-05
}