{
    "KICp": 33.78787217332647,
    "KINp": 0.0194599410062279,
    "KOCp": 0.004422144446372,
    "KONp": 0.1,
    "KlossROSp": 4.996746353045992e-06,
    "Koverflowp": 1.157407407407407e-06,
    "KprodROSp": 1.8182703987196203e-08,
    "Mp": 2.9635731797088854e-06,
    "VmaxICp": 2.6407336244778243e-05,
    "VmaxINp": 2.5928914160950924e-05,
    "VmaxOCp": 2.400338954872263e-07,
    "VmaxONp": 1.1111111111111112e-06,
    "gammaDp": 0.3238068464361235,
    "omegaP": 2.593884162195342e-05
}