{
    "KICp": 3.815905567182559,
    "KINp": 0.0128698595214935,
    "KOCp": 0.2303766177240606,
    "KONp": 0.1,
    "KlossROSp": 7.339354685457837e-07,
    "Koverflowp": 1.0487365198377643e-06,
    "KprodROSp": 4.696016771488469e-09,
    "Mp": 5.961668344967329e-06,
    "VmaxICp": 3.684865926495748e-05,
    "VmaxINp": 1.9684396280305025e-05,
    "VmaxOCp": 1.924303607576187e-07,
    "VmaxONp": 2.1672838550513823e-06,
    "gammaDp": 0.8,
    "omegaP": 3.827990209501989e-06
}