{
    "KICp": 45.39634689597677,
    "KINp": 0.0072339876199896,
    "KOCp": 0.005283606763689,
    "KONp": 0.7789199724636076,
    "KlossROSp": 1.7829003340027075e-05,
    "Koverflowp": 1.157407407407407e-06,
    "KprodROSp": 2.8900170925176263e-09,
    "Mp": 6.329743416959973e-06,
    "VmaxICp": 4.433494497850212e-05,
    "VmaxINp": 2.070436465141414e-05,
    "VmaxOCp": 8.072437606406824e-07,
    "VmaxONp": 1.4860144016145602e-07,
    "gammaDp": 0.4265743689609266,
    "omegaP": 7.854653787859982e-06
}