{
    "KICp": 175.86522076737478,
    "KINp": 0.004883263922696,
    "KOCp": 0.03,
    "KONp": 0.2970512427290804,
    "KlossROSp": 1.5133337089621696e-06,
    "Koverflowp": 1.0135176402166814e-06,
    "KprodROSp": 2.8090405662961903e-09,
    "Mp": 7.199692331278719e-06,
    "VmaxICp": 3.605894548890366e-05,
    "VmaxINp": 3.017596158393872e-05,
    "VmaxOCp": 1.0388795536138966e-06,
    "VmaxONp": 1.1111111111111112e-06,
    "gammaDp": 0.1144156366309942,
    "omegaP": 3.405555555555556e-05
}