{
    "KICp": 61.49846898116845,
    "KINp": 0.0083511082467984,
    "KOCp": 0.0057621804338936,
    "KONp": 0.0511604060054435,
    "KlossROSp": 6.248509596811233e-06,
    "Koverflowp": 4.301946253290651e-06,
    "KprodROSp": 3.856575987946167e-08,
    "Mp": 5.326076827568761e-06,
    "VmaxICp": 3.085481744759402e-05,
    "VmaxINp": 3.49879953120525e-05,
    "VmaxOCp": 1.332605766505256e-06,
    "VmaxONp": 2.57815208004527e-06,
    "gammaDp": 0.5207437932839851,
    "omegaP": 3.58814815042968e-06
}