{
    "KICp": 4.169214884606049,
    "KINp": 0.0196641741238117,
    "KOCp": 0.03,
    "KONp": 0.0121817484420938,
    "KlossROSp": 6.914568674666168e-07,
    "Koverflowp": 1.3990712665099113e-07,
    "KprodROSp": 1.6511480718925404e-09,
    "Mp": 3.7328652814558215e-06,
    "VmaxICp": 1.8634794467426675e-05,
    "VmaxINp": 2.164516588200421e-05,
    "VmaxOCp": 4.768346731879637e-06,
    "VmaxONp": 1.0836045164743602e-06,
    "gammaDp": 0.1508783624377876,
    "omegaP": 1.0785313808246054e-05
}