{
    "KICp": 12.075411759559714,
    "KINp": 0.0282464143756548,
    "KOCp": 0.0052127077417174,
    "KONp": 0.1,
    "KlossROSp": 1.1717020683623042e-05,
    "Koverflowp": 2.084788584765309e-06,
    "KprodROSp": 8.496041626944011e-10,
    "Mp": 7.026852774240835e-06,
    "VmaxICp": 5.4089172384835095e-05,
    "VmaxINp": 2.36108567808712e-05,
    "VmaxOCp": 9.997438929651696e-06,
    "VmaxONp": 2.85579942281781e-07,
    "gammaDp": 0.2316388041890067,
    "omegaP": 0.0001002755033131
}