{
    "KICp": 7.31926203857942,
    "KINp": 0.0040922018932692,
    "KOCp": 0.1520007570909116,
    "KONp": 0.8701627772993126,
    "KlossROSp": 1.956673654786862e-06,
    "Koverflowp": 8.538273758193794e-06,
    "KprodROSp": 1.6950917869968547e-09,
    "Mp": 7.119495205368296e-06,
    "VmaxICp": 2.622591261907296e-05,
    "VmaxINp": 2.24532741345881e-05,
    "VmaxOCp": 4.721376738790813e-07,
    "VmaxONp": 1.3539109566409185e-07,
    "gammaDp": 0.8,
    "omegaP": 7.588340752189253e-06
}