{
    "KICp": 22.397460858544523,
    "KINp": 0.0072339876199896,
    "KOCp": 0.005283606763689,
    "KONp": 0.0138072521639592,
    "KlossROSp": 1.8215798872308847e-06,
    "Koverflowp": 2.1761095400003554e-06,
    "KprodROSp": 4.031479735236643e-09,
    "Mp": 6.329743416959973e-06,
    "VmaxICp": 4.433494497850212e-05,
    "VmaxINp": 2.070436465141414e-05,
    "VmaxOCp": 1.3784377541866202e-06,
    "VmaxONp": 1.4860144016145602e-07,
    "gammaDp": 0.4265743689609266,
    "omegaP": 7.854653787859982e-06
}