{
    "KICp": 117.5883897695942,
    "KINp": 0.0253860235367373,
    "KOCp": 0.018194015799001,
    "KONp": 0.0139579152880936,
    "KlossROSp": 1.1558841452355112e-06,
    "Koverflowp": 1.7143484935222215e-06,
    "KprodROSp": 6.75838048009045e-10,
    "Mp": 3.093676915162215e-06,
    "VmaxICp": 4.786230731654655e-05,
    "VmaxINp": 1.6364904807116785e-05,
    "VmaxOCp": 1.4452894140890518e-05,
    "VmaxONp": 2.234833664472289e-07,
    "gammaDp": 0.3302953715500337,
    "omegaP": 1.1785151866370187e-05
}