{
    "KICp": 23.79213271482557,
    "KINp": 0.004883263922696,
    "KOCp": 0.03,
    "KONp": 0.2970512427290804,
    "KlossROSp": 2.258598150198108e-07,
    "Koverflowp": 3.796048313944978e-07,
    "KprodROSp": 2.8090405662961903e-09,
    "Mp": 7.199692331278719e-06,
    "VmaxICp": 3.605894548890366e-05,
    "VmaxINp": 3.017596158393872e-05,
    "VmaxOCp": 3.269376884408797e-07,
    "VmaxONp": 1.902594801058914e-07,
    "gammaDp": 0.1144156366309942,
    "omegaP": 3.405555555555556e-05
}