{
    "KICp": 11.5779469798573,
    "KINp": 0.0077754177156217,
    "KOCp": 0.0236991820352445,
    "KONp": 0.1,
    "KlossROSp": 2.010951397097291e-07,
    "Koverflowp": 4.7598225529149154e-07,
    "KprodROSp": 3.596935795950805e-08,
    "Mp": 3.0717476766424975e-07,
    "VmaxICp": 1.2549353815873362e-05,
    "VmaxINp": 2.879998369076147e-05,
    "VmaxOCp": 1.851851851851852e-06,
    "VmaxONp": 3.406758122884076e-06,
    "gammaDp": 0.7754037281651297,
    "omegaP": 5.010578001192808e-05
}