{
    "KICp": 9.06552728017158,
    "KINp": 0.0838275460945165,
    "KOCp": 0.03,
    "KONp": 0.1473735774204415,
    "KlossROSp": 4.079801678564134e-07,
    "Koverflowp": 2.740974651118364e-07,
    "KprodROSp": 2.8714810818553752e-08,
    "Mp": 3.03506968201231e-06,
    "VmaxICp": 2.456918019438875e-05,
    "VmaxINp": 2.395862975639065e-05,
    "VmaxOCp": 5.079230578670581e-07,
    "VmaxONp": 7.500808186666895e-07,
    "gammaDp": 0.6371664244476813,
    "omegaP": 3.405555555555556e-05
}