{
    "KICp": 8.188886587441608,
    "KINp": 0.004883263922696,
    "KOCp": 0.03,
    "KONp": 0.172006724029032,
    "KlossROSp": 2.342618784656754e-06,
    "Koverflowp": 6.7328769515242646e-06,
    "KprodROSp": 9.175428472231915e-10,
    "Mp": 7.199692331278719e-06,
    "VmaxICp": 3.605894548890366e-05,
    "VmaxINp": 3.017596158393872e-05,
    "VmaxOCp": 8.427807241233176e-06,
    "VmaxONp": 1.1111111111111112e-06,
    "gammaDp": 0.1144156366309942,
    "omegaP": 3.405555555555556e-05
}