{
    "KICp": 64.89655193943692,
    "KINp": 0.0194599410062279,
    "KOCp": 0.0034004796683773,
    "KONp": 0.1,
    "KlossROSp": 3.943334457183691e-06,
    "Koverflowp": 1.157407407407407e-06,
    "KprodROSp": 1.8182703987196203e-08,
    "Mp": 2.9635731797088854e-06,
    "VmaxICp": 2.823524010884514e-05,
    "VmaxINp": 2.253768631978217e-05,
    "VmaxOCp": 4.788359694745476e-06,
    "VmaxONp": 1.1111111111111112e-06,
    "gammaDp": 0.3238068464361235,
    "omegaP": 4.307818936894686e-05
}