{
    "KICp": 37.0,
    "KINp": 0.0133562319122745,
    "KOCp": 0.0583187944083458,
    "KONp": 0.0201732461670926,
    "KlossROSp": 6.734756588198805e-06,
    "Koverflowp": 1.0616965716236258e-06,
    "KprodROSp": 2.224812081155973e-09,
    "Mp": 2.949257628691525e-06,
    "VmaxICp": 2.576706441690187e-05,
    "VmaxINp": 3.534305902143199e-05,
    "VmaxOCp": 2.349215460401656e-06,
    "VmaxONp": 1.159493334205109e-06,
    "gammaDp": 0.1487174716955855,
    "omegaP": 5.334363937972651e-05
}