{
    "KICp": 34.748051805641595,
    "KINp": 0.0028518996514711,
    "KOCp": 0.0035428214520067,
    "KONp": 0.0182319370809448,
    "KlossROSp": 1.0119652573786069e-06,
    "Koverflowp": 3.102548176120647e-07,
    "KprodROSp": 2.362341108338292e-08,
    "Mp": 7.505797248608882e-06,
    "VmaxICp": 5.032121359571725e-05,
    "VmaxINp": 2.122893359390167e-05,
    "VmaxOCp": 1.851851851851852e-06,
    "VmaxONp": 1.6999941136807769e-07,
    "gammaDp": 0.5648824224045723,
    "omegaP": 3.47078306119953e-06
}