{
    "KICp": 50.69058722017855,
    "KINp": 0.0204579209767189,
    "KOCp": 0.2947388218686327,
    "KONp": 0.0142887496606892,
    "KlossROSp": 4.946829185378155e-07,
    "Koverflowp": 2.997286573613419e-07,
    "KprodROSp": 8.480151747304554e-09,
    "Mp": 3.679072822704766e-06,
    "VmaxICp": 3.769439082715441e-05,
    "VmaxINp": 4.750531126126968e-05,
    "VmaxOCp": 1.7800158500915268e-06,
    "VmaxONp": 1.1365473097307629e-07,
    "gammaDp": 0.8,
    "omegaP": 3.405555555555556e-05
}