{
    "KICp": 114.74159616712592,
    "KINp": 0.1205476727799515,
    "KOCp": 0.0484019743150141,
    "KONp": 0.1,
    "KlossROSp": 1.1717020683623042e-05,
    "Koverflowp": 2.981254219560048e-06,
    "KprodROSp": 8.496041626944011e-10,
    "Mp": 7.026852774240835e-06,
    "VmaxICp": 5.4089172384835095e-05,
    "VmaxINp": 2.36108567808712e-05,
    "VmaxOCp": 4.2769338155606963e-07,
    "VmaxONp": 2.85579942281781e-07,
    "gammaDp": 0.5206667843910948,
    "omegaP": 0.0001002755033131
}