{
    "KICp": 4.235866343681353,
    "KINp": 0.0080822735038417,
    "KOCp": 0.0457913960403412,
    "KONp": 0.2562056288274509,
    "KlossROSp": 3.031790286921718e-06,
    "Koverflowp": 3.887142164728262e-06,
    "KprodROSp": 1.160509968157186e-09,
    "Mp": 3.5021683056349683e-06,
    "VmaxICp": 2.986346013348826e-05,
    "VmaxINp": 3.3931672493125176e-05,
    "VmaxOCp": 2.854758838010209e-07,
    "VmaxONp": 1.452767003834468e-07,
    "gammaDp": 0.2480946540631057,
    "omegaP": 6.442366426823084e-05
}