{
    "KICp": 21.118165067687595,
    "KINp": 0.0581816899850019,
    "KOCp": 0.159711952168485,
    "KONp": 0.7496076476658299,
    "KlossROSp": 1.956673654786862e-06,
    "Koverflowp": 2.283565190627823e-06,
    "KprodROSp": 8.02744172180093e-09,
    "Mp": 9.648666883808533e-06,
    "VmaxICp": 4.132693116867157e-05,
    "VmaxINp": 3.316424795180379e-05,
    "VmaxOCp": 3.5008173653748894e-06,
    "VmaxONp": 3.337313493495625e-07,
    "gammaDp": 0.1085243851037283,
    "omegaP": 3.612860022376316e-05
}