{
    "KICp": 38.23234662211291,
    "KINp": 0.0694306926181919,
    "KOCp": 0.03,
    "KONp": 0.9205253069995128,
    "KlossROSp": 4.079801678564134e-07,
    "Koverflowp": 2.9768538920917107e-06,
    "KprodROSp": 2.8714810818553752e-08,
    "Mp": 3.03506968201231e-06,
    "VmaxICp": 2.456918019438875e-05,
    "VmaxINp": 2.36914409648762e-05,
    "VmaxOCp": 1.7478685625487456e-05,
    "VmaxONp": 7.500808186666895e-07,
    "gammaDp": 0.4892821429176954,
    "omegaP": 3.405555555555556e-05
}