{
    "KICp": 13.56553662740615,
    "KINp": 0.0083511082467984,
    "KOCp": 0.0057621804338936,
    "KONp": 0.0278009253878135,
    "KlossROSp": 1.956673654786862e-06,
    "Koverflowp": 4.301946253290651e-06,
    "KprodROSp": 3.856575987946167e-08,
    "Mp": 5.326076827568761e-06,
    "VmaxICp": 2.7308660581655145e-05,
    "VmaxINp": 4.253074602731536e-05,
    "VmaxOCp": 1.332605766505256e-06,
    "VmaxONp": 2.57815208004527e-06,
    "gammaDp": 0.3435057710281637,
    "omegaP": 3.7184050935496617e-06
}