{
    "KICp": 25.38500186769015,
    "KINp": 0.0772581519844447,
    "KOCp": 0.03,
    "KONp": 0.1,
    "KlossROSp": 1.0865093954318848e-05,
    "Koverflowp": 3.651350793088716e-07,
    "KprodROSp": 3.990811889874953e-09,
    "Mp": 4.03968217709858e-06,
    "VmaxICp": 2.6716394980689963e-05,
    "VmaxINp": 2.0389239471664745e-05,
    "VmaxOCp": 8.82516783156628e-07,
    "VmaxONp": 1.889462594650919e-07,
    "gammaDp": 0.8082178759911488,
    "omegaP": 3.405555555555556e-05
}