{
    "KICp": 80.0091217011386,
    "KINp": 0.0156340712649535,
    "KOCp": 0.0469791352661361,
    "KONp": 0.2580732687059713,
    "KlossROSp": 8.348238743808206e-06,
    "Koverflowp": 1.566234608980178e-07,
    "KprodROSp": 8.649315422374395e-10,
    "Mp": 4.130258870603664e-06,
    "VmaxICp": 3.988199477667029e-05,
    "VmaxINp": 2.3999118743779663e-05,
    "VmaxOCp": 2.5949522593193914e-06,
    "VmaxONp": 1.4524031554938758e-07,
    "gammaDp": 0.2938196704195446,
    "omegaP": 1.996750904887617e-05
}