{
    "KICp": 4.661267706514879,
    "KINp": 0.0393106718296597,
    "KOCp": 0.03,
    "KONp": 0.0987311649910834,
    "KlossROSp": 4.955820626749251e-06,
    "Koverflowp": 1.928341513390694e-07,
    "KprodROSp": 2.583616480476785e-09,
    "Mp": 3.5775510759892e-06,
    "VmaxICp": 1.6426405199816596e-05,
    "VmaxINp": 3.620670441718142e-05,
    "VmaxOCp": 4.862696456907594e-06,
    "VmaxONp": 1.1111111111111112e-06,
    "gammaDp": 0.2933258821417005,
    "omegaP": 3.405555555555556e-05
}