{
    "KICp": 36.07324110006765,
    "KINp": 0.0182936140016878,
    "KOCp": 0.03,
    "KONp": 0.0870071595033796,
    "KlossROSp": 1.956673654786862e-06,
    "Koverflowp": 2.439897046662746e-07,
    "KprodROSp": 2.639624311131128e-09,
    "Mp": 1.0928122546743042e-05,
    "VmaxICp": 4.009673088666748e-05,
    "VmaxINp": 2.857052703945267e-05,
    "VmaxOCp": 7.562099047449546e-06,
    "VmaxONp": 1.1111111111111112e-06,
    "gammaDp": 0.1193269616566416,
    "omegaP": 9.022577890493452e-06
}