{
    "KICp": 38.23234662211291,
    "KINp": 0.0694306926181919,
    "KOCp": 0.03,
    "KONp": 0.0114239607107786,
    "KlossROSp": 4.079801678564134e-07,
    "Koverflowp": 4.250246252723378e-07,
    "KprodROSp": 2.8714810818553752e-08,
    "Mp": 4.243460128362489e-06,
    "VmaxICp": 2.456918019438875e-05,
    "VmaxINp": 2.395862975639065e-05,
    "VmaxOCp": 1.0994272996689932e-06,
    "VmaxONp": 7.500808186666895e-07,
    "gammaDp": 0.4892821429176954,
    "omegaP": 3.405555555555556e-05
}