{
    "KICp": 255.6823189500264,
    "KINp": 0.0077754177156217,
    "KOCp": 0.008850188811701,
    "KONp": 0.0571395102936472,
    "KlossROSp": 2.010951397097291e-07,
    "Koverflowp": 1.157407407407407e-06,
    "KprodROSp": 3.596935795950805e-08,
    "Mp": 3.0717476766424975e-07,
    "VmaxICp": 1.2549353815873362e-05,
    "VmaxINp": 2.879998369076147e-05,
    "VmaxOCp": 1.436737746122313e-05,
    "VmaxONp": 1.3635230721340057e-06,
    "gammaDp": 0.7754037281651297,
    "omegaP": 4.361300288437151e-05
}