{
    "KICp": 37.0,
    "KINp": 0.0809783453961436,
    "KOCp": 0.0583187944083458,
    "KONp": 0.0201732461670926,
    "KlossROSp": 6.734756588198805e-06,
    "Koverflowp": 2.9664175733586407e-06,
    "KprodROSp": 1.439134331856792e-09,
    "Mp": 2.949257628691525e-06,
    "VmaxICp": 2.576706441690187e-05,
    "VmaxINp": 3.534305902143199e-05,
    "VmaxOCp": 2.0683872456008145e-07,
    "VmaxONp": 3.387528172465445e-07,
    "gammaDp": 0.3081605650651244,
    "omegaP": 5.334363937972651e-05
}