{
    "KICp": 10.09015872023305,
    "KINp": 0.0204579209767189,
    "KOCp": 0.2947388218686327,
    "KONp": 0.0142887496606892,
    "KlossROSp": 4.946829185378155e-07,
    "Koverflowp": 3.5517703465396407e-06,
    "KprodROSp": 2.7178558472582885e-08,
    "Mp": 3.679072822704766e-06,
    "VmaxICp": 3.769439082715441e-05,
    "VmaxINp": 4.750531126126968e-05,
    "VmaxOCp": 1.92053926898199e-07,
    "VmaxONp": 1.1689443613038735e-06,
    "gammaDp": 0.8,
    "omegaP": 3.405555555555556e-05
}