{
    "KICp": 4.677397516582028,
    "KINp": 0.0393106718296597,
    "KOCp": 0.03,
    "KONp": 0.0987311649910834,
    "KlossROSp": 1.956673654786862e-06,
    "Koverflowp": 3.505566578828866e-06,
    "KprodROSp": 1.918172581272028e-09,
    "Mp": 3.5775510759892e-06,
    "VmaxICp": 1.6426405199816596e-05,
    "VmaxINp": 3.620670441718142e-05,
    "VmaxOCp": 4.862696456907594e-06,
    "VmaxONp": 4.488358916551296e-07,
    "gammaDp": 0.1803895833021155,
    "omegaP": 3.405555555555556e-05
}