{
    "KICp": 80.0091217011386,
    "KINp": 0.0078201380268345,
    "KOCp": 0.0042052651237964,
    "KONp": 0.081636468711514,
    "KlossROSp": 8.348238743808206e-06,
    "Koverflowp": 6.791101486018651e-07,
    "KprodROSp": 8.649315422374395e-10,
    "Mp": 4.130258870603664e-06,
    "VmaxICp": 3.988199477667029e-05,
    "VmaxINp": 2.320797705529873e-05,
    "VmaxOCp": 1.0030286798080628e-06,
    "VmaxONp": 6.501817434408648e-06,
    "gammaDp": 0.2938196704195446,
    "omegaP": 3.405555555555556e-05
}