{
    "KICp": 37.0,
    "KINp": 0.0133562319122745,
    "KOCp": 0.0583187944083458,
    "KONp": 0.0201732461670926,
    "KlossROSp": 6.734756588198805e-06,
    "Koverflowp": 1.547738159927041e-06,
    "KprodROSp": 1.0689206888306853e-08,
    "Mp": 2.949257628691525e-06,
    "VmaxICp": 2.576706441690187e-05,
    "VmaxINp": 3.534305902143199e-05,
    "VmaxOCp": 2.2827701521964576e-06,
    "VmaxONp": 1.2084342596856965e-06,
    "gammaDp": 0.31734143049612,
    "omegaP": 5.334363937972651e-05
}