{
    "KICp": 12.796555548585916,
    "KINp": 0.0030961141204201,
    "KOCp": 0.0231133056365133,
    "KONp": 0.2255179858675894,
    "KlossROSp": 2.488754551686322e-06,
    "Koverflowp": 8.538273758193794e-06,
    "KprodROSp": 1.6950917869968547e-09,
    "Mp": 7.119495205368296e-06,
    "VmaxICp": 2.622591261907296e-05,
    "VmaxINp": 2.24532741345881e-05,
    "VmaxOCp": 4.721376738790813e-07,
    "VmaxONp": 1.3539109566409185e-07,
    "gammaDp": 0.8,
    "omegaP": 7.588340752189253e-06
}