{
    "KICp": 6.998375390738425,
    "KINp": 0.0117195580004413,
    "KOCp": 0.0497889752762441,
    "KONp": 0.1551928837239877,
    "KlossROSp": 8.663876227768406e-06,
    "Koverflowp": 2.7038539358265567e-06,
    "KprodROSp": 7.794038777342513e-10,
    "Mp": 4.6177607878735e-06,
    "VmaxICp": 1.449412040896552e-05,
    "VmaxINp": 3.926581727855518e-05,
    "VmaxOCp": 1.5656334054808708e-05,
    "VmaxONp": 2.606882437767993e-07,
    "gammaDp": 0.3556325708518391,
    "omegaP": 2.990652724860149e-05
}