{
    "KICp": 6.063675588595488,
    "KINp": 0.02,
    "KOCp": 0.1514157957142957,
    "KONp": 0.1,
    "KlossROSp": 1.665302311514698e-05,
    "Koverflowp": 1.3982184934613802e-06,
    "KprodROSp": 4.696016771488469e-09,
    "Mp": 5.162790663660873e-06,
    "VmaxICp": 3.2139489313125376e-05,
    "VmaxINp": 2.2683696537376103e-05,
    "VmaxOCp": 9.89603543599231e-06,
    "VmaxONp": 1.1111111111111112e-06,
    "gammaDp": 0.8,
    "omegaP": 3.405555555555556e-05
}