{
    "KICp": 27.62146857620709,
    "KINp": 0.0261018141572034,
    "KOCp": 0.239222534119177,
    "KONp": 0.1826054301290404,
    "KlossROSp": 4.045523469586218e-07,
    "Koverflowp": 1.367623605180682e-06,
    "KprodROSp": 2.577584378567888e-08,
    "Mp": 2.295105507253232e-06,
    "VmaxICp": 4.277406349057822e-05,
    "VmaxINp": 3.7554316243156e-05,
    "VmaxOCp": 8.434152746824342e-07,
    "VmaxONp": 1.548645084354699e-07,
    "gammaDp": 0.5240796201480369,
    "omegaP": 3.874784320979622e-05
}