{
    "KICp": 7.958675760908576,
    "KINp": 0.02,
    "KOCp": 0.0058846290193162,
    "KONp": 0.1,
    "KlossROSp": 3.196187999875571e-07,
    "Koverflowp": 1.157407407407407e-06,
    "KprodROSp": 3.578183306906952e-08,
    "Mp": 3.1187562837065818e-06,
    "VmaxICp": 3.0098695915775665e-05,
    "VmaxINp": 1.6261949548485917e-05,
    "VmaxOCp": 6.013814358923964e-06,
    "VmaxONp": 3.972672687489103e-06,
    "gammaDp": 0.1507277969055573,
    "omegaP": 2.757835335541189e-05
}