{
    "KICp": 7.958675760908576,
    "KINp": 0.02,
    "KOCp": 0.0058846290193162,
    "KONp": 0.1,
    "KlossROSp": 3.196187999875571e-07,
    "Koverflowp": 5.923812873750254e-07,
    "KprodROSp": 2.0900494544670263e-08,
    "Mp": 1.8774998180712285e-06,
    "VmaxICp": 3.0098695915775665e-05,
    "VmaxINp": 1.6261949548485917e-05,
    "VmaxOCp": 1.1840537176886704e-05,
    "VmaxONp": 3.972672687489103e-06,
    "gammaDp": 0.1507277969055573,
    "omegaP": 3.075771252478411e-05
}