{
    "KICp": 69.0463900516897,
    "KINp": 0.1861013516239918,
    "KOCp": 0.251967208991405,
    "KONp": 0.0331249618146921,
    "KlossROSp": 1.956673654786862e-06,
    "Koverflowp": 3.002684755404714e-06,
    "KprodROSp": 4.696016771488469e-09,
    "Mp": 7.18410325432919e-06,
    "VmaxICp": 3.374206078784359e-05,
    "VmaxINp": 1.5469024728896543e-05,
    "VmaxOCp": 1.219001542443728e-05,
    "VmaxONp": 4.5252881867382034e-06,
    "gammaDp": 0.4264972271291248,
    "omegaP": 8.699455937656012e-06
}