{
    "KICp": 34.748051805641595,
    "KINp": 0.0028518996514711,
    "KOCp": 0.0077724997849901,
    "KONp": 0.2574827040087418,
    "KlossROSp": 1.0119652573786069e-06,
    "Koverflowp": 3.102548176120647e-07,
    "KprodROSp": 2.362341108338292e-08,
    "Mp": 7.505797248608882e-06,
    "VmaxICp": 5.032121359571725e-05,
    "VmaxINp": 2.122893359390167e-05,
    "VmaxOCp": 2.722462765693383e-06,
    "VmaxONp": 1.1111111111111112e-06,
    "gammaDp": 0.198778431262298,
    "omegaP": 3.47078306119953e-06
}