{
    "KICp": 5.965885288699048,
    "KINp": 0.0072339876199896,
    "KOCp": 0.0184890289803595,
    "KONp": 0.7789199724636076,
    "KlossROSp": 1.8215798872308847e-06,
    "Koverflowp": 1.157407407407407e-06,
    "KprodROSp": 3.629350872583757e-09,
    "Mp": 6.329743416959973e-06,
    "VmaxICp": 4.073077654904416e-05,
    "VmaxINp": 2.070436465141414e-05,
    "VmaxOCp": 1.3784377541866202e-06,
    "VmaxONp": 2.6471991025384493e-06,
    "gammaDp": 0.4265743689609266,
    "omegaP": 7.854653787859982e-06
}