{
    "KICp": 13.56553662740615,
    "KINp": 0.0083511082467984,
    "KOCp": 0.0057621804338936,
    "KONp": 0.0126835068173744,
    "KlossROSp": 7.092249590795195e-07,
    "Koverflowp": 4.301946253290651e-06,
    "KprodROSp": 2.3286126740268866e-08,
    "Mp": 5.326076827568761e-06,
    "VmaxICp": 2.7308660581655145e-05,
    "VmaxINp": 3.49879953120525e-05,
    "VmaxOCp": 1.332605766505256e-06,
    "VmaxONp": 3.652508748571005e-06,
    "gammaDp": 0.5207437932839851,
    "omegaP": 3.7184050935496617e-06
}