{
    "KICp": 36.07324110006765,
    "KINp": 0.0061789284193998,
    "KOCp": 0.03,
    "KONp": 0.4474029996288038,
    "KlossROSp": 1.956673654786862e-06,
    "Koverflowp": 2.439897046662746e-07,
    "KprodROSp": 2.639624311131128e-09,
    "Mp": 4.217723447877907e-06,
    "VmaxICp": 1.7142547879552533e-05,
    "VmaxINp": 2.857052703945267e-05,
    "VmaxOCp": 7.562099047449546e-06,
    "VmaxONp": 9.39821078057188e-07,
    "gammaDp": 0.1193269616566416,
    "omegaP": 9.022577890493452e-06
}