{
    "KICp": 37.0,
    "KINp": 0.0060653905424848,
    "KOCp": 0.03,
    "KONp": 0.1129480955306267,
    "KlossROSp": 1.1592308348508282e-06,
    "Koverflowp": 4.652822581741209e-07,
    "KprodROSp": 4.696016771488469e-09,
    "Mp": 4.903650498710958e-06,
    "VmaxICp": 2.3602656988499887e-05,
    "VmaxINp": 3.6143141053645546e-05,
    "VmaxOCp": 7.006663601957786e-07,
    "VmaxONp": 1.1111111111111112e-06,
    "gammaDp": 0.2190388024191794,
    "omegaP": 3.0701363414963144e-05
}