{
    "KICp": 12.075411759559714,
    "KINp": 0.1205476727799515,
    "KOCp": 0.0052127077417174,
    "KONp": 0.1,
    "KlossROSp": 1.60746600107956e-05,
    "Koverflowp": 3.794947245852212e-07,
    "KprodROSp": 8.496041626944011e-10,
    "Mp": 7.026852774240835e-06,
    "VmaxICp": 5.4089172384835095e-05,
    "VmaxINp": 2.36108567808712e-05,
    "VmaxOCp": 4.2769338155606963e-07,
    "VmaxONp": 2.85579942281781e-07,
    "gammaDp": 0.1069667831332128,
    "omegaP": 8.362933722057228e-05
}