{
    "KICp": 248.2044629505183,
    "KINp": 0.0089505674769854,
    "KOCp": 0.105302637008844,
    "KONp": 0.6192077687013406,
    "KlossROSp": 1.5789386218259808e-06,
    "Koverflowp": 7.4865448363538995e-06,
    "KprodROSp": 4.696016771488469e-09,
    "Mp": 3.1038630958655407e-06,
    "VmaxICp": 4.128905294573414e-05,
    "VmaxINp": 2.041165021839531e-05,
    "VmaxOCp": 2.755134260334132e-07,
    "VmaxONp": 1.360395607997456e-06,
    "gammaDp": 0.7146016342591874,
    "omegaP": 3.405555555555556e-05
}