{
    "KICp": 32.08617207381077,
    "KINp": 0.0032247831665371,
    "KOCp": 0.1747924993183907,
    "KONp": 0.3604530020741322,
    "KlossROSp": 2.048405763253445e-07,
    "Koverflowp": 1.421279292906715e-06,
    "KprodROSp": 3.5349477142998925e-08,
    "Mp": 1.2041542312454603e-06,
    "VmaxICp": 1.9476976297055628e-05,
    "VmaxINp": 2.0662661319685645e-05,
    "VmaxOCp": 2.1166014963618848e-06,
    "VmaxONp": 2.0134994471345466e-06,
    "gammaDp": 0.565031951616863,
    "omegaP": 3.405555555555556e-05
}