{
    "KICp": 180.72661518753225,
    "KINp": 0.0309019016126428,
    "KOCp": 0.03,
    "KONp": 0.8034285548943617,
    "KlossROSp": 1.956673654786862e-06,
    "Koverflowp": 4.152706778413891e-06,
    "KprodROSp": 1.4218751055720142e-08,
    "Mp": 5.331508301349091e-06,
    "VmaxICp": 2.4898985541245324e-05,
    "VmaxINp": 5.156342605467471e-05,
    "VmaxOCp": 1.1756603829393408e-05,
    "VmaxONp": 1.1111111111111112e-06,
    "gammaDp": 0.3190030852723815,
    "omegaP": 6.48566700326245e-05
}