{
    "KICp": 23.72783898882093,
    "KINp": 0.02,
    "KOCp": 0.0378286213053104,
    "KONp": 0.1,
    "KlossROSp": 1.956673654786862e-06,
    "Koverflowp": 1.157407407407407e-06,
    "KprodROSp": 1.3505321135742803e-09,
    "Mp": 5.162790663660873e-06,
    "VmaxICp": 3.2139489313125376e-05,
    "VmaxINp": 2.2683696537376103e-05,
    "VmaxOCp": 1.2356959498688475e-06,
    "VmaxONp": 1.1111111111111112e-06,
    "gammaDp": 0.8,
    "omegaP": 3.405555555555556e-05
}