{
    "KICp": 48.9948071426516,
    "KINp": 0.0187791164928024,
    "KOCp": 0.1287273683994912,
    "KONp": 0.0362436439873707,
    "KlossROSp": 2.3640117182203904e-06,
    "Koverflowp": 1.3025085469078045e-07,
    "KprodROSp": 2.7859171089302317e-09,
    "Mp": 5.974008596768883e-06,
    "VmaxICp": 2.1881545110929075e-05,
    "VmaxINp": 5.1681517599188494e-05,
    "VmaxOCp": 9.835017188424228e-07,
    "VmaxONp": 1.1111111111111112e-06,
    "gammaDp": 0.8,
    "omegaP": 3.405555555555556e-05
}