{
    "KICp": 117.5883897695942,
    "KINp": 0.0120331831475178,
    "KOCp": 0.1128056455143973,
    "KONp": 0.0906897259985555,
    "KlossROSp": 1.1558841452355112e-06,
    "Koverflowp": 2.0493234650762244e-06,
    "KprodROSp": 6.75838048009045e-10,
    "Mp": 3.093676915162215e-06,
    "VmaxICp": 4.786230731654655e-05,
    "VmaxINp": 1.6364904807116785e-05,
    "VmaxOCp": 1.851851851851852e-06,
    "VmaxONp": 4.121638964201305e-07,
    "gammaDp": 0.1431599958176779,
    "omegaP": 1.1785151866370187e-05
}