{
    "KICp": 37.0,
    "KINp": 0.0021842704329189,
    "KOCp": 0.0531703671564447,
    "KONp": 0.0307678526184194,
    "KlossROSp": 1.1592308348508282e-06,
    "Koverflowp": 4.652822581741209e-07,
    "KprodROSp": 1.1908666335198902e-09,
    "Mp": 4.903650498710958e-06,
    "VmaxICp": 2.3602656988499887e-05,
    "VmaxINp": 2.723614891834032e-05,
    "VmaxOCp": 1.851851851851852e-06,
    "VmaxONp": 1.1111111111111112e-06,
    "gammaDp": 0.1889782903661347,
    "omegaP": 3.0701363414963144e-05
}