{
    "KICp": 8.188886587441608,
    "KINp": 0.0120829136506821,
    "KOCp": 0.03,
    "KONp": 0.2970512427290804,
    "KlossROSp": 2.258598150198108e-07,
    "Koverflowp": 5.040901230473069e-06,
    "KprodROSp": 1.593322974684524e-08,
    "Mp": 7.199692331278719e-06,
    "VmaxICp": 5.083392177154405e-05,
    "VmaxINp": 3.017596158393872e-05,
    "VmaxOCp": 8.427807241233176e-06,
    "VmaxONp": 1.1111111111111112e-06,
    "gammaDp": 0.1144156366309942,
    "omegaP": 3.405555555555556e-05
}