{
    "KICp": 69.0463900516897,
    "KINp": 0.0033734251970842,
    "KOCp": 0.251967208991405,
    "KONp": 0.2322713825221676,
    "KlossROSp": 2.644669986545132e-06,
    "Koverflowp": 3.002684755404714e-06,
    "KprodROSp": 1.344631363147714e-09,
    "Mp": 3.6479298614460777e-06,
    "VmaxICp": 3.374206078784359e-05,
    "VmaxINp": 1.5469024728896543e-05,
    "VmaxOCp": 1.219001542443728e-05,
    "VmaxONp": 1.118222957250837e-06,
    "gammaDp": 0.5484264346050111,
    "omegaP": 8.699455937656012e-06
}