{
    "KICp": 37.0,
    "KINp": 0.0021496277489031,
    "KOCp": 0.008648925331136,
    "KONp": 0.0307678526184194,
    "KlossROSp": 1.1592308348508282e-06,
    "Koverflowp": 2.4307289965202405e-06,
    "KprodROSp": 4.696016771488469e-09,
    "Mp": 4.903650498710958e-06,
    "VmaxICp": 2.3602656988499887e-05,
    "VmaxINp": 3.6143141053645546e-05,
    "VmaxOCp": 1.851851851851852e-06,
    "VmaxONp": 1.1111111111111112e-06,
    "gammaDp": 0.1889782903661347,
    "omegaP": 3.0701363414963144e-05
}