{
    "KICp": 37.0,
    "KINp": 0.0252197609096649,
    "KOCp": 0.0087037130569209,
    "KONp": 0.6790099918287388,
    "KlossROSp": 8.961239223256855e-06,
    "Koverflowp": 8.158680549799089e-07,
    "KprodROSp": 4.696016771488469e-09,
    "Mp": 3.330500617904233e-06,
    "VmaxICp": 1.4403923919499618e-05,
    "VmaxINp": 4.934326641623144e-05,
    "VmaxOCp": 2.503309877803448e-06,
    "VmaxONp": 9.388167746100812e-06,
    "gammaDp": 0.2381482089206808,
    "omegaP": 3.6938605580516086e-06
}