{
    "KICp": 7.958675760908576,
    "KINp": 0.0743907299813609,
    "KOCp": 0.0058846290193162,
    "KONp": 0.1,
    "KlossROSp": 3.196187999875571e-07,
    "Koverflowp": 1.157407407407407e-06,
    "KprodROSp": 3.578183306906952e-08,
    "Mp": 1.9336005488555282e-07,
    "VmaxICp": 3.0098695915775665e-05,
    "VmaxINp": 1.6261949548485917e-05,
    "VmaxOCp": 1.1840537176886704e-05,
    "VmaxONp": 1.474463353932039e-07,
    "gammaDp": 0.3053030415683109,
    "omegaP": 5.2514234321807575e-05
}