{
    "KICp": 117.5883897695942,
    "KINp": 0.1059715547243777,
    "KOCp": 0.018194015799001,
    "KONp": 0.0139579152880936,
    "KlossROSp": 1.1558841452355112e-06,
    "Koverflowp": 9.368919090068672e-07,
    "KprodROSp": 4.081390584381033e-09,
    "Mp": 3.093676915162215e-06,
    "VmaxICp": 4.786230731654655e-05,
    "VmaxINp": 1.6364904807116785e-05,
    "VmaxOCp": 1.0142769537062708e-06,
    "VmaxONp": 6.97436530894688e-07,
    "gammaDp": 0.1431599958176779,
    "omegaP": 1.1785151866370187e-05
}