{
    "KICp": 17.310366421915038,
    "KINp": 0.1301721458475468,
    "KOCp": 0.0058846290193162,
    "KONp": 0.1,
    "KlossROSp": 3.196187999875571e-07,
    "Koverflowp": 4.817241288645974e-06,
    "KprodROSp": 3.578183306906952e-08,
    "Mp": 1.157407407407407e-06,
    "VmaxICp": 3.0098695915775665e-05,
    "VmaxINp": 1.6261949548485917e-05,
    "VmaxOCp": 1.1840537176886704e-05,
    "VmaxONp": 3.972672687489103e-06,
    "gammaDp": 0.238524869147858,
    "omegaP": 5.2514234321807575e-05
}