{
    "KICp": 38.23234662211291,
    "KINp": 0.0694306926181919,
    "KOCp": 0.03,
    "KONp": 0.1473735774204415,
    "KlossROSp": 4.079801678564134e-07,
    "Koverflowp": 4.081402559995987e-06,
    "KprodROSp": 2.8714810818553752e-08,
    "Mp": 3.03506968201231e-06,
    "VmaxICp": 2.456918019438875e-05,
    "VmaxINp": 2.395862975639065e-05,
    "VmaxOCp": 8.578663096027363e-06,
    "VmaxONp": 7.500808186666895e-07,
    "gammaDp": 0.1477180053722467,
    "omegaP": 3.405555555555556e-05
}