{
    "KICp": 37.0,
    "KINp": 0.0032165935653973,
    "KOCp": 0.0087037130569209,
    "KONp": 0.0951076453866806,
    "KlossROSp": 6.064359099816292e-06,
    "Koverflowp": 8.158680549799089e-07,
    "KprodROSp": 4.696016771488469e-09,
    "Mp": 3.330500617904233e-06,
    "VmaxICp": 1.4403923919499618e-05,
    "VmaxINp": 4.934326641623144e-05,
    "VmaxOCp": 2.503309877803448e-06,
    "VmaxONp": 9.388167746100812e-06,
    "gammaDp": 0.117556656276593,
    "omegaP": 1.2192001356361806e-05
}