{
    "KICp": 180.72661518753225,
    "KINp": 0.0309019016126428,
    "KOCp": 0.0068387768037035,
    "KONp": 0.8034285548943617,
    "KlossROSp": 1.956673654786862e-06,
    "Koverflowp": 1.157407407407407e-06,
    "KprodROSp": 1.887344799220265e-08,
    "Mp": 5.331508301349091e-06,
    "VmaxICp": 2.4898985541245324e-05,
    "VmaxINp": 5.156342605467471e-05,
    "VmaxOCp": 5.336306137730918e-06,
    "VmaxONp": 2.367587807536768e-06,
    "gammaDp": 0.3190030852723815,
    "omegaP": 3.765332607137531e-06
}