{
    "KICp": 80.54891507114681,
    "KINp": 0.0581816899850019,
    "KOCp": 0.0114077507624849,
    "KONp": 0.0177209791593949,
    "KlossROSp": 1.956673654786862e-06,
    "Koverflowp": 1.7574182377706605e-07,
    "KprodROSp": 1.591040882127976e-09,
    "Mp": 9.648666883808533e-06,
    "VmaxICp": 4.132693116867157e-05,
    "VmaxINp": 3.316424795180379e-05,
    "VmaxOCp": 8.104922104630576e-06,
    "VmaxONp": 3.337313493495625e-07,
    "gammaDp": 0.1085243851037283,
    "omegaP": 3.612860022376316e-05
}