{
    "KICp": 37.0,
    "KINp": 0.0089015030078555,
    "Mp": 4.813080139284124e-06,
    "VmaxICp": 1.868016343808704e-05,
    "VmaxINp": 2.846347919732137e-05,
    "gammaDp": 0.3344401474475603
}