{
    "KICp": 6.382854588984037,
    "KINp": 0.0253460195437773,
    "Mp": 3.010183775300544e-06,
    "VmaxICp": 4.063932239628656e-05,
    "VmaxINp": 2.5574321591159104e-05,
    "gammaDp": 0.5808069890277443
}