{
    "KICp": 27.612698299283085,
    "KINp": 0.1779894290201356,
    "Mp": 7.357310124052147e-06,
    "VmaxICp": 5.029018272412935e-05,
    "VmaxINp": 1.972096418440136e-05,
    "gammaDp": 0.4126149840493118
}