{
    "KICp": 49.27149895816989,
    "KINp": 0.0041042389247293,
    "Mp": 9.369421673701635e-06,
    "VmaxICp": 2.4004537470006627e-05,
    "VmaxINp": 4.645908601064144e-05,
    "gammaDp": 0.1056513299786238
}