{
    "KICp": 87.84874255962636,
    "KINp": 0.0187139950448714,
    "Mp": 4.740639664537469e-06,
    "VmaxICp": 2.396109370709188e-05,
    "VmaxINp": 3.679499644838757e-05,
    "gammaDp": 0.5468180678183647
}