{
    "KICp": 37.0,
    "KINp": 0.0610516033292798,
    "Mp": 3.4854125414307605e-06,
    "VmaxICp": 2.690729561546209e-05,
    "VmaxINp": 4.256857920760293e-05,
    "gammaDp": 0.3338904430288211
}