{
    "KICp": 125.87259729813118,
    "KINp": 0.1352772693101282,
    "Mp": 9.98155555593286e-06,
    "VmaxICp": 3.8371825393544144e-05,
    "VmaxINp": 2.806236096470562e-05,
    "gammaDp": 0.8
}