{
    "KICp": 68.9615890780582,
    "KINp": 0.0176840378125451,
    "Mp": 7.328309427390115e-06,
    "VmaxICp": 4.641777720900232e-05,
    "VmaxINp": 1.671591011242155e-05,
    "gammaDp": 0.8
}