{
    "KICp": 34.37612115838868,
    "KINp": 0.0158510406862124,
    "Mp": 6.291949796447137e-06,
    "VmaxICp": 2.4004537470006627e-05,
    "VmaxINp": 4.645908601064144e-05,
    "gammaDp": 0.2517474903818916
}