{
    "KICp": 225.3878152085548,
    "KINp": 0.0023102297218847,
    "Mp": 8.928953070038923e-06,
    "VmaxICp": 3.0516952244573352e-05,
    "VmaxINp": 4.061360726715703e-05,
    "gammaDp": 0.7300441541791499
}