{
    "KICp": 52.79663206108316,
    "KINp": 0.0091246219073099,
    "Mp": 3.163837373526384e-06,
    "VmaxICp": 2.461204068075024e-05,
    "VmaxINp": 1.8468019199737635e-05,
    "gammaDp": 0.3310212501722432
}