{
    "KICp": 135.36246919050342,
    "KINp": 0.0298716416571052,
    "Mp": 7.328309427390115e-06,
    "VmaxICp": 5.524308282279928e-05,
    "VmaxINp": 4.859093534592399e-05,
    "gammaDp": 0.8
}