{
    "KICp": 211.4531161329549,
    "KINp": 0.02,
    "Mp": 3.848665474526857e-06,
    "VmaxICp": 2.872375162194293e-05,
    "VmaxINp": 5.289997666880159e-05,
    "gammaDp": 0.7339569981028876
}