{
    "KICp": 15.817907848896406,
    "KINp": 0.0086168919794367,
    "Mp": 7.64525004337641e-06,
    "VmaxICp": 4.43254274659756e-05,
    "VmaxINp": 2.4411441927385457e-05,
    "gammaDp": 0.127795859703744
}