{
    "KICp": 24.95534041542262,
    "KINp": 0.0547052866912844,
    "Mp": 9.82626734741837e-06,
    "VmaxICp": 2.799777618013692e-05,
    "VmaxINp": 3.6556931033765065e-05,
    "gammaDp": 0.3698724445788793
}