{
    "KICp": 250.13200331849924,
    "KINp": 0.02,
    "Mp": 7.328309427390115e-06,
    "VmaxICp": 4.918337178762962e-05,
    "VmaxINp": 3.1518896515945566e-05,
    "gammaDp": 0.661492769619467
}