{
    "KICp": 148.4921993276445,
    "KINp": 0.0133926601533443,
    "Mp": 5.799333198645233e-06,
    "VmaxICp": 3.115592335363133e-05,
    "VmaxINp": 5.2380089352326336e-05,
    "gammaDp": 0.8
}