{
    "KICp": 18.74301154378969,
    "KINp": 0.0660897562721481,
    "Mp": 2.832496430025442e-06,
    "VmaxICp": 3.1751491514765e-05,
    "VmaxINp": 2.568595115057478e-05,
    "gammaDp": 0.8
}