{
    "KICp": 16.91619465058456,
    "KINp": 0.0305600718404572,
    "Mp": 7.773641284614033e-06,
    "VmaxICp": 2.7942650628753e-05,
    "VmaxINp": 2.485813209558704e-05,
    "gammaDp": 0.8
}