{
    "KICp": 129.5265235198284,
    "KINp": 0.1372890525239398,
    "Mp": 3.830937782038607e-06,
    "VmaxICp": 4.356969190920369e-05,
    "VmaxINp": 1.6793717991067347e-05,
    "gammaDp": 0.4738262976166567
}