{
    "KICp": 365.8395746281476,
    "KINp": 0.02,
    "Mp": 5.988598801654891e-06,
    "VmaxICp": 2.8171998102377093e-05,
    "VmaxINp": 2.89968826658752e-05,
    "gammaDp": 0.8
}