{
    "KICp": 97.00544666196092,
    "KINp": 0.0944524832282783,
    "Mp": 6.721505610428177e-06,
    "VmaxICp": 3.758335876383493e-05,
    "VmaxINp": 3.762200555940643e-05,
    "gammaDp": 0.8
}