{
    "KICp": 38.74221481762457,
    "KINp": 0.0270897833760868,
    "Mp": 5.538912743592654e-06,
    "VmaxICp": 3.61874245544753e-05,
    "VmaxINp": 1.879889558313581e-05,
    "gammaDp": 0.8
}