{
    "KICp": 37.0,
    "KINp": 0.02,
    "Mp": 1.0768129923181625e-05,
    "VmaxICp": 4.385147495181846e-05,
    "VmaxINp": 5.148573672687624e-05,
    "gammaDp": 0.4238643199065259
}