{
    "KICp": 9.522056415510356,
    "KINp": 0.1738655333316642,
    "Mp": 3.542213990304798e-06,
    "VmaxICp": 4.063932239628656e-05,
    "VmaxINp": 2.9803758993405383e-05,
    "gammaDp": 0.1809658873103517
}