{
    "KICp": 34.28614171606366,
    "KINp": 0.02,
    "Mp": 2.8669986219174216e-06,
    "VmaxICp": 3.48935234154733e-05,
    "VmaxINp": 1.859947459991419e-05,
    "gammaDp": 0.8319879467095603
}