{
    "KICp": 11.603501284874712,
    "KINp": 0.0062849625803068,
    "Mp": 3.83370240217586e-06,
    "VmaxICp": 3.0288322421334235e-05,
    "VmaxINp": 1.611509032620164e-05,
    "gammaDp": 0.8
}