{
    "KICp": 44.92054491996886,
    "KINp": 0.0801533862236252,
    "Mp": 5.668838413349428e-06,
    "VmaxICp": 2.0698916046050698e-05,
    "VmaxINp": 3.762200555940643e-05,
    "gammaDp": 0.3331881704225066
}