{
    "KICp": 12.861360765298436,
    "KINp": 0.0072025271554727,
    "Mp": 3.163837373526384e-06,
    "VmaxICp": 4.306919237844999e-05,
    "VmaxINp": 1.8468019199737635e-05,
    "gammaDp": 0.1426097322342015
}