{
    "KICp": 81.00535088149832,
    "KINp": 0.0093727541973832,
    "Mp": 5.48424228104586e-06,
    "VmaxICp": 2.396109370709188e-05,
    "VmaxINp": 3.679499644838757e-05,
    "gammaDp": 0.1847541997089867
}