{
    "KICp": 9.544051788086058,
    "KINp": 0.0634317672627536,
    "Mp": 3.4854125414307605e-06,
    "VmaxICp": 3.48935234154733e-05,
    "VmaxINp": 2.178940640083472e-05,
    "gammaDp": 0.8319879467095603
}