{
    "KICp": 12.36018519859906,
    "KINp": 0.0393414319101321,
    "Mp": 4.090590811529728e-06,
    "VmaxICp": 2.0630674024823786e-05,
    "VmaxINp": 2.2120772299305587e-05,
    "gammaDp": 0.2570294374361152
}