{
    "KICp": 37.0,
    "KINp": 0.049800641741415,
    "Mp": 8.003691553161527e-06,
    "VmaxICp": 3.831011910799842e-05,
    "VmaxINp": 2.846347919732137e-05,
    "gammaDp": 0.2740790052871928
}