{
    "KICp": 17.14732032188207,
    "KINp": 0.02,
    "Mp": 9.49405358708577e-06,
    "VmaxICp": 4.237983728780475e-05,
    "VmaxINp": 3.945952455038505e-05,
    "gammaDp": 0.150205389680072
}