{
    "KICp": 33.32929188865129,
    "KINp": 0.0092090454407722,
    "Mp": 3.830937782038607e-06,
    "VmaxICp": 2.904755975215132e-05,
    "VmaxINp": 1.6793717991067347e-05,
    "gammaDp": 0.6293477599916791
}