{
    "KICp": 204.09918696546032,
    "KINp": 0.0660897562721481,
    "Mp": 6.832929559434534e-06,
    "VmaxICp": 3.315310049343602e-05,
    "VmaxINp": 2.568595115057478e-05,
    "gammaDp": 0.2584015855828246
}