{
    "KICp": 37.0,
    "KINp": 0.0065385933349237,
    "Mp": 6.84577597620031e-06,
    "VmaxICp": 4.385147495181846e-05,
    "VmaxINp": 2.991250888117069e-05,
    "gammaDp": 0.2516436470622104
}