{
    "KICp": 6.702427112036958,
    "KINp": 0.0779023753544538,
    "Mp": 3.5162790309234527e-06,
    "VmaxICp": 4.598935966450098e-05,
    "VmaxINp": 2.197251256207456e-05,
    "gammaDp": 0.6175823932337249
}