{
    "KICp": 70.86513953101121,
    "KINp": 0.02,
    "Mp": 3.2387882061076054e-06,
    "VmaxICp": 2.8236093177301377e-05,
    "VmaxINp": 3.035383095768996e-05,
    "gammaDp": 0.191006601389585
}