{
    "KICp": 37.0,
    "KINp": 0.0112230200516055,
    "Mp": 3.3321774284549604e-06,
    "VmaxICp": 2.362984209650448e-05,
    "VmaxINp": 2.2997176538676768e-05,
    "gammaDp": 0.6718373669589404
}