{
    "KICp": 99.50667395178117,
    "KINp": 0.0886955177168619,
    "Mp": 5.7604560810182895e-06,
    "VmaxICp": 2.396109370709188e-05,
    "VmaxINp": 4.263908753212558e-05,
    "gammaDp": 0.5304334265657482
}