{
    "KICp": 37.0,
    "KINp": 0.0034726516075307,
    "Mp": 9.49405358708577e-06,
    "VmaxICp": 2.37407714985827e-05,
    "VmaxINp": 5.207812551973653e-05,
    "gammaDp": 0.2399408968930249
}