{
    "KICp": 176.1034122617699,
    "KINp": 0.0115687293853918,
    "Mp": 3.2249612640769056e-06,
    "VmaxICp": 3.521031657952567e-05,
    "VmaxINp": 2.4943274617518475e-05,
    "gammaDp": 0.8
}