{
    "KICp": 38.74221481762457,
    "KINp": 0.0079197252935604,
    "Mp": 3.824139633782268e-06,
    "VmaxICp": 4.510341827760318e-05,
    "VmaxINp": 2.109472562990834e-05,
    "gammaDp": 0.2191404339344755
}