{
    "KICp": 33.696555386546045,
    "KINp": 0.020228057412608,
    "Mp": 3.010183775300544e-06,
    "VmaxICp": 3.260240241421102e-05,
    "VmaxINp": 2.5574321591159104e-05,
    "gammaDp": 0.6351195481306164
}