{
    "KICp": 126.01847533095255,
    "KINp": 0.0667538765314003,
    "Mp": 8.928953070038923e-06,
    "VmaxICp": 3.0516952244573352e-05,
    "VmaxINp": 5.289997666880159e-05,
    "gammaDp": 0.3432147111867223
}