{
    "KICp": 22.49784024389798,
    "KINp": 0.1599557159818537,
    "Mp": 5.7604560810182895e-06,
    "VmaxICp": 2.396109370709188e-05,
    "VmaxINp": 3.679499644838757e-05,
    "gammaDp": 0.8453609426746319
}