{
    "KICp": 30.468291551966995,
    "KINp": 0.1494826609183725,
    "Mp": 4.813080139284124e-06,
    "VmaxICp": 3.831011910799842e-05,
    "VmaxINp": 3.128375458005058e-05,
    "gammaDp": 0.1184511619567388
}