{
    "KICp": 92.87466420325433,
    "KINp": 0.0349316030894453,
    "Mp": 5.7604560810182895e-06,
    "VmaxICp": 2.396109370709188e-05,
    "VmaxINp": 5.284655708446896e-05,
    "gammaDp": 0.5468180678183647
}