{
    "KICp": 38.25416371351047,
    "KINp": 0.1295744769087852,
    "Mp": 4.090590811529728e-06,
    "VmaxICp": 2.0630674024823786e-05,
    "VmaxINp": 2.944313015731893e-05,
    "gammaDp": 0.8
}