{
    "KICp": 10.412694512128043,
    "KINp": 0.02,
    "Mp": 1.0207915477923502e-05,
    "VmaxICp": 3.910572864433864e-05,
    "VmaxINp": 5.289997666880159e-05,
    "gammaDp": 0.6624099952971846
}