{
    "KICp": 37.0,
    "KINp": 0.004122220585491,
    "Mp": 3.054983299614565e-06,
    "VmaxICp": 2.3624326130824298e-05,
    "VmaxINp": 4.529171543561149e-05,
    "gammaDp": 0.1875890337571074
}