{
    "KICp": 6.1396957286747496,
    "KINp": 0.02,
    "Mp": 4.299563253634667e-06,
    "VmaxICp": 2.8236093177301377e-05,
    "VmaxINp": 2.292826681297242e-05,
    "gammaDp": 0.1053016541646271
}