{
    "KICp": 37.0,
    "KINp": 0.008076792261539,
    "Mp": 2.625785302281108e-06,
    "VmaxICp": 1.7699894391449632e-05,
    "VmaxINp": 2.2997176538676768e-05,
    "gammaDp": 0.8
}