{
    "KICp": 31.409895004110187,
    "KINp": 0.1352772693101282,
    "Mp": 6.2154405687220215e-06,
    "VmaxICp": 2.0630674024823786e-05,
    "VmaxINp": 5.114619067682129e-05,
    "gammaDp": 0.7681757018509324
}