{
    "KICp": 24.49610243491973,
    "KINp": 0.0042075815976078,
    "Mp": 3.83370240217586e-06,
    "VmaxICp": 3.0288322421334235e-05,
    "VmaxINp": 5.46406870729303e-05,
    "gammaDp": 0.5276501995282288
}