{
    "KICp": 150.01275807748533,
    "KINp": 0.0239944887602836,
    "Mp": 8.722438850110972e-06,
    "VmaxICp": 4.598935966450098e-05,
    "VmaxINp": 2.197251256207456e-05,
    "gammaDp": 0.1058022807433381
}