{
    "KICp": 16.322869270556325,
    "KINp": 0.0423997226107525,
    "Mp": 3.824139633782268e-06,
    "VmaxICp": 4.510341827760318e-05,
    "VmaxINp": 2.621598712088377e-05,
    "gammaDp": 0.8
}