{
    "KICp": 17.491437885141917,
    "KINp": 0.0039313719512202,
    "Mp": 6.464220610837299e-06,
    "VmaxICp": 2.6377289169317125e-05,
    "VmaxINp": 2.145959217883016e-05,
    "gammaDp": 0.8
}