{
    "KICp": 88.10947621384801,
    "KINp": 0.0050515992586194,
    "Mp": 8.254346073576335e-06,
    "VmaxICp": 2.8236093177301377e-05,
    "VmaxINp": 3.035383095768996e-05,
    "gammaDp": 0.522469966736494
}