{
    "KICp": 308.0277485650351,
    "KINp": 0.0123209991672134,
    "Mp": 7.033604555417637e-06,
    "VmaxICp": 3.674174379233595e-05,
    "VmaxINp": 5.2323117678781664e-05,
    "gammaDp": 0.1190971387681264
}