{
    "KICp": 68.9615890780582,
    "KINp": 0.0574755657222986,
    "Mp": 7.328309427390115e-06,
    "VmaxICp": 4.8240035319080125e-05,
    "VmaxINp": 3.1518896515945566e-05,
    "gammaDp": 0.4021020212354234
}