{
    "KICp": 9.522056415510356,
    "KINp": 0.02,
    "Mp": 3.010183775300544e-06,
    "VmaxICp": 3.238553089025855e-05,
    "VmaxINp": 2.223445920005141e-05,
    "gammaDp": 0.2114618049750765
}