{
    "KICp": 74.11202271408271,
    "KINp": 0.0730278956055885,
    "Mp": 5.7604560810182895e-06,
    "VmaxICp": 2.396109370709188e-05,
    "VmaxINp": 1.6897626645729865e-05,
    "gammaDp": 0.4290278295615932
}