{
    "KICp": 68.9615890780582,
    "KINp": 0.1097733927208522,
    "Mp": 7.328309427390115e-06,
    "VmaxICp": 5.524308282279928e-05,
    "VmaxINp": 4.202968643289277e-05,
    "gammaDp": 0.7452200365000083
}