{
    "KICp": 42.450001351914246,
    "KINp": 0.0038712609584293,
    "Mp": 3.830937782038607e-06,
    "VmaxICp": 2.904755975215132e-05,
    "VmaxINp": 4.53040542964028e-05,
    "gammaDp": 0.2627319124153404
}