{
    "KICp": 105.67259631162683,
    "KINp": 0.00541183889373,
    "Mp": 2.383112110622605e-06,
    "VmaxICp": 2.904755975215132e-05,
    "VmaxINp": 1.6793717991067347e-05,
    "gammaDp": 0.2966373659834732
}