{
    "KICp": 367.4206642751092,
    "KINp": 0.1773087314316927,
    "Mp": 5.4661717160295095e-06,
    "VmaxICp": 3.521031657952567e-05,
    "VmaxINp": 1.6823113888481194e-05,
    "gammaDp": 0.4315439659537763
}