{
    "KICp": 22.7586808771521,
    "KINp": 0.0441670471813741,
    "Mp": 4.813080139284124e-06,
    "VmaxICp": 3.170771001679261e-05,
    "VmaxINp": 2.846347919732137e-05,
    "gammaDp": 0.1312687980826729
}