{
    "KICp": 20.504131267352463,
    "KINp": 0.02,
    "Mp": 4.299563253634667e-06,
    "VmaxICp": 4.5431071260546406e-05,
    "VmaxINp": 3.035383095768996e-05,
    "gammaDp": 0.2581942612217968
}