{
    "KICp": 10.797170641132997,
    "KINp": 0.02,
    "Mp": 2.5531004028579183e-06,
    "VmaxICp": 1.93208820045914e-05,
    "VmaxINp": 2.194608319896312e-05,
    "gammaDp": 0.8779332654638445
}