{
    "KICp": 203.04413597481587,
    "KINp": 0.0305600718404572,
    "Mp": 4.824883971348865e-06,
    "VmaxICp": 2.7942650628753e-05,
    "VmaxINp": 1.836147415610797e-05,
    "gammaDp": 0.1691834227684934
}