{
    "KICp": 48.53460594357247,
    "KINp": 0.0035192464959294,
    "Mp": 3.163837373526384e-06,
    "VmaxICp": 2.0136789456818767e-05,
    "VmaxINp": 1.8468019199737635e-05,
    "gammaDp": 0.8
}