{
    "KICp": 3.9209307384882415,
    "KINp": 0.0338846770986445,
    "Mp": 5.799333198645233e-06,
    "VmaxICp": 3.524202179707895e-05,
    "VmaxINp": 2.1247046535980773e-05,
    "gammaDp": 0.8
}