{
    "KICp": 156.60051822167227,
    "KINp": 0.1392218773178594,
    "Mp": 6.932046964826473e-06,
    "VmaxICp": 4.306919237844999e-05,
    "VmaxINp": 1.8468019199737635e-05,
    "gammaDp": 0.192489091908696
}