{
    "KICp": 233.4330849747245,
    "KINp": 0.0801636229922212,
    "Mp": 2.4805314671229177e-06,
    "VmaxICp": 2.4246884701914017e-05,
    "VmaxINp": 1.8468019199737635e-05,
    "gammaDp": 0.1945731127139132
}