{
    "KICp": 6.114201073305614,
    "KINp": 0.0038328684632249,
    "Mp": 3.3321774284549604e-06,
    "VmaxICp": 1.961100508665244e-05,
    "VmaxINp": 1.7639028482914776e-05,
    "gammaDp": 0.2905910268027291
}