{
    "KICp": 219.2653299489365,
    "KINp": 0.0086207228053298,
    "Mp": 5.799333198645233e-06,
    "VmaxICp": 3.356645663614414e-05,
    "VmaxINp": 5.186005311631203e-05,
    "gammaDp": 0.8
}