{
    "KICp": 17.92950346761849,
    "KINp": 0.02,
    "Mp": 7.320281091809409e-06,
    "VmaxICp": 2.799777618013692e-05,
    "VmaxINp": 3.6556931033765065e-05,
    "gammaDp": 0.4689645635642405
}