{
    "KICp": 33.87247912721337,
    "KINp": 0.0026956152300127,
    "Mp": 6.729400637694626e-06,
    "VmaxICp": 3.0516952244573352e-05,
    "VmaxINp": 5.289997666880159e-05,
    "gammaDp": 0.7300441541791499
}