{
    "KICp": 37.958764504274285,
    "KINp": 0.0033042576766635,
    "Mp": 4.824883971348865e-06,
    "VmaxICp": 2.7942650628753e-05,
    "VmaxINp": 2.3592280125802034e-05,
    "gammaDp": 0.2391364913320985
}