{
    "KICp": 68.9615890780582,
    "KINp": 0.0316956294556502,
    "Mp": 3.921859464051061e-06,
    "VmaxICp": 5.524308282279928e-05,
    "VmaxINp": 1.5225302373857226e-05,
    "gammaDp": 0.5247647769163412
}