{
    "KICp": 49.27149895816989,
    "KINp": 0.0829710647717599,
    "Mp": 6.291949796447137e-06,
    "VmaxICp": 2.4004537470006627e-05,
    "VmaxINp": 5.447634112133461e-05,
    "gammaDp": 0.7601677757982511
}