{
    "KICp": 243.13860076820905,
    "KINp": 0.003937984137984,
    "Mp": 3.010183775300544e-06,
    "VmaxICp": 4.063932239628656e-05,
    "VmaxINp": 2.5574321591159104e-05,
    "gammaDp": 0.2560395422964794
}