{
    "KICp": 14.30796547589341,
    "KINp": 0.0134322361740841,
    "Mp": 7.328309427390115e-06,
    "VmaxICp": 2.912063704104524e-05,
    "VmaxINp": 3.1518896515945566e-05,
    "gammaDp": 0.1765932819372969
}