{
    "KICp": 141.92990411206506,
    "KINp": 0.02,
    "Mp": 3.4854125414307605e-06,
    "VmaxICp": 3.436170434184563e-05,
    "VmaxINp": 1.3690388255436574e-05,
    "gammaDp": 0.5875934456441589
}