{
    "KICp": 317.87129081128575,
    "KINp": 0.0078461084594645,
    "Mp": 6.319985215388995e-06,
    "VmaxICp": 4.063932239628656e-05,
    "VmaxINp": 2.5574321591159104e-05,
    "gammaDp": 0.6351195481306164
}