{
    "KICp": 49.27149895816989,
    "KINp": 0.006116138453348,
    "Mp": 4.63983403753599e-06,
    "VmaxICp": 2.4004537470006627e-05,
    "VmaxINp": 1.8279416710970115e-05,
    "gammaDp": 0.2272476359797872
}