{
    "KICp": 5.938139283417532,
    "KINp": 0.126601791869873,
    "Mp": 1.0282059240654395e-05,
    "VmaxICp": 3.0516952244573352e-05,
    "VmaxINp": 5.289997666880159e-05,
    "gammaDp": 0.6763631613722711
}