{
    "KICp": 31.65167748915135,
    "KINp": 0.0066037928248549,
    "Mp": 9.882545031906785e-06,
    "VmaxICp": 4.385147495181846e-05,
    "VmaxINp": 2.89968826658752e-05,
    "gammaDp": 0.6264846375562638
}