{
    "KICp": 37.0,
    "KINp": 0.0079814514096022,
    "Mp": 5.7604560810182895e-06,
    "VmaxICp": 2.396109370709188e-05,
    "VmaxINp": 2.4207040206156845e-05,
    "gammaDp": 0.1607114995445248
}