{
    "KICp": 163.91520881631465,
    "KINp": 0.0047880211639217,
    "Mp": 3.5162790309234527e-06,
    "VmaxICp": 4.598935966450098e-05,
    "VmaxINp": 2.197251256207456e-05,
    "gammaDp": 0.5706813531902639
}