{
    "KICp": 16.874273001523804,
    "KINp": 0.0220208121115496,
    "Mp": 5.900703282733257e-06,
    "VmaxICp": 2.4004537470006627e-05,
    "VmaxINp": 4.645908601064144e-05,
    "gammaDp": 0.8
}