{
    "KICp": 12.588779181002764,
    "KINp": 0.00239578166246,
    "Mp": 3.5162790309234527e-06,
    "VmaxICp": 4.596123058318319e-05,
    "VmaxINp": 2.197251256207456e-05,
    "gammaDp": 0.3252695742477373
}