{
    "KICp": 4.438307070601191,
    "KINp": 0.0335402582007243,
    "Mp": 5.799333198645233e-06,
    "VmaxICp": 3.524202179707895e-05,
    "VmaxINp": 5.186005311631203e-05,
    "gammaDp": 0.3619916964164926
}