{
    "KICp": 9.522056415510356,
    "KINp": 0.0021810606787333,
    "Mp": 3.010183775300544e-06,
    "VmaxICp": 2.2602911134052464e-05,
    "VmaxINp": 2.5574321591159104e-05,
    "gammaDp": 0.2024097200580986
}