{
    "KICp": 9.522056415510356,
    "KINp": 0.0248901904359978,
    "Mp": 8.558516439615778e-06,
    "VmaxICp": 2.944304144192576e-05,
    "VmaxINp": 2.5574321591159104e-05,
    "gammaDp": 0.524446224146935
}