{
    "KICp": 129.85704939373753,
    "KINp": 0.0044874484735549,
    "Mp": 3.268610309275188e-06,
    "VmaxICp": 2.396109370709188e-05,
    "VmaxINp": 3.679499644838757e-05,
    "gammaDp": 0.3721393000240857
}