{
    "KICp": 125.74582976358197,
    "KINp": 0.0160969645518021,
    "Mp": 3.824139633782268e-06,
    "VmaxICp": 2.26076599549295e-05,
    "VmaxINp": 1.879889558313581e-05,
    "gammaDp": 0.8
}