{
    "KICp": 129.1468228617764,
    "KINp": 0.0076488917177696,
    "Mp": 9.49405358708577e-06,
    "VmaxICp": 4.237983728780475e-05,
    "VmaxINp": 2.194608319896312e-05,
    "gammaDp": 0.1242541861586798
}