{
    "KICp": 111.4657389905601,
    "KINp": 0.0133585955897379,
    "Mp": 4.299563253634667e-06,
    "VmaxICp": 3.760882500337773e-05,
    "VmaxINp": 3.035383095768996e-05,
    "gammaDp": 0.628937502004797
}