{
    "KICp": 13.261092027305528,
    "KINp": 0.0061933072850266,
    "Mp": 6.291949796447137e-06,
    "VmaxICp": 4.585026581792665e-05,
    "VmaxINp": 4.645908601064144e-05,
    "gammaDp": 0.4367830708115809
}