{
    "KICp": 87.9402685484324,
    "KINp": 0.0021794358733791,
    "Mp": 3.5561471619790617e-06,
    "VmaxICp": 2.8236093177301377e-05,
    "VmaxINp": 3.035383095768996e-05,
    "gammaDp": 0.628937502004797
}