{
    "KICp": 130.03363974185334,
    "KINp": 0.0660897562721481,
    "Mp": 7.64525004337641e-06,
    "VmaxICp": 3.315310049343602e-05,
    "VmaxINp": 1.9130457612231936e-05,
    "gammaDp": 0.3904872123207715
}