{
    "KICp": 46.18783119384596,
    "KINp": 0.0810665018881363,
    "Mp": 3.3321774284549604e-06,
    "VmaxICp": 2.5845728252136337e-05,
    "VmaxINp": 2.2997176538676768e-05,
    "gammaDp": 0.8
}