{
    "KICp": 259.6401055321077,
    "KINp": 0.1009990324552366,
    "Mp": 4.090590811529728e-06,
    "VmaxICp": 2.0630674024823786e-05,
    "VmaxINp": 5.114619067682129e-05,
    "gammaDp": 0.5849111501246752
}