{
    "KICp": 15.387729528463645,
    "KINp": 0.0053329519725427,
    "Mp": 3.4604228651949253e-06,
    "VmaxICp": 5.467353313681947e-05,
    "VmaxINp": 1.172966342229593e-05,
    "gammaDp": 0.5879862415130149
}