{
    "KICp": 4.718636019943188,
    "KINp": 0.0021792679785058,
    "Mp": 7.64525004337641e-06,
    "VmaxICp": 3.315310049343602e-05,
    "VmaxINp": 4.604213818356673e-05,
    "gammaDp": 0.4193536009628644
}