{
    "KICp": 69.10597204365536,
    "KINp": 0.0116825907475938,
    "Mp": 2.314653349443841e-06,
    "VmaxICp": 2.5148807946224152e-05,
    "VmaxINp": 2.5574321591159104e-05,
    "gammaDp": 0.6351195481306164
}