{
    "KICp": 102.67155380472762,
    "KINp": 0.0024316025014763,
    "KlossROSp": 1.956673654786862e-06,
    "KprodROSp": 4.696016771488469e-09,
    "Mp": 6.251794663711662e-06,
    "VmaxICp": 3.573271777338533e-05,
    "VmaxINp": 2.1950636937434224e-05,
    "gammaDp": 0.669059540813762,
    "omegaP": 3.405555555555556e-05
}