{
    "KICp": 4.712339002848926,
    "KINp": 0.02,
    "KlossROSp": 3.3631915649766525e-07,
    "KprodROSp": 2.421168268544994e-09,
    "Mp": 5.710554974000541e-06,
    "VmaxICp": 3.971928540075149e-05,
    "VmaxINp": 4.9773793424871633e-05,
    "gammaDp": 0.1356855899377008,
    "omegaP": 2.6203268661928065e-05
}