{
    "KICp": 0.0666726528074464,
    "KINp": 0.5948925197838809,
    "Mp": 2.6615364045680607e-06,
    "VmaxICp": 0.0019421192816437716,
    "VmaxINp": 9.067037496393025e-05,
    "gammaDp": 0.548427669052925
}