{
    "KICp": 0.0516183515720642,
    "KINp": 0.515556400884861,
    "Mp": 3.1048687568190706e-06,
    "VmaxICp": 0.001313347441953849,
    "VmaxINp": 9.623521624603589e-05,
    "gammaDp": 0.8735433643892706
}