{
    "KICp": 0.02859895746763015,
    "KINp": 0.22775568340136926,
    "Mp": 2.1874472311499747e-06,
    "VmaxICp": 0.00045145027070920407,
    "VmaxINp": 0.00015243726638861958,
    "gammaDp": 0.5256322502753388
}