{
    "KICp": 0.0511074370814379,
    "KINp": 0.16345737040251387,
    "Mp": 2.293194967220384e-06,
    "VmaxICp": 0.0003095201746879936,
    "VmaxINp": 3.3595671880292355e-05,
    "gammaDp": 0.1709190548866915
}