{
    "KICp": 0.10506350351362238,
    "KINp": 0.06615461789258614,
    "Mp": 3.450047407950282e-06,
    "VmaxICp": 0.00031734936375013654,
    "VmaxINp": 0.0003375880259351354,
    "gammaDp": 0.675557928191638
}