{
    "KICp": 0.08798824977096648,
    "KINp": 0.6139032162589085,
    "Mp": 3.823008049901114e-06,
    "VmaxICp": 0.0005385355396783196,
    "VmaxINp": 8.139202891341e-05,
    "gammaDp": 0.10077447293961392
}