{
    "KICp": 0.078165651381643,
    "KINp": 0.11358162362920263,
    "Mp": 2.190458669724229e-06,
    "VmaxICp": 0.00028134726408535833,
    "VmaxINp": 4.892552271164911e-05,
    "gammaDp": 0.4842208213761281
}