{
    "KICp": 0.3856989445232971,
    "KINp": 0.04307315167295302,
    "Mp": 4.454923711682711e-06,
    "VmaxICp": 0.0003322016305329227,
    "VmaxINp": 0.00026277570760344543,
    "gammaDp": 0.214810903199561
}