{
    "KICp": 0.04894071750407051,
    "KINp": 0.09271412432536548,
    "Mp": 3.337368281212703e-06,
    "VmaxICp": 0.0005587204978447,
    "VmaxINp": 0.00011081442193749998,
    "gammaDp": 0.5359750658761656
}