{
    "E_ROSp": 1.959773858359838e-06,
    "E_ROSp_day": 0.16932446136228999,
    "KICp": 0.1829686718575773,
    "KINp": 0.0770628792852829,
    "Mp": 3.276239965236565e-06,
    "Mp_day": 0.2830671329964392,
    "R* ICp": 0.0006191352857494241,
    "R* INp": 0.01007087838413511,
    "Vmax/K ICp": 0.00530954427446082,
    "Vmax/K INp": 0.00036783204729856015,
    "Vmax/Vmax Ip": 34.271979263402535,
    "VmaxICp": 0.0009714802640671,
    "VmaxICp_day_cell": 7.494276322803344e-08,
    "VmaxINp": 2.834619665822741e-05,
    "VmaxINp_day_cell": 2.186706599348972e-09,
    "gammaDp": 0.4666826344998185,
    "omegaP": 0.0466707999932341
}