{
    "E_ROSp": 4.322803232469047e-07,
    "E_ROSp_day": 0.03734901992853257,
    "KICp": 0.258094859633332,
    "KINp": 0.2144701920542601,
    "Mp": 3.388850658912849e-06,
    "Mp_day": 0.29279669693007015,
    "R* ICp": 0.0014678419635292966,
    "R* INp": 0.02597984326695433,
    "Vmax/K ICp": 0.0023218601723531103,
    "Vmax/K INp": 0.00014624256928594603,
    "Vmax/Vmax Ip": 19.106215323279084,
    "VmaxICp": 0.0005992601752717,
    "VmaxICp_day_cell": 4.6228642092388294e-08,
    "VmaxINp": 3.1364671921265284e-05,
    "VmaxINp_day_cell": 2.4195604053547508e-09,
    "gammaDp": 0.1948645650968323,
    "omegaP": 0.0287901283610337
}