{
    "E_ROSp": 2.1882207707050966e-07,
    "E_ROSp_day": 0.018906227458892033,
    "KICp": 0.0510066531254282,
    "KINp": 0.0573979098375699,
    "Mp": 4.510305600655564e-06,
    "Mp_day": 0.3896904038966408,
    "R* ICp": 0.0003331135929764952,
    "R* INp": 0.006353224004803933,
    "Vmax/K ICp": 0.013628268380733211,
    "Vmax/K INp": 0.0007885035199380478,
    "Vmax/Vmax Ip": 15.359171545193552,
    "VmaxICp": 0.0006951323579963,
    "VmaxICp_day_cell": 5.362449618828601e-08,
    "VmaxINp": 4.525845394401057e-05,
    "VmaxINp_day_cell": 3.491366447109387e-09,
    "gammaDp": 0.2761711616519062,
    "omegaP": 0.0124749084563811
}