{
    "E_ROSp": 9.7361087320712e-08,
    "E_ROSp_day": 0.008411997944509517,
    "KICp": 0.1556997690951908,
    "KINp": 0.5955039296637349,
    "Mp": 2.2216420109272056e-06,
    "Mp_day": 0.19194986974411057,
    "R* ICp": 0.002210043387550781,
    "R* INp": 0.01877106680093931,
    "Vmax/K ICp": 0.0010195168988153822,
    "Vmax/K INp": 0.00012208528754996525,
    "Vmax/Vmax Ip": 2.1834056767533636,
    "VmaxICp": 0.0001587385457342,
    "VmaxICp_day_cell": 1.2245544956638287e-08,
    "VmaxINp": 7.270226849013136e-05,
    "VmaxINp_day_cell": 5.608460712095848e-09,
    "gammaDp": 0.8296641766340537,
    "omegaP": 0.0015316181628711
}