{
    "KICp": 37.0,
    "KINp": 0.02,
    "KlossROSp": 1.956673654786862e-06,
    "KprodROSp": 1.2361505877034164e-09,
    "Mp": 6.334109729437449e-06,
    "VmaxICp": 5.546611672475091e-05,
    "VmaxINp": 3.577972181804559e-05,
    "gammaDp": 0.8,
    "omegaP": 8.76887847847198e-05
}