{
    "E_ROSp": 5.22206046377582e-07,
    "E_ROSp_day": 0.04511860240702308,
    "KICp": 0.0327873211993025,
    "KINp": 0.342560546258561,
    "Mp": 4.461858865510839e-06,
    "Mp_day": 0.3855046059801365,
    "R* ICp": 0.0005039398366415194,
    "R* INp": 0.009320812552187637,
    "Vmax/K ICp": 0.008990036371982427,
    "Vmax/K INp": 0.0004917235095359156,
    "Vmax/Vmax Ip": 1.749883229358812,
    "VmaxICp": 0.0002947592101216,
    "VmaxICp_day_cell": 2.2738567637952003e-08,
    "VmaxINp": 0.0001684450740348,
    "VmaxINp_day_cell": 1.2994334282684571e-08,
    "gammaDp": 0.7265282402359428,
    "omegaP": 0.0627118635212217
}