{
    "E_ROSp": 6.131711681552264e-07,
    "E_ROSp_day": 0.052977988928611566,
    "KICp": 0.0836255141218567,
    "KINp": 0.1326857533648548,
    "Mp": 2.752718825157436e-06,
    "Mp_day": 0.23783490649360245,
    "R* ICp": 0.0009388089423723098,
    "R* INp": 0.012341597522250107,
    "Vmax/K ICp": 0.002965056757606153,
    "Vmax/K INp": 0.0002437901154604176,
    "Vmax/Vmax Ip": 7.665340022291367,
    "VmaxICp": 0.0002479543957553,
    "VmaxICp_day_cell": 1.9127910529694574e-08,
    "VmaxINp": 3.234747513277044e-05,
    "VmaxINp_day_cell": 2.4953766530994345e-09,
    "gammaDp": 0.593027275941077,
    "omegaP": 0.0078141749671046
}