{
    "E_ROSp": 1.171924204674064e-06,
    "E_ROSp_day": 0.10125425128383914,
    "KICp": 0.2505930545620358,
    "KINp": 0.151920964515249,
    "Mp": 2.086025267634308e-06,
    "Mp_day": 0.1802325831236042,
    "R* ICp": 0.002834833155059867,
    "R* INp": 0.004957471247421612,
    "Vmax/K ICp": 0.0007441790421634941,
    "Vmax/K INp": 0.0004345151285812501,
    "Vmax/Vmax Ip": 2.8250351387178987,
    "VmaxICp": 0.0001864860993168,
    "VmaxICp_day_cell": 1.4386070518724573e-08,
    "VmaxINp": 6.601195743053095e-05,
    "VmaxINp_day_cell": 5.092351001783817e-09,
    "gammaDp": 0.3636625360350279,
    "omegaP": 0.0010795148174478
}