{
    "E_ROSp": 1.2707445702028346e-06,
    "E_ROSp_day": 0.10979233086552491,
    "KICp": 0.1124514759995819,
    "KINp": 0.2678663342794607,
    "Mp": 1.8746577229153823e-06,
    "Mp_day": 0.16197042725988903,
    "R* ICp": 0.0008792528325318175,
    "R* INp": 0.015369563507553417,
    "Vmax/K ICp": 0.0021487739522547344,
    "Vmax/K INp": 0.00012897056807952462,
    "Vmax/Vmax Ip": 6.99434650459944,
    "VmaxICp": 0.0002416328025205,
    "VmaxICp_day_cell": 1.864024476586715e-08,
    "VmaxINp": 3.454687330140189e-05,
    "VmaxINp_day_cell": 2.6650445118224317e-09,
    "gammaDp": 0.4805933211078712,
    "omegaP": 0.0013465131086256
}