{
    "E_ROSp": 4.0367294363037726e-06,
    "E_ROSp_day": 0.34877342329664596,
    "KICp": 0.0432910596967281,
    "KINp": 0.0334652523985789,
    "Mp": 1.8434133460722057e-06,
    "Mp_day": 0.15927091310063857,
    "R* ICp": 0.00017610438999787555,
    "R* INp": 0.0010873910881129413,
    "Vmax/K ICp": 0.010510312642134022,
    "Vmax/K INp": 0.0017503469105368894,
    "Vmax/Vmax Ip": 7.767756703597329,
    "VmaxICp": 0.0004550025720219,
    "VmaxICp_day_cell": 3.5100198413118e-08,
    "VmaxINp": 5.857580114618981e-05,
    "VmaxINp_day_cell": 4.5187046598489285e-09,
    "gammaDp": 0.1135555945689618,
    "omegaP": 0.0014671800890625
}