{
    "E_ROSp": 1.689655913586337e-07,
    "E_ROSp_day": 0.014598627093385951,
    "KICp": 0.320115891888825,
    "KINp": 0.5271100818294966,
    "Mp": 1.994092660251822e-06,
    "Mp_day": 0.17228960584575745,
    "R* ICp": 0.002680033060200921,
    "R* INp": 0.01149585531330517,
    "Vmax/K ICp": 0.0007502845304316003,
    "Vmax/K INp": 0.00017724494554826912,
    "Vmax/Vmax Ip": 2.5707393469274957,
    "VmaxICp": 0.0002401780016295,
    "VmaxICp_day_cell": 1.852801726856143e-08,
    "VmaxINp": 9.34275977518128e-05,
    "VmaxINp_day_cell": 7.207271826568417e-09,
    "gammaDp": 0.2036045469230178,
    "omegaP": 0.0414017023347877
}