{
    "E_ROSp": 8.623199316280568e-07,
    "E_ROSp_day": 0.0745044420926641,
    "KICp": 0.3716510835503224,
    "KINp": 0.0788139222860102,
    "Mp": 2.133031748370172e-06,
    "Mp_day": 0.18429394305918287,
    "R* ICp": 0.00035328615394048944,
    "R* INp": 0.00442681887097004,
    "Vmax/K ICp": 0.006043427838137273,
    "Vmax/K INp": 0.0005089071634164179,
    "Vmax/Vmax Ip": 55.998608920070424,
    "VmaxICp": 0.0022460465044019,
    "VmaxICp_day_cell": 1.7326644462528944e-07,
    "VmaxINp": 4.010896962829546e-05,
    "VmaxINp_day_cell": 3.094120514182793e-09,
    "gammaDp": 0.6257171378880168,
    "omegaP": 0.0055950187705825
}