{
    "E_ROSp": 2.28778673452262e-07,
    "E_ROSp_day": 0.019766477386275436,
    "KICp": 0.0590217189861765,
    "KINp": 0.4361536762239166,
    "Mp": 3.656854825144652e-06,
    "Mp_day": 0.31595225689249795,
    "R* ICp": 0.0005213519499230149,
    "R* INp": 0.07733879403312274,
    "Vmax/K ICp": 0.007076134723167195,
    "Vmax/K INp": 5.566790352980547e-05,
    "Vmax/Vmax Ip": 17.20139004076379,
    "VmaxICp": 0.0004176456351391,
    "VmaxICp_day_cell": 3.221837756787343e-08,
    "VmaxINp": 2.4279760772203e-05,
    "VmaxINp_day_cell": 1.8730101167128033e-09,
    "gammaDp": 0.3141987171334732,
    "omegaP": 0.0489799911478171
}