{
    "E_ROSp": 9.865927532587598e-07,
    "E_ROSp_day": 0.08524161388155685,
    "KICp": 0.0360317812433705,
    "KINp": 0.4380750956655804,
    "Mp": 4.47853081519735e-06,
    "Mp_day": 0.38694506243305105,
    "R* ICp": 0.00015289566620604682,
    "R* INp": 0.04324111416272216,
    "Vmax/K ICp": 0.029415711552170667,
    "Vmax/K INp": 0.00011379432784206227,
    "Vmax/Vmax Ip": 21.261598414977612,
    "VmaxICp": 0.0010599004837659,
    "VmaxICp_day_cell": 8.176375160479802e-08,
    "VmaxINp": 4.9850461055611846e-05,
    "VmaxINp_day_cell": 3.845606995718629e-09,
    "gammaDp": 0.3229901757362038,
    "omegaP": 0.0594933999537381
}