{
    "E_ROSp": 5.366736658566936e-07,
    "E_ROSp_day": 0.04636860473001833,
    "KICp": 0.1663238712500656,
    "KINp": 0.0877298478180395,
    "Mp": 1.7346583846626488e-06,
    "Mp_day": 0.14987448443485285,
    "R* ICp": 0.000628937801377052,
    "R* INp": 0.008286723777041186,
    "Vmax/K ICp": 0.0027685056066263153,
    "Vmax/K INp": 0.0002291025461704881,
    "Vmax/Vmax Ip": 22.9098739831864,
    "VmaxICp": 0.0004604685700716,
    "VmaxICp_day_cell": 3.552186111980915e-08,
    "VmaxINp": 2.009913151026229e-05,
    "VmaxINp_day_cell": 1.5505044307916626e-09,
    "gammaDp": 0.7515418638492453,
    "omegaP": 0.0387075017489193
}