{
    "E_ROSp": 1.1403406472738087e-07,
    "E_ROSp_day": 0.009852543192445707,
    "KICp": 0.0513459865968993,
    "KINp": 0.3497020835296999,
    "Mp": 2.64324896980824e-06,
    "Mp_day": 0.22837671099143195,
    "R* ICp": 0.0004542624653964334,
    "R* INp": 0.03909474742811802,
    "Vmax/K ICp": 0.005870249534934477,
    "Vmax/K INp": 7.516993183679361e-05,
    "Vmax/Vmax Ip": 11.466231072720484,
    "VmaxICp": 0.0003014137539412,
    "VmaxICp_day_cell": 2.325191816117829e-08,
    "VmaxINp": 2.6287081782112245e-05,
    "VmaxINp_day_cell": 2.027860594620088e-09,
    "gammaDp": 0.3723874854984855,
    "omegaP": 0.0364063957624989
}