{
    "E_ROSp": 1.9012161524607828e-06,
    "E_ROSp_day": 0.16426507557261164,
    "KICp": 0.0498330034830835,
    "KINp": 0.1938492438625134,
    "Mp": 2.038013790354636e-06,
    "Mp_day": 0.17608439148664054,
    "R* ICp": 0.0006282579941199658,
    "R* INp": 0.003612867074608823,
    "Vmax/K ICp": 0.0032848090979157515,
    "Vmax/K INp": 0.0005746121427504843,
    "Vmax/Vmax Ip": 1.469563266026856,
    "VmaxICp": 0.0001636919032177,
    "VmaxICp_day_cell": 1.2627661105365431e-08,
    "VmaxINp": 0.0001113881293864,
    "VmaxINp_day_cell": 8.592798552665145e-09,
    "gammaDp": 0.8148870730960105,
    "omegaP": 0.0305420921582891
}