{
    "E_ROSp": 7.594466683448303e-07,
    "E_ROSp_day": 0.06561619214499334,
    "KICp": 0.0709745030129754,
    "KINp": 0.0300235368052276,
    "Mp": 2.3379990684309554e-06,
    "Mp_day": 0.20200311951243455,
    "R* ICp": 0.0002451782720924356,
    "R* INp": 0.0028820840757585336,
    "Vmax/K ICp": 0.009568856010251177,
    "Vmax/K INp": 0.0008890904110976763,
    "Vmax/Vmax Ip": 25.44219646681794,
    "VmaxICp": 0.0006791447997303,
    "VmaxICp_day_cell": 5.239117026490886e-08,
    "VmaxINp": 2.6693638680766023e-05,
    "VmaxINp_day_cell": 2.059223555373379e-09,
    "gammaDp": 0.6997347905020456,
    "omegaP": 0.0094386427334991
}