{
    "E_ROSp": 2.5260301697839964e-06,
    "E_ROSp_day": 0.2182490066693373,
    "KICp": 0.0358182768446995,
    "KINp": 0.0483494616876909,
    "Mp": 2.7949144656995183e-06,
    "Mp_day": 0.24148060983643838,
    "R* ICp": 0.00020589971256193776,
    "R* INp": 0.004121761010747956,
    "Vmax/K ICp": 0.013652184685605927,
    "Vmax/K INp": 0.0007358939897824132,
    "Vmax/Vmax Ip": 13.743582207981207,
    "VmaxICp": 0.000488997730604,
    "VmaxICp_day_cell": 3.7722682075165715e-08,
    "VmaxINp": 3.5580078265186786e-05,
    "VmaxINp_day_cell": 2.7447488947429807e-09,
    "gammaDp": 0.2440051436270698,
    "omegaP": 0.020813562711669
}