{
    "E_ROSp": 4.816693247000998e-06,
    "E_ROSp_day": 0.41616229654088627,
    "KICp": 0.1445999399790263,
    "KINp": 0.4401706930484198,
    "Mp": 2.463579343869426e-06,
    "Mp_day": 0.21285325531031843,
    "R* ICp": 0.00026997412501102055,
    "R* INp": 0.055889963503318554,
    "Vmax/K ICp": 0.00914227965090544,
    "Vmax/K INp": 4.9675973678764495e-05,
    "Vmax/Vmax Ip": 60.458184639724145,
    "VmaxICp": 0.0013219730887924,
    "VmaxICp_day_cell": 1.0198078113541373e-07,
    "VmaxINp": 2.186590776203683e-05,
    "VmaxINp_day_cell": 1.6867985987856984e-09,
    "gammaDp": 0.108868335306544,
    "omegaP": 0.0028022771785533
}