{
    "E_ROSp": 3.258406342702488e-06,
    "E_ROSp_day": 0.28152630800949496,
    "KICp": 0.1409594669356528,
    "KINp": 0.3110320730843295,
    "Mp": 3.971386011249493e-06,
    "Mp_day": 0.34312775137195617,
    "R* ICp": 0.0020424830996563707,
    "R* INp": 0.008317964159984634,
    "Vmax/K ICp": 0.001972565082026942,
    "Vmax/K INp": 0.0004902152901554959,
    "Vmax/Vmax Ip": 1.8236167042400202,
    "VmaxICp": 0.0002780517224584,
    "VmaxICp_day_cell": 2.1449704303933717e-08,
    "VmaxINp": 0.0001524726779547,
    "VmaxINp_day_cell": 1.1762178013648287e-08,
    "gammaDp": 0.3396375102647865,
    "omegaP": 0.0276378914558143
}