{
    "E_ROSp": 4.2100172120711133e-07,
    "E_ROSp_day": 0.03637454871229442,
    "KICp": 0.0444688503097732,
    "KINp": 0.1583014795211336,
    "Mp": 5.552047699515313e-06,
    "Mp_day": 0.479696921238123,
    "R* ICp": 0.0010173449330995574,
    "R* INp": 0.008160311867547463,
    "Vmax/K ICp": 0.00558224215402177,
    "Vmax/K INp": 0.0007154446196087515,
    "Vmax/Vmax Ip": 2.19181339889044,
    "VmaxICp": 0.0002482358907401,
    "VmaxICp_day_cell": 1.9149625857093428e-08,
    "VmaxINp": 0.0001132559417995,
    "VmaxINp_day_cell": 8.736886938818573e-09,
    "gammaDp": 0.1548977351544866,
    "omegaP": 0.0176805131342109
}