{
    "E_ROSp": 4.299592111674919e-06,
    "E_ROSp_day": 0.37148475844871304,
    "KICp": 0.0630155239579607,
    "KINp": 0.0345366836200803,
    "Mp": 2.6595873356232496e-06,
    "Mp_day": 0.22978834579784876,
    "R* ICp": 0.0014065223271326514,
    "R* INp": 0.0006076618057648938,
    "Vmax/K ICp": 0.001933101196272941,
    "Vmax/K INp": 0.00445376341092771,
    "Vmax/Vmax Ip": 0.7919438052006709,
    "VmaxICp": 0.0001218153847469,
    "VmaxICp_day_cell": 9.397186823332287e-09,
    "VmaxINp": 0.0001538182178419,
    "VmaxINp_day_cell": 1.1865976804946573e-08,
    "gammaDp": 0.1969104013942543,
    "omegaP": 0.0044490406626653
}