{
    "E_ROSp": 1.843631922141946e-07,
    "E_ROSp_day": 0.015928979807306412,
    "KICp": 0.1853520869135525,
    "KINp": 0.2606359834865315,
    "Mp": 4.739836831317517e-06,
    "Mp_day": 0.4095219022258335,
    "R* ICp": 0.0007771192512622291,
    "R* INp": 0.058894059325630355,
    "Vmax/K ICp": 0.006124812083466719,
    "Vmax/K INp": 9.866638694824061e-05,
    "Vmax/Vmax Ip": 44.14552126623135,
    "VmaxICp": 0.0011352467016239,
    "VmaxICp_day_cell": 8.75761741252723e-08,
    "VmaxINp": 2.571601079931737e-05,
    "VmaxINp_day_cell": 1.9838065473759115e-09,
    "gammaDp": 0.657684702520838,
    "omegaP": 0.0617190419823092
}