{
    "KICp": 52.3504043836207,
    "KINp": 0.02,
    "KlossROSp": 9.485045513127489e-06,
    "KprodROSp": 4.696016771488469e-09,
    "Mp": 2.5895670300246167e-06,
    "VmaxICp": 2.8454218350059664e-05,
    "VmaxINp": 3.4747249820091234e-05,
    "gammaDp": 0.3928272294464224,
    "omegaP": 7.608702703011597e-05
}