{
    "E_ROSp": 1.0501921575437138e-06,
    "E_ROSp_day": 0.09073660241177688,
    "KICp": 0.0373839206985942,
    "KINp": 0.6516168832091302,
    "Mp": 1.359203254477359e-06,
    "Mp_day": 0.11743516118684381,
    "R* ICp": 0.00018696705785815592,
    "R* INp": 0.0449380653889011,
    "Vmax/K ICp": 0.0073061052130915455,
    "Vmax/K INp": 3.2332038526902976e-05,
    "Vmax/Vmax Ip": 12.96418897454123,
    "VmaxICp": 0.0002731308579018,
    "VmaxICp_day_cell": 2.1070094752424575e-08,
    "VmaxINp": 2.1068102172698035e-05,
    "VmaxINp_day_cell": 1.625253596179563e-09,
    "gammaDp": 0.1083163044770904,
    "omegaP": 0.047261342022803
}