{
    "E_ROSp": 4.648122607063691e-06,
    "E_ROSp_day": 0.40159779325030287,
    "KICp": 0.5056193686695843,
    "KINp": 0.3838062998141751,
    "Mp": 1.655860557323102e-06,
    "Mp_day": 0.14306635215271601,
    "R* ICp": 0.004858661562998353,
    "R* INp": 0.024309625833460503,
    "Vmax/K ICp": 0.00034408082149062154,
    "Vmax/K INp": 7.242974068046979e-05,
    "Vmax/Vmax Ip": 6.25828215100085,
    "VmaxICp": 0.0001739739277334,
    "VmaxICp_day_cell": 1.3420845853719432e-08,
    "VmaxINp": 2.779899076707134e-05,
    "VmaxINp_day_cell": 2.1444935734597895e-09,
    "gammaDp": 0.1835383928497943,
    "omegaP": 0.0085457089181359
}