{
    "E_ROSp": 3.881475396311197e-07,
    "E_ROSp_day": 0.03353594742412874,
    "KICp": 0.0347326218014562,
    "KINp": 0.2331305881945955,
    "Mp": 1.5763306193408889e-06,
    "Mp_day": 0.1361949655110528,
    "R* ICp": 0.0003141964112997146,
    "R* INp": 0.009419662024602204,
    "Vmax/K ICp": 0.005062407720263954,
    "Vmax/K INp": 0.0001741062888539535,
    "Vmax/Vmax Ip": 4.331925402619343,
    "VmaxICp": 0.0001758306927527,
    "VmaxICp_day_cell": 1.3564082012351144e-08,
    "VmaxINp": 4.0589501528900326e-05,
    "VmaxINp_day_cell": 3.1311901179437398e-09,
    "gammaDp": 0.4132841930637552,
    "omegaP": 0.0718626046202918
}