{
    "KICp": 4.74058301638384,
    "KINp": 0.02,
    "KlossROSp": 3.801708486929327e-06,
    "KprodROSp": 1.0590003218744659e-09,
    "Mp": 3.6421767614044535e-06,
    "VmaxICp": 2.4770790470433025e-05,
    "VmaxINp": 4.957741528227394e-05,
    "gammaDp": 0.8,
    "omegaP": 5.334348111366371e-05
}