{
    "KICp": 177.1514823270066,
    "KINp": 0.02,
    "KlossROSp": 2.410017782015092e-06,
    "KprodROSp": 3.0302862191146913e-08,
    "Mp": 9.499583077030275e-06,
    "VmaxICp": 3.904716767468048e-05,
    "VmaxINp": 4.240209067233456e-05,
    "gammaDp": 0.8,
    "omegaP": 3.130480149156714e-05
}