{
    "E_ROSp": 6.241422588092474e-07,
    "E_ROSp_day": 0.053925891161118976,
    "KICp": 0.0370679489312831,
    "KINp": 0.0667620834173367,
    "Mp": 3.856684394199582e-06,
    "Mp_day": 0.3332175316588439,
    "R* ICp": 0.000466137646174477,
    "R* INp": 0.0016604388973992118,
    "Vmax/K ICp": 0.008377746540003946,
    "Vmax/K INp": 0.0023804573279783345,
    "Vmax/Vmax Ip": 1.9540491861411045,
    "VmaxICp": 0.0003105458809041,
    "VmaxICp_day_cell": 2.395639652688772e-08,
    "VmaxINp": 0.0001589242907019,
    "VmaxINp_day_cell": 1.2259873854146573e-08,
    "gammaDp": 0.2092513130719568,
    "omegaP": 0.0014561374622672
}