{
    "KICp": 9.8698469318879,
    "KINp": 0.02,
    "KOCp": 0.1085048457576799,
    "KONp": 0.4599119225262361,
    "KlossROSp": 1.6243989420606233e-05,
    "KprodROSp": 1.553271174374714e-09,
    "Mp": 8.205284670017056e-06,
    "VmaxICp": 3.2724775203593355e-05,
    "VmaxINp": 4.96933530143882e-05,
    "VmaxOCp": 1.4853873383521133e-05,
    "VmaxONp": 2.335873226993003e-06,
    "gammaDp": 0.554728009222106,
    "omegaP": 1.425947529688381e-05
}