{
    "KICp": 16.47901336590793,
    "KINp": 0.0106178690502628,
    "KOCp": 0.0594463784003484,
    "KONp": 0.1,
    "KlossROSp": 1.1618837659053711e-05,
    "KprodROSp": 3.6172992289064856e-08,
    "Mp": 4.420134408573547e-06,
    "VmaxICp": 4.080202187569765e-05,
    "VmaxINp": 2.2625185364152665e-05,
    "VmaxOCp": 1.820981240938978e-06,
    "VmaxONp": 1.2486105811801328e-07,
    "gammaDp": 0.3612581722586402,
    "omegaP": 4.02433746504354e-06
}