{
    "KICp": 296.8608472157228,
    "KINp": 0.0526596740221675,
    "KOCp": 0.03,
    "KONp": 0.1,
    "KlossROSp": 7.413921162914971e-07,
    "KprodROSp": 4.696016771488469e-09,
    "Mp": 6.382232463246681e-06,
    "VmaxICp": 4.337211333092391e-05,
    "VmaxINp": 3.085152526232032e-05,
    "VmaxOCp": 9.471615711585892e-07,
    "VmaxONp": 1.6007720251074949e-06,
    "gammaDp": 0.354025131998347,
    "omegaP": 5.918144131555532e-05
}