{
    "KICp": 37.0,
    "KINp": 0.02,
    "KOCp": 0.0089438616994604,
    "KONp": 0.0100707467712551,
    "KlossROSp": 1.553671085151341e-06,
    "KprodROSp": 7.326295041077035e-09,
    "Mp": 5.135456574539509e-06,
    "VmaxICp": 3.723344116913339e-05,
    "VmaxINp": 5.1569675823484e-05,
    "VmaxOCp": 1.0483759955992113e-06,
    "VmaxONp": 8.774230310325171e-07,
    "gammaDp": 0.3896701991270789,
    "omegaP": 3.405555555555556e-05
}