{
    "KICp": 68.66198111238245,
    "KINp": 0.1476041945203501,
    "KOCp": 0.2513782669235745,
    "KONp": 0.1484604377593054,
    "KlossROSp": 1.956673654786862e-06,
    "KprodROSp": 4.966329915007703e-10,
    "Mp": 9.18956125642552e-06,
    "VmaxICp": 3.3584956796850945e-05,
    "VmaxINp": 4.171128995824218e-05,
    "VmaxOCp": 8.741100889441473e-07,
    "VmaxONp": 1.1111111111111112e-06,
    "gammaDp": 0.1107213190636172,
    "omegaP": 3.155321946329934e-05
}