{
    "KICp": 160.6597655569528,
    "KINp": 0.0029883756551942,
    "KOCp": 0.08903591160406,
    "KONp": 0.1,
    "KlossROSp": 1.3413573862956522e-06,
    "KprodROSp": 2.565731330982904e-09,
    "Mp": 4.275364009101053e-06,
    "VmaxICp": 3.3008869704530865e-05,
    "VmaxINp": 4.173902579860775e-05,
    "VmaxOCp": 4.15509315736851e-06,
    "VmaxONp": 5.252684436520547e-07,
    "gammaDp": 0.8351015596417778,
    "omegaP": 4.238334827457512e-05
}