{
    "KICp": 181.162719444322,
    "KINp": 0.1956794546253384,
    "KOCp": 0.2072297952841,
    "KONp": 0.6749999772904204,
    "KlossROSp": 1.956673654786862e-06,
    "KprodROSp": 1.0760786821921171e-09,
    "Mp": 7.046428590398805e-06,
    "VmaxICp": 2.019880788988629e-05,
    "VmaxINp": 2.5885018004707104e-05,
    "VmaxOCp": 4.868410579174348e-06,
    "VmaxONp": 5.533256257052267e-06,
    "gammaDp": 0.1505698299725517,
    "omegaP": 6.195829335799627e-06
}