{
    "KICp": 37.0,
    "KINp": 0.0947526980641014,
    "KOCp": 0.0067985816725899,
    "KONp": 0.1454109278110713,
    "KlossROSp": 3.0462366475913563e-06,
    "KprodROSp": 4.696016771488469e-09,
    "Mp": 8.727098578143928e-06,
    "VmaxICp": 4.43278414239966e-05,
    "VmaxINp": 3.836522523185405e-05,
    "VmaxOCp": 1.5194175292766282e-06,
    "VmaxONp": 1.4974264009557798e-06,
    "gammaDp": 0.8,
    "omegaP": 3.405555555555556e-05
}