{
    "KICp": 181.162719444322,
    "KINp": 0.1956794546253384,
    "KOCp": 0.0984494982726575,
    "KONp": 0.1519615967167357,
    "KlossROSp": 1.4318058910270062e-05,
    "KprodROSp": 1.428850189751414e-09,
    "Mp": 4.2824599956284255e-06,
    "VmaxICp": 2.019880788988629e-05,
    "VmaxINp": 2.5885018004707104e-05,
    "VmaxOCp": 4.868410579174348e-06,
    "VmaxONp": 5.533256257052267e-06,
    "gammaDp": 0.1505698299725517,
    "omegaP": 4.659792608616264e-06
}