{
    "KICp": 366.11529850572,
    "KINp": 0.1556224756081763,
    "KOCp": 0.0042726524274389,
    "KONp": 0.1577954951207016,
    "KlossROSp": 1.8259073981144648e-06,
    "KprodROSp": 6.039661302222025e-09,
    "Mp": 6.932080019824307e-06,
    "VmaxICp": 3.109524830752598e-05,
    "VmaxINp": 5.236841699468165e-05,
    "VmaxOCp": 2.4603738078407625e-06,
    "VmaxONp": 1.1111111111111112e-06,
    "gammaDp": 0.1259615688047408,
    "omegaP": 1.2265374986088605e-05
}