{
    "KICp": 37.0,
    "KINp": 0.1366788305415776,
    "KOCp": 0.03,
    "KONp": 0.1454109278110713,
    "KlossROSp": 2.040089165122911e-06,
    "KprodROSp": 1.5313022502945744e-08,
    "Mp": 8.727098578143928e-06,
    "VmaxICp": 4.43278414239966e-05,
    "VmaxINp": 3.836522523185405e-05,
    "VmaxOCp": 1.5194175292766282e-06,
    "VmaxONp": 1.071266647776974e-05,
    "gammaDp": 0.5956676278824806,
    "omegaP": 5.396424332745368e-06
}