{
    "KICp": 22.083184444176656,
    "KINp": 0.02,
    "KOCp": 0.0055479370124937,
    "KONp": 0.0352511568671746,
    "KlossROSp": 1.956673654786862e-06,
    "KprodROSp": 9.754725699195347e-09,
    "Mp": 9.190414647269287e-06,
    "VmaxICp": 4.916040267518174e-05,
    "VmaxINp": 3.9923763701095294e-05,
    "VmaxOCp": 8.931099196676157e-06,
    "VmaxONp": 9.13000857651949e-06,
    "gammaDp": 0.8,
    "omegaP": 4.64936889447382e-05
}