{
    "KICp": 120.6101931726453,
    "KINp": 0.0106178690502628,
    "KOCp": 0.2650423250057001,
    "KONp": 0.1,
    "KlossROSp": 1.956673654786862e-06,
    "KprodROSp": 3.6172992289064856e-08,
    "Mp": 4.420134408573547e-06,
    "VmaxICp": 4.080202187569765e-05,
    "VmaxINp": 2.2625185364152665e-05,
    "VmaxOCp": 1.820981240938978e-06,
    "VmaxONp": 6.530325987582573e-07,
    "gammaDp": 0.6675236825851705,
    "omegaP": 5.4950224375202805e-06
}