{
    "KICp": 5.399093092798048,
    "KINp": 0.0039603841064373,
    "KOCp": 0.03,
    "KONp": 0.1,
    "KlossROSp": 3.725431738219181e-06,
    "KprodROSp": 4.696016771488469e-09,
    "Mp": 9.743801222837258e-06,
    "VmaxICp": 5.4017361266197135e-05,
    "VmaxINp": 4.186932320192332e-05,
    "VmaxOCp": 1.2212502114007236e-06,
    "VmaxONp": 9.314529494588231e-06,
    "gammaDp": 0.8658979629546044,
    "omegaP": 3.405555555555556e-05
}