{
    "KICp": 12.067144190506449,
    "KINp": 0.0152439159481698,
    "KOCp": 0.0136238810956729,
    "KONp": 0.2127948431246094,
    "KlossROSp": 7.58223585026033e-06,
    "KprodROSp": 1.1746328081256824e-08,
    "Mp": 4.476790324546917e-06,
    "VmaxICp": 2.8083360092645096e-05,
    "VmaxINp": 5.374558483991335e-05,
    "VmaxOCp": 5.988224225809952e-07,
    "VmaxONp": 8.514102244205215e-06,
    "gammaDp": 0.5853078603464259,
    "omegaP": 3.405555555555556e-05
}