{
    "KICp": 37.0,
    "KINp": 0.0533050456192608,
    "KOCp": 0.0483971301046964,
    "KONp": 0.1835532371531227,
    "KlossROSp": 6.165746860089307e-07,
    "KprodROSp": 3.792454282473875e-09,
    "Mp": 4.744072265180526e-06,
    "VmaxICp": 3.4035420455783324e-05,
    "VmaxINp": 4.658276724122011e-05,
    "VmaxOCp": 3.902073959834115e-06,
    "VmaxONp": 1.1111111111111112e-06,
    "gammaDp": 0.8603058387892539,
    "omegaP": 3.405555555555556e-05
}