{
    "KICp": 256.42153667815285,
    "KINp": 0.0056376912413345,
    "KOCp": 0.029758107201398,
    "KONp": 0.0922912739038541,
    "KlossROSp": 2.459456220181982e-07,
    "KprodROSp": 9.267660514870719e-10,
    "Mp": 2.8795607176458466e-06,
    "VmaxICp": 2.80841363510492e-05,
    "VmaxINp": 2.816793159687898e-05,
    "VmaxOCp": 1.0939064093881334e-05,
    "VmaxONp": 8.395193393780326e-07,
    "gammaDp": 0.8,
    "omegaP": 2.5155305881957345e-05
}