{
    "KICp": 9.8698469318879,
    "KINp": 0.02,
    "KOCp": 0.03,
    "KONp": 0.4599119225262361,
    "KlossROSp": 1.0401894352329166e-05,
    "KprodROSp": 2.5079117531219062e-09,
    "Mp": 8.205284670017056e-06,
    "VmaxICp": 3.849667696012532e-05,
    "VmaxINp": 4.96933530143882e-05,
    "VmaxOCp": 2.952686464117982e-07,
    "VmaxONp": 1.1111111111111112e-06,
    "gammaDp": 0.554728009222106,
    "omegaP": 1.425947529688381e-05
}