{
    "KICp": 37.0,
    "KINp": 0.0967026309563661,
    "KOCp": 0.0483971301046964,
    "KONp": 0.9930533364444452,
    "KlossROSp": 6.165746860089307e-07,
    "KprodROSp": 3.792454282473875e-09,
    "Mp": 3.357745114962372e-06,
    "VmaxICp": 2.6478878022915905e-05,
    "VmaxINp": 3.888475149538472e-05,
    "VmaxOCp": 2.1791894355201694e-07,
    "VmaxONp": 1.5570147261579122e-07,
    "gammaDp": 0.8603058387892539,
    "omegaP": 3.405555555555556e-05
}