{
    "KICp": 41.50944956659172,
    "KINp": 0.0060453119613415,
    "KOCp": 0.0064134488247102,
    "KONp": 0.0302500388032966,
    "KlossROSp": 1.956673654786862e-06,
    "KprodROSp": 1.2464082621262071e-09,
    "Mp": 3.5088769139301874e-06,
    "VmaxICp": 3.037939830017348e-05,
    "VmaxINp": 2.899722103812234e-05,
    "VmaxOCp": 1.851851851851852e-06,
    "VmaxONp": 8.319420255626037e-07,
    "gammaDp": 0.5880721348768553,
    "omegaP": 3.405555555555556e-05
}