{
    "KICp": 6.02487821647924,
    "KINp": 0.0048976408466922,
    "KOCp": 0.1907359935855846,
    "KONp": 0.6749999772904204,
    "KlossROSp": 1.956673654786862e-06,
    "KprodROSp": 1.0760786821921171e-09,
    "Mp": 4.2824599956284255e-06,
    "VmaxICp": 2.019880788988629e-05,
    "VmaxINp": 3.194047270216572e-05,
    "VmaxOCp": 4.868410579174348e-06,
    "VmaxONp": 5.533256257052267e-06,
    "gammaDp": 0.5376155563421489,
    "omegaP": 4.659792608616264e-06
}