{
    "KICp": 37.0,
    "KINp": 0.02,
    "KOCp": 0.03,
    "KONp": 0.4539529467095601,
    "KlossROSp": 1.956673654786862e-06,
    "KprodROSp": 4.696016771488469e-09,
    "Mp": 5.909402180623187e-06,
    "VmaxICp": 4.2422008943456674e-05,
    "VmaxINp": 3.263233596068607e-05,
    "VmaxOCp": 1.952744404031607e-07,
    "VmaxONp": 8.21285555573038e-06,
    "gammaDp": 0.2908436765843669,
    "omegaP": 1.6430129487468694e-05
}