{
    "KICp": 40.35464495727778,
    "KINp": 0.0044304297778679,
    "KOCp": 0.1143951194491111,
    "KONp": 0.1,
    "KlossROSp": 4.980153749922127e-07,
    "KprodROSp": 4.696016771488469e-09,
    "Mp": 5.162392151704665e-06,
    "VmaxICp": 2.7858249433665817e-05,
    "VmaxINp": 2.052572971243055e-05,
    "VmaxOCp": 2.76105098085078e-06,
    "VmaxONp": 1.8926771312887065e-07,
    "gammaDp": 0.8,
    "omegaP": 5.1085007505625695e-06
}