{
    "KICp": 4.231093366511823,
    "KINp": 0.02,
    "KOCp": 0.03,
    "KONp": 0.0361450793462788,
    "KlossROSp": 1.956673654786862e-06,
    "KprodROSp": 7.014839761271884e-09,
    "Mp": 5.909402180623187e-06,
    "VmaxICp": 4.2422008943456674e-05,
    "VmaxINp": 3.263233596068607e-05,
    "VmaxOCp": 3.788009984235903e-06,
    "VmaxONp": 1.988550556473336e-07,
    "gammaDp": 0.1818299499509659,
    "omegaP": 3.405555555555556e-05
}