{
    "KICp": 105.9417935553966,
    "KINp": 0.0221059121805522,
    "KOCp": 0.0112973252355899,
    "KONp": 0.0248388579501794,
    "KlossROSp": 3.529756489115932e-07,
    "KprodROSp": 1.8867556583432848e-08,
    "Mp": 2.1689432484680009e-07,
    "VmaxICp": 4.252367450585448e-05,
    "VmaxINp": 4.242015459600318e-05,
    "VmaxOCp": 1.973755430146046e-06,
    "VmaxONp": 5.442667287825609e-07,
    "gammaDp": 0.1099545401141001,
    "omegaP": 7.411668959400043e-05
}