{
    "KICp": 353.29149695670225,
    "KINp": 0.0539895913880036,
    "KOCp": 0.0756377018833132,
    "KONp": 0.1115374236986458,
    "KlossROSp": 4.3253869388719973e-07,
    "KprodROSp": 4.696016771488469e-09,
    "Mp": 7.286175390185095e-06,
    "VmaxICp": 4.0258827865963614e-05,
    "VmaxINp": 4.955106522656964e-05,
    "VmaxOCp": 1.851851851851852e-06,
    "VmaxONp": 8.504333922464891e-07,
    "gammaDp": 0.655157537870971,
    "omegaP": 4.040066751526576e-06
}