{
    "KICp": 353.29149695670225,
    "KINp": 0.0539895913880036,
    "KOCp": 0.1537853422024264,
    "KONp": 0.0393288409344562,
    "KlossROSp": 5.82229496183935e-06,
    "KprodROSp": 2.1060922218454817e-08,
    "Mp": 7.286175390185095e-06,
    "VmaxICp": 5.255922618949312e-05,
    "VmaxINp": 4.955106522656964e-05,
    "VmaxOCp": 1.851851851851852e-06,
    "VmaxONp": 8.504333922464891e-07,
    "gammaDp": 0.2198030444603345,
    "omegaP": 4.040066751526576e-06
}