{
    "KICp": 105.9417935553966,
    "KINp": 0.0497618750869015,
    "KOCp": 0.0254319138632434,
    "KONp": 0.1,
    "KlossROSp": 3.529756489115932e-07,
    "KprodROSp": 1.8867556583432848e-08,
    "Mp": 6.158033508419536e-06,
    "VmaxICp": 2.804479156858916e-05,
    "VmaxINp": 4.242015459600318e-05,
    "VmaxOCp": 1.851851851851852e-06,
    "VmaxONp": 5.442667287825609e-07,
    "gammaDp": 0.1099545401141001,
    "omegaP": 6.988426862720834e-06
}