{
    "KICp": 4.019852654071245,
    "KINp": 0.1556224756081763,
    "KOCp": 0.0221407694632627,
    "KONp": 0.1577954951207016,
    "KlossROSp": 8.831719576844608e-07,
    "KprodROSp": 6.039661302222025e-09,
    "Mp": 6.932080019824307e-06,
    "VmaxICp": 3.109524830752598e-05,
    "VmaxINp": 5.236841699468165e-05,
    "VmaxOCp": 1.851851851851852e-06,
    "VmaxONp": 3.29665449717671e-06,
    "gammaDp": 0.3965332822868351,
    "omegaP": 8.049244949205825e-06
}