{
    "KICp": 65.78146535336077,
    "KINp": 0.0919369376483014,
    "KOCp": 0.2806508960315812,
    "KONp": 0.0664437254560396,
    "KlossROSp": 1.0205926600143166e-05,
    "KprodROSp": 2.564362151487729e-08,
    "Mp": 8.359160644404506e-06,
    "VmaxICp": 4.505022732526489e-05,
    "VmaxINp": 3.148538116929301e-05,
    "VmaxOCp": 1.2574049041547692e-06,
    "VmaxONp": 3.0347789974129723e-06,
    "gammaDp": 0.5311522380944464,
    "omegaP": 0.0001036077193768
}