{
    "KICp": 181.162719444322,
    "KINp": 0.1956794546253384,
    "KOCp": 0.1907359935855846,
    "KONp": 0.3325726249796645,
    "KlossROSp": 5.747022511421901e-06,
    "KprodROSp": 1.0760786821921171e-09,
    "Mp": 4.2824599956284255e-06,
    "VmaxICp": 2.019880788988629e-05,
    "VmaxINp": 1.823892297876197e-05,
    "VmaxOCp": 4.868410579174348e-06,
    "VmaxONp": 1.7402115124102112e-06,
    "gammaDp": 0.1505698299725517,
    "omegaP": 4.659792608616264e-06
}