{
    "KICp": 53.08664931130809,
    "KINp": 0.02,
    "KOCp": 0.0562811575149812,
    "KONp": 0.1058532343890276,
    "KlossROSp": 5.980567032188551e-07,
    "KprodROSp": 6.671848881867814e-10,
    "Mp": 2.9425156518092827e-06,
    "VmaxICp": 1.8566208110831727e-05,
    "VmaxINp": 3.23384126566825e-05,
    "VmaxOCp": 2.374674443629022e-06,
    "VmaxONp": 4.220183049580668e-07,
    "gammaDp": 0.3654389941439742,
    "omegaP": 6.271150745281133e-06
}