{
    "KICp": 37.0,
    "KINp": 0.02,
    "KOCp": 0.0848454702945313,
    "KONp": 0.0197943800872881,
    "KlossROSp": 1.0108582714416515e-06,
    "KprodROSp": 1.2553626038156896e-08,
    "Mp": 5.998196144553424e-06,
    "VmaxICp": 3.0014108559190054e-05,
    "VmaxINp": 2.278393257057567e-05,
    "VmaxOCp": 5.22978881272588e-07,
    "VmaxONp": 1.1111111111111112e-06,
    "gammaDp": 0.4360022983457584,
    "omegaP": 1.1294713505186307e-05
}