{
    "KICp": 37.0,
    "KINp": 0.02,
    "KOCp": 0.0044529558304739,
    "KONp": 0.1,
    "KlossROSp": 5.956455438634763e-07,
    "KprodROSp": 1.7082601591487155e-09,
    "Mp": 6.7585524763230185e-06,
    "VmaxICp": 2.690604106780976e-05,
    "VmaxINp": 3.912762218942822e-05,
    "VmaxOCp": 1.3033905499071604e-06,
    "VmaxONp": 6.902710796595591e-07,
    "gammaDp": 0.6287127611231462,
    "omegaP": 3.405555555555556e-05
}