{
    "KICp": 4.148845160057511,
    "KINp": 0.0801976501982637,
    "KOCp": 0.0064134488247102,
    "KONp": 0.0302500388032966,
    "KlossROSp": 3.65324932039006e-07,
    "KprodROSp": 1.2464082621262071e-09,
    "Mp": 3.5088769139301874e-06,
    "VmaxICp": 3.5308136788707336e-05,
    "VmaxINp": 2.899722103812234e-05,
    "VmaxOCp": 1.851851851851852e-06,
    "VmaxONp": 3.748500058561469e-07,
    "gammaDp": 0.8,
    "omegaP": 3.405555555555556e-05
}