{
    "KICp": 37.0,
    "KINp": 0.0195861219169107,
    "KOCp": 0.0093901017308283,
    "KONp": 0.4212278074574553,
    "KlossROSp": 5.726822005315521e-07,
    "KprodROSp": 3.646523600127924e-08,
    "Mp": 1.157407407407407e-06,
    "VmaxICp": 2.1942020385888345e-05,
    "VmaxINp": 2.3584998008671432e-05,
    "VmaxOCp": 3.906750647679973e-06,
    "VmaxONp": 1.1111111111111112e-06,
    "gammaDp": 0.5144036496909284,
    "omegaP": 3.405555555555556e-05
}