{
    "KICp": 37.0,
    "KINp": 0.0533050456192608,
    "KOCp": 0.0483971301046964,
    "KONp": 0.1835532371531227,
    "KlossROSp": 7.473828679017007e-06,
    "KprodROSp": 3.792454282473875e-09,
    "Mp": 3.357745114962372e-06,
    "VmaxICp": 2.6478878022915905e-05,
    "VmaxINp": 4.658276724122011e-05,
    "VmaxOCp": 2.1791894355201694e-07,
    "VmaxONp": 2.2321794564901013e-06,
    "gammaDp": 0.8603058387892539,
    "omegaP": 3.55046317844985e-06
}