{
    "KICp": 42.786534133433726,
    "KINp": 0.0024314254999457,
    "KOCp": 0.0295472502627449,
    "KONp": 0.1,
    "KlossROSp": 4.078575878638256e-06,
    "KprodROSp": 4.696016771488469e-09,
    "Mp": 6.382232463246681e-06,
    "VmaxICp": 4.337211333092391e-05,
    "VmaxINp": 3.085152526232032e-05,
    "VmaxOCp": 1.8859122871012718e-07,
    "VmaxONp": 1.6007720251074949e-06,
    "gammaDp": 0.7205982952137132,
    "omegaP": 5.918144131555532e-05
}