{
    "KICp": 54.56193193954495,
    "KINp": 0.0034722324454905,
    "KOCp": 0.03,
    "KONp": 0.4369907252455769,
    "KlossROSp": 1.956673654786862e-06,
    "KprodROSp": 4.696016771488469e-09,
    "Mp": 5.395472527512402e-06,
    "VmaxICp": 4.231137591528626e-05,
    "VmaxINp": 3.242974926405634e-05,
    "VmaxOCp": 2.677264109343253e-06,
    "VmaxONp": 1.2233205115339583e-06,
    "gammaDp": 0.1149375502293727,
    "omegaP": 3.405555555555556e-05
}