{
    "KICp": 37.0,
    "KINp": 0.0138687995472471,
    "KOCp": 0.0413807044452201,
    "KONp": 0.1,
    "KlossROSp": 1.956673654786862e-06,
    "KprodROSp": 1.138094248920562e-09,
    "Mp": 4.412958592178537e-06,
    "VmaxICp": 2.813689261382502e-05,
    "VmaxINp": 4.965188352964064e-05,
    "VmaxOCp": 2.316187845513437e-06,
    "VmaxONp": 5.402801362251264e-07,
    "gammaDp": 0.2305921322879505,
    "omegaP": 3.405555555555556e-05
}