{
    "KICp": 353.29149695670225,
    "KINp": 0.0539895913880036,
    "KOCp": 0.0684311491911696,
    "KONp": 0.0167207054581495,
    "KlossROSp": 4.3253869388719973e-07,
    "KprodROSp": 3.133500883492664e-08,
    "Mp": 7.286175390185095e-06,
    "VmaxICp": 5.255922618949312e-05,
    "VmaxINp": 4.955106522656964e-05,
    "VmaxOCp": 2.435519337274465e-06,
    "VmaxONp": 8.504333922464891e-07,
    "gammaDp": 0.2198030444603345,
    "omegaP": 4.040066751526576e-06
}