{
    "KICp": 366.11529850572,
    "KINp": 0.1556224756081763,
    "KOCp": 0.0221407694632627,
    "KONp": 0.0475300703871502,
    "KlossROSp": 8.831719576844608e-07,
    "KprodROSp": 8.437209567138211e-10,
    "Mp": 6.932080019824307e-06,
    "VmaxICp": 3.109524830752598e-05,
    "VmaxINp": 5.236841699468165e-05,
    "VmaxOCp": 1.851851851851852e-06,
    "VmaxONp": 1.1111111111111112e-06,
    "gammaDp": 0.1259615688047408,
    "omegaP": 9.545981324218296e-06
}