{
    "KICp": 353.29149695670225,
    "KINp": 0.0066878100048899,
    "KOCp": 0.0367650544631276,
    "KONp": 0.0207975186128433,
    "KlossROSp": 4.3253869388719973e-07,
    "KprodROSp": 4.696016771488469e-09,
    "Mp": 7.286175390185095e-06,
    "VmaxICp": 5.255922618949312e-05,
    "VmaxINp": 4.955106522656964e-05,
    "VmaxOCp": 1.851851851851852e-06,
    "VmaxONp": 8.504333922464891e-07,
    "gammaDp": 0.2198030444603345,
    "omegaP": 1.3565669517432773e-05
}