{
    "KICp": 7.69951963693327,
    "KINp": 0.0029683956478802,
    "KOCp": 0.0711507161102734,
    "KONp": 0.0252413630816688,
    "KlossROSp": 7.350660931618094e-07,
    "KprodROSp": 4.914574517812413e-09,
    "Mp": 6.3525618454631055e-06,
    "VmaxICp": 1.975869445448732e-05,
    "VmaxINp": 4.6243325681260766e-05,
    "VmaxOCp": 2.819649107840496e-07,
    "VmaxONp": 3.6989737920467375e-06,
    "gammaDp": 0.7238157634322722,
    "omegaP": 1.376931295326957e-05
}