{
    "KICp": 4.260588321314384,
    "KINp": 0.02,
    "KOCp": 0.0063889657277761,
    "KONp": 0.3867105770781025,
    "KlossROSp": 4.284589422515596e-06,
    "KprodROSp": 2.6768865193036554e-09,
    "Mp": 6.549222189460514e-06,
    "VmaxICp": 2.6529213804683257e-05,
    "VmaxINp": 1.8041009297847203e-05,
    "VmaxOCp": 1.3810976077538628e-06,
    "VmaxONp": 4.521610040959064e-06,
    "gammaDp": 0.1592457730424973,
    "omegaP": 5.218030844612808e-06
}