{
    "KICp": 5.053131762300621,
    "KINp": 0.0480575829826449,
    "KOCp": 0.0108358448892159,
    "KONp": 0.1,
    "KlossROSp": 1.3451418363454317e-05,
    "KprodROSp": 7.393468648890766e-09,
    "Mp": 5.885785235712282e-06,
    "VmaxICp": 5.406676631615439e-05,
    "VmaxINp": 3.121784354993388e-05,
    "VmaxOCp": 6.236550280287241e-06,
    "VmaxONp": 7.063128710901697e-07,
    "gammaDp": 0.1170703448977687,
    "omegaP": 3.405555555555556e-05
}