{
    "KICp": 3.892334871966901,
    "KINp": 0.0028495412048191,
    "KOCp": 0.0793193333531836,
    "KONp": 0.5580847762348956,
    "KlossROSp": 5.869763742922083e-07,
    "KprodROSp": 5.500735473467472e-10,
    "Mp": 3.0583079531689835e-06,
    "VmaxICp": 3.637707695298287e-05,
    "VmaxINp": 3.685300789197561e-05,
    "VmaxOCp": 5.932176498672561e-07,
    "VmaxONp": 1.1111111111111112e-06,
    "gammaDp": 0.5559777066823746,
    "omegaP": 3.646718287102068e-05
}