{
    "KICp": 42.14120678261508,
    "KINp": 0.1243536932235431,
    "KOCp": 0.0784689079114682,
    "KONp": 0.5302822189326368,
    "KlossROSp": 1.3591297277518864e-05,
    "KprodROSp": 2.1937869111343502e-09,
    "Mp": 2.475381514947874e-06,
    "VmaxICp": 2.0848599786801484e-05,
    "VmaxINp": 2.258868310838968e-05,
    "VmaxOCp": 6.464567249606964e-06,
    "VmaxONp": 5.382102707374773e-07,
    "gammaDp": 0.1533620981557415,
    "omegaP": 3.405555555555556e-05
}