{
    "KICp": 177.37530010030684,
    "KINp": 0.0919369376483014,
    "KOCp": 0.2806508960315812,
    "KONp": 0.0397707665259426,
    "KlossROSp": 1.0205926600143166e-05,
    "KprodROSp": 8.711878102806782e-10,
    "Mp": 8.359160644404506e-06,
    "VmaxICp": 4.505022732526489e-05,
    "VmaxINp": 3.148538116929301e-05,
    "VmaxOCp": 9.801277204646932e-07,
    "VmaxONp": 1.590383785774846e-07,
    "gammaDp": 0.2541170445632965,
    "omegaP": 0.0001036077193768
}