{
    "KICp": 160.36018529331017,
    "KINp": 0.0138540006230354,
    "KOCp": 0.0500192652614336,
    "KONp": 0.4721321054185417,
    "KlossROSp": 1.956673654786862e-06,
    "KprodROSp": 4.696016771488469e-09,
    "Mp": 7.969780307190982e-06,
    "VmaxICp": 4.025484748851439e-05,
    "VmaxINp": 4.630036093201936e-05,
    "VmaxOCp": 1.224618696510314e-05,
    "VmaxONp": 1.1111111111111112e-06,
    "gammaDp": 0.269246117974849,
    "omegaP": 3.405555555555556e-05
}