{
    "KICp": 37.0,
    "KINp": 0.0199504388309524,
    "KOCp": 0.2413053491732179,
    "KONp": 0.027363779931327,
    "KlossROSp": 4.624679254828829e-07,
    "KprodROSp": 2.3986655169296456e-08,
    "Mp": 6.011096109404945e-06,
    "VmaxICp": 2.947453283210708e-05,
    "VmaxINp": 3.529925352747348e-05,
    "VmaxOCp": 5.941090259023318e-07,
    "VmaxONp": 8.560132292896743e-06,
    "gammaDp": 0.8,
    "omegaP": 5.810437828606707e-06
}