{
    "KICp": 37.0,
    "KINp": 0.1366788305415776,
    "KOCp": 0.03,
    "KONp": 0.1454109278110713,
    "KlossROSp": 2.040089165122911e-06,
    "KprodROSp": 4.696016771488469e-09,
    "Mp": 8.727098578143928e-06,
    "VmaxICp": 4.43278414239966e-05,
    "VmaxINp": 3.678044283379119e-05,
    "VmaxOCp": 1.5194175292766282e-06,
    "VmaxONp": 1.4974264009557798e-06,
    "gammaDp": 0.1824079420682403,
    "omegaP": 1.4055593426954523e-05
}