{
    "KICp": 4.384400780694414,
    "KINp": 0.0983782751820869,
    "KOCp": 0.0034676796566804,
    "KONp": 0.992501858482418,
    "KlossROSp": 2.954298689656232e-07,
    "KprodROSp": 1.3612968457019407e-09,
    "Mp": 4.275364009101053e-06,
    "VmaxICp": 3.3008869704530865e-05,
    "VmaxINp": 2.9642647972982533e-05,
    "VmaxOCp": 4.15509315736851e-06,
    "VmaxONp": 5.252684436520547e-07,
    "gammaDp": 0.8351015596417778,
    "omegaP": 4.238334827457512e-05
}