{
    "KICp": 7.69951963693327,
    "KINp": 0.0169425509995169,
    "KOCp": 0.0058600687377562,
    "KONp": 0.970901700306504,
    "KlossROSp": 7.350660931618094e-07,
    "KprodROSp": 4.914574517812413e-09,
    "Mp": 6.3525618454631055e-06,
    "VmaxICp": 1.975869445448732e-05,
    "VmaxINp": 4.6243325681260766e-05,
    "VmaxOCp": 1.04546630380877e-05,
    "VmaxONp": 1.1111111111111112e-06,
    "gammaDp": 0.7238157634322722,
    "omegaP": 1.376931295326957e-05
}