{
    "KICp": 37.0,
    "KINp": 0.02,
    "KOCp": 0.1238014167330064,
    "KONp": 0.4539529467095601,
    "KlossROSp": 1.956673654786862e-06,
    "KprodROSp": 1.3918480696266682e-09,
    "Mp": 5.909402180623187e-06,
    "VmaxICp": 4.2422008943456674e-05,
    "VmaxINp": 3.263233596068607e-05,
    "VmaxOCp": 1.0902949912141548e-06,
    "VmaxONp": 1.988550556473336e-07,
    "gammaDp": 0.1796272189803084,
    "omegaP": 3.405555555555556e-05
}