{
    "KICp": 152.47233134433964,
    "KINp": 0.0060460596117686,
    "KOCp": 0.0038905432307926,
    "KONp": 0.2127948431246094,
    "KlossROSp": 7.58223585026033e-06,
    "KprodROSp": 1.1746328081256824e-08,
    "Mp": 4.476790324546917e-06,
    "VmaxICp": 1.763484977020167e-05,
    "VmaxINp": 5.374558483991335e-05,
    "VmaxOCp": 1.2869587338398344e-05,
    "VmaxONp": 3.925063729959728e-07,
    "gammaDp": 0.5853078603464259,
    "omegaP": 3.405555555555556e-05
}