{
    "KICp": 6.997357624374554,
    "KINp": 0.02,
    "KOCp": 0.0044529558304739,
    "KONp": 0.1,
    "KlossROSp": 1.956673654786862e-06,
    "KprodROSp": 1.3833899440782151e-09,
    "Mp": 6.7585524763230185e-06,
    "VmaxICp": 3.0080379636180605e-05,
    "VmaxINp": 3.912762218942822e-05,
    "VmaxOCp": 1.3033905499071604e-06,
    "VmaxONp": 2.08916562275394e-07,
    "gammaDp": 0.8,
    "omegaP": 1.6618942753700202e-05
}