{
    "KICp": 27.198300595054626,
    "KINp": 0.0039603841064373,
    "KOCp": 0.03,
    "KONp": 0.9560180965609372,
    "KlossROSp": 3.725431738219181e-06,
    "KprodROSp": 4.226414012211309e-08,
    "Mp": 9.743801222837258e-06,
    "VmaxICp": 5.4017361266197135e-05,
    "VmaxINp": 3.189067977792376e-05,
    "VmaxOCp": 1.851851851851852e-06,
    "VmaxONp": 9.314529494588231e-06,
    "gammaDp": 0.1452486957592859,
    "omegaP": 2.508167237510753e-05
}