{
    "KICp": 37.0,
    "KINp": 0.0060453119613415,
    "KOCp": 0.0064134488247102,
    "KONp": 0.0302500388032966,
    "KlossROSp": 2.2592900278960093e-06,
    "KprodROSp": 9.163149767171687e-10,
    "Mp": 3.5088769139301874e-06,
    "VmaxICp": 3.5308136788707336e-05,
    "VmaxINp": 2.899722103812234e-05,
    "VmaxOCp": 4.219203414748557e-07,
    "VmaxONp": 6.842165699143356e-07,
    "gammaDp": 0.1149712924307061,
    "omegaP": 3.405555555555556e-05
}