{
    "KICp": 3.815761986394609,
    "KINp": 0.0048689333541758,
    "KOCp": 0.0108358448892159,
    "KONp": 0.1,
    "KlossROSp": 2.086855205982299e-06,
    "KprodROSp": 4.696016771488469e-09,
    "Mp": 5.885785235712282e-06,
    "VmaxICp": 5.406676631615439e-05,
    "VmaxINp": 3.121784354993388e-05,
    "VmaxOCp": 8.992268905309729e-07,
    "VmaxONp": 8.423308787462973e-06,
    "gammaDp": 0.1170703448977687,
    "omegaP": 3.405555555555556e-05
}