{
    "KICp": 37.0,
    "KINp": 0.1676095674543126,
    "KOCp": 0.1417847325978928,
    "KONp": 0.1,
    "KlossROSp": 6.193548439886623e-06,
    "KprodROSp": 2.0945268746114075e-09,
    "Mp": 4.101454258680241e-06,
    "VmaxICp": 2.810143026268212e-05,
    "VmaxINp": 3.4442017499057575e-05,
    "VmaxOCp": 5.585898039043775e-07,
    "VmaxONp": 2.194344198344135e-06,
    "gammaDp": 0.4787974202334372,
    "omegaP": 2.044847901866633e-05
}