{
    "KICp": 14.172322418151229,
    "KINp": 0.0199504388309524,
    "KOCp": 0.2413053491732179,
    "KONp": 0.0322603980768285,
    "KlossROSp": 4.624679254828829e-07,
    "KprodROSp": 7.261295881808554e-09,
    "Mp": 6.011096109404945e-06,
    "VmaxICp": 2.748276031314725e-05,
    "VmaxINp": 3.529925352747348e-05,
    "VmaxOCp": 2.0759403279168494e-07,
    "VmaxONp": 8.560132292896743e-06,
    "gammaDp": 0.8,
    "omegaP": 5.810437828606707e-06
}