{
    "KICp": 37.0,
    "KINp": 0.02,
    "KOCp": 0.03,
    "KONp": 0.0100707467712551,
    "KlossROSp": 7.846208062057794e-06,
    "KprodROSp": 7.326295041077035e-09,
    "Mp": 5.135456574539509e-06,
    "VmaxICp": 3.723344116913339e-05,
    "VmaxINp": 5.1569675823484e-05,
    "VmaxOCp": 2.117515758228639e-07,
    "VmaxONp": 4.858909757465306e-06,
    "gammaDp": 0.274083106305613,
    "omegaP": 8.26139954908351e-06
}