{
    "KICp": 5.121875350293367,
    "KINp": 0.1430854985688347,
    "KOCp": 0.1417847325978928,
    "KONp": 0.1,
    "KlossROSp": 6.615102867906759e-07,
    "KprodROSp": 1.1402910541840365e-08,
    "Mp": 4.101454258680241e-06,
    "VmaxICp": 2.810143026268212e-05,
    "VmaxINp": 3.500418633712487e-05,
    "VmaxOCp": 5.585898039043775e-07,
    "VmaxONp": 2.194344198344135e-06,
    "gammaDp": 0.8,
    "omegaP": 3.405555555555556e-05
}