{
    "KICp": 12.669986718788453,
    "KINp": 0.093510898321587,
    "KOCp": 0.0034676796566804,
    "KONp": 0.1,
    "KlossROSp": 1.3413573862956522e-06,
    "KprodROSp": 1.3612968457019407e-09,
    "Mp": 4.275364009101053e-06,
    "VmaxICp": 2.3164616656608813e-05,
    "VmaxINp": 4.173902579860775e-05,
    "VmaxOCp": 4.15509315736851e-06,
    "VmaxONp": 5.252684436520547e-07,
    "gammaDp": 0.8351015596417778,
    "omegaP": 4.238334827457512e-05
}