{
    "KICp": 37.0,
    "KINp": 0.0920881537141615,
    "KOCp": 0.0177529399155855,
    "KONp": 0.1,
    "KlossROSp": 6.1510540364203765e-06,
    "KprodROSp": 4.696016771488469e-09,
    "Mp": 4.095788195557875e-06,
    "VmaxICp": 3.5921795945308426e-05,
    "VmaxINp": 2.943747943854135e-05,
    "VmaxOCp": 5.086166029699921e-06,
    "VmaxONp": 9.339527171233865e-06,
    "gammaDp": 0.1134055099681515,
    "omegaP": 0.0001118590550688
}