{
    "KICp": 37.0,
    "KINp": 0.0920881537141615,
    "KOCp": 0.0177529399155855,
    "KONp": 0.1,
    "KlossROSp": 2.3846189528688056e-06,
    "KprodROSp": 1.6794341659450527e-08,
    "Mp": 4.095788195557875e-06,
    "VmaxICp": 2.0464168749828207e-05,
    "VmaxINp": 2.943747943854135e-05,
    "VmaxOCp": 5.086166029699921e-06,
    "VmaxONp": 1.1111111111111112e-06,
    "gammaDp": 0.1303862139951379,
    "omegaP": 3.405555555555556e-05
}