{
    "KICp": 205.7476810435343,
    "KINp": 0.1243536932235431,
    "KOCp": 0.0784689079114682,
    "KONp": 0.262611772971282,
    "KlossROSp": 2.9356304576562855e-07,
    "KprodROSp": 3.488867093115387e-08,
    "Mp": 4.393345097772664e-06,
    "VmaxICp": 1.6139362480415264e-05,
    "VmaxINp": 2.258868310838968e-05,
    "VmaxOCp": 6.464567249606964e-06,
    "VmaxONp": 2.19963152315548e-07,
    "gammaDp": 0.1533620981557415,
    "omegaP": 6.9782824558654535e-06
}