{
    "KICp": 5.053131762300621,
    "KINp": 0.0048689333541758,
    "KOCp": 0.0108358448892159,
    "KONp": 0.8190172589776858,
    "KlossROSp": 1.3451418363454317e-05,
    "KprodROSp": 4.696016771488469e-09,
    "Mp": 5.885785235712282e-06,
    "VmaxICp": 5.406676631615439e-05,
    "VmaxINp": 3.121784354993388e-05,
    "VmaxOCp": 5.0804952860858594e-06,
    "VmaxONp": 9.244305009512608e-07,
    "gammaDp": 0.1170703448977687,
    "omegaP": 3.405555555555556e-05
}