{
    "KICp": 37.0,
    "KINp": 0.0545386701623294,
    "KOCp": 0.0875642568527531,
    "KONp": 0.2579890219425143,
    "KlossROSp": 5.429174931398381e-07,
    "KprodROSp": 1.1876259339299672e-08,
    "Mp": 4.117157734672374e-06,
    "VmaxICp": 1.3801049277137482e-05,
    "VmaxINp": 4.629203342317315e-05,
    "VmaxOCp": 6.197263300813063e-06,
    "VmaxONp": 1.1111111111111112e-06,
    "gammaDp": 0.2776479499357772,
    "omegaP": 1.947618679755836e-05
}