{
    "KICp": 37.0,
    "KINp": 0.0061705641298589,
    "KOCp": 0.011419147334355,
    "KONp": 0.0100707467712551,
    "KlossROSp": 1.956673654786862e-06,
    "KprodROSp": 5.847570277516614e-10,
    "Mp": 5.135456574539509e-06,
    "VmaxICp": 3.723344116913339e-05,
    "VmaxINp": 5.1569675823484e-05,
    "VmaxOCp": 1.851851851851852e-06,
    "VmaxONp": 4.858909757465306e-06,
    "gammaDp": 0.2364199940941954,
    "omegaP": 3.405555555555556e-05
}