{
    "KICp": 6.894361545614885,
    "KINp": 0.1034167818985909,
    "KOCp": 0.0093901017308283,
    "KONp": 0.5913737519038894,
    "KlossROSp": 5.2425230945939e-07,
    "KprodROSp": 3.646523600127924e-08,
    "Mp": 1.157407407407407e-06,
    "VmaxICp": 2.1942020385888345e-05,
    "VmaxINp": 2.3584998008671432e-05,
    "VmaxOCp": 1.851851851851852e-06,
    "VmaxONp": 1.1111111111111112e-06,
    "gammaDp": 0.8,
    "omegaP": 3.405555555555556e-05
}