{
    "KICp": 18.5872906473753,
    "KINp": 0.0195861219169107,
    "KOCp": 0.0093901017308283,
    "KONp": 0.4212278074574553,
    "KlossROSp": 4.658025735779992e-07,
    "KprodROSp": 3.646523600127924e-08,
    "Mp": 1.157407407407407e-06,
    "VmaxICp": 2.1942020385888345e-05,
    "VmaxINp": 2.3584998008671432e-05,
    "VmaxOCp": 2.3480487844307666e-07,
    "VmaxONp": 1.7026002701579883e-06,
    "gammaDp": 0.8,
    "omegaP": 3.405555555555556e-05
}