{
    "KICp": 105.9417935553966,
    "KINp": 0.0221059121805522,
    "KOCp": 0.0112973252355899,
    "KONp": 0.7798582611649034,
    "KlossROSp": 5.301347083783287e-07,
    "KprodROSp": 1.8867556583432848e-08,
    "Mp": 2.087502617775797e-07,
    "VmaxICp": 2.72915080958938e-05,
    "VmaxINp": 4.242015459600318e-05,
    "VmaxOCp": 1.851851851851852e-06,
    "VmaxONp": 5.442667287825609e-07,
    "gammaDp": 0.1099545401141001,
    "omegaP": 7.411668959400043e-05
}