{
    "KICp": 37.43384964425055,
    "KINp": 0.0055065854370299,
    "KOCp": 0.0678793986988928,
    "KONp": 0.0599116636453089,
    "KlossROSp": 1.956673654786862e-06,
    "KprodROSp": 4.696016771488469e-09,
    "Mp": 7.969780307190982e-06,
    "VmaxICp": 4.025484748851439e-05,
    "VmaxINp": 4.630036093201936e-05,
    "VmaxOCp": 4.103373670479853e-07,
    "VmaxONp": 1.1111111111111112e-06,
    "gammaDp": 0.4611037829023313,
    "omegaP": 3.405555555555556e-05
}