{
    "KICp": 133.5425119907842,
    "KINp": 0.02,
    "KOCp": 0.0165180670023862,
    "KONp": 0.4764237777171238,
    "KlossROSp": 2.5004755629365745e-07,
    "KprodROSp": 3.9468145640062494e-08,
    "Mp": 3.0881434451922173e-06,
    "VmaxICp": 3.475309739695427e-05,
    "VmaxINp": 1.791873565841112e-05,
    "VmaxOCp": 6.589914767974351e-06,
    "VmaxONp": 1.1162323107123891e-06,
    "gammaDp": 0.1474052980823815,
    "omegaP": 3.405555555555556e-05
}