{
    "KICp": 50.0628970054979,
    "KINp": 0.0048689333541758,
    "KOCp": 0.0108358448892159,
    "KONp": 0.1,
    "KlossROSp": 1.3451418363454317e-05,
    "KprodROSp": 4.696016771488469e-09,
    "Mp": 5.885785235712282e-06,
    "VmaxICp": 5.406676631615439e-05,
    "VmaxINp": 3.121784354993388e-05,
    "VmaxOCp": 1.851851851851852e-06,
    "VmaxONp": 1.5474521365992377e-07,
    "gammaDp": 0.2238482136034492,
    "omegaP": 2.282722880915187e-05
}