{
    "KICp": 7.69951963693327,
    "KINp": 0.1257832034168316,
    "KOCp": 0.0058600687377562,
    "KONp": 0.3715166133537037,
    "KlossROSp": 1.757689446568606e-06,
    "KprodROSp": 4.914574517812413e-09,
    "Mp": 6.3525618454631055e-06,
    "VmaxICp": 1.975869445448732e-05,
    "VmaxINp": 4.6243325681260766e-05,
    "VmaxOCp": 1.040415105567632e-06,
    "VmaxONp": 1.1111111111111112e-06,
    "gammaDp": 0.3109606664826762,
    "omegaP": 1.376931295326957e-05
}