{
    "KICp": 67.36095793541686,
    "KINp": 0.02,
    "KOCp": 0.014221608605224,
    "KONp": 0.4599119225262361,
    "KlossROSp": 1.6243989420606233e-05,
    "KprodROSp": 2.5079117531219062e-09,
    "Mp": 8.205284670017056e-06,
    "VmaxICp": 3.2724775203593355e-05,
    "VmaxINp": 4.96933530143882e-05,
    "VmaxOCp": 6.922855806514672e-06,
    "VmaxONp": 1.1111111111111112e-06,
    "gammaDp": 0.554728009222106,
    "omegaP": 1.425947529688381e-05
}