{
    "KICp": 256.42153667815285,
    "KINp": 0.0056376912413345,
    "KOCp": 0.220240432136476,
    "KONp": 0.0348367229425924,
    "KlossROSp": 9.492727926742746e-06,
    "KprodROSp": 4.9640163225003235e-09,
    "Mp": 2.8795607176458466e-06,
    "VmaxICp": 1.3507599580399664e-05,
    "VmaxINp": 2.816793159687898e-05,
    "VmaxOCp": 1.4280383965795084e-05,
    "VmaxONp": 8.395193393780326e-07,
    "gammaDp": 0.8,
    "omegaP": 2.5155305881957345e-05
}