{
    "KICp": 37.0,
    "KINp": 0.0060453119613415,
    "KOCp": 0.0705686961828553,
    "KONp": 0.0302500388032966,
    "KlossROSp": 1.956673654786862e-06,
    "KprodROSp": 1.2464082621262071e-09,
    "Mp": 3.5088769139301874e-06,
    "VmaxICp": 3.5308136788707336e-05,
    "VmaxINp": 2.899722103812234e-05,
    "VmaxOCp": 1.851851851851852e-06,
    "VmaxONp": 6.842165699143356e-07,
    "gammaDp": 0.3319234447581532,
    "omegaP": 1.504700480045472e-05
}