{
    "KICp": 37.0,
    "KINp": 0.021547166051871,
    "KOCp": 0.1143951194491111,
    "KONp": 0.0234909723276599,
    "KlossROSp": 4.980153749922127e-07,
    "KprodROSp": 3.306825499296848e-08,
    "Mp": 5.162392151704665e-06,
    "VmaxICp": 3.4693972284540675e-05,
    "VmaxINp": 2.052572971243055e-05,
    "VmaxOCp": 2.76105098085078e-06,
    "VmaxONp": 2.012804379160283e-07,
    "gammaDp": 0.8,
    "omegaP": 5.1085007505625695e-06
}