{
    "KICp": 10.796071450326131,
    "KINp": 0.0028495412048191,
    "KOCp": 0.0793193333531836,
    "KONp": 0.5580847762348956,
    "KlossROSp": 5.869763742922083e-07,
    "KprodROSp": 5.500735473467472e-10,
    "Mp": 5.152194841774475e-06,
    "VmaxICp": 3.637707695298287e-05,
    "VmaxINp": 3.685300789197561e-05,
    "VmaxOCp": 6.876726801009095e-07,
    "VmaxONp": 2.3566167008400002e-07,
    "gammaDp": 0.3038104879630562,
    "omegaP": 3.699711057047451e-05
}