{
    "KICp": 4.384400780694414,
    "KINp": 0.0029883756551942,
    "KOCp": 0.0034676796566804,
    "KONp": 0.8035686205084748,
    "KlossROSp": 1.3413573862956522e-06,
    "KprodROSp": 6.228547992326118e-09,
    "Mp": 4.275364009101053e-06,
    "VmaxICp": 3.3008869704530865e-05,
    "VmaxINp": 4.173902579860775e-05,
    "VmaxOCp": 4.15509315736851e-06,
    "VmaxONp": 5.252684436520547e-07,
    "gammaDp": 0.269407032300162,
    "omegaP": 4.238334827457512e-05
}