{
    "KICp": 353.29149695670225,
    "KINp": 0.0046189174497299,
    "KOCp": 0.0650071545837944,
    "KONp": 0.1180542086753416,
    "KlossROSp": 5.305103063261254e-06,
    "KprodROSp": 4.696016771488469e-09,
    "Mp": 7.286175390185095e-06,
    "VmaxICp": 5.255922618949312e-05,
    "VmaxINp": 4.955106522656964e-05,
    "VmaxOCp": 1.851851851851852e-06,
    "VmaxONp": 8.504333922464891e-07,
    "gammaDp": 0.2198030444603345,
    "omegaP": 4.040066751526576e-06
}