{
    "KICp": 4.152954519248041,
    "KINp": 0.0338140669716501,
    "KOCp": 0.2430719668485234,
    "KONp": 0.0280143692909585,
    "KlossROSp": 1.956673654786862e-06,
    "KprodROSp": 4.966329915007703e-10,
    "Mp": 7.703684482438808e-06,
    "VmaxICp": 3.3584956796850945e-05,
    "VmaxINp": 4.171128995824218e-05,
    "VmaxOCp": 8.741100889441473e-07,
    "VmaxONp": 1.1111111111111112e-06,
    "gammaDp": 0.3631589852459681,
    "omegaP": 3.155321946329934e-05
}