{
    "KICp": 105.9417935553966,
    "KINp": 0.0020995342065817,
    "KOCp": 0.0112973252355899,
    "KONp": 0.1,
    "KlossROSp": 3.529756489115932e-07,
    "KprodROSp": 1.8867556583432848e-08,
    "Mp": 2.087502617775797e-07,
    "VmaxICp": 2.804479156858916e-05,
    "VmaxINp": 4.242015459600318e-05,
    "VmaxOCp": 1.851851851851852e-06,
    "VmaxONp": 2.948403634599114e-07,
    "gammaDp": 0.172404827757165,
    "omegaP": 7.411668959400043e-05
}