{
    "KICp": 6.083125513805539,
    "KINp": 0.02,
    "KOCp": 0.03,
    "KONp": 0.1,
    "KlossROSp": 3.4499564795792246e-06,
    "KprodROSp": 3.0732744331964275e-08,
    "Mp": 3.852099956619936e-06,
    "VmaxICp": 1.5090204303311534e-05,
    "VmaxINp": 3.49818360150411e-05,
    "VmaxOCp": 1.851851851851852e-06,
    "VmaxONp": 4.679853744229833e-07,
    "gammaDp": 0.4798679902566958,
    "omegaP": 6.005149991090144e-06
}