{
    "KICp": 7.566023064748799,
    "KINp": 0.0545386701623294,
    "KOCp": 0.0236201106547435,
    "KONp": 0.1820485791425362,
    "KlossROSp": 5.429174931398381e-07,
    "KprodROSp": 1.6022451795521063e-09,
    "Mp": 2.6900506146957555e-06,
    "VmaxICp": 1.3801049277137482e-05,
    "VmaxINp": 4.629203342317315e-05,
    "VmaxOCp": 6.197263300813063e-06,
    "VmaxONp": 1.1111111111111112e-06,
    "gammaDp": 0.2776479499357772,
    "omegaP": 1.947618679755836e-05
}