{
    "KICp": 266.3561075539718,
    "KINp": 0.0152439159481698,
    "KOCp": 0.0136238810956729,
    "KONp": 0.1114544590214195,
    "KlossROSp": 7.58223585026033e-06,
    "KprodROSp": 3.882750669741288e-09,
    "Mp": 4.476790324546917e-06,
    "VmaxICp": 1.763484977020167e-05,
    "VmaxINp": 5.374558483991335e-05,
    "VmaxOCp": 2.8958401373129864e-06,
    "VmaxONp": 2.0606014920983428e-06,
    "gammaDp": 0.5853078603464259,
    "omegaP": 3.405555555555556e-05
}