{
    "KICp": 37.0,
    "KINp": 0.0199504388309524,
    "KOCp": 0.2413053491732179,
    "KONp": 0.0742476440939574,
    "KlossROSp": 4.624679254828829e-07,
    "KprodROSp": 7.261295881808554e-09,
    "Mp": 6.011096109404945e-06,
    "VmaxICp": 2.947453283210708e-05,
    "VmaxINp": 3.529925352747348e-05,
    "VmaxOCp": 2.124800044961417e-07,
    "VmaxONp": 1.3261548993358044e-07,
    "gammaDp": 0.8,
    "omegaP": 3.5056052417013626e-05
}