{
    "KICp": 37.0,
    "KINp": 0.02,
    "KOCp": 0.0044022009251558,
    "KONp": 0.1,
    "KlossROSp": 1.956673654786862e-06,
    "KprodROSp": 1.7082601591487155e-09,
    "Mp": 3.912927783949851e-06,
    "VmaxICp": 3.0080379636180605e-05,
    "VmaxINp": 5.439249679367916e-05,
    "VmaxOCp": 1.3033905499071604e-06,
    "VmaxONp": 6.902710796595591e-07,
    "gammaDp": 0.8,
    "omegaP": 3.405555555555556e-05
}