{
    "KICp": 248.20209481537592,
    "KINp": 0.0920881537141615,
    "KOCp": 0.0177529399155855,
    "KONp": 0.1,
    "KlossROSp": 6.920656241605731e-06,
    "KprodROSp": 4.696016771488469e-09,
    "Mp": 4.095788195557875e-06,
    "VmaxICp": 3.5921795945308426e-05,
    "VmaxINp": 2.897587992396153e-05,
    "VmaxOCp": 5.086166029699921e-06,
    "VmaxONp": 1.1111111111111112e-06,
    "gammaDp": 0.8,
    "omegaP": 3.405555555555556e-05
}