{
    "KICp": 23.027736394512683,
    "KINp": 0.1243536932235431,
    "KOCp": 0.0784689079114682,
    "KONp": 0.262611772971282,
    "KlossROSp": 1.3591297277518864e-05,
    "KprodROSp": 3.488867093115387e-08,
    "Mp": 7.612261239837408e-06,
    "VmaxICp": 3.492304246499537e-05,
    "VmaxINp": 2.258868310838968e-05,
    "VmaxOCp": 3.296264962357615e-06,
    "VmaxONp": 2.19963152315548e-07,
    "gammaDp": 0.1533620981557415,
    "omegaP": 3.405555555555556e-05
}