{
    "KICp": 37.0,
    "KINp": 0.0031059071512674,
    "KOCp": 0.1143951194491111,
    "KONp": 0.1,
    "KlossROSp": 4.980153749922127e-07,
    "KprodROSp": 5.451805546745536e-10,
    "Mp": 5.162392151704665e-06,
    "VmaxICp": 3.4693972284540675e-05,
    "VmaxINp": 2.052572971243055e-05,
    "VmaxOCp": 1.229170393617862e-06,
    "VmaxONp": 2.012804379160283e-07,
    "gammaDp": 0.2281272434579849,
    "omegaP": 5.1085007505625695e-06
}