{
    "KICp": 9.8698469318879,
    "KINp": 0.02,
    "KOCp": 0.2403442439843742,
    "KONp": 0.1922351673963492,
    "KlossROSp": 1.6243989420606233e-05,
    "KprodROSp": 5.713412144385682e-10,
    "Mp": 8.205284670017056e-06,
    "VmaxICp": 3.2724775203593355e-05,
    "VmaxINp": 4.96933530143882e-05,
    "VmaxOCp": 1.851851851851852e-06,
    "VmaxONp": 1.1111111111111112e-06,
    "gammaDp": 0.554728009222106,
    "omegaP": 4.110787991700272e-05
}