{
    "KICp": 67.21564977380385,
    "KINp": 0.0039603841064373,
    "KOCp": 0.0103291809812314,
    "KONp": 0.1,
    "KlossROSp": 3.725431738219181e-06,
    "KprodROSp": 4.696016771488469e-09,
    "Mp": 4.4804680094704735e-06,
    "VmaxICp": 5.4017361266197135e-05,
    "VmaxINp": 3.189067977792376e-05,
    "VmaxOCp": 1.851851851851852e-06,
    "VmaxONp": 5.307370776884099e-06,
    "gammaDp": 0.1452486957592859,
    "omegaP": 3.405555555555556e-05
}