{
    "KICp": 105.9417935553966,
    "KINp": 0.1368398307261342,
    "KOCp": 0.0348788022860437,
    "KONp": 0.3078561618430378,
    "KlossROSp": 3.529756489115932e-07,
    "KprodROSp": 1.8867556583432848e-08,
    "Mp": 2.087502617775797e-07,
    "VmaxICp": 2.804479156858916e-05,
    "VmaxINp": 4.242015459600318e-05,
    "VmaxOCp": 1.851851851851852e-06,
    "VmaxONp": 5.442667287825609e-07,
    "gammaDp": 0.1017655782582893,
    "omegaP": 7.411668959400043e-05
}