{
    "KICp": 37.0,
    "KINp": 0.0087844673924943,
    "KOCp": 0.0052617033843174,
    "KONp": 0.1315287842970818,
    "KlossROSp": 2.6687052459806413e-07,
    "KprodROSp": 3.680505146880621e-08,
    "Mp": 5.988377083603992e-07,
    "VmaxICp": 1.869513063989936e-05,
    "VmaxINp": 1.82980619194058e-05,
    "VmaxOCp": 4.896329568472631e-07,
    "VmaxONp": 1.7269995390778545e-06,
    "gammaDp": 0.5478130886563863,
    "omegaP": 3.405555555555556e-05
}