{
    "KICp": 8.266262620538397,
    "KINp": 0.1676095674543126,
    "KOCp": 0.0188744173451583,
    "KONp": 0.1,
    "KlossROSp": 6.615102867906759e-07,
    "KprodROSp": 2.0945268746114075e-09,
    "Mp": 4.101454258680241e-06,
    "VmaxICp": 2.810143026268212e-05,
    "VmaxINp": 3.500418633712487e-05,
    "VmaxOCp": 5.585898039043775e-07,
    "VmaxONp": 2.194344198344135e-06,
    "gammaDp": 0.1764517619275807,
    "omegaP": 3.405555555555556e-05
}