{
    "KICp": 37.0,
    "KINp": 0.1566317504511898,
    "KOCp": 0.1143951194491111,
    "KONp": 0.4619523710435341,
    "KlossROSp": 4.980153749922127e-07,
    "KprodROSp": 4.696016771488469e-09,
    "Mp": 5.162392151704665e-06,
    "VmaxICp": 3.4693972284540675e-05,
    "VmaxINp": 2.052572971243055e-05,
    "VmaxOCp": 2.76105098085078e-06,
    "VmaxONp": 2.012804379160283e-07,
    "gammaDp": 0.2353089745232301,
    "omegaP": 5.055855170521772e-06
}