{
    "KICp": 37.0,
    "KINp": 0.0377476747443953,
    "KOCp": 0.0177529399155855,
    "KONp": 0.0475495764952914,
    "KlossROSp": 1.3046107676233878e-06,
    "KprodROSp": 4.696016771488469e-09,
    "Mp": 4.095788195557875e-06,
    "VmaxICp": 3.5921795945308426e-05,
    "VmaxINp": 2.943747943854135e-05,
    "VmaxOCp": 1.0502438984085628e-05,
    "VmaxONp": 1.1111111111111112e-06,
    "gammaDp": 0.8,
    "omegaP": 3.405555555555556e-05
}