{
    "KICp": 181.162719444322,
    "KINp": 0.0097620933520715,
    "KOCp": 0.1864457602727212,
    "KONp": 0.6749999772904204,
    "KlossROSp": 2.5890438187606013e-06,
    "KprodROSp": 1.2688608629721774e-09,
    "Mp": 4.2824599956284255e-06,
    "VmaxICp": 2.019880788988629e-05,
    "VmaxINp": 2.5885018004707104e-05,
    "VmaxOCp": 4.868410579174348e-06,
    "VmaxONp": 5.533256257052267e-06,
    "gammaDp": 0.1505698299725517,
    "omegaP": 4.659792608616264e-06
}