{
    "KICp": 26.49861789245465,
    "KINp": 0.02,
    "KOCp": 0.03,
    "KONp": 0.13219574969287,
    "KlossROSp": 1.6243989420606233e-05,
    "KprodROSp": 4.2043126608232974e-08,
    "Mp": 8.205284670017056e-06,
    "VmaxICp": 3.2724775203593355e-05,
    "VmaxINp": 4.96933530143882e-05,
    "VmaxOCp": 1.851851851851852e-06,
    "VmaxONp": 3.068342860365628e-07,
    "gammaDp": 0.554728009222106,
    "omegaP": 1.425947529688381e-05
}