{
    "KICp": 42.14120678261508,
    "KINp": 0.1243536932235431,
    "KOCp": 0.0784689079114682,
    "KONp": 0.0461186117051315,
    "KlossROSp": 1.3591297277518864e-05,
    "KprodROSp": 3.488867093115387e-08,
    "Mp": 2.5720815823365887e-06,
    "VmaxICp": 2.0848599786801484e-05,
    "VmaxINp": 2.258868310838968e-05,
    "VmaxOCp": 6.464567249606964e-06,
    "VmaxONp": 2.19963152315548e-07,
    "gammaDp": 0.1533620981557415,
    "omegaP": 1.079262769615478e-05
}