{
    "KICp": 4.384400780694414,
    "KINp": 0.04637412622603,
    "KOCp": 0.0034676796566804,
    "KONp": 0.1862477923477927,
    "KlossROSp": 6.523149640852679e-06,
    "KprodROSp": 1.3612968457019407e-09,
    "Mp": 4.275364009101053e-06,
    "VmaxICp": 3.3008869704530865e-05,
    "VmaxINp": 4.173902579860775e-05,
    "VmaxOCp": 4.15509315736851e-06,
    "VmaxONp": 5.252684436520547e-07,
    "gammaDp": 0.8351015596417778,
    "omegaP": 6.685166850459996e-05
}