{
    "KICp": 181.162719444322,
    "KINp": 0.1956794546253384,
    "KOCp": 0.1907359935855846,
    "KONp": 0.6749999772904204,
    "KlossROSp": 1.956673654786862e-06,
    "KprodROSp": 4.062366078482213e-09,
    "Mp": 4.2824599956284255e-06,
    "VmaxICp": 2.019880788988629e-05,
    "VmaxINp": 2.5885018004707104e-05,
    "VmaxOCp": 1.2992165840792003e-05,
    "VmaxONp": 2.278504800116064e-06,
    "gammaDp": 0.1913528708804811,
    "omegaP": 4.659792608616264e-06
}