{
    "KICp": 33.81291048543562,
    "KINp": 0.0526596740221675,
    "KOCp": 0.03,
    "KONp": 0.1,
    "KlossROSp": 4.078575878638256e-06,
    "KprodROSp": 6.021467537917502e-09,
    "Mp": 6.382232463246681e-06,
    "VmaxICp": 4.337211333092391e-05,
    "VmaxINp": 2.9341815773897167e-05,
    "VmaxOCp": 3.748255533920606e-07,
    "VmaxONp": 1.6007720251074949e-06,
    "gammaDp": 0.354025131998347,
    "omegaP": 5.918144131555532e-05
}