{
    "KICp": 14.486206207672526,
    "KINp": 0.02,
    "KOCp": 0.0165180670023862,
    "KONp": 0.5944218421073273,
    "KlossROSp": 2.5004755629365745e-07,
    "KprodROSp": 3.9468145640062494e-08,
    "Mp": 3.851425176684318e-07,
    "VmaxICp": 3.475309739695427e-05,
    "VmaxINp": 2.8268705835823774e-05,
    "VmaxOCp": 2.3922603958962413e-06,
    "VmaxONp": 1.1162323107123891e-06,
    "gammaDp": 0.4518939510775008,
    "omegaP": 3.405555555555556e-05
}