{
    "KICp": 37.0,
    "KINp": 0.02,
    "KOCp": 0.0848454702945313,
    "KONp": 0.0197943800872881,
    "KlossROSp": 9.453894292565172e-07,
    "KprodROSp": 4.696016771488469e-09,
    "Mp": 8.13147592622425e-06,
    "VmaxICp": 3.1828186289601604e-05,
    "VmaxINp": 2.278393257057567e-05,
    "VmaxOCp": 5.22978881272588e-07,
    "VmaxONp": 2.640389674782327e-07,
    "gammaDp": 0.3297150240791487,
    "omegaP": 6.376066842108002e-06
}