{
    "KICp": 42.14120678261508,
    "KINp": 0.1243536932235431,
    "KOCp": 0.0784689079114682,
    "KONp": 0.3003636681893959,
    "KlossROSp": 1.3591297277518864e-05,
    "KprodROSp": 3.488867093115387e-08,
    "Mp": 4.393345097772664e-06,
    "VmaxICp": 2.0848599786801484e-05,
    "VmaxINp": 2.258868310838968e-05,
    "VmaxOCp": 9.58315293641979e-07,
    "VmaxONp": 5.507000508727114e-07,
    "gammaDp": 0.1533620981557415,
    "omegaP": 3.405555555555556e-05
}