{
    "KICp": 37.0,
    "KINp": 0.0036831337212392,
    "KOCp": 0.1555743187743263,
    "KONp": 0.1820485791425362,
    "KlossROSp": 5.429174931398381e-07,
    "KprodROSp": 2.2926094431289447e-09,
    "Mp": 4.117157734672374e-06,
    "VmaxICp": 1.3404208480920325e-05,
    "VmaxINp": 4.629203342317315e-05,
    "VmaxOCp": 6.197263300813063e-06,
    "VmaxONp": 6.797743295328883e-07,
    "gammaDp": 0.2776479499357772,
    "omegaP": 1.947618679755836e-05
}