{
    "KICp": 5.053131762300621,
    "KINp": 0.0233552123915155,
    "KOCp": 0.0108358448892159,
    "KONp": 0.8581963702464172,
    "KlossROSp": 1.3451418363454317e-05,
    "KprodROSp": 4.696016771488469e-09,
    "Mp": 5.885785235712282e-06,
    "VmaxICp": 5.406676631615439e-05,
    "VmaxINp": 3.121784354993388e-05,
    "VmaxOCp": 1.851851851851852e-06,
    "VmaxONp": 2.556242071614931e-07,
    "gammaDp": 0.1170703448977687,
    "omegaP": 3.405555555555556e-05
}