{
    "KICp": 37.0,
    "KINp": 0.02,
    "KOCp": 0.03,
    "KONp": 0.4369907252455769,
    "KlossROSp": 1.956673654786862e-06,
    "KprodROSp": 9.90129049458862e-10,
    "Mp": 5.395472527512402e-06,
    "VmaxICp": 4.231137591528626e-05,
    "VmaxINp": 3.242974926405634e-05,
    "VmaxOCp": 2.912993464907856e-06,
    "VmaxONp": 5.960950930757158e-06,
    "gammaDp": 0.1367969552138876,
    "omegaP": 3.405555555555556e-05
}