{
    "KICp": 152.47233134433964,
    "KINp": 0.0152439159481698,
    "KOCp": 0.0136238810956729,
    "KONp": 0.0263692498489657,
    "KlossROSp": 7.58223585026033e-06,
    "KprodROSp": 1.1746328081256824e-08,
    "Mp": 4.476790324546917e-06,
    "VmaxICp": 1.763484977020167e-05,
    "VmaxINp": 2.8303252589356545e-05,
    "VmaxOCp": 1.0221414364055054e-05,
    "VmaxONp": 2.0606014920983428e-06,
    "gammaDp": 0.5853078603464259,
    "omegaP": 3.405555555555556e-05
}