{
    "KICp": 37.0,
    "KINp": 0.1366788305415776,
    "KOCp": 0.0116627935634292,
    "KONp": 0.1454109278110713,
    "KlossROSp": 2.040089165122911e-06,
    "KprodROSp": 3.3164495655285573e-08,
    "Mp": 8.727098578143928e-06,
    "VmaxICp": 4.43278414239966e-05,
    "VmaxINp": 3.836522523185405e-05,
    "VmaxOCp": 1.9464659640827544e-06,
    "VmaxONp": 1.4974264009557798e-06,
    "gammaDp": 0.8,
    "omegaP": 3.405555555555556e-05
}