{
    "KICp": 37.0,
    "KINp": 0.02,
    "KOCp": 0.0106886884356819,
    "KONp": 0.821942370178771,
    "KlossROSp": 8.326851358151516e-06,
    "KprodROSp": 4.696016771488469e-09,
    "Mp": 8.13147592622425e-06,
    "VmaxICp": 3.0014108559190054e-05,
    "VmaxINp": 2.278393257057567e-05,
    "VmaxOCp": 5.22978881272588e-07,
    "VmaxONp": 4.3865042816395306e-07,
    "gammaDp": 0.3297150240791487,
    "omegaP": 6.376066842108002e-06
}