{
    "KICp": 133.5425119907842,
    "KINp": 0.02,
    "KOCp": 0.0165180670023862,
    "KONp": 0.2806447733701424,
    "KlossROSp": 2.5004755629365745e-07,
    "KprodROSp": 1.6039559743215763e-09,
    "Mp": 3.0881434451922173e-06,
    "VmaxICp": 3.475309739695427e-05,
    "VmaxINp": 2.8268705835823774e-05,
    "VmaxOCp": 6.589914767974351e-06,
    "VmaxONp": 1.1162323107123891e-06,
    "gammaDp": 0.3447584446146955,
    "omegaP": 3.405555555555556e-05
}