{
    "KICp": 65.78146535336077,
    "KINp": 0.0919369376483014,
    "KOCp": 0.109765958278427,
    "KONp": 0.0312421159368248,
    "KlossROSp": 8.836081212431806e-06,
    "KprodROSp": 2.564362151487729e-08,
    "Mp": 8.359160644404506e-06,
    "VmaxICp": 4.505022732526489e-05,
    "VmaxINp": 3.148538116929301e-05,
    "VmaxOCp": 3.870631076151636e-06,
    "VmaxONp": 1.590383785774846e-07,
    "gammaDp": 0.2541170445632965,
    "omegaP": 1.2258275931731806e-05
}