{
    "KICp": 36.276239994024365,
    "KINp": 0.0138687995472471,
    "KOCp": 0.0413807044452201,
    "KONp": 0.1,
    "KlossROSp": 1.956673654786862e-06,
    "KprodROSp": 1.2034846350956895e-08,
    "Mp": 4.412958592178537e-06,
    "VmaxICp": 2.813689261382502e-05,
    "VmaxINp": 5.082158310073978e-05,
    "VmaxOCp": 4.25695108937768e-07,
    "VmaxONp": 1.1111111111111112e-06,
    "gammaDp": 0.3506723016603197,
    "omegaP": 3.405555555555556e-05
}