{
    "KICp": 353.29149695670225,
    "KINp": 0.0539895913880036,
    "KOCp": 0.0263093115040302,
    "KONp": 0.0272264031210047,
    "KlossROSp": 1.376679479460603e-05,
    "KprodROSp": 4.696016771488469e-09,
    "Mp": 7.286175390185095e-06,
    "VmaxICp": 5.255922618949312e-05,
    "VmaxINp": 4.955106522656964e-05,
    "VmaxOCp": 2.473610738627918e-07,
    "VmaxONp": 8.504333922464891e-07,
    "gammaDp": 0.2198030444603345,
    "omegaP": 4.040066751526576e-06
}