{
    "KICp": 4.260588321314384,
    "KINp": 0.02,
    "KOCp": 0.0716924484240106,
    "KONp": 0.1,
    "KlossROSp": 4.284589422515596e-06,
    "KprodROSp": 1.6264727463014794e-08,
    "Mp": 6.549222189460514e-06,
    "VmaxICp": 2.6529213804683257e-05,
    "VmaxINp": 2.757670233973712e-05,
    "VmaxOCp": 6.2383098125943085e-06,
    "VmaxONp": 4.521610040959064e-06,
    "gammaDp": 0.4986634608489108,
    "omegaP": 7.152250385738186e-06
}