{
    "KICp": 13.202209756403256,
    "KINp": 0.02,
    "KOCp": 0.03,
    "KONp": 0.1,
    "KlossROSp": 3.4499564795792246e-06,
    "KprodROSp": 4.696016771488469e-09,
    "Mp": 3.852099956619936e-06,
    "VmaxICp": 1.222104273277826e-05,
    "VmaxINp": 3.49818360150411e-05,
    "VmaxOCp": 6.420595001219705e-06,
    "VmaxONp": 7.244690748091235e-07,
    "gammaDp": 0.2154607970539466,
    "omegaP": 6.005149991090144e-06
}