{
    "KICp": 278.51300218852816,
    "KINp": 0.0106178690502628,
    "KOCp": 0.0437587263888875,
    "KONp": 0.3376277927659752,
    "KlossROSp": 1.956673654786862e-06,
    "KprodROSp": 3.6172992289064856e-08,
    "Mp": 4.420134408573547e-06,
    "VmaxICp": 4.080202187569765e-05,
    "VmaxINp": 2.2625185364152665e-05,
    "VmaxOCp": 8.348625238790026e-07,
    "VmaxONp": 1.2486105811801328e-07,
    "gammaDp": 0.6675236825851705,
    "omegaP": 4.02433746504354e-06
}