{
    "KICp": 62.62912693036464,
    "KINp": 0.0723387884703899,
    "KOCp": 0.2513782669235745,
    "KONp": 0.014139074131446,
    "KlossROSp": 4.917569921715693e-07,
    "KprodROSp": 4.966329915007703e-10,
    "Mp": 9.18956125642552e-06,
    "VmaxICp": 3.3584956796850945e-05,
    "VmaxINp": 4.171128995824218e-05,
    "VmaxOCp": 8.741100889441473e-07,
    "VmaxONp": 1.1111111111111112e-06,
    "gammaDp": 0.3631589852459681,
    "omegaP": 3.155321946329934e-05
}