{
    "KICp": 10.80929959614948,
    "KINp": 0.0052141057739608,
    "KOCp": 0.0430544011140845,
    "KONp": 0.0248986142372977,
    "KlossROSp": 4.500008994041258e-07,
    "KprodROSp": 4.660095315063701e-08,
    "Mp": 4.538864086168881e-06,
    "VmaxICp": 2.360284647801743e-05,
    "VmaxINp": 5.5175773822546784e-05,
    "VmaxOCp": 2.338178561368399e-06,
    "VmaxONp": 5.120612750798985e-07,
    "gammaDp": 0.4106292263486798,
    "omegaP": 2.5021413253533576e-05
}