{
    "KICp": 37.0,
    "KINp": 0.02,
    "KOCp": 0.1660237782157891,
    "KONp": 0.4539529467095601,
    "KlossROSp": 3.2541295984581215e-07,
    "KprodROSp": 1.1854835874917961e-08,
    "Mp": 5.909402180623187e-06,
    "VmaxICp": 4.2422008943456674e-05,
    "VmaxINp": 3.263233596068607e-05,
    "VmaxOCp": 1.952744404031607e-07,
    "VmaxONp": 9.201481967544868e-07,
    "gammaDp": 0.1818299499509659,
    "omegaP": 3.405555555555556e-05
}