{
    "KICp": 37.0,
    "KINp": 0.0195861219169107,
    "KOCp": 0.0093901017308283,
    "KONp": 0.0227996792677559,
    "KlossROSp": 4.658025735779992e-07,
    "KprodROSp": 3.646523600127924e-08,
    "Mp": 2.1340566874695438e-07,
    "VmaxICp": 2.1942020385888345e-05,
    "VmaxINp": 2.3584998008671432e-05,
    "VmaxOCp": 1.851851851851852e-06,
    "VmaxONp": 1.1111111111111112e-06,
    "gammaDp": 0.119131090967592,
    "omegaP": 3.405555555555556e-05
}