{
    "KICp": 353.29149695670225,
    "KINp": 0.0071656742767975,
    "KOCp": 0.2086286449887733,
    "KONp": 0.0272264031210047,
    "KlossROSp": 5.091353802559284e-06,
    "KprodROSp": 4.696016771488469e-09,
    "Mp": 7.286175390185095e-06,
    "VmaxICp": 5.255922618949312e-05,
    "VmaxINp": 4.955106522656964e-05,
    "VmaxOCp": 1.851851851851852e-06,
    "VmaxONp": 2.2712570694708817e-07,
    "gammaDp": 0.2198030444603345,
    "omegaP": 4.040066751526576e-06
}