{
    "KICp": 42.786534133433726,
    "KINp": 0.0028590562648748,
    "KOCp": 0.03,
    "KONp": 0.1,
    "KlossROSp": 5.246493490947793e-07,
    "KprodROSp": 4.696016771488469e-09,
    "Mp": 6.382232463246681e-06,
    "VmaxICp": 4.337211333092391e-05,
    "VmaxINp": 3.085152526232032e-05,
    "VmaxOCp": 8.041036037653978e-07,
    "VmaxONp": 7.330608075814951e-07,
    "gammaDp": 0.354025131998347,
    "omegaP": 5.918144131555532e-05
}