{
    "KICp": 152.47233134433964,
    "KINp": 0.0152439159481698,
    "KOCp": 0.0136238810956729,
    "KONp": 0.2127948431246094,
    "KlossROSp": 7.58223585026033e-06,
    "KprodROSp": 1.1746328081256824e-08,
    "Mp": 4.476790324546917e-06,
    "VmaxICp": 2.62064324949442e-05,
    "VmaxINp": 5.374558483991335e-05,
    "VmaxOCp": 1.6991005378565334e-06,
    "VmaxONp": 7.881657970780818e-07,
    "gammaDp": 0.5853078603464259,
    "omegaP": 3.405555555555556e-05
}