{
    "KICp": 37.0,
    "KINp": 0.0087844673924943,
    "KOCp": 0.1306780586519091,
    "KONp": 0.1315287842970818,
    "KlossROSp": 2.6687052459806413e-07,
    "KprodROSp": 3.680505146880621e-08,
    "Mp": 1.5797731689962465e-06,
    "VmaxICp": 1.869513063989936e-05,
    "VmaxINp": 1.82980619194058e-05,
    "VmaxOCp": 1.3770331740794243e-06,
    "VmaxONp": 1.2058645723159457e-07,
    "gammaDp": 0.5478130886563863,
    "omegaP": 2.803355114227117e-05
}