{
    "KICp": 37.0,
    "KINp": 0.02,
    "KOCp": 0.03,
    "KONp": 0.4539529467095601,
    "KlossROSp": 3.2454993023656925e-07,
    "KprodROSp": 4.696016771488469e-09,
    "Mp": 5.909402180623187e-06,
    "VmaxICp": 4.2422008943456674e-05,
    "VmaxINp": 1.7319254086193445e-05,
    "VmaxOCp": 6.511118046698078e-06,
    "VmaxONp": 1.988550556473336e-07,
    "gammaDp": 0.1818299499509659,
    "omegaP": 1.7866586286890382e-05
}