{
    "KICp": 37.0,
    "KINp": 0.02,
    "KOCp": 0.03,
    "KONp": 0.0103035000988904,
    "KlossROSp": 2.9866257455987244e-07,
    "KprodROSp": 4.696016771488469e-09,
    "Mp": 5.395472527512402e-06,
    "VmaxICp": 4.231137591528626e-05,
    "VmaxINp": 3.242974926405634e-05,
    "VmaxOCp": 3.1948424673160205e-07,
    "VmaxONp": 5.960950930757158e-06,
    "gammaDp": 0.1149375502293727,
    "omegaP": 3.405555555555556e-05
}