{
    "KICp": 25.16761108495737,
    "KINp": 0.0074842167222681,
    "KOCp": 0.0678793986988928,
    "KONp": 0.0599116636453089,
    "KlossROSp": 1.956673654786862e-06,
    "KprodROSp": 1.3072563672060649e-08,
    "Mp": 7.969780307190982e-06,
    "VmaxICp": 4.025484748851439e-05,
    "VmaxINp": 4.630036093201936e-05,
    "VmaxOCp": 1.851851851851852e-06,
    "VmaxONp": 1.1111111111111112e-06,
    "gammaDp": 0.269246117974849,
    "omegaP": 3.405555555555556e-05
}