{
    "KICp": 133.5425119907842,
    "KINp": 0.0272541027170189,
    "KOCp": 0.0048514876429054,
    "KONp": 0.5944218421073273,
    "KlossROSp": 2.5004755629365745e-07,
    "KprodROSp": 1.6442016926840158e-08,
    "Mp": 3.0881434451922173e-06,
    "VmaxICp": 3.475309739695427e-05,
    "VmaxINp": 2.8268705835823774e-05,
    "VmaxOCp": 6.589914767974351e-06,
    "VmaxONp": 1.1162323107123891e-06,
    "gammaDp": 0.381271052608756,
    "omegaP": 3.405555555555556e-05
}