{
    "KICp": 14.286397270927273,
    "KINp": 0.0039603841064373,
    "KOCp": 0.03,
    "KONp": 0.1,
    "KlossROSp": 3.725431738219181e-06,
    "KprodROSp": 4.696016771488469e-09,
    "Mp": 9.743801222837258e-06,
    "VmaxICp": 5.4017361266197135e-05,
    "VmaxINp": 3.189067977792376e-05,
    "VmaxOCp": 6.114804002817026e-07,
    "VmaxONp": 6.344304603996912e-06,
    "gammaDp": 0.4828235480332957,
    "omegaP": 3.405555555555556e-05
}