{
    "KICp": 7.487461303055051,
    "KINp": 0.0213168261407994,
    "KOCp": 0.1555743187743263,
    "KONp": 0.1820485791425362,
    "KlossROSp": 7.033402200320676e-07,
    "KprodROSp": 1.6022451795521063e-09,
    "Mp": 4.117157734672374e-06,
    "VmaxICp": 1.3801049277137482e-05,
    "VmaxINp": 4.629203342317315e-05,
    "VmaxOCp": 6.197263300813063e-06,
    "VmaxONp": 1.1111111111111112e-06,
    "gammaDp": 0.2776479499357772,
    "omegaP": 1.947618679755836e-05
}