{
    "KICp": 13.792964817238444,
    "KINp": 0.0044304297778679,
    "KOCp": 0.1143951194491111,
    "KONp": 0.1,
    "KlossROSp": 4.980153749922127e-07,
    "KprodROSp": 4.696016771488469e-09,
    "Mp": 5.162392151704665e-06,
    "VmaxICp": 3.4693972284540675e-05,
    "VmaxINp": 3.848282477758896e-05,
    "VmaxOCp": 2.76105098085078e-06,
    "VmaxONp": 2.012804379160283e-07,
    "gammaDp": 0.8,
    "omegaP": 1.2515496209518282e-05
}