{
    "KICp": 37.0,
    "KINp": 0.014372508539826,
    "KOCp": 0.03,
    "KONp": 0.4432851962730287,
    "KlossROSp": 6.23990248665859e-06,
    "KprodROSp": 4.696016771488469e-09,
    "Mp": 5.909402180623187e-06,
    "VmaxICp": 4.2422008943456674e-05,
    "VmaxINp": 3.263233596068607e-05,
    "VmaxOCp": 1.952744404031607e-07,
    "VmaxONp": 1.988550556473336e-07,
    "gammaDp": 0.1818299499509659,
    "omegaP": 3.405555555555556e-05
}