{
    "KICp": 242.5428580378979,
    "KINp": 0.0106178690502628,
    "KOCp": 0.0437587263888875,
    "KONp": 0.1,
    "KlossROSp": 1.956673654786862e-06,
    "KprodROSp": 3.6172992289064856e-08,
    "Mp": 4.420134408573547e-06,
    "VmaxICp": 4.080202187569765e-05,
    "VmaxINp": 2.2625185364152665e-05,
    "VmaxOCp": 1.820981240938978e-06,
    "VmaxONp": 8.993613139319479e-07,
    "gammaDp": 0.6675236825851705,
    "omegaP": 1.627152778638458e-05
}