{
    "KICp": 133.5425119907842,
    "KINp": 0.1124977060046344,
    "KOCp": 0.0030851883180078,
    "KONp": 0.5944218421073273,
    "KlossROSp": 2.5004755629365745e-07,
    "KprodROSp": 3.9468145640062494e-08,
    "Mp": 1.4275732345466645e-06,
    "VmaxICp": 1.9788746581833093e-05,
    "VmaxINp": 2.8268705835823774e-05,
    "VmaxOCp": 6.589914767974351e-06,
    "VmaxONp": 1.1162323107123891e-06,
    "gammaDp": 0.8,
    "omegaP": 3.405555555555556e-05
}