{
    "KICp": 7.237235094618417,
    "KINp": 0.0526596740221675,
    "KOCp": 0.0412261650357426,
    "KONp": 0.2937259261873601,
    "KlossROSp": 4.078575878638256e-06,
    "KprodROSp": 4.696016771488469e-09,
    "Mp": 6.382232463246681e-06,
    "VmaxICp": 4.337211333092391e-05,
    "VmaxINp": 2.093552171435796e-05,
    "VmaxOCp": 3.748255533920606e-07,
    "VmaxONp": 1.6007720251074949e-06,
    "gammaDp": 0.354025131998347,
    "omegaP": 5.918144131555532e-05
}