{
    "KICp": 4.597870359403366,
    "KINp": 0.0048689333541758,
    "KOCp": 0.0108358448892159,
    "KONp": 0.1,
    "KlossROSp": 1.3451418363454317e-05,
    "KprodROSp": 4.983600723449235e-09,
    "Mp": 5.885785235712282e-06,
    "VmaxICp": 3.257468552246543e-05,
    "VmaxINp": 3.121784354993388e-05,
    "VmaxOCp": 1.851851851851852e-06,
    "VmaxONp": 8.423308787462973e-06,
    "gammaDp": 0.1170703448977687,
    "omegaP": 1.2564959809647942e-05
}