{
    "KICp": 37.0,
    "KINp": 0.0087844673924943,
    "KOCp": 0.1306780586519091,
    "KONp": 0.1315287842970818,
    "KlossROSp": 2.6687052459806413e-07,
    "KprodROSp": 3.680505146880621e-08,
    "Mp": 1.962348087130045e-07,
    "VmaxICp": 1.869513063989936e-05,
    "VmaxINp": 1.82980619194058e-05,
    "VmaxOCp": 1.0812142781442165e-06,
    "VmaxONp": 2.2423498055266695e-07,
    "gammaDp": 0.2704261736071101,
    "omegaP": 3.405555555555556e-05
}