{
    "KICp": 10.222075982057772,
    "KINp": 0.0041191764906319,
    "KOCp": 0.2513782669235745,
    "KONp": 0.0280143692909585,
    "KlossROSp": 1.956673654786862e-06,
    "KprodROSp": 1.986586946267336e-09,
    "Mp": 9.18956125642552e-06,
    "VmaxICp": 3.3584956796850945e-05,
    "VmaxINp": 4.171128995824218e-05,
    "VmaxOCp": 8.741100889441473e-07,
    "VmaxONp": 1.1111111111111112e-06,
    "gammaDp": 0.1645838150421973,
    "omegaP": 3.155321946329934e-05
}