{
    "KICp": 42.14120678261508,
    "KINp": 0.1617019445782025,
    "KOCp": 0.0784689079114682,
    "KONp": 0.034533668891953,
    "KlossROSp": 1.3591297277518864e-05,
    "KprodROSp": 3.488867093115387e-08,
    "Mp": 4.393345097772664e-06,
    "VmaxICp": 2.0848599786801484e-05,
    "VmaxINp": 2.258868310838968e-05,
    "VmaxOCp": 6.464567249606964e-06,
    "VmaxONp": 1.07420426125088e-05,
    "gammaDp": 0.1533620981557415,
    "omegaP": 3.405555555555556e-05
}