{
    "KICp": 6.329152322901896,
    "KINp": 0.0087844673924943,
    "KOCp": 0.1306780586519091,
    "KONp": 0.1315287842970818,
    "KlossROSp": 2.6687052459806413e-07,
    "KprodROSp": 3.680505146880621e-08,
    "Mp": 5.988377083603992e-07,
    "VmaxICp": 1.869513063989936e-05,
    "VmaxINp": 1.82980619194058e-05,
    "VmaxOCp": 9.580170202327556e-06,
    "VmaxONp": 1.2058645723159457e-07,
    "gammaDp": 0.1460210870233466,
    "omegaP": 3.405555555555556e-05
}