{
    "KICp": 37.0,
    "KINp": 0.02,
    "KOCp": 0.03,
    "KONp": 0.0100707467712551,
    "KlossROSp": 8.287350580486955e-07,
    "KprodROSp": 1.1746973832041743e-09,
    "Mp": 5.135456574539509e-06,
    "VmaxICp": 3.723344116913339e-05,
    "VmaxINp": 5.1569675823484e-05,
    "VmaxOCp": 1.851851851851852e-06,
    "VmaxONp": 2.0240345348452272e-06,
    "gammaDp": 0.2207286176354212,
    "omegaP": 3.405555555555556e-05
}