{
    "KICp": 5.399093092798048,
    "KINp": 0.0043282908429298,
    "KOCp": 0.03,
    "KONp": 0.1,
    "KlossROSp": 3.725431738219181e-06,
    "KprodROSp": 1.786805546349378e-09,
    "Mp": 9.743801222837258e-06,
    "VmaxICp": 5.4017361266197135e-05,
    "VmaxINp": 3.189067977792376e-05,
    "VmaxOCp": 1.851851851851852e-06,
    "VmaxONp": 9.314529494588231e-06,
    "gammaDp": 0.1265096751130977,
    "omegaP": 3.405555555555556e-05
}