{
    "KICp": 26.096370952721124,
    "KINp": 0.0056376912413345,
    "KOCp": 0.220240432136476,
    "KONp": 0.0922912739038541,
    "KlossROSp": 9.492727926742746e-06,
    "KprodROSp": 4.696016771488469e-09,
    "Mp": 2.8795607176458466e-06,
    "VmaxICp": 1.3507599580399664e-05,
    "VmaxINp": 2.816793159687898e-05,
    "VmaxOCp": 1.0939064093881334e-05,
    "VmaxONp": 7.045802207828379e-07,
    "gammaDp": 0.3134742811072185,
    "omegaP": 2.5155305881957345e-05
}