{
    "KICp": 42.14120678261508,
    "KINp": 0.1243536932235431,
    "KOCp": 0.0161595738210247,
    "KONp": 0.262611772971282,
    "KlossROSp": 1.3591297277518864e-05,
    "KprodROSp": 1.340467401830416e-08,
    "Mp": 4.393345097772664e-06,
    "VmaxICp": 2.0848599786801484e-05,
    "VmaxINp": 4.249414479411261e-05,
    "VmaxOCp": 6.464567249606964e-06,
    "VmaxONp": 2.19963152315548e-07,
    "gammaDp": 0.1533620981557415,
    "omegaP": 3.405555555555556e-05
}