{
    "KICp": 7.69951963693327,
    "KINp": 0.1257832034168316,
    "KOCp": 0.0058600687377562,
    "KONp": 0.0252413630816688,
    "KlossROSp": 7.350660931618094e-07,
    "KprodROSp": 1.3093662304122112e-08,
    "Mp": 6.3525618454631055e-06,
    "VmaxICp": 1.975869445448732e-05,
    "VmaxINp": 4.6243325681260766e-05,
    "VmaxOCp": 2.088240107901104e-06,
    "VmaxONp": 5.52130472899394e-07,
    "gammaDp": 0.7238157634322722,
    "omegaP": 1.376931295326957e-05
}