{
    "KICp": 152.47233134433964,
    "KINp": 0.0152439159481698,
    "KOCp": 0.2210794030069712,
    "KONp": 0.2127948431246094,
    "KlossROSp": 7.58223585026033e-06,
    "KprodROSp": 9.842647143790764e-09,
    "Mp": 4.476790324546917e-06,
    "VmaxICp": 1.763484977020167e-05,
    "VmaxINp": 5.374558483991335e-05,
    "VmaxOCp": 2.5992863856128414e-06,
    "VmaxONp": 8.126121396546191e-07,
    "gammaDp": 0.5853078603464259,
    "omegaP": 3.405555555555556e-05
}