{
    "KICp": 152.47233134433964,
    "KINp": 0.0152439159481698,
    "KOCp": 0.0136238810956729,
    "KONp": 0.2127948431246094,
    "KlossROSp": 7.58223585026033e-06,
    "KprodROSp": 2.9827489075124365e-08,
    "Mp": 4.476790324546917e-06,
    "VmaxICp": 3.0398182872829607e-05,
    "VmaxINp": 5.374558483991335e-05,
    "VmaxOCp": 2.5992863856128414e-06,
    "VmaxONp": 1.708885995635138e-07,
    "gammaDp": 0.5853078603464259,
    "omegaP": 3.405555555555556e-05
}