{
    "KICp": 138.13564300728,
    "KINp": 0.02,
    "KOCp": 0.0214078990411416,
    "KONp": 0.0100707467712551,
    "KlossROSp": 1.956673654786862e-06,
    "KprodROSp": 7.326295041077035e-09,
    "Mp": 5.135456574539509e-06,
    "VmaxICp": 3.723344116913339e-05,
    "VmaxINp": 5.1569675823484e-05,
    "VmaxOCp": 1.851851851851852e-06,
    "VmaxONp": 1.7123276053161796e-06,
    "gammaDp": 0.3896701991270789,
    "omegaP": 3.405555555555556e-05
}