{
    "KICp": 211.3572517505237,
    "KINp": 0.02,
    "KOCp": 0.0187086923372149,
    "KONp": 0.0197943800872881,
    "KlossROSp": 8.69615553617783e-07,
    "KprodROSp": 4.696016771488469e-09,
    "Mp": 8.13147592622425e-06,
    "VmaxICp": 3.0014108559190054e-05,
    "VmaxINp": 2.278393257057567e-05,
    "VmaxOCp": 5.22978881272588e-07,
    "VmaxONp": 1.1111111111111112e-06,
    "gammaDp": 0.2084984665667143,
    "omegaP": 6.376066842108002e-06
}