{
    "KICp": 353.29149695670225,
    "KINp": 0.0539895913880036,
    "KOCp": 0.2086286449887733,
    "KONp": 0.0272264031210047,
    "KlossROSp": 4.0669642141149924e-07,
    "KprodROSp": 2.061278483105957e-09,
    "Mp": 7.286175390185095e-06,
    "VmaxICp": 5.255922618949312e-05,
    "VmaxINp": 4.955106522656964e-05,
    "VmaxOCp": 5.027969807485409e-07,
    "VmaxONp": 8.504333922464891e-07,
    "gammaDp": 0.2198030444603345,
    "omegaP": 4.040066751526576e-06
}