{
    "KICp": 37.0,
    "KINp": 0.0754023748193844,
    "KOCp": 0.0073515755176744,
    "KONp": 0.7792386702191737,
    "KlossROSp": 6.165746860089307e-07,
    "KprodROSp": 3.792454282473875e-09,
    "Mp": 3.357745114962372e-06,
    "VmaxICp": 2.6478878022915905e-05,
    "VmaxINp": 4.658276724122011e-05,
    "VmaxOCp": 2.1791894355201694e-07,
    "VmaxONp": 1.1111111111111112e-06,
    "gammaDp": 0.8603058387892539,
    "omegaP": 3.405555555555556e-05
}