{
    "KICp": 62.62912693036464,
    "KINp": 0.0041191764906319,
    "KOCp": 0.0089689206086668,
    "KONp": 0.1975270096564544,
    "KlossROSp": 1.956673654786862e-06,
    "KprodROSp": 4.966329915007703e-10,
    "Mp": 9.18956125642552e-06,
    "VmaxICp": 3.3584956796850945e-05,
    "VmaxINp": 4.171128995824218e-05,
    "VmaxOCp": 8.741100889441473e-07,
    "VmaxONp": 1.296346479245498e-07,
    "gammaDp": 0.232907543355578,
    "omegaP": 3.155321946329934e-05
}