{
    "KICp": 37.0,
    "KINp": 0.0920881537141615,
    "KOCp": 0.0177529399155855,
    "KONp": 0.0161740347799685,
    "KlossROSp": 6.979588318739135e-06,
    "KprodROSp": 1.8213543469728102e-09,
    "Mp": 4.095788195557875e-06,
    "VmaxICp": 3.5921795945308426e-05,
    "VmaxINp": 2.943747943854135e-05,
    "VmaxOCp": 5.086166029699921e-06,
    "VmaxONp": 1.1111111111111112e-06,
    "gammaDp": 0.8,
    "omegaP": 3.405555555555556e-05
}