{
    "KICp": 166.5258294798046,
    "KINp": 0.0545386701623294,
    "KOCp": 0.1555743187743263,
    "KONp": 0.0137787190761426,
    "KlossROSp": 5.429174931398381e-07,
    "KprodROSp": 2.2474918259996285e-08,
    "Mp": 4.117157734672374e-06,
    "VmaxICp": 1.3801049277137482e-05,
    "VmaxINp": 4.629203342317315e-05,
    "VmaxOCp": 6.197263300813063e-06,
    "VmaxONp": 1.1111111111111112e-06,
    "gammaDp": 0.2776479499357772,
    "omegaP": 1.1854562584216048e-05
}