{
    "KICp": 10.796071450326131,
    "KINp": 0.0028495412048191,
    "KOCp": 0.0793193333531836,
    "KONp": 0.5580847762348956,
    "KlossROSp": 1.984969972534685e-07,
    "KprodROSp": 1.4056151196396921e-08,
    "Mp": 3.0583079531689835e-06,
    "VmaxICp": 3.637707695298287e-05,
    "VmaxINp": 3.685300789197561e-05,
    "VmaxOCp": 6.876726801009095e-07,
    "VmaxONp": 1.1111111111111112e-06,
    "gammaDp": 0.4494291929057107,
    "omegaP": 3.699711057047451e-05
}