{
    "KICp": 37.0,
    "KINp": 0.02,
    "KOCp": 0.0903319916854319,
    "KONp": 0.0100707467712551,
    "KlossROSp": 8.104889042239678e-07,
    "KprodROSp": 7.326295041077035e-09,
    "Mp": 5.135456574539509e-06,
    "VmaxICp": 3.723344116913339e-05,
    "VmaxINp": 5.1569675823484e-05,
    "VmaxOCp": 1.851851851851852e-06,
    "VmaxONp": 4.858909757465306e-06,
    "gammaDp": 0.325930685890396,
    "omegaP": 3.405555555555556e-05
}