{
    "KICp": 42.14120678261508,
    "KINp": 0.1331398730397154,
    "KOCp": 0.0784689079114682,
    "KONp": 0.262611772971282,
    "KlossROSp": 1.3591297277518864e-05,
    "KprodROSp": 2.14192199439976e-08,
    "Mp": 4.393345097772664e-06,
    "VmaxICp": 2.0848599786801484e-05,
    "VmaxINp": 2.258868310838968e-05,
    "VmaxOCp": 6.464567249606964e-06,
    "VmaxONp": 2.19963152315548e-07,
    "gammaDp": 0.1533620981557415,
    "omegaP": 3.296399337357409e-05
}