{
    "KICp": 122.55864971460448,
    "KINp": 0.02,
    "KOCp": 0.03,
    "KONp": 0.0100707467712551,
    "KlossROSp": 1.956673654786862e-06,
    "KprodROSp": 7.326295041077035e-09,
    "Mp": 5.135456574539509e-06,
    "VmaxICp": 3.723344116913339e-05,
    "VmaxINp": 3.721677918246265e-05,
    "VmaxOCp": 1.4817356885246554e-06,
    "VmaxONp": 4.858909757465306e-06,
    "gammaDp": 0.3896701991270789,
    "omegaP": 5.053091023716178e-06
}