{
    "KICp": 257.4695735211227,
    "KINp": 0.0221059121805522,
    "KOCp": 0.1196466953879904,
    "KONp": 0.0533477286459305,
    "KlossROSp": 3.529756489115932e-07,
    "KprodROSp": 1.8867556583432848e-08,
    "Mp": 2.087502617775797e-07,
    "VmaxICp": 2.804479156858916e-05,
    "VmaxINp": 4.242015459600318e-05,
    "VmaxOCp": 3.2816377567658302e-06,
    "VmaxONp": 5.442667287825609e-07,
    "gammaDp": 0.1099545401141001,
    "omegaP": 7.411668959400043e-05
}