{
    "KICp": 37.0,
    "KINp": 0.0060453119613415,
    "KOCp": 0.0064134488247102,
    "KONp": 0.1431233790057335,
    "KlossROSp": 1.956673654786862e-06,
    "KprodROSp": 1.2464082621262071e-09,
    "Mp": 3.5088769139301874e-06,
    "VmaxICp": 3.5308136788707336e-05,
    "VmaxINp": 2.899722103812234e-05,
    "VmaxOCp": 2.8330075636318885e-06,
    "VmaxONp": 6.842165699143356e-07,
    "gammaDp": 0.249960312536516,
    "omegaP": 3.405555555555556e-05
}