{
    "KICp": 22.22420618627611,
    "KINp": 0.0637111287932688,
    "KOCp": 0.0848454702945313,
    "KONp": 0.6700221140138043,
    "KlossROSp": 1.0108582714416515e-06,
    "KprodROSp": 2.9461189745919573e-08,
    "Mp": 8.13147592622425e-06,
    "VmaxICp": 3.0014108559190054e-05,
    "VmaxINp": 2.278393257057567e-05,
    "VmaxOCp": 5.22978881272588e-07,
    "VmaxONp": 1.1111111111111112e-06,
    "gammaDp": 0.3297150240791487,
    "omegaP": 6.376066842108002e-06
}