{
    "KICp": 79.2449851510313,
    "KINp": 0.02,
    "KOCp": 0.03,
    "KONp": 0.4539529467095601,
    "KlossROSp": 1.956673654786862e-06,
    "KprodROSp": 4.696016771488469e-09,
    "Mp": 5.909402180623187e-06,
    "VmaxICp": 4.2422008943456674e-05,
    "VmaxINp": 3.263233596068607e-05,
    "VmaxOCp": 5.010632336059796e-07,
    "VmaxONp": 4.723713863804326e-07,
    "gammaDp": 0.1818299499509659,
    "omegaP": 3.865693347276501e-06
}