{
    "KICp": 37.0,
    "KINp": 0.02,
    "KOCp": 0.0044529558304739,
    "KONp": 0.0437372229197076,
    "KlossROSp": 1.956673654786862e-06,
    "KprodROSp": 1.7082601591487155e-09,
    "Mp": 6.7585524763230185e-06,
    "VmaxICp": 3.0080379636180605e-05,
    "VmaxINp": 2.6497153665177385e-05,
    "VmaxOCp": 1.3033905499071604e-06,
    "VmaxONp": 1.6450266759573283e-06,
    "gammaDp": 0.8,
    "omegaP": 3.405555555555556e-05
}