{
    "KICp": 8.211119137966309,
    "KINp": 0.0231615266819251,
    "KOCp": 0.2513782669235745,
    "KONp": 0.0280143692909585,
    "KlossROSp": 1.956673654786862e-06,
    "KprodROSp": 4.966329915007703e-10,
    "Mp": 9.18956125642552e-06,
    "VmaxICp": 3.3584956796850945e-05,
    "VmaxINp": 4.171128995824218e-05,
    "VmaxOCp": 8.741100889441473e-07,
    "VmaxONp": 5.027071016154961e-07,
    "gammaDp": 0.3631589852459681,
    "omegaP": 1.287573535704513e-05
}