{
    "KICp": 281.1427210652652,
    "KINp": 0.0029883756551942,
    "KOCp": 0.0050615524607786,
    "KONp": 0.1,
    "KlossROSp": 1.3413573862956522e-06,
    "KprodROSp": 8.102165289159108e-09,
    "Mp": 4.275364009101053e-06,
    "VmaxICp": 3.3008869704530865e-05,
    "VmaxINp": 4.173902579860775e-05,
    "VmaxOCp": 4.15509315736851e-06,
    "VmaxONp": 7.774239172831213e-07,
    "gammaDp": 0.8351015596417778,
    "omegaP": 4.238334827457512e-05
}