{
    "KICp": 93.38303483371593,
    "KINp": 0.014377931480188,
    "KOCp": 0.03,
    "KONp": 0.2778015875636931,
    "KlossROSp": 1.956673654786862e-06,
    "KprodROSp": 3.8581947555402925e-09,
    "Mp": 2.9425156518092827e-06,
    "VmaxICp": 1.8566208110831727e-05,
    "VmaxINp": 3.23384126566825e-05,
    "VmaxOCp": 2.374674443629022e-06,
    "VmaxONp": 4.220183049580668e-07,
    "gammaDp": 0.8161435512895387,
    "omegaP": 6.271150745281133e-06
}