{
    "KICp": 37.0,
    "KINp": 0.0044304297778679,
    "KOCp": 0.1143951194491111,
    "KONp": 0.355568018776849,
    "KlossROSp": 4.980153749922127e-07,
    "KprodROSp": 4.3678701869899016e-08,
    "Mp": 5.162392151704665e-06,
    "VmaxICp": 3.4693972284540675e-05,
    "VmaxINp": 2.052572971243055e-05,
    "VmaxOCp": 2.76105098085078e-06,
    "VmaxONp": 1.802031890849173e-06,
    "gammaDp": 0.7337011282326582,
    "omegaP": 5.1085007505625695e-06
}