{
    "KICp": 4.260588321314384,
    "KINp": 0.02,
    "KOCp": 0.0063889657277761,
    "KONp": 0.1,
    "KlossROSp": 4.284589422515596e-06,
    "KprodROSp": 1.6264727463014794e-08,
    "Mp": 6.549222189460514e-06,
    "VmaxICp": 2.6529213804683257e-05,
    "VmaxINp": 1.8041009297847203e-05,
    "VmaxOCp": 1.1597848627505924e-06,
    "VmaxONp": 4.521610040959064e-06,
    "gammaDp": 0.2074423180229373,
    "omegaP": 2.2481929516415163e-05
}