{
    "KICp": 36.48474921687536,
    "KINp": 0.0226663069803429,
    "KOCp": 0.1417847325978928,
    "KONp": 0.0173786472224089,
    "KlossROSp": 6.615102867906759e-07,
    "KprodROSp": 1.6218880569389095e-09,
    "Mp": 4.101454258680241e-06,
    "VmaxICp": 2.810143026268212e-05,
    "VmaxINp": 3.500418633712487e-05,
    "VmaxOCp": 5.585898039043775e-07,
    "VmaxONp": 2.194344198344135e-06,
    "gammaDp": 0.8,
    "omegaP": 3.405555555555556e-05
}