{
    "KICp": 102.21676038869568,
    "KINp": 0.0044304297778679,
    "KOCp": 0.0599673020969169,
    "KONp": 0.1,
    "KlossROSp": 1.0874421573676276e-06,
    "KprodROSp": 4.696016771488469e-09,
    "Mp": 5.162392151704665e-06,
    "VmaxICp": 3.4693972284540675e-05,
    "VmaxINp": 2.052572971243055e-05,
    "VmaxOCp": 2.76105098085078e-06,
    "VmaxONp": 4.532137971075845e-06,
    "gammaDp": 0.8,
    "omegaP": 5.1085007505625695e-06
}