{
    "KICp": 37.0,
    "KINp": 0.1121402657572708,
    "KOCp": 0.2413053491732179,
    "KONp": 0.0789068428730313,
    "KlossROSp": 4.624679254828829e-07,
    "KprodROSp": 7.261295881808554e-09,
    "Mp": 6.011096109404945e-06,
    "VmaxICp": 2.947453283210708e-05,
    "VmaxINp": 3.529925352747348e-05,
    "VmaxOCp": 2.0759403279168494e-07,
    "VmaxONp": 1.854834771695389e-07,
    "gammaDp": 0.8,
    "omegaP": 2.3514471424472832e-05
}