{
    "KICp": 133.5425119907842,
    "KINp": 0.0133100205491006,
    "KOCp": 0.0278011048541277,
    "KONp": 0.5944218421073273,
    "KlossROSp": 2.5004755629365745e-07,
    "KprodROSp": 3.9468145640062494e-08,
    "Mp": 3.5396431925033704e-06,
    "VmaxICp": 3.475309739695427e-05,
    "VmaxINp": 2.8268705835823774e-05,
    "VmaxOCp": 2.66587622928206e-07,
    "VmaxONp": 1.1162323107123891e-06,
    "gammaDp": 0.8,
    "omegaP": 3.405555555555556e-05
}