{
    "KICp": 5.053131762300621,
    "KINp": 0.0833405687023213,
    "KOCp": 0.0108358448892159,
    "KONp": 0.1,
    "KlossROSp": 1.3451418363454317e-05,
    "KprodROSp": 8.915068939905941e-10,
    "Mp": 5.885785235712282e-06,
    "VmaxICp": 5.406676631615439e-05,
    "VmaxINp": 3.121784354993388e-05,
    "VmaxOCp": 9.9759571528869e-07,
    "VmaxONp": 8.423308787462973e-06,
    "gammaDp": 0.1170703448977687,
    "omegaP": 3.405555555555556e-05
}