{
    "KICp": 37.0,
    "KINp": 0.0199504388309524,
    "KOCp": 0.2413053491732179,
    "KONp": 0.012580234622568,
    "KlossROSp": 4.624679254828829e-07,
    "KprodROSp": 3.0792342191282054e-08,
    "Mp": 6.011096109404945e-06,
    "VmaxICp": 2.947453283210708e-05,
    "VmaxINp": 3.529925352747348e-05,
    "VmaxOCp": 2.0759403279168494e-07,
    "VmaxONp": 2.3376776355681177e-06,
    "gammaDp": 0.2718445931463102,
    "omegaP": 5.810437828606707e-06
}