{
    "KICp": 17.940655137574915,
    "KINp": 0.0526596740221675,
    "KOCp": 0.03,
    "KONp": 0.1,
    "KlossROSp": 4.078575878638256e-06,
    "KprodROSp": 4.696016771488469e-09,
    "Mp": 6.382232463246681e-06,
    "VmaxICp": 3.676880124882036e-05,
    "VmaxINp": 3.085152526232032e-05,
    "VmaxOCp": 3.748255533920606e-07,
    "VmaxONp": 1.6707902471204606e-07,
    "gammaDp": 0.5536744861046495,
    "omegaP": 5.918144131555532e-05
}