{
    "KICp": 160.36018529331017,
    "KINp": 0.0138540006230354,
    "KOCp": 0.0678793986988928,
    "KONp": 0.0599116636453089,
    "KlossROSp": 4.689376054303904e-07,
    "KprodROSp": 4.696016771488469e-09,
    "Mp": 7.969780307190982e-06,
    "VmaxICp": 4.025484748851439e-05,
    "VmaxINp": 4.630036093201936e-05,
    "VmaxOCp": 1.5094874905719768e-06,
    "VmaxONp": 9.356790343202884e-07,
    "gammaDp": 0.269246117974849,
    "omegaP": 3.405555555555556e-05
}