{
    "KICp": 42.786534133433726,
    "KINp": 0.0526596740221675,
    "KOCp": 0.0270694168301725,
    "KONp": 0.1830950765494391,
    "KlossROSp": 4.078575878638256e-06,
    "KprodROSp": 4.696016771488469e-09,
    "Mp": 6.382232463246681e-06,
    "VmaxICp": 4.337211333092391e-05,
    "VmaxINp": 3.085152526232032e-05,
    "VmaxOCp": 3.748255533920606e-07,
    "VmaxONp": 3.6078878964073753e-06,
    "gammaDp": 0.354025131998347,
    "omegaP": 5.918144131555532e-05
}