{
    "KICp": 339.405760656236,
    "KINp": 0.1956794546253384,
    "KOCp": 0.1907359935855846,
    "KONp": 0.0374374295610826,
    "KlossROSp": 5.955055604303932e-07,
    "KprodROSp": 1.0760786821921171e-09,
    "Mp": 4.2824599956284255e-06,
    "VmaxICp": 2.019880788988629e-05,
    "VmaxINp": 2.5885018004707104e-05,
    "VmaxOCp": 4.868410579174348e-06,
    "VmaxONp": 5.533256257052267e-06,
    "gammaDp": 0.2011915215847243,
    "omegaP": 4.659792608616264e-06
}