{
    "KICp": 160.36018529331017,
    "KINp": 0.0138540006230354,
    "KOCp": 0.0678793986988928,
    "KONp": 0.2217021809106971,
    "KlossROSp": 8.337602893464997e-07,
    "KprodROSp": 4.696016771488469e-09,
    "Mp": 7.969780307190982e-06,
    "VmaxICp": 4.025484748851439e-05,
    "VmaxINp": 4.630036093201936e-05,
    "VmaxOCp": 1.3889451614702768e-05,
    "VmaxONp": 1.1111111111111112e-06,
    "gammaDp": 0.1307071109141226,
    "omegaP": 3.405555555555556e-05
}