{
    "KICp": 7.69951963693327,
    "KINp": 0.1257832034168316,
    "KOCp": 0.0058600687377562,
    "KONp": 0.0252413630816688,
    "KlossROSp": 2.1468772830125213e-07,
    "KprodROSp": 3.888900371979733e-08,
    "Mp": 6.3525618454631055e-06,
    "VmaxICp": 1.975869445448732e-05,
    "VmaxINp": 4.6243325681260766e-05,
    "VmaxOCp": 2.819649107840496e-07,
    "VmaxONp": 1.1111111111111112e-06,
    "gammaDp": 0.2869602544934723,
    "omegaP": 1.376931295326957e-05
}