{
    "KICp": 366.11529850572,
    "KINp": 0.1556224756081763,
    "KOCp": 0.0034111966188539,
    "KONp": 0.1577954951207016,
    "KlossROSp": 8.831719576844608e-07,
    "KprodROSp": 6.479531255514545e-10,
    "Mp": 6.932080019824307e-06,
    "VmaxICp": 3.109524830752598e-05,
    "VmaxINp": 5.236841699468165e-05,
    "VmaxOCp": 1.3623412807228995e-06,
    "VmaxONp": 1.1111111111111112e-06,
    "gammaDp": 0.3100292820815388,
    "omegaP": 1.2265374986088605e-05
}