{
    "KICp": 37.0,
    "KINp": 0.0920881537141615,
    "KOCp": 0.0177529399155855,
    "KONp": 0.0128021896557242,
    "KlossROSp": 2.3846189528688056e-06,
    "KprodROSp": 4.696016771488469e-09,
    "Mp": 4.095788195557875e-06,
    "VmaxICp": 3.5921795945308426e-05,
    "VmaxINp": 2.943747943854135e-05,
    "VmaxOCp": 5.149073411803862e-07,
    "VmaxONp": 1.9449772829515257e-07,
    "gammaDp": 0.8,
    "omegaP": 3.405555555555556e-05
}