{
    "KICp": 5.399093092798048,
    "KINp": 0.0039603841064373,
    "KOCp": 0.03,
    "KONp": 0.1,
    "KlossROSp": 1.398090541932352e-05,
    "KprodROSp": 2.051212341417136e-09,
    "Mp": 9.743801222837258e-06,
    "VmaxICp": 5.4017361266197135e-05,
    "VmaxINp": 3.189067977792376e-05,
    "VmaxOCp": 1.460199038012609e-06,
    "VmaxONp": 9.314529494588231e-06,
    "gammaDp": 0.2337905696305423,
    "omegaP": 3.405555555555556e-05
}