{
    "KICp": 37.0,
    "KINp": 0.050013361095032,
    "KOCp": 0.0529692331357333,
    "KONp": 0.1508427104489372,
    "KlossROSp": 2.6687052459806413e-07,
    "KprodROSp": 3.680505146880621e-08,
    "Mp": 5.988377083603992e-07,
    "VmaxICp": 1.869513063989936e-05,
    "VmaxINp": 1.82980619194058e-05,
    "VmaxOCp": 5.142832457369457e-06,
    "VmaxONp": 1.2058645723159457e-07,
    "gammaDp": 0.5478130886563863,
    "omegaP": 3.405555555555556e-05
}