{
    "KICp": 37.0,
    "KINp": 0.02,
    "KOCp": 0.03,
    "KONp": 0.4539529467095601,
    "KlossROSp": 1.2671001396366244e-05,
    "KprodROSp": 1.64167118646144e-09,
    "Mp": 5.385533549942743e-06,
    "VmaxICp": 4.2422008943456674e-05,
    "VmaxINp": 3.263233596068607e-05,
    "VmaxOCp": 1.952744404031607e-07,
    "VmaxONp": 1.4761532162745245e-06,
    "gammaDp": 0.1818299499509659,
    "omegaP": 3.405555555555556e-05
}