{
    "KICp": 37.0,
    "KINp": 0.0034201198427673,
    "KOCp": 0.2413053491732179,
    "KONp": 0.0789068428730313,
    "KlossROSp": 4.624679254828829e-07,
    "KprodROSp": 1.3996519477589012e-09,
    "Mp": 6.011096109404945e-06,
    "VmaxICp": 2.947453283210708e-05,
    "VmaxINp": 3.529925352747348e-05,
    "VmaxOCp": 2.0759403279168494e-07,
    "VmaxONp": 4.17348436801179e-06,
    "gammaDp": 0.6145207758396496,
    "omegaP": 5.810437828606707e-06
}