{
    "KICp": 37.0,
    "KINp": 0.0545386701623294,
    "KOCp": 0.1555743187743263,
    "KONp": 0.0730542260863196,
    "KlossROSp": 5.429174931398381e-07,
    "KprodROSp": 3.488295568367949e-09,
    "Mp": 4.117157734672374e-06,
    "VmaxICp": 1.3801049277137482e-05,
    "VmaxINp": 4.629203342317315e-05,
    "VmaxOCp": 6.197263300813063e-06,
    "VmaxONp": 1.5756446881557e-07,
    "gammaDp": 0.2776479499357772,
    "omegaP": 1.947618679755836e-05
}