{
    "KICp": 10.796071450326131,
    "KINp": 0.0028495412048191,
    "KOCp": 0.0633334624931755,
    "KONp": 0.5580847762348956,
    "KlossROSp": 5.869763742922083e-07,
    "KprodROSp": 5.500735473467472e-10,
    "Mp": 3.0583079531689835e-06,
    "VmaxICp": 3.637707695298287e-05,
    "VmaxINp": 3.685300789197561e-05,
    "VmaxOCp": 2.4574807192477497e-06,
    "VmaxONp": 1.1111111111111112e-06,
    "gammaDp": 0.2613052339031864,
    "omegaP": 3.699711057047451e-05
}