{
    "KICp": 366.11529850572,
    "KINp": 0.0325248172685955,
    "KOCp": 0.0221407694632627,
    "KONp": 0.4312483564416948,
    "KlossROSp": 8.831719576844608e-07,
    "KprodROSp": 6.039661302222025e-09,
    "Mp": 6.932080019824307e-06,
    "VmaxICp": 3.109524830752598e-05,
    "VmaxINp": 5.236841699468165e-05,
    "VmaxOCp": 3.4498198423228493e-06,
    "VmaxONp": 1.2650227699296886e-07,
    "gammaDp": 0.1259615688047408,
    "omegaP": 1.2265374986088605e-05
}