{
    "KICp": 4.526350971922317,
    "KINp": 0.02,
    "KOCp": 0.02166495811241,
    "KONp": 0.4369907252455769,
    "KlossROSp": 4.5582693011624586e-07,
    "KprodROSp": 4.696016771488469e-09,
    "Mp": 5.395472527512402e-06,
    "VmaxICp": 4.231137591528626e-05,
    "VmaxINp": 3.242974926405634e-05,
    "VmaxOCp": 1.851851851851852e-06,
    "VmaxONp": 5.960950930757158e-06,
    "gammaDp": 0.199084039192715,
    "omegaP": 3.405555555555556e-05
}