{
    "KICp": 37.0,
    "KINp": 0.0138687995472471,
    "KOCp": 0.0098700143563441,
    "KONp": 0.1,
    "KlossROSp": 1.956673654786862e-06,
    "KprodROSp": 6.308026356431199e-10,
    "Mp": 4.412958592178537e-06,
    "VmaxICp": 2.813689261382502e-05,
    "VmaxINp": 5.082158310073978e-05,
    "VmaxOCp": 2.316187845513437e-06,
    "VmaxONp": 1.1111111111111112e-06,
    "gammaDp": 0.1608445295035061,
    "omegaP": 3.405555555555556e-05
}