{
    "KICp": 7.69951963693327,
    "KINp": 0.1257832034168316,
    "KOCp": 0.0044436689634779,
    "KONp": 0.0252413630816688,
    "KlossROSp": 6.167247760025697e-06,
    "KprodROSp": 4.836237755628793e-10,
    "Mp": 6.3525618454631055e-06,
    "VmaxICp": 1.975869445448732e-05,
    "VmaxINp": 4.6243325681260766e-05,
    "VmaxOCp": 2.819649107840496e-07,
    "VmaxONp": 1.1111111111111112e-06,
    "gammaDp": 0.7238157634322722,
    "omegaP": 1.0107439999084222e-05
}