{
    "KICp": 4.384400780694414,
    "KINp": 0.0029883756551942,
    "KOCp": 0.0034676796566804,
    "KONp": 0.1,
    "KlossROSp": 1.3413573862956522e-06,
    "KprodROSp": 4.358558221921007e-09,
    "Mp": 4.275364009101053e-06,
    "VmaxICp": 3.3008869704530865e-05,
    "VmaxINp": 4.173902579860775e-05,
    "VmaxOCp": 4.15509315736851e-06,
    "VmaxONp": 4.380744931247204e-07,
    "gammaDp": 0.1560651418085428,
    "omegaP": 3.0389632506198648e-05
}