{
    "KICp": 37.0,
    "KINp": 0.02,
    "KOCp": 0.03,
    "KONp": 0.1483303970400689,
    "KlossROSp": 1.956673654786862e-06,
    "KprodROSp": 1.575136070163648e-09,
    "Mp": 5.135456574539509e-06,
    "VmaxICp": 3.723344116913339e-05,
    "VmaxINp": 5.1569675823484e-05,
    "VmaxOCp": 1.851851851851852e-06,
    "VmaxONp": 4.318746705400193e-06,
    "gammaDp": 0.3896701991270789,
    "omegaP": 8.283845990885545e-05
}