{
    "KICp": 37.0,
    "KINp": 0.02,
    "KOCp": 0.03,
    "KONp": 0.0281387162507111,
    "KlossROSp": 6.828688323023302e-07,
    "KprodROSp": 4.696016771488469e-09,
    "Mp": 5.909402180623187e-06,
    "VmaxICp": 4.2422008943456674e-05,
    "VmaxINp": 3.263233596068607e-05,
    "VmaxOCp": 1.952744404031607e-07,
    "VmaxONp": 4.277682246800616e-06,
    "gammaDp": 0.1818299499509659,
    "omegaP": 3.405555555555556e-05
}