{
    "KICp": 39.6746485478506,
    "KINp": 0.02,
    "KOCp": 0.0431677904998837,
    "KONp": 0.0197943800872881,
    "KlossROSp": 1.0108582714416515e-06,
    "KprodROSp": 4.696016771488469e-09,
    "Mp": 8.13147592622425e-06,
    "VmaxICp": 3.0014108559190054e-05,
    "VmaxINp": 2.278393257057567e-05,
    "VmaxOCp": 1.2635140999794145e-05,
    "VmaxONp": 1.1111111111111112e-06,
    "gammaDp": 0.3297150240791487,
    "omegaP": 6.376066842108002e-06
}