{
    "KICp": 37.0,
    "KINp": 0.0117277677729039,
    "KOCp": 0.0093901017308283,
    "KONp": 0.4212278074574553,
    "KlossROSp": 4.658025735779992e-07,
    "KprodROSp": 3.646523600127924e-08,
    "Mp": 6.311014791497785e-07,
    "VmaxICp": 2.1942020385888345e-05,
    "VmaxINp": 2.3584998008671432e-05,
    "VmaxOCp": 1.3985264452940604e-05,
    "VmaxONp": 1.1111111111111112e-06,
    "gammaDp": 0.3946707403623443,
    "omegaP": 3.405555555555556e-05
}