{
    "KICp": 37.0,
    "KINp": 0.0717397266480044,
    "KOCp": 0.0848454702945313,
    "KONp": 0.6870398345629584,
    "KlossROSp": 4.365948455094573e-06,
    "KprodROSp": 4.696016771488469e-09,
    "Mp": 8.13147592622425e-06,
    "VmaxICp": 3.0014108559190054e-05,
    "VmaxINp": 2.278393257057567e-05,
    "VmaxOCp": 5.22978881272588e-07,
    "VmaxONp": 1.1111111111111112e-06,
    "gammaDp": 0.3297150240791487,
    "omegaP": 6.376066842108002e-06
}