{
    "KICp": 117.11447509411904,
    "KINp": 0.0063501512184515,
    "KOCp": 0.0483971301046964,
    "KONp": 0.1835532371531227,
    "KlossROSp": 6.165746860089307e-07,
    "KprodROSp": 4.5992580654081455e-08,
    "Mp": 3.357745114962372e-06,
    "VmaxICp": 2.6478878022915905e-05,
    "VmaxINp": 4.658276724122011e-05,
    "VmaxOCp": 2.1791894355201694e-07,
    "VmaxONp": 7.057665077745291e-07,
    "gammaDp": 0.8603058387892539,
    "omegaP": 3.405555555555556e-05
}