{
    "KICp": 5.399093092798048,
    "KINp": 0.0039603841064373,
    "KOCp": 0.0341161989175667,
    "KONp": 0.0693316143775974,
    "KlossROSp": 9.73077570341402e-07,
    "KprodROSp": 4.696016771488469e-09,
    "Mp": 9.743801222837258e-06,
    "VmaxICp": 5.4017361266197135e-05,
    "VmaxINp": 3.189067977792376e-05,
    "VmaxOCp": 1.851851851851852e-06,
    "VmaxONp": 9.314529494588231e-06,
    "gammaDp": 0.1452486957592859,
    "omegaP": 3.405555555555556e-05
}