{
    "KICp": 10.130141002026138,
    "KINp": 0.0152439159481698,
    "KOCp": 0.0039556733631989,
    "KONp": 0.2127948431246094,
    "KlossROSp": 7.58223585026033e-06,
    "KprodROSp": 5.195523109697938e-10,
    "Mp": 4.476790324546917e-06,
    "VmaxICp": 1.763484977020167e-05,
    "VmaxINp": 5.374558483991335e-05,
    "VmaxOCp": 5.7794222742731616e-06,
    "VmaxONp": 2.0606014920983428e-06,
    "gammaDp": 0.5853078603464259,
    "omegaP": 3.405555555555556e-05
}