{
    "KICp": 22.083184444176656,
    "KINp": 0.02,
    "KOCp": 0.0055479370124937,
    "KONp": 0.1410391188438783,
    "KlossROSp": 3.702352037674215e-07,
    "KprodROSp": 9.754725699195347e-09,
    "Mp": 7.534785281521669e-06,
    "VmaxICp": 4.916040267518174e-05,
    "VmaxINp": 3.9923763701095294e-05,
    "VmaxOCp": 1.9294377393000105e-06,
    "VmaxONp": 9.13000857651949e-06,
    "gammaDp": 0.2586599311207976,
    "omegaP": 4.64936889447382e-05
}