{
    "KICp": 5.666589418728706,
    "KINp": 0.1257832034168316,
    "KOCp": 0.0271581603281833,
    "KONp": 0.0252413630816688,
    "KlossROSp": 7.350660931618094e-07,
    "KprodROSp": 1.1852745565897504e-08,
    "Mp": 6.3525618454631055e-06,
    "VmaxICp": 1.975869445448732e-05,
    "VmaxINp": 3.723831461943116e-05,
    "VmaxOCp": 2.819649107840496e-07,
    "VmaxONp": 1.1111111111111112e-06,
    "gammaDp": 0.7238157634322722,
    "omegaP": 1.376931295326957e-05
}