{
    "KICp": 37.0,
    "KINp": 0.02,
    "KOCp": 0.0851236228766097,
    "KONp": 0.4539529467095601,
    "KlossROSp": 8.73500359369687e-07,
    "KprodROSp": 4.696016771488469e-09,
    "Mp": 5.909402180623187e-06,
    "VmaxICp": 4.2422008943456674e-05,
    "VmaxINp": 3.263233596068607e-05,
    "VmaxOCp": 1.3893224754187395e-06,
    "VmaxONp": 1.988550556473336e-07,
    "gammaDp": 0.1818299499509659,
    "omegaP": 3.405555555555556e-05
}