{
    "KICp": 105.9417935553966,
    "KINp": 0.0221059121805522,
    "KOCp": 0.0112973252355899,
    "KONp": 0.1,
    "KlossROSp": 3.529756489115932e-07,
    "KprodROSp": 1.8867556583432848e-08,
    "Mp": 6.275216450057889e-07,
    "VmaxICp": 2.804479156858916e-05,
    "VmaxINp": 3.559661127279548e-05,
    "VmaxOCp": 2.161103546239585e-07,
    "VmaxONp": 5.442667287825609e-07,
    "gammaDp": 0.8142907506963607,
    "omegaP": 7.411668959400043e-05
}