{
    "KICp": 133.5425119907842,
    "KINp": 0.02,
    "KOCp": 0.0165180670023862,
    "KONp": 0.5944218421073273,
    "KlossROSp": 2.0380248125428706e-07,
    "KprodROSp": 3.9468145640062494e-08,
    "Mp": 3.0881434451922173e-06,
    "VmaxICp": 4.310705735608116e-05,
    "VmaxINp": 2.8268705835823774e-05,
    "VmaxOCp": 6.589914767974351e-06,
    "VmaxONp": 1.1162323107123891e-06,
    "gammaDp": 0.3161163941584393,
    "omegaP": 3.405555555555556e-05
}