{
    "KICp": 160.36018529331017,
    "KINp": 0.0138540006230354,
    "KOCp": 0.0535854126192448,
    "KONp": 0.0599116636453089,
    "KlossROSp": 1.956673654786862e-06,
    "KprodROSp": 4.696016771488469e-09,
    "Mp": 6.1068291801440245e-06,
    "VmaxICp": 4.025484748851439e-05,
    "VmaxINp": 4.630036093201936e-05,
    "VmaxOCp": 1.851851851851852e-06,
    "VmaxONp": 1.1111111111111112e-06,
    "gammaDp": 0.6618282295786061,
    "omegaP": 3.405555555555556e-05
}