{
    "KICp": 11.120565253937883,
    "KINp": 0.0060453119613415,
    "KOCp": 0.0064134488247102,
    "KONp": 0.0302500388032966,
    "KlossROSp": 1.956673654786862e-06,
    "KprodROSp": 1.2464082621262071e-09,
    "Mp": 8.797896317164645e-06,
    "VmaxICp": 3.5308136788707336e-05,
    "VmaxINp": 2.899722103812234e-05,
    "VmaxOCp": 1.851851851851852e-06,
    "VmaxONp": 6.842165699143356e-07,
    "gammaDp": 0.1601245172048346,
    "omegaP": 3.405555555555556e-05
}