{
    "KICp": 160.36018529331017,
    "KINp": 0.0138540006230354,
    "KOCp": 0.0678793986988928,
    "KONp": 0.0350296428292933,
    "KlossROSp": 1.956673654786862e-06,
    "KprodROSp": 2.503236962116106e-09,
    "Mp": 7.969780307190982e-06,
    "VmaxICp": 4.025484748851439e-05,
    "VmaxINp": 4.630036093201936e-05,
    "VmaxOCp": 1.851851851851852e-06,
    "VmaxONp": 1.1111111111111112e-06,
    "gammaDp": 0.127109352717135,
    "omegaP": 3.405555555555556e-05
}