{
    "KICp": 37.0,
    "KINp": 0.0437831308621346,
    "KOCp": 0.0093901017308283,
    "KONp": 0.9798565571527889,
    "KlossROSp": 4.658025735779992e-07,
    "KprodROSp": 3.646523600127924e-08,
    "Mp": 1.157407407407407e-06,
    "VmaxICp": 2.1942020385888345e-05,
    "VmaxINp": 2.3584998008671432e-05,
    "VmaxOCp": 1.851851851851852e-06,
    "VmaxONp": 2.565347427418465e-07,
    "gammaDp": 0.8,
    "omegaP": 3.405555555555556e-05
}