{
    "KICp": 366.11529850572,
    "KINp": 0.0193665440334763,
    "KOCp": 0.0221407694632627,
    "KONp": 0.1577954951207016,
    "KlossROSp": 1.3368705569484298e-06,
    "KprodROSp": 6.039661302222025e-09,
    "Mp": 6.932080019824307e-06,
    "VmaxICp": 3.109524830752598e-05,
    "VmaxINp": 5.236841699468165e-05,
    "VmaxOCp": 1.066541895976734e-05,
    "VmaxONp": 1.1111111111111112e-06,
    "gammaDp": 0.3947904707695336,
    "omegaP": 1.2265374986088605e-05
}