{
    "KICp": 366.11529850572,
    "KINp": 0.1556224756081763,
    "KOCp": 0.0221407694632627,
    "KONp": 0.1577954951207016,
    "KlossROSp": 8.215323786843764e-06,
    "KprodROSp": 6.039661302222025e-09,
    "Mp": 9.110952671569285e-06,
    "VmaxICp": 3.109524830752598e-05,
    "VmaxINp": 5.236841699468165e-05,
    "VmaxOCp": 1.851851851851852e-06,
    "VmaxONp": 1.1111111111111112e-06,
    "gammaDp": 0.1947048481393038,
    "omegaP": 1.2265374986088605e-05
}