{
    "KICp": 9.8698469318879,
    "KINp": 0.02,
    "KOCp": 0.0377990486781537,
    "KONp": 0.4599119225262361,
    "KlossROSp": 1.6243989420606233e-05,
    "KprodROSp": 6.528182813830563e-09,
    "Mp": 8.205284670017056e-06,
    "VmaxICp": 3.2724775203593355e-05,
    "VmaxINp": 4.96933530143882e-05,
    "VmaxOCp": 1.851851851851852e-06,
    "VmaxONp": 9.371643140359185e-06,
    "gammaDp": 0.554728009222106,
    "omegaP": 1.425947529688381e-05
}