{
    "KICp": 42.14120678261508,
    "KINp": 0.0480961674239233,
    "KOCp": 0.0301652598423009,
    "KONp": 0.262611772971282,
    "KlossROSp": 1.3591297277518864e-05,
    "KprodROSp": 3.079473588877931e-09,
    "Mp": 4.393345097772664e-06,
    "VmaxICp": 2.0848599786801484e-05,
    "VmaxINp": 2.258868310838968e-05,
    "VmaxOCp": 2.874417381924059e-07,
    "VmaxONp": 2.19963152315548e-07,
    "gammaDp": 0.1533620981557415,
    "omegaP": 3.405555555555556e-05
}