{
    "KICp": 37.0,
    "KINp": 0.0103746414863937,
    "KOCp": 0.0177529399155855,
    "KONp": 0.1,
    "KlossROSp": 2.3846189528688056e-06,
    "KprodROSp": 4.696016771488469e-09,
    "Mp": 4.095788195557875e-06,
    "VmaxICp": 3.5726288712658927e-05,
    "VmaxINp": 2.943747943854135e-05,
    "VmaxOCp": 5.086166029699921e-06,
    "VmaxONp": 1.1111111111111112e-06,
    "gammaDp": 0.2352934178604215,
    "omegaP": 4.487620379767763e-05
}