{
    "KICp": 152.47233134433964,
    "KINp": 0.0152439159481698,
    "KOCp": 0.0136238810956729,
    "KONp": 0.2127948431246094,
    "KlossROSp": 3.679702945460457e-06,
    "KprodROSp": 1.1746328081256824e-08,
    "Mp": 4.476790324546917e-06,
    "VmaxICp": 2.2249374442762874e-05,
    "VmaxINp": 5.374558483991335e-05,
    "VmaxOCp": 2.5992863856128414e-06,
    "VmaxONp": 1.6055293055632537e-07,
    "gammaDp": 0.5853078603464259,
    "omegaP": 3.405555555555556e-05
}