{
    "KICp": 37.0,
    "KINp": 0.02,
    "KOCp": 0.03,
    "KONp": 0.4369907252455769,
    "KlossROSp": 3.8815084183684253e-07,
    "KprodROSp": 4.696016771488469e-09,
    "Mp": 5.395472527512402e-06,
    "VmaxICp": 4.231137591528626e-05,
    "VmaxINp": 3.542807260912434e-05,
    "VmaxOCp": 1.851851851851852e-06,
    "VmaxONp": 5.960950930757158e-06,
    "gammaDp": 0.1149375502293727,
    "omegaP": 1.2766506678681768e-05
}