{
    "KICp": 181.162719444322,
    "KINp": 0.1956794546253384,
    "KOCp": 0.0326260531523674,
    "KONp": 0.6749999772904204,
    "KlossROSp": 1.956673654786862e-06,
    "KprodROSp": 4.879701535829257e-09,
    "Mp": 4.2824599956284255e-06,
    "VmaxICp": 2.019880788988629e-05,
    "VmaxINp": 2.5885018004707104e-05,
    "VmaxOCp": 9.030030808708764e-07,
    "VmaxONp": 5.533256257052267e-06,
    "gammaDp": 0.1505698299725517,
    "omegaP": 4.659792608616264e-06
}