{
    "KICp": 15.262418075107284,
    "KINp": 0.02,
    "KOCp": 0.0113793392971772,
    "KONp": 0.0248986142372977,
    "KlossROSp": 4.500008994041258e-07,
    "KprodROSp": 4.660095315063701e-08,
    "Mp": 4.538864086168881e-06,
    "VmaxICp": 2.360284647801743e-05,
    "VmaxINp": 5.5175773822546784e-05,
    "VmaxOCp": 1.851851851851852e-06,
    "VmaxONp": 2.4174447947007377e-06,
    "gammaDp": 0.3270238409860318,
    "omegaP": 2.5021413253533576e-05
}