{
    "KICp": 76.8519816209802,
    "KINp": 0.0029883756551942,
    "KOCp": 0.0034676796566804,
    "KONp": 0.0203989960131268,
    "KlossROSp": 3.039266933859512e-07,
    "KprodROSp": 1.3612968457019407e-09,
    "Mp": 4.275364009101053e-06,
    "VmaxICp": 3.3008869704530865e-05,
    "VmaxINp": 4.173902579860775e-05,
    "VmaxOCp": 4.15509315736851e-06,
    "VmaxONp": 5.252684436520547e-07,
    "gammaDp": 0.8351015596417778,
    "omegaP": 7.074895553456732e-05
}