{
    "KICp": 93.38303483371593,
    "KINp": 0.02,
    "KOCp": 0.03,
    "KONp": 0.0692133651911633,
    "KlossROSp": 3.417061753084197e-07,
    "KprodROSp": 4.166126177817512e-08,
    "Mp": 2.9425156518092827e-06,
    "VmaxICp": 1.8566208110831727e-05,
    "VmaxINp": 3.23384126566825e-05,
    "VmaxOCp": 2.374674443629022e-06,
    "VmaxONp": 4.220183049580668e-07,
    "gammaDp": 0.3828698222435888,
    "omegaP": 6.271150745281133e-06
}