{
    "KICp": 4.71594655715987,
    "KINp": 0.0081243499133228,
    "KOCp": 0.0093901017308283,
    "KONp": 0.4212278074574553,
    "KlossROSp": 4.658025735779992e-07,
    "KprodROSp": 3.646523600127924e-08,
    "Mp": 1.157407407407407e-06,
    "VmaxICp": 2.1942020385888345e-05,
    "VmaxINp": 2.3584998008671432e-05,
    "VmaxOCp": 2.315348800326377e-07,
    "VmaxONp": 8.829102181632239e-07,
    "gammaDp": 0.8,
    "omegaP": 3.405555555555556e-05
}