{
    "KICp": 57.333607374354784,
    "KINp": 0.0135296969191818,
    "KOCp": 0.0084017854380561,
    "KONp": 0.0756486722858692,
    "KlossROSp": 1.956673654786862e-06,
    "KprodROSp": 3.6172992289064856e-08,
    "Mp": 4.420134408573547e-06,
    "VmaxICp": 4.080202187569765e-05,
    "VmaxINp": 2.2625185364152665e-05,
    "VmaxOCp": 1.820981240938978e-06,
    "VmaxONp": 1.2486105811801328e-07,
    "gammaDp": 0.6675236825851705,
    "omegaP": 4.02433746504354e-06
}