{
    "KICp": 42.786534133433726,
    "KINp": 0.1813416363637731,
    "KOCp": 0.03,
    "KONp": 0.1,
    "KlossROSp": 4.078575878638256e-06,
    "KprodROSp": 4.696016771488469e-09,
    "Mp": 6.382232463246681e-06,
    "VmaxICp": 4.337211333092391e-05,
    "VmaxINp": 3.608326377663384e-05,
    "VmaxOCp": 1.6396168804603717e-06,
    "VmaxONp": 1.6007720251074949e-06,
    "gammaDp": 0.354025131998347,
    "omegaP": 5.918144131555532e-05
}