{
    "KICp": 93.38303483371593,
    "KINp": 0.0277196172879712,
    "KOCp": 0.03,
    "KONp": 0.0692133651911633,
    "KlossROSp": 1.956673654786862e-06,
    "KprodROSp": 3.2935490380777393e-09,
    "Mp": 2.9425156518092827e-06,
    "VmaxICp": 1.8566208110831727e-05,
    "VmaxINp": 2.833452481717189e-05,
    "VmaxOCp": 2.374674443629022e-06,
    "VmaxONp": 4.220183049580668e-07,
    "gammaDp": 0.3654389941439742,
    "omegaP": 6.271150745281133e-06
}