{
    "KICp": 288.55127426437645,
    "KINp": 0.02,
    "KOCp": 0.0055479370124937,
    "KONp": 0.1410391188438783,
    "KlossROSp": 3.397279529113941e-07,
    "KprodROSp": 9.754725699195347e-09,
    "Mp": 6.651996823472527e-06,
    "VmaxICp": 4.916040267518174e-05,
    "VmaxINp": 3.9923763701095294e-05,
    "VmaxOCp": 1.6909755255751182e-05,
    "VmaxONp": 5.208301154727404e-07,
    "gammaDp": 0.8,
    "omegaP": 4.64936889447382e-05
}