{
    "KICp": 4.384400780694414,
    "KINp": 0.0450144422847167,
    "KOCp": 0.0034676796566804,
    "KONp": 0.1,
    "KlossROSp": 1.3413573862956522e-06,
    "KprodROSp": 1.3612968457019407e-09,
    "Mp": 5.137302421597385e-06,
    "VmaxICp": 3.3008869704530865e-05,
    "VmaxINp": 4.173902579860775e-05,
    "VmaxOCp": 4.15509315736851e-06,
    "VmaxONp": 1.6171355489268397e-06,
    "gammaDp": 0.8351015596417778,
    "omegaP": 4.238334827457512e-05
}