{
    "KICp": 6.083125513805539,
    "KINp": 0.02,
    "KOCp": 0.03,
    "KONp": 0.1,
    "KlossROSp": 3.4499564795792246e-06,
    "KprodROSp": 4.696016771488469e-09,
    "Mp": 6.097764666492956e-06,
    "VmaxICp": 1.5090204303311534e-05,
    "VmaxINp": 3.49818360150411e-05,
    "VmaxOCp": 7.284882823612135e-06,
    "VmaxONp": 7.244690748091235e-07,
    "gammaDp": 0.8303314707028154,
    "omegaP": 6.005149991090144e-06
}