{
    "KICp": 37.0,
    "KINp": 0.0297909762593357,
    "KOCp": 0.03,
    "KONp": 0.4539529467095601,
    "KlossROSp": 1.6965772856992238e-05,
    "KprodROSp": 4.696016771488469e-09,
    "Mp": 5.909402180623187e-06,
    "VmaxICp": 4.2422008943456674e-05,
    "VmaxINp": 3.263233596068607e-05,
    "VmaxOCp": 1.952744404031607e-07,
    "VmaxONp": 5.846724915232494e-06,
    "gammaDp": 0.1818299499509659,
    "omegaP": 0.0001365387082862
}