{
    "KICp": 15.262418075107284,
    "KINp": 0.02,
    "KOCp": 0.2739265029673166,
    "KONp": 0.0248986142372977,
    "KlossROSp": 4.500008994041258e-07,
    "KprodROSp": 4.660095315063701e-08,
    "Mp": 4.538864086168881e-06,
    "VmaxICp": 2.94601009268868e-05,
    "VmaxINp": 5.5175773822546784e-05,
    "VmaxOCp": 7.36572882372505e-07,
    "VmaxONp": 5.120612750798985e-07,
    "gammaDp": 0.4106292263486798,
    "omegaP": 2.5021413253533576e-05
}