{
    "KICp": 17.799623638081748,
    "KINp": 0.0044304297778679,
    "KOCp": 0.1143951194491111,
    "KONp": 0.1,
    "KlossROSp": 2.849224906871352e-07,
    "KprodROSp": 4.848865235393276e-10,
    "Mp": 5.162392151704665e-06,
    "VmaxICp": 3.4693972284540675e-05,
    "VmaxINp": 2.052572971243055e-05,
    "VmaxOCp": 4.939448102951128e-07,
    "VmaxONp": 2.012804379160283e-07,
    "gammaDp": 0.8,
    "omegaP": 5.1085007505625695e-06
}