{
    "KICp": 93.38303483371593,
    "KINp": 0.02,
    "KOCp": 0.03,
    "KONp": 0.1379586652045906,
    "KlossROSp": 1.956673654786862e-06,
    "KprodROSp": 6.671848881867814e-10,
    "Mp": 2.9425156518092827e-06,
    "VmaxICp": 1.8566208110831727e-05,
    "VmaxINp": 3.23384126566825e-05,
    "VmaxOCp": 7.41612254163738e-06,
    "VmaxONp": 4.220183049580668e-07,
    "gammaDp": 0.3654389941439742,
    "omegaP": 8.045389241825773e-06
}