{
    "KICp": 80.30572074819814,
    "KINp": 0.02,
    "KOCp": 0.03,
    "KONp": 0.1,
    "KlossROSp": 3.4499564795792246e-06,
    "KprodROSp": 5.688761574270374e-10,
    "Mp": 3.852099956619936e-06,
    "VmaxICp": 1.5090204303311534e-05,
    "VmaxINp": 3.49818360150411e-05,
    "VmaxOCp": 1.851851851851852e-06,
    "VmaxONp": 7.244690748091235e-07,
    "gammaDp": 0.2154607970539466,
    "omegaP": 8.108277063700756e-06
}