{
    "KICp": 21.85928745002004,
    "KINp": 0.02,
    "KOCp": 0.0063889657277761,
    "KONp": 0.1,
    "KlossROSp": 4.284589422515596e-06,
    "KprodROSp": 1.5296679394052044e-08,
    "Mp": 6.549222189460514e-06,
    "VmaxICp": 2.6529213804683257e-05,
    "VmaxINp": 1.8041009297847203e-05,
    "VmaxOCp": 5.03762311928638e-07,
    "VmaxONp": 4.325042417781738e-06,
    "gammaDp": 0.4986634608489108,
    "omegaP": 5.218030844612808e-06
}