{
    "KICp": 22.083184444176656,
    "KINp": 0.02,
    "KOCp": 0.0055479370124937,
    "KONp": 0.1410391188438783,
    "KlossROSp": 1.956673654786862e-06,
    "KprodROSp": 2.3322631213057213e-08,
    "Mp": 6.651996823472527e-06,
    "VmaxICp": 2.644491987680097e-05,
    "VmaxINp": 3.9923763701095294e-05,
    "VmaxOCp": 1.9294377393000105e-06,
    "VmaxONp": 6.947675917874628e-07,
    "gammaDp": 0.8,
    "omegaP": 4.64936889447382e-05
}