{
    "KICp": 6.083125513805539,
    "KINp": 0.02,
    "KOCp": 0.0041680807828399,
    "KONp": 0.1,
    "KlossROSp": 6.089418536250001e-07,
    "KprodROSp": 4.523645919197183e-09,
    "Mp": 3.852099956619936e-06,
    "VmaxICp": 1.5090204303311534e-05,
    "VmaxINp": 3.49818360150411e-05,
    "VmaxOCp": 1.851851851851852e-06,
    "VmaxONp": 7.244690748091235e-07,
    "gammaDp": 0.2154607970539466,
    "omegaP": 6.005149991090144e-06
}