{
    "KICp": 120.6101931726453,
    "KINp": 0.1915447626777659,
    "KOCp": 0.0437587263888875,
    "KONp": 0.505022559010366,
    "KlossROSp": 1.956673654786862e-06,
    "KprodROSp": 3.6172992289064856e-08,
    "Mp": 2.826367415303542e-06,
    "VmaxICp": 4.080202187569765e-05,
    "VmaxINp": 1.6250447402147602e-05,
    "VmaxOCp": 1.820981240938978e-06,
    "VmaxONp": 1.2486105811801328e-07,
    "gammaDp": 0.6675236825851705,
    "omegaP": 4.02433746504354e-06
}