{
    "KICp": 4.079121616363022,
    "KINp": 0.0138540006230354,
    "KOCp": 0.0678793986988928,
    "KONp": 0.0599116636453089,
    "KlossROSp": 1.956673654786862e-06,
    "KprodROSp": 4.696016771488469e-09,
    "Mp": 7.969780307190982e-06,
    "VmaxICp": 4.025484748851439e-05,
    "VmaxINp": 4.630036093201936e-05,
    "VmaxOCp": 2.237201252108381e-07,
    "VmaxONp": 1.7983445296473682e-07,
    "gammaDp": 0.269246117974849,
    "omegaP": 1.3211576348736092e-05
}