{
    "KICp": 22.083184444176656,
    "KINp": 0.02,
    "KOCp": 0.0726228948645201,
    "KONp": 0.1410391188438783,
    "KlossROSp": 5.51344014379729e-06,
    "KprodROSp": 9.754725699195347e-09,
    "Mp": 6.651996823472527e-06,
    "VmaxICp": 4.916040267518174e-05,
    "VmaxINp": 3.9923763701095294e-05,
    "VmaxOCp": 5.925147017825866e-06,
    "VmaxONp": 7.072279547234308e-06,
    "gammaDp": 0.8,
    "omegaP": 4.64936889447382e-05
}