{
    "KICp": 145.16872384569885,
    "KINp": 0.02,
    "KOCp": 0.03,
    "KONp": 0.9240821070228352,
    "KlossROSp": 1.956673654786862e-06,
    "KprodROSp": 4.696016771488469e-09,
    "Mp": 5.395472527512402e-06,
    "VmaxICp": 4.231137591528626e-05,
    "VmaxINp": 3.242974926405634e-05,
    "VmaxOCp": 1.851851851851852e-06,
    "VmaxONp": 3.3509048163140304e-07,
    "gammaDp": 0.1009923393472192,
    "omegaP": 3.405555555555556e-05
}