{
    "KICp": 37.0,
    "KINp": 0.1676095674543126,
    "KOCp": 0.1417847325978928,
    "KONp": 0.8430394719418989,
    "KlossROSp": 6.615102867906759e-07,
    "KprodROSp": 6.546550382803196e-10,
    "Mp": 4.101454258680241e-06,
    "VmaxICp": 2.810143026268212e-05,
    "VmaxINp": 3.500418633712487e-05,
    "VmaxOCp": 7.031497715237565e-07,
    "VmaxONp": 2.194344198344135e-06,
    "gammaDp": 0.214393194423977,
    "omegaP": 3.405555555555556e-05
}