{
    "KICp": 9.8698469318879,
    "KINp": 0.02,
    "KOCp": 0.03,
    "KONp": 0.4599119225262361,
    "KlossROSp": 1.6243989420606233e-05,
    "KprodROSp": 2.5079117531219062e-09,
    "Mp": 8.205284670017056e-06,
    "VmaxICp": 1.140321032981397e-05,
    "VmaxINp": 4.96933530143882e-05,
    "VmaxOCp": 1.6124928573570283e-05,
    "VmaxONp": 1.1111111111111112e-06,
    "gammaDp": 0.7929488337005313,
    "omegaP": 1.425947529688381e-05
}