{
    "KICp": 37.0,
    "KINp": 0.02,
    "KOCp": 0.03,
    "KONp": 0.0155723308247986,
    "KlossROSp": 1.956673654786862e-06,
    "KprodROSp": 1.5031407157230851e-09,
    "Mp": 5.909402180623187e-06,
    "VmaxICp": 4.2422008943456674e-05,
    "VmaxINp": 3.263233596068607e-05,
    "VmaxOCp": 1.952744404031607e-07,
    "VmaxONp": 1.988550556473336e-07,
    "gammaDp": 0.1426057460694524,
    "omegaP": 3.405555555555556e-05
}