{
    "KICp": 42.14120678261508,
    "KINp": 0.0169588969686445,
    "KOCp": 0.0784689079114682,
    "KONp": 0.0166894141930645,
    "KlossROSp": 1.3591297277518864e-05,
    "KprodROSp": 2.0908654239545004e-09,
    "Mp": 4.393345097772664e-06,
    "VmaxICp": 2.0848599786801484e-05,
    "VmaxINp": 2.258868310838968e-05,
    "VmaxOCp": 1.8804152966381456e-06,
    "VmaxONp": 2.19963152315548e-07,
    "gammaDp": 0.1533620981557415,
    "omegaP": 3.405555555555556e-05
}