{
    "KICp": 9.073403845496449,
    "KINp": 0.0138540006230354,
    "KOCp": 0.0678793986988928,
    "KONp": 0.0599116636453089,
    "KlossROSp": 1.351455813495667e-05,
    "KprodROSp": 4.696016771488469e-09,
    "Mp": 7.832983444318313e-06,
    "VmaxICp": 4.025484748851439e-05,
    "VmaxINp": 4.630036093201936e-05,
    "VmaxOCp": 4.4453526581508615e-06,
    "VmaxONp": 1.1111111111111112e-06,
    "gammaDp": 0.269246117974849,
    "omegaP": 3.405555555555556e-05
}