{
    "KICp": 37.0,
    "KINp": 0.07589248306799,
    "KOCp": 0.1143951194491111,
    "KONp": 0.1,
    "KlossROSp": 2.6152345208783035e-06,
    "KprodROSp": 4.696016771488469e-09,
    "Mp": 5.162392151704665e-06,
    "VmaxICp": 3.4693972284540675e-05,
    "VmaxINp": 2.052572971243055e-05,
    "VmaxOCp": 1.082312725350218e-05,
    "VmaxONp": 2.012804379160283e-07,
    "gammaDp": 0.8,
    "omegaP": 5.1085007505625695e-06
}