{
    "KICp": 9.8698469318879,
    "KINp": 0.02,
    "KOCp": 0.03,
    "KONp": 0.4599119225262361,
    "KlossROSp": 9.745898823914695e-07,
    "KprodROSp": 1.5388345458223506e-08,
    "Mp": 8.205284670017056e-06,
    "VmaxICp": 3.2724775203593355e-05,
    "VmaxINp": 4.96933530143882e-05,
    "VmaxOCp": 1.851851851851852e-06,
    "VmaxONp": 1.1111111111111112e-06,
    "gammaDp": 0.2106738065113924,
    "omegaP": 1.425947529688381e-05
}