{
    "KICp": 37.0,
    "KINp": 0.0059608005864053,
    "KOCp": 0.0515139932312375,
    "KONp": 0.0539688578452552,
    "KlossROSp": 4.980153749922127e-07,
    "KprodROSp": 4.696016771488469e-09,
    "Mp": 5.162392151704665e-06,
    "VmaxICp": 3.4693972284540675e-05,
    "VmaxINp": 2.052572971243055e-05,
    "VmaxOCp": 3.629077529978315e-06,
    "VmaxONp": 2.012804379160283e-07,
    "gammaDp": 0.8,
    "omegaP": 5.1085007505625695e-06
}