{
    "KICp": 56.27212046507574,
    "KINp": 0.0138687995472471,
    "KOCp": 0.0131136205796868,
    "KONp": 0.0374401927031702,
    "KlossROSp": 1.956673654786862e-06,
    "KprodROSp": 9.926041678813655e-10,
    "Mp": 4.412958592178537e-06,
    "VmaxICp": 2.813689261382502e-05,
    "VmaxINp": 5.082158310073978e-05,
    "VmaxOCp": 3.799671786047046e-06,
    "VmaxONp": 1.1111111111111112e-06,
    "gammaDp": 0.2305921322879505,
    "omegaP": 3.405555555555556e-05
}