{
    "KICp": 79.43135952488407,
    "KINp": 0.02,
    "KOCp": 0.0055479370124937,
    "KONp": 0.3871365008829233,
    "KlossROSp": 7.606914275598618e-07,
    "KprodROSp": 9.754725699195347e-09,
    "Mp": 6.651996823472527e-06,
    "VmaxICp": 4.916040267518174e-05,
    "VmaxINp": 3.9923763701095294e-05,
    "VmaxOCp": 1.9294377393000105e-06,
    "VmaxONp": 9.13000857651949e-06,
    "gammaDp": 0.8,
    "omegaP": 4.64936889447382e-05
}