{
    "KICp": 37.0,
    "KINp": 0.0022426895252009,
    "KOCp": 0.03,
    "KONp": 0.1454109278110713,
    "KlossROSp": 2.040089165122911e-06,
    "KprodROSp": 4.696016771488469e-09,
    "Mp": 5.631210281327603e-06,
    "VmaxICp": 4.43278414239966e-05,
    "VmaxINp": 3.836522523185405e-05,
    "VmaxOCp": 1.5194175292766282e-06,
    "VmaxONp": 3.3604516177325306e-07,
    "gammaDp": 0.8,
    "omegaP": 3.405555555555556e-05
}