{
    "KICp": 37.0,
    "KINp": 0.0087844673924943,
    "KOCp": 0.1306780586519091,
    "KONp": 0.4296791142894862,
    "KlossROSp": 2.7704626802548264e-07,
    "KprodROSp": 3.680505146880621e-08,
    "Mp": 2.4839129904550294e-07,
    "VmaxICp": 1.869513063989936e-05,
    "VmaxINp": 1.82980619194058e-05,
    "VmaxOCp": 1.0812142781442165e-06,
    "VmaxONp": 1.2058645723159457e-07,
    "gammaDp": 0.5478130886563863,
    "omegaP": 3.405555555555556e-05
}