{
    "KICp": 366.11529850572,
    "KINp": 0.1556224756081763,
    "KOCp": 0.096262309070537,
    "KONp": 0.1577954951207016,
    "KlossROSp": 8.831719576844608e-07,
    "KprodROSp": 6.039661302222025e-09,
    "Mp": 6.324366711465859e-06,
    "VmaxICp": 3.109524830752598e-05,
    "VmaxINp": 5.236841699468165e-05,
    "VmaxOCp": 1.851851851851852e-06,
    "VmaxONp": 2.774137279314941e-07,
    "gammaDp": 0.4605209869734192,
    "omegaP": 1.2265374986088605e-05
}