{
    "KICp": 42.14120678261508,
    "KINp": 0.1243536932235431,
    "KOCp": 0.0784689079114682,
    "KONp": 0.2111684378159286,
    "KlossROSp": 1.3591297277518864e-05,
    "KprodROSp": 4.724863516361598e-09,
    "Mp": 3.2357707354659954e-06,
    "VmaxICp": 2.0848599786801484e-05,
    "VmaxINp": 2.258868310838968e-05,
    "VmaxOCp": 6.464567249606964e-06,
    "VmaxONp": 2.19963152315548e-07,
    "gammaDp": 0.1533620981557415,
    "omegaP": 3.405555555555556e-05
}