{
    "KICp": 65.78146535336077,
    "KINp": 0.0919369376483014,
    "KOCp": 0.2806508960315812,
    "KONp": 0.0312421159368248,
    "KlossROSp": 1.0205926600143166e-05,
    "KprodROSp": 6.803328388258308e-09,
    "Mp": 8.359160644404506e-06,
    "VmaxICp": 4.505022732526489e-05,
    "VmaxINp": 3.148538116929301e-05,
    "VmaxOCp": 1.851851851851852e-06,
    "VmaxONp": 6.801500635493331e-07,
    "gammaDp": 0.5206741879221836,
    "omegaP": 4.1344236947078585e-05
}