{
    "KICp": 37.0,
    "KINp": 0.02,
    "KOCp": 0.0061443029582984,
    "KONp": 0.4369907252455769,
    "KlossROSp": 1.956673654786862e-06,
    "KprodROSp": 4.696016771488469e-09,
    "Mp": 5.395472527512402e-06,
    "VmaxICp": 4.231137591528626e-05,
    "VmaxINp": 3.242974926405634e-05,
    "VmaxOCp": 3.865641132741977e-06,
    "VmaxONp": 2.3163959712819205e-07,
    "gammaDp": 0.1149375502293727,
    "omegaP": 3.405555555555556e-05
}