{
    "KICp": 24.874799257058346,
    "KINp": 0.0152439159481698,
    "KOCp": 0.0136238810956729,
    "KONp": 0.2127948431246094,
    "KlossROSp": 7.58223585026033e-06,
    "KprodROSp": 1.1253233977115422e-09,
    "Mp": 4.476790324546917e-06,
    "VmaxICp": 1.763484977020167e-05,
    "VmaxINp": 5.374558483991335e-05,
    "VmaxOCp": 2.3657768088492543e-06,
    "VmaxONp": 2.0606014920983428e-06,
    "gammaDp": 0.5853078603464259,
    "omegaP": 4.963280764688984e-06
}