{
    "KICp": 152.47233134433964,
    "KINp": 0.0152439159481698,
    "KOCp": 0.0136238810956729,
    "KONp": 0.2127948431246094,
    "KlossROSp": 2.108708865577339e-07,
    "KprodROSp": 2.2015020214077723e-08,
    "Mp": 4.476790324546917e-06,
    "VmaxICp": 1.763484977020167e-05,
    "VmaxINp": 5.374558483991335e-05,
    "VmaxOCp": 6.774813261743686e-07,
    "VmaxONp": 2.0606014920983428e-06,
    "gammaDp": 0.5853078603464259,
    "omegaP": 3.405555555555556e-05
}