{
    "KICp": 37.0,
    "KINp": 0.059213005999419,
    "KOCp": 0.0064134488247102,
    "KONp": 0.0302500388032966,
    "KlossROSp": 3.810038381786913e-07,
    "KprodROSp": 1.2464082621262071e-09,
    "Mp": 3.5088769139301874e-06,
    "VmaxICp": 3.5308136788707336e-05,
    "VmaxINp": 2.899722103812234e-05,
    "VmaxOCp": 1.851851851851852e-06,
    "VmaxONp": 2.3256738993075533e-06,
    "gammaDp": 0.1872419963269325,
    "omegaP": 3.405555555555556e-05
}