{
    "KICp": 37.0,
    "KINp": 0.013099327841587,
    "KOCp": 0.0775262055059676,
    "KONp": 0.1315287842970818,
    "KlossROSp": 2.6687052459806413e-07,
    "KprodROSp": 3.680505146880621e-08,
    "Mp": 4.83024723234411e-07,
    "VmaxICp": 1.869513063989936e-05,
    "VmaxINp": 1.82980619194058e-05,
    "VmaxOCp": 1.0812142781442165e-06,
    "VmaxONp": 1.654198548098813e-07,
    "gammaDp": 0.5478130886563863,
    "omegaP": 3.405555555555556e-05
}