{
    "KICp": 160.36018529331017,
    "KINp": 0.0138540006230354,
    "KOCp": 0.0142744685304151,
    "KONp": 0.0599116636453089,
    "KlossROSp": 1.956673654786862e-06,
    "KprodROSp": 1.8611087984757955e-09,
    "Mp": 7.969780307190982e-06,
    "VmaxICp": 4.025484748851439e-05,
    "VmaxINp": 4.630036093201936e-05,
    "VmaxOCp": 1.851851851851852e-06,
    "VmaxONp": 1.1601074745180603e-06,
    "gammaDp": 0.269246117974849,
    "omegaP": 3.405555555555556e-05
}