{
    "E_leakp": 2.2115928013674083e-06,
    "KICp": 0.1079493003139761,
    "KINp": 0.064301573663181,
    "Mp": 3.04732048331081e-06,
    "VmaxICp": 0.0003388513348274,
    "VmaxINp": 0.0001737662726572,
    "gammaDp": 0.1081243760883808,
    "gamma_DON2DINp": 4.0881036835660735e-09
}