{
    "E_leakp": 1.0218980457189983e-06,
    "KICp": 0.207323419457146,
    "KINp": 0.2623332466854623,
    "Mp": 3.484301223650676e-06,
    "VmaxICp": 0.0005690061391488,
    "VmaxINp": 5.654330025023558e-05,
    "gammaDp": 0.6439183846116066,
    "gamma_DON2DINp": 2.504429179802925e-09
}