{
    "E_leakp": 2.689443646871979e-07,
    "KICp": 0.0285833630398654,
    "KINp": 0.0599483543860382,
    "Mp": 4.93290346928368e-06,
    "VmaxICp": 0.0002053493124155,
    "VmaxINp": 0.0001018433466628,
    "gammaDp": 0.8667101785540581
}