{
    "E_ROSp": 4.307987061757037e-07,
    "E_leakp": 3.3429932135173748e-06,
    "KICp": 0.0305646858550829,
    "KINp": 0.0319303065624182,
    "Mp": 2.923360858144372e-07,
    "VmaxICp": 0.0002889410013665,
    "VmaxINp": 5.023878259479677e-05,
    "gammaDp": 0.5483096182346344,
    "omegaP": 0.0030762451736337
}