{
    "E_ROSp": 8.669097686230439e-08,
    "E_leakp": 2.752516333519768e-06,
    "KICp": 0.0909844060759395,
    "KINp": 0.0362694459091699,
    "Mp": 2.1721252905585983e-06,
    "VmaxICp": 0.0002770540333197,
    "VmaxINp": 4.036618103906774e-05,
    "gammaDp": 0.1459805227816105,
    "omegaP": 0.0016108869406573
}