{
    "E_leakp": 5.623613225727135e-06,
    "KICp": 0.1292854904038865,
    "KINp": 0.2267458707086073,
    "KOCp": 0.2938656470208844,
    "KONp": 0.0939011672959995,
    "Mp": 3.1475116684219626e-07,
    "VmaxICp": 0.0003263345976719,
    "VmaxINp": 2.3938816562379776e-05,
    "VmaxOCp": 0.0001718149589493,
    "VmaxONp": 2.8466549958583816e-06,
    "gammaDp": 0.1070615783333778
}