{
    "E_leakp": 3.672328332552221e-06,
    "KICp": 0.3198904887443593,
    "KINp": 0.0310141929669233,
    "Mp": 3.3916552527654903e-06,
    "VmaxICp": 0.0002689013712211,
    "VmaxINp": 0.000159908653785,
    "gammaDp": 0.4647154368460179,
    "gamma_DON2DINp": 3.385573053653438e-09
}