{
    "E_leakp": 1.542939681479635e-06,
    "KICp": 0.2160614169752365,
    "KINp": 0.3442206594090019,
    "Mp": 3.3767822227588165e-07,
    "VmaxICp": 0.0002864580074934,
    "VmaxINp": 7.529538664880502e-05,
    "gammaDp": 0.770612171292305
}