{
    "E_leakp": 3.218883983858404e-07,
    "KICp": 0.1196435516259278,
    "KINp": 0.6752747643503044,
    "Mp": 4.823896795052635e-06,
    "VmaxICp": 0.0002258922493192,
    "VmaxINp": 0.0001383021590046,
    "gammaDp": 0.5591887950897217
}