{
    "E_leakp": 6.583545636413943e-07,
    "KICp": 0.1328655017687361,
    "KINp": 0.5061007351364126,
    "Mp": 2.6231556958094946e-06,
    "VmaxICp": 0.0004156314112993,
    "VmaxINp": 3.271158739535672e-05,
    "gammaDp": 0.3837025962769985
}