{
    "E_leakp": 4.36310184676115e-06,
    "KICp": 0.4679238610181119,
    "KINp": 0.1418292827250455,
    "KOCp": 0.0317366752740147,
    "KONp": 0.2467780535661723,
    "Mp": 4.096835856436206e-06,
    "VmaxICp": 0.0005765455638445,
    "VmaxINp": 4.611109687327518e-05,
    "VmaxOCp": 3.671028440683401e-05,
    "VmaxONp": 5.689094138365883e-06,
    "gammaDp": 0.8290204405784607
}