{
    "E_leakp": 4.63611905068582e-06,
    "KICp": 0.138073037176524,
    "KINp": 0.3483016581934989,
    "KOCp": 0.2438379555375002,
    "KONp": 0.0770969007920176,
    "Mp": 2.760823839763571e-06,
    "VmaxICp": 0.0013094432899841,
    "VmaxINp": 3.1188503677522386e-05,
    "VmaxOCp": 0.0002001829967199,
    "VmaxONp": 7.49061037286846e-06,
    "gammaDp": 0.8500027604401111
}