{
    "E_leakp": 2.063811265808848e-06,
    "KICp": 0.0535188635574037,
    "KINp": 0.0788261953052072,
    "Mp": 4.076161767538519e-06,
    "VmaxICp": 0.0002591960359395,
    "VmaxINp": 5.9452599665674734e-05,
    "gammaDp": 0.7531081512570381
}