{
    "E_leakp": 2.4259744507721654e-07,
    "KICp": 0.3748390698774193,
    "KINp": 0.1339417727064608,
    "Mp": 4.4905339693736935e-06,
    "VmaxICp": 0.0003373537948587,
    "VmaxINp": 4.195080071937301e-05,
    "gammaDp": 0.7959476009011269
}