{
    "E_leakp": 4.936981465308765e-07,
    "KICp": 0.0664478518758192,
    "KINp": 0.394758040431522,
    "Mp": 2.741117266923776e-06,
    "VmaxICp": 0.0002781021507721,
    "VmaxINp": 0.000105175689758,
    "gammaDp": 0.8905915595591068
}