{
    "E_leakp": 9.946964200092417e-07,
    "KICp": 0.060824309505875,
    "KINp": 0.0392722822190391,
    "KOCp": 0.0832271021171855,
    "KONp": 0.1834676849246784,
    "Mp": 4.903897644517831e-06,
    "VmaxICp": 0.0002415757508871,
    "VmaxINp": 0.0001199460248878,
    "VmaxOCp": 3.7249572509308185e-05,
    "VmaxONp": 7.95995017582358e-06,
    "gammaDp": 0.6718423306941986
}