{
    "E_leakp": 9.889756894383823e-07,
    "KICp": 0.0515958337622778,
    "KINp": 0.1881156498813698,
    "Mp": 3.831730406930879e-06,
    "VmaxICp": 0.0005742879776865,
    "VmaxINp": 3.1924704367894273e-05,
    "gammaDp": 0.5287600859999657
}