{
    "E_leakp": 3.051454753589919e-07,
    "KICp": 0.1811351136583367,
    "KINp": 0.1705847655071828,
    "Mp": 5.342366027404763e-06,
    "VmaxICp": 0.0007923052019279,
    "VmaxINp": 2.500231851287469e-05,
    "gammaDp": 0.7624715849757194
}