{
    "E_leakp": 9.07594670044475e-07,
    "KICp": 0.2603762408922661,
    "KINp": 0.5775498592846717,
    "Mp": 5.574282723003799e-06,
    "VmaxICp": 0.0005531037321098,
    "VmaxINp": 3.140379675822126e-05,
    "gammaDp": 0.7679665848612786,
    "gamma_DON2DINp": 6.671717816108847e-09
}