{
    "E_leakp": 4.459550467001815e-06,
    "KICp": 0.0319589820456037,
    "KINp": 0.0416896773757073,
    "KOCp": 0.1778290311218094,
    "KONp": 0.0727070748078756,
    "Mp": 7.77325067833074e-07,
    "VmaxICp": 0.0001175964481634,
    "VmaxINp": 0.0001178768508114,
    "VmaxOCp": 6.612086320889749e-05,
    "VmaxONp": 4.499418649811408e-06,
    "gammaDp": 0.7422890402376652
}