{
    "E_leakp": 1.0198557763073445e-06,
    "KICp": 0.1966371065529218,
    "KINp": 0.3839485158624879,
    "Mp": 1.5815996765739897e-06,
    "VmaxICp": 0.0003041686086307,
    "VmaxINp": 4.820277702167571e-05,
    "gammaDp": 0.6466169491410255
}