{
    "E_leakp": 4.26767775510501e-06,
    "KICp": 0.5417596242084499,
    "KINp": 0.5725421120726207,
    "Mp": 1.107243756098953e-06,
    "VmaxICp": 0.0003213744571599,
    "VmaxINp": 8.441784573215766e-05,
    "gammaDp": 0.4638829246163368
}