{
    "E_leakp": 8.815685513731376e-07,
    "KICp": 0.2593026945814196,
    "KINp": 0.6493633916975364,
    "KOCp": 0.0325444984211673,
    "KONp": 0.1910917688013148,
    "Mp": 5.410113815156749e-06,
    "VmaxICp": 0.0003175316452685,
    "VmaxINp": 3.946010025031932e-05,
    "VmaxOCp": 1.419634422821543e-05,
    "VmaxONp": 3.60504518273546e-05,
    "gammaDp": 0.1939813390374183
}