{
    "E_leakp": 2.6417639730142534e-07,
    "KICp": 0.6980489546608337,
    "KINp": 0.5629927803162061,
    "Mp": 2.71712557883797e-06,
    "VmaxICp": 0.0004056840690357,
    "VmaxINp": 3.688331113235678e-05,
    "gammaDp": 0.7284070059657097
}