{
    "E_leakp": 4.498636408145244e-07,
    "KICp": 0.4364290089225353,
    "KINp": 0.1432082864195692,
    "Mp": 2.400522858126431e-06,
    "VmaxICp": 0.0003497997733259,
    "VmaxINp": 0.0001154787074732,
    "gammaDp": 0.1944286607205868
}