{
    "E_leakp": 4.778262431972762e-06,
    "KICp": 0.050661963351093,
    "KINp": 0.0779084858484182,
    "KOCp": 0.0770637176614332,
    "KONp": 0.0833108269759663,
    "Mp": 1.5535623179446002e-06,
    "VmaxICp": 0.000709326911935,
    "VmaxINp": 3.529080307737934e-05,
    "VmaxOCp": 1.5638390058337292e-05,
    "VmaxONp": 8.465069361375851e-06,
    "gammaDp": 0.8377931013703347
}