{
    "E_leakp": 1.8480337081906985e-06,
    "KICp": 0.0309955196922581,
    "KINp": 0.4260845736031995,
    "Mp": 3.1073094377964224e-06,
    "VmaxICp": 0.0002953061553308,
    "VmaxINp": 0.0001053895252308,
    "gammaDp": 0.3475825823843479,
    "gamma_DON2DINp": 1.5172849204749398e-08
}