{
    "E_leakp": 1.0005657375265948e-06,
    "KICp": 0.5196294639582886,
    "KINp": 0.1281429350043093,
    "Mp": 2.764824159797377e-06,
    "VmaxICp": 0.0003967825678655,
    "VmaxINp": 5.812888863817898e-05,
    "gammaDp": 0.3910462625324726,
    "gamma_DON2DINp": 4.951626853389569e-09
}