{
    "E_leakp": 5.518585504942965e-07,
    "KICp": 0.0838026482337049,
    "KINp": 0.0833130005800813,
    "Mp": 1.6068287920702549e-06,
    "VmaxICp": 0.0012739434230821,
    "VmaxINp": 8.89725054321707e-05,
    "gammaDp": 0.19296590462327
}