{
    "E_ROSp": 3.1326495508141e-07,
    "E_leakp": 1.7000401107728363e-06,
    "KICp": 0.5022175669685411,
    "KINp": 0.0292627206535163,
    "Mp": 3.8130175027480698e-06,
    "VmaxICp": 0.0004049293416665,
    "VmaxINp": 3.7398539788140994e-05,
    "gammaDp": 0.7806638471782208,
    "omegaP": 0.058115561165604
}