{
    "E_leakp": 1.254793079541945e-06,
    "KICp": 0.6258286419097204,
    "KINp": 0.4731396745443406,
    "Mp": 2.0467945497401294e-06,
    "VmaxICp": 0.000270473847739,
    "VmaxINp": 5.76982790657839e-05,
    "gammaDp": 0.2938375853002071
}