{
    "E_leakp": 2.549821412384479e-07,
    "KICp": 0.0674149677085527,
    "KINp": 0.1066929400500054,
    "KOCp": 0.0516530150580433,
    "KONp": 0.181170429516766,
    "Mp": 3.959395579675344e-06,
    "VmaxICp": 0.0004217947106667,
    "VmaxINp": 2.7458481279504965e-05,
    "VmaxOCp": 0.0001143888523241,
    "VmaxONp": 1.59676157336885e-06,
    "gammaDp": 0.2863360166549683
}