{
    "E_leakp": 1.4694206763760215e-06,
    "KICp": 0.4893022138608806,
    "KINp": 0.383815640328348,
    "Mp": 4.137019874193676e-06,
    "VmaxICp": 0.0008480413750521,
    "VmaxINp": 2.9832457379375945e-05,
    "gammaDp": 0.8822938084602356,
    "gamma_DON2DINp": 4.4733611188985085e-09
}