{
    "E_leakp": 3.7285126865841178e-06,
    "KICp": 0.136002203251582,
    "KINp": 0.0875160146207377,
    "KOCp": 0.0477766203740433,
    "KONp": 0.028715715849348,
    "Mp": 3.7307229080647207e-06,
    "VmaxICp": 0.0005142843795754,
    "VmaxINp": 4.129378816070384e-05,
    "VmaxOCp": 1.6441862698659296e-05,
    "VmaxONp": 2.249701201592123e-06,
    "gammaDp": 0.3229703605175018
}