{
    "E_leakp": 3.2603285109772963e-06,
    "KICp": 0.2124304618518925,
    "KINp": 0.0296120817733441,
    "KOCp": 0.0949875703406506,
    "KONp": 0.0350589624798538,
    "Mp": 2.0447710824808524e-06,
    "VmaxICp": 0.0012242982376997,
    "VmaxINp": 2.4694155199100283e-05,
    "VmaxOCp": 1.5120691551062869e-05,
    "VmaxONp": 1.5765251165540465e-06,
    "gammaDp": 0.2015163160860538
}