{
    "E_leakp": 1.6550706077665253e-06,
    "KICp": 0.3517835652892107,
    "KINp": 0.3212330494202137,
    "Mp": 3.84549862264221e-06,
    "VmaxICp": 0.0009928543817886,
    "VmaxINp": 5.0120733576359726e-05,
    "gammaDp": 0.2981526277959346,
    "gamma_DON2DINp": 4.0953840546786025e-08
}