{
    "E_ROSp": 2.726908669158546e-07,
    "E_leakp": 8.050704371056432e-07,
    "KICp": 0.4105733799270927,
    "KINp": 0.3005179602134017,
    "Mp": 3.924401460473565e-06,
    "VmaxICp": 0.0003439385955923,
    "VmaxINp": 3.499768894148469e-05,
    "gammaDp": 0.5819749861955643,
    "omegaP": 0.0047930068224258
}