{
    "E_leakp": 2.8817250595510693e-06,
    "KICp": 0.0699115679098234,
    "KINp": 0.2831359834353523,
    "KOCp": 0.5898099679818073,
    "KONp": 0.0855412731673197,
    "Mp": 1.1307634900914712e-06,
    "VmaxICp": 0.0004026690722045,
    "VmaxINp": 5.535551750205488e-05,
    "VmaxOCp": 1.2615143949807502e-05,
    "VmaxONp": 2.3214092420074465e-06,
    "gammaDp": 0.591045417636633
}