{
    "E_ROSp": 6.912625162130328e-07,
    "E_leakp": 2.372343261965389e-06,
    "KICp": 0.0383474590371673,
    "KINp": 0.0499976709819512,
    "Mp": 3.6245077276300824e-06,
    "VmaxICp": 0.0003252472003373,
    "VmaxINp": 4.3849236295759394e-05,
    "gammaDp": 0.8098017111420631,
    "omegaP": 0.00104640846065
}