{
    "E_leakp": 1.597963116326782e-06,
    "KICp": 0.1634528501551738,
    "KINp": 0.0627416226679618,
    "Mp": 3.6068454638546895e-06,
    "VmaxICp": 0.0003399268310577,
    "VmaxINp": 3.394399307887289e-05,
    "gammaDp": 0.543789180368185,
    "gamma_DON2DINp": 5.779694224386157e-09
}