{
    "E_leakp": 8.721773370427557e-07,
    "KICp": 0.4937947757885332,
    "KINp": 0.0354503357053653,
    "Mp": 5.240946741511477e-06,
    "VmaxICp": 0.0006213513624863,
    "VmaxINp": 4.876012319666694e-05,
    "gammaDp": 0.4150916561484337,
    "gamma_DON2DINp": 5.26056938471784e-08
}