{
    "E_leakp": 8.554568231424479e-07,
    "KICp": 0.3396636576145939,
    "KINp": 0.0422237666832214,
    "Mp": 2.6598497061962453e-06,
    "VmaxICp": 0.0011085228733459,
    "VmaxINp": 2.9205642249048237e-05,
    "gammaDp": 0.6059740759432316,
    "gamma_DON2DINp": 3.854736991250537e-09
}