{
    "E_leakp": 3.933142974428404e-06,
    "KICp": 0.0913287056126771,
    "KINp": 0.2787024314617111,
    "Mp": 4.897381241489392e-07,
    "VmaxICp": 0.0005418274475386,
    "VmaxINp": 2.4693579412701048e-05,
    "gammaDp": 0.3615181431174278
}