{
    "E_leakp": 1.3335005522405289e-06,
    "KICp": 0.0925666897157207,
    "KINp": 0.2221751637789954,
    "Mp": 2.680382481908257e-06,
    "VmaxICp": 0.001238420953494,
    "VmaxINp": 3.052522037509641e-05,
    "gammaDp": 0.6398238137364387
}