{
    "E_leakp": 6.090720282504819e-07,
    "KICp": 0.0598066427110676,
    "KINp": 0.0502283360225862,
    "Mp": 5.161793994200168e-06,
    "VmaxICp": 0.000325987807174,
    "VmaxINp": 4.2970692777255e-05,
    "gammaDp": 0.5155022487044335
}