{
    "E_leakp": 1.4846297282170016e-06,
    "KICp": 0.2900187180196914,
    "KINp": 0.2621160558782215,
    "KOCp": 0.1258659858738699,
    "KONp": 0.4942320200645796,
    "Mp": 1.809818406636595e-06,
    "VmaxICp": 0.0003208747039229,
    "VmaxINp": 4.3903548962936574e-05,
    "VmaxOCp": 1.532698956813952e-05,
    "VmaxONp": 1.7426425843413635e-06,
    "gammaDp": 0.5999903529882431
}