{
    "E_leakp": 2.863530657816403e-06,
    "KICp": 0.0628932086519886,
    "KINp": 0.1857767730829712,
    "KOCp": 0.0461717231734447,
    "KONp": 0.2027783177468425,
    "Mp": 2.3936728200228383e-06,
    "VmaxICp": 0.0002652164942157,
    "VmaxINp": 3.643930572109934e-05,
    "VmaxOCp": 1.976765987131338e-05,
    "VmaxONp": 3.953664321086296e-06,
    "gammaDp": 0.4064530707895756
}