{
    "E_ROSp": 1.1168014216039392e-07,
    "E_leakp": 3.897663647379043e-06,
    "KICp": 0.1139501579672495,
    "KINp": 0.0497532155034569,
    "Mp": 5.045606907185171e-07,
    "VmaxICp": 0.0002511915172221,
    "VmaxINp": 4.844225569514044e-05,
    "gammaDp": 0.8584633603692055,
    "omegaP": 0.0055860759136956
}