{
    "E_ROSp": 1.851308100583636e-07,
    "E_leakp": 4.184537428469351e-06,
    "KICp": 0.4983744810586584,
    "KINp": 0.1373346498888682,
    "Mp": 2.431344491487808e-07,
    "VmaxICp": 0.0002928394834275,
    "VmaxINp": 3.3065457999442655e-05,
    "gammaDp": 0.458659965544939,
    "omegaP": 0.0112649717647102
}