{
    "E_leakp": 3.1426995801516817e-06,
    "KICp": 0.2702085576019981,
    "KINp": 0.0826225368217048,
    "Mp": 1.0683409936603297e-06,
    "VmaxICp": 0.0002274225448588,
    "VmaxINp": 0.0001300147263969,
    "gammaDp": 0.147802010923624
}