{
    "E_leakp": 2.385564794548684e-07,
    "KICp": 0.1028861315466666,
    "KINp": 0.3094063585432319,
    "Mp": 2.5015168654151272e-06,
    "VmaxICp": 0.0005365941864481,
    "VmaxINp": 3.576340698604672e-05,
    "gammaDp": 0.2370819151401519
}