{
    "E_leakp": 2.937889290030389e-06,
    "KICp": 0.5143066948418801,
    "KINp": 0.3504871707754033,
    "Mp": 2.420089422569088e-07,
    "VmaxICp": 0.001186920721454,
    "VmaxINp": 0.0001000286543759,
    "gammaDp": 0.3859290070831775
}