{
    "E_leakp": 5.783011966905105e-06,
    "KICp": 0.1742306029095335,
    "KINp": 0.0725813788999457,
    "Mp": 9.8344694625926e-07,
    "VmaxICp": 0.0004568125184684,
    "VmaxINp": 3.684191503898456e-05,
    "gammaDp": 0.3444051593542099,
    "gamma_DON2DINp": 3.409339715434405e-09
}