{
    "E_leakp": 3.527264962797944e-06,
    "KICp": 0.7134020161490219,
    "KINp": 0.5580530348764314,
    "Mp": 2.836161214154165e-06,
    "VmaxICp": 0.0005232175904474,
    "VmaxINp": 3.9761410022127166e-05,
    "gammaDp": 0.6200086653232575
}