{
    "E_leakp": 1.6924410491053536e-06,
    "KICp": 0.0601211114422863,
    "KINp": 0.1897703179445574,
    "Mp": 7.795973729353464e-07,
    "VmaxICp": 0.0003404219958054,
    "VmaxINp": 7.210951873164287e-05,
    "gammaDp": 0.263505108654499
}