{
    "E_leakp": 7.913321057230478e-07,
    "KICp": 0.3087086784409267,
    "KINp": 0.3063024066674955,
    "KOCp": 0.4822142162151819,
    "KONp": 0.037898772197857,
    "Mp": 3.0168701723519355e-06,
    "VmaxICp": 0.0002270872639297,
    "VmaxINp": 3.082101905248407e-05,
    "VmaxOCp": 0.0002254005055337,
    "VmaxONp": 4.632285830012891e-06,
    "gammaDp": 0.2227028578519821
}