{
    "E_ROSp": 1.2780692555394618e-06,
    "E_leakp": 4.5938089594953605e-07,
    "KICp": 0.2325218393896571,
    "KINp": 0.4321797527386462,
    "Mp": 5.35231781014743e-06,
    "VmaxICp": 0.0004492490858165,
    "VmaxINp": 4.026807718390234e-05,
    "gammaDp": 0.714783900231123,
    "omegaP": 0.0038369916592577
}