{
    "E_leakp": 2.7658758870512632e-06,
    "KICp": 0.0526969893774799,
    "KINp": 0.138937802992137,
    "Mp": 1.4055025393661263e-06,
    "VmaxICp": 0.0009635640280353,
    "VmaxINp": 2.5042837213732333e-05,
    "gammaDp": 0.2540174335241317
}