{
    "E_leakp": 1.3749967836753322e-06,
    "KICp": 0.0358570851264209,
    "KINp": 0.4046396091445147,
    "Mp": 8.42261534930207e-07,
    "VmaxICp": 0.0008895459119765,
    "VmaxINp": 2.9082268902710585e-05,
    "gammaDp": 0.7390237718820573
}