{
    "E_leakp": 2.731958096711379e-07,
    "KICp": 0.0378575987076388,
    "KINp": 0.2084045180374696,
    "Mp": 2.92408325463548e-06,
    "VmaxICp": 0.0006537945959633,
    "VmaxINp": 2.477634723274292e-05,
    "gammaDp": 0.2153669908642769,
    "gamma_DON2DINp": 3.536312099110718e-09
}