{
    "E_leakp": 8.080000590706231e-07,
    "KICp": 0.0672961755733562,
    "KINp": 0.0897422024456752,
    "Mp": 3.0707484998564434e-06,
    "VmaxICp": 0.0006913941364048,
    "VmaxINp": 5.490045463627129e-05,
    "gammaDp": 0.524492283910513
}