{
    "E_leakp": 2.87199319615366e-06,
    "KICp": 0.3003660939755574,
    "KINp": 0.1696497403467861,
    "Mp": 1.463237671016506e-06,
    "VmaxICp": 0.0002147671689502,
    "VmaxINp": 0.0001144145998259,
    "gammaDp": 0.8860112689435482
}