{
    "E_leakp": 4.98244495432816e-06,
    "KICp": 0.4361778134636664,
    "KINp": 0.034652328512566,
    "Mp": 1.4775851175589032e-06,
    "VmaxICp": 0.0004874127949839,
    "VmaxINp": 3.838151238430237e-05,
    "gammaDp": 0.7631847821176052,
    "gamma_DON2DINp": 2.7263702756894952e-09
}