{
    "E_leakp": 2.974277600986134e-06,
    "KICp": 0.1115931803377409,
    "KINp": 0.0537387512828903,
    "KOCp": 0.0391122610394401,
    "KONp": 0.5761140756113942,
    "Mp": 3.805979717205404e-06,
    "VmaxICp": 0.0002973756047624,
    "VmaxINp": 6.523152297179402e-05,
    "VmaxOCp": 3.924904949759313e-05,
    "VmaxONp": 2.6229421544423136e-05,
    "gammaDp": 0.2161796323955059
}