{
    "E_leakp": 1.4714079813878835e-06,
    "KICp": 0.1818265820283497,
    "KINp": 0.5465945019177025,
    "Mp": 2.796981755547125e-07,
    "VmaxICp": 0.0010164758798095,
    "VmaxINp": 3.6746693459858496e-05,
    "gammaDp": 0.6216205380856991
}