{
    "E_ROSp": 1.0279684011632125e-07,
    "E_leakp": 1.0073133955548331e-06,
    "KICp": 0.0387644693365037,
    "KINp": 0.2317000946077621,
    "Mp": 2.2509151566665707e-06,
    "VmaxICp": 0.0012027104291117,
    "VmaxINp": 2.242576190547346e-05,
    "gammaDp": 0.2106476455926895,
    "omegaP": 0.0172295737339311
}