{
    "E_leakp": 2.662727972445476e-07,
    "KICp": 0.2835074470353021,
    "KINp": 0.3419526967457176,
    "Mp": 4.674310611640222e-06,
    "VmaxICp": 0.0001875256985269,
    "VmaxINp": 0.000111253023952,
    "gammaDp": 0.714349589496851,
    "gamma_DON2DINp": 2.710198926480195e-09
}