{
    "E_ROSp": 1.8864172926661343e-06,
    "E_leakp": 1.4960432724599772e-06,
    "KICp": 0.4256370004200055,
    "KINp": 0.034783245327009,
    "Mp": 5.397434280141052e-06,
    "VmaxICp": 0.0003117909310228,
    "VmaxINp": 0.0001083279255469,
    "gammaDp": 0.4699115484952927,
    "omegaP": 0.002540658118354
}