{
    "E_ROSp": 1.087299343767703e-07,
    "E_leakp": 6.433780604888466e-07,
    "KICp": 0.0535554660556855,
    "KINp": 0.3866371941308578,
    "Mp": 4.757603876645928e-06,
    "VmaxICp": 0.0003390058436346,
    "VmaxINp": 5.248798619605078e-05,
    "gammaDp": 0.4235785759985447,
    "omegaP": 0.0749381831479222
}