{
    "E_ROSp": 6.17882057948287e-07,
    "E_leakp": 1.2276320425590082e-06,
    "KICp": 0.0604073589571741,
    "KINp": 0.0480093493081002,
    "Mp": 2.576968346016829e-06,
    "VmaxICp": 0.0003543480104271,
    "VmaxINp": 3.0354630602855684e-05,
    "gammaDp": 0.5731827035546303,
    "omegaP": 0.0053185101012002
}