{
    "E_leakp": 1.2117640469360157e-06,
    "KICp": 0.3453518193591343,
    "KINp": 0.6102481108945688,
    "Mp": 2.472309833683615e-06,
    "VmaxICp": 0.0010883487510688,
    "VmaxINp": 2.8818074725838823e-05,
    "gammaDp": 0.3451724916696548
}