{
    "E_ROSp": 7.876122714070492e-08,
    "E_leakp": 3.68030691581234e-06,
    "KICp": 0.3270403023328869,
    "KINp": 0.1921389415788207,
    "Mp": 2.787770559326482e-06,
    "VmaxICp": 0.0003106680494215,
    "VmaxINp": 7.131183473480813e-05,
    "gammaDp": 0.7517063528299331,
    "omegaP": 0.0381163732277943
}