{
    "E_leakp": 3.2210134058307072e-06,
    "KICp": 0.0428789201261251,
    "KINp": 0.4793614657080198,
    "Mp": 9.864131876101588e-07,
    "VmaxICp": 0.0007290266146154,
    "VmaxINp": 3.2271032574199214e-05,
    "gammaDp": 0.231039098650217
}