{
    "E_leakp": 8.080768498975535e-07,
    "KICp": 0.1206257158835728,
    "KINp": 0.0514495904000391,
    "KOCp": 0.2845491278073214,
    "KONp": 0.3255891424359978,
    "Mp": 5.011892642303526e-06,
    "VmaxICp": 0.0004237177948818,
    "VmaxINp": 3.4509392016839506e-05,
    "VmaxOCp": 2.063119926572808e-05,
    "VmaxONp": 1.0241735652543764e-05,
    "gammaDp": 0.353307431191206
}