{
    "E_leakp": 6.107195595767543e-07,
    "KICp": 0.0322916269476708,
    "KINp": 0.6501109611018012,
    "Mp": 1.8884637729951835e-06,
    "VmaxICp": 0.0002993384287492,
    "VmaxINp": 0.0001206359624869,
    "gammaDp": 0.3940004430711269
}