{
    "E_leakp": 1.0951940313087358e-06,
    "KICp": 0.2775198021673024,
    "KINp": 0.3413659000167783,
    "Mp": 1.7665299061555851e-06,
    "VmaxICp": 0.0004595472941258,
    "VmaxINp": 3.38150425836126e-05,
    "gammaDp": 0.4374861001968384
}