{
    "E_leakp": 2.3788433745938552e-06,
    "KICp": 0.0440775086912527,
    "KINp": 0.0899054743079481,
    "Mp": 1.5642820599441396e-06,
    "VmaxICp": 0.0002312895749306,
    "VmaxINp": 6.484678589024547e-05,
    "gammaDp": 0.329821391403675,
    "gamma_DON2DINp": 4.2513211167799106e-09
}