{
    "E_ROSp": 1.370283129606548e-07,
    "E_leakp": 1.0229880964808365e-06,
    "KICp": 0.0885287228639542,
    "KINp": 0.0325993767857714,
    "Mp": 1.783851938150516e-06,
    "VmaxICp": 0.0006629595204096,
    "VmaxINp": 3.278917762073793e-05,
    "gammaDp": 0.6623281002044678,
    "omegaP": 0.0804711108941401
}