{
    "E_leakp": 8.925028316796793e-07,
    "KICp": 0.0387775544226692,
    "KINp": 0.6347611805370644,
    "Mp": 4.815335124109814e-06,
    "VmaxICp": 0.0005950061701344,
    "VmaxINp": 4.0476747713929214e-05,
    "gammaDp": 0.7140277899801731
}