{
    "E_leakp": 1.1807193162841956e-06,
    "KICp": 0.0861004455700877,
    "KINp": 0.0767685853586458,
    "Mp": 2.863587100314582e-06,
    "VmaxICp": 0.0010495724935892,
    "VmaxINp": 2.2108514509120342e-05,
    "gammaDp": 0.8544831037521362
}