{
    "E_ROSp": 8.945798961404325e-07,
    "E_leakp": 3.628113854455054e-06,
    "KICp": 0.6509642331252867,
    "KINp": 0.6654868541619388,
    "Mp": 3.403971927930831e-07,
    "VmaxICp": 0.000199541474279,
    "VmaxINp": 0.0001764641460954,
    "gammaDp": 0.2501562744379043,
    "omegaP": 0.004922814847456
}