{
    "E_ROSp": 7.774958068939411e-07,
    "E_leakp": 2.592973721621663e-07,
    "KICp": 0.0811071579207815,
    "KINp": 0.1955025981301289,
    "Mp": 3.691598734218338e-06,
    "VmaxICp": 0.0012528367555317,
    "VmaxINp": 2.4056136231494623e-05,
    "gammaDp": 0.7468267880380154,
    "omegaP": 0.0111857969538282
}