{
    "E_ROSp": 9.84088922184252e-07,
    "E_leakp": 3.206745426538772e-06,
    "KICp": 0.0717802499433099,
    "KINp": 0.072822408208929,
    "Mp": 1.9017627600624708e-06,
    "VmaxICp": 0.0004687000427195,
    "VmaxINp": 4.752640537101261e-05,
    "gammaDp": 0.7309980519115925,
    "omegaP": 0.0032325327714691
}