{
    "KICp": 0.2003066228517431,
    "KINp": 0.0324806849931838,
    "Mp": 3.8624583735495325e-06,
    "VmaxICp": 0.0002036252699004,
    "VmaxINp": 0.0001077051938026,
    "gammaDp": 0.6107854481535337
}