{
    "KICp": 0.0915002342400236,
    "KINp": 0.1217538309815132,
    "Mp": 5.112040540945004e-06,
    "Mp_day": 0.4416803027376483,
    "R* ICp": 0.00021564714158902058,
    "R* INp": 0.011843878451956768,
    "Vmax/K ICp": 0.023761449033027515,
    "Vmax/K INp": 0.0004736054861151162,
    "Vmax/Vmax Ip": 37.704724139307935,
    "VmaxICp": 0.0021741781524044,
    "VmaxICp_day_cell": 1.6772231461405373e-07,
    "VmaxINp": 5.766328230837725e-05,
    "VmaxINp_day_cell": 4.448310349503389e-09,
    "gammaDp": 0.2247107564836105
}