{
    "KICp": 0.2109242055920302,
    "KINp": 0.1475490980758634,
    "Mp": 2.3358964040051377e-06,
    "VmaxICp": 0.0002842054216853,
    "VmaxINp": 3.3559327557901195e-05,
    "gammaDp": 0.6258012146676383
}