{
    "KICp": 0.1067948952983994,
    "KINp": 0.6123003713174457,
    "Mp": 6.634025704630968e-06,
    "Mp_day": 0.5731798208801157,
    "R* ICp": 0.0012707270835608138,
    "R* INp": 0.018981369828716083,
    "Vmax/K ICp": 0.005282772742487586,
    "Vmax/K INp": 0.0003603365402520925,
    "Vmax/Vmax Ip": 2.5570522093981207,
    "VmaxICp": 0.0005641731619192,
    "VmaxICp_day_cell": 4.3521929633766864e-08,
    "VmaxINp": 0.0002206341973956,
    "VmaxINp_day_cell": 1.7020352370517717e-08,
    "gammaDp": 0.1157019423996762
}