{
    "KICp": 0.0410526401547791,
    "KINp": 0.4700893867207366,
    "Mp": 4.574587834011931e-06,
    "Mp_day": 0.39524438885863084,
    "R* ICp": 0.00033543544042594845,
    "R* INp": 0.08827477127553542,
    "Vmax/K ICp": 0.013749191654161887,
    "Vmax/K INp": 6.155345801386869e-05,
    "Vmax/Vmax Ip": 19.506769664735963,
    "VmaxICp": 0.0005644406173974,
    "VmaxICp_day_cell": 4.3542561913513715e-08,
    "VmaxINp": 2.8935627328280143e-05,
    "VmaxINp_day_cell": 2.2321769653244683e-09,
    "gammaDp": 0.2576480247068841
}