{
    "KICp": 0.7114612250492257,
    "KINp": 0.1106096791126486,
    "Mp": 2.757851479626242e-06,
    "Mp_day": 0.23827836783970732,
    "R* ICp": 0.001789566314800117,
    "R* INp": 0.012526145681737181,
    "Vmax/K ICp": 0.001544948845270027,
    "Vmax/K INp": 0.0002451007877853614,
    "Vmax/Vmax Ip": 40.54408469056884,
    "VmaxICp": 0.0010991711980942,
    "VmaxICp_day_cell": 8.479320671012401e-08,
    "VmaxINp": 2.711051948719621e-05,
    "VmaxINp_day_cell": 2.0913829318694223e-09,
    "gammaDp": 0.2354810919894397
}