{
    "KICp": 0.4487643896546915,
    "KINp": 0.2785437229681125,
    "Mp": 3.1442377824750063e-06,
    "VmaxICp": 0.0005369067286921,
    "VmaxINp": 4.338755152750638e-05,
    "gammaDp": 0.3132672739454935,
    "gamma_DON2DINp": 2.660439380939883e-08
}