{
    "KICp": 0.092433856039544,
    "KINp": 0.0619904284450256,
    "Mp": 6.691877816633604e-06,
    "VmaxICp": 0.0004426812912482,
    "VmaxINp": 0.0003011848732456,
    "gammaDp": 0.5650701544110867
}