{
    "KICp": 0.0398780969524555,
    "KINp": 0.7002235718656821,
    "Mp": 2.2896914709543487e-06,
    "VmaxICp": 0.0002343056061628,
    "VmaxINp": 5.056853540751317e-05,
    "gammaDp": 0.2093150751984016
}