{
    "KICp": 0.1422991930760561,
    "KINp": 0.6633511988571206,
    "Mp": 2.7747143015398755e-06,
    "VmaxICp": 0.0004982071340038,
    "VmaxINp": 2.2939035662799047e-05,
    "gammaDp": 0.4488930536992945
}