{
    "E_ROSp": 4.353621126422218e-07,
    "E_ROSp_day": 0.03761528653228796,
    "KICp": 0.2695288586708069,
    "KINp": 0.0307808662951723,
    "Mp": 1.1329944830390774e-06,
    "Mp_day": 0.0978907233345763,
    "R* ICp": 0.0011807179863087718,
    "R* INp": 0.0013957219531392448,
    "Vmax/K ICp": 0.0009637845576880181,
    "Vmax/K INp": 0.0008485707159042621,
    "Vmax/Vmax Ip": 9.94526493952134,
    "VmaxICp": 0.0002597677518382,
    "VmaxICp_day_cell": 2.003922657037543e-08,
    "VmaxINp": 2.611974174824773e-05,
    "VmaxINp_day_cell": 2.0149515062933965e-09,
    "gammaDp": 0.7914385090452598,
    "omegaP": 0.0458616479162401
}