{
    "E_ROSp": 8.129158073696439e-07,
    "KICp": 0.1444596465908531,
    "KINp": 0.0728562965995913,
    "Mp": 3.133691435815488e-06,
    "VmaxICp": 0.0002157945284343,
    "VmaxINp": 7.864919439186122e-05,
    "gammaDp": 0.3048373215847045,
    "omegaP": 0.0018658782136465
}