{
    "KICp": 0.6686881021205756,
    "KINp": 0.3628951853352612,
    "Mp": 5.846512581036408e-06,
    "VmaxICp": 0.0013487329379523,
    "VmaxINp": 2.7840170819335108e-05,
    "gammaDp": 0.1306564817968146,
    "gamma_DON2DINp": 3.203003757516164e-09
}