{
    "KICp": 0.3727194564975141,
    "KINp": 0.1513081256464159,
    "KOCp": 0.0916719341494775,
    "KONp": 0.0545065687988699,
    "Mp": 3.926000268063069e-06,
    "VmaxICp": 0.0002077476215658,
    "VmaxINp": 4.945351803995094e-05,
    "VmaxOCp": 0.0001966045782147,
    "VmaxONp": 1.0791990585237764e-05,
    "gammaDp": 0.243130495189418
}