{
    "KICp": 0.4575680587739206,
    "KINp": 0.1313291883424386,
    "Mp": 2.0463400953312044e-06,
    "VmaxICp": 0.0002259307273931,
    "VmaxINp": 0.0001330287586237,
    "gammaDp": 0.405163940279695
}