{
    "KICp": 0.1144450275224626,
    "KINp": 0.0469511333478671,
    "KOCp": 0.4604155639003753,
    "KONp": 0.0369185702992216,
    "Mp": 3.919036066240323e-06,
    "Mp_day": 0.3386047161231639,
    "R* ICp": 0.001564941988100272,
    "R* INp": 0.001603537217168175,
    "Vmax/K ICp": 0.0025385130591678907,
    "Vmax/K INp": 0.002527464986173562,
    "Vmax/Vmax Ip": 2.4481898997472915,
    "VmaxICp": 0.0002905201969226,
    "VmaxICp_day_cell": 2.241155804831486e-08,
    "VmaxINp": 0.0001186673455979,
    "VmaxINp_day_cell": 9.154338088980858e-09,
    "VmaxOCp": 0.0001184915077477,
    "VmaxOCp_day_cell": 9.140773454822574e-09,
    "VmaxONp": 3.507673033951898e-05,
    "VmaxONp_day_cell": 2.705919197620036e-09,
    "gammaDp": 0.3613191147654799
}