{
    "KICp": 0.0895235045806922,
    "KINp": 0.5936416562569654,
    "Mp": 2.4352483552340726e-06,
    "Mp_day": 0.21040545789222387,
    "R* ICp": 0.0004707793516191411,
    "R* INp": 0.04354518311335046,
    "Vmax/K ICp": 0.005200004300131036,
    "Vmax/K INp": 6.00268517883139e-05,
    "Vmax/Vmax Ip": 13.06383971514589,
    "VmaxICp": 0.0004655226087824,
    "VmaxICp_day_cell": 3.591174410607086e-08,
    "VmaxINp": 3.563443971550605e-05,
    "VmaxINp_day_cell": 2.7489424923390384e-09,
    "gammaDp": 0.100789573237706
}