{
    "KICp": 0.5515758501204527,
    "KINp": 0.0581468020278234,
    "Mp": 2.938345284982161e-06,
    "Mp_day": 0.2538730326224587,
    "R* ICp": 0.001604856438054476,
    "R* INp": 0.0036930229424833694,
    "Vmax/K ICp": 0.0018362356771840544,
    "Vmax/K INp": 0.0008461809427480212,
    "Vmax/Vmax Ip": 20.584702268310924,
    "VmaxICp": 0.0010128232546643,
    "VmaxICp_day_cell": 7.813207964553173e-08,
    "VmaxINp": 4.920271575768616e-05,
    "VmaxINp_day_cell": 3.79563807273579e-09,
    "gammaDp": 0.5270117059458935
}