{
    "KICp": 0.080518290818543,
    "KINp": 0.089823952208284,
    "Mp": 3.855973470407464e-06,
    "Mp_day": 0.3331561078432049,
    "R* ICp": 0.00017630868282060943,
    "R* INp": 0.010587001144988251,
    "Vmax/K ICp": 0.02191847121449411,
    "Vmax/K INp": 0.00040714584567930597,
    "Vmax/Vmax Ip": 48.2572577398785,
    "VmaxICp": 0.0017648378395465,
    "VmaxICp_day_cell": 1.3614463333644432e-07,
    "VmaxINp": 3.657144898409935e-05,
    "VmaxINp_day_cell": 2.8212260644876645e-09,
    "gammaDp": 0.2438719895162488
}