{
    "E_ROSp": 5.50129686217832e-06,
    "KICp": 0.5470567838586364,
    "KINp": 0.0533313082337611,
    "Mp": 7.449046939098647e-07,
    "VmaxICp": 0.0003284765002348,
    "VmaxINp": 2.5644313451069635e-05,
    "gammaDp": 0.2920027819017494,
    "omegaP": 0.0483382740130335
}