{
    "KICp": 0.0409839620476038,
    "KINp": 0.220265339590528,
    "KOCp": 0.3238744619703665,
    "KONp": 0.2934784341676887,
    "Mp": 1.916875750367151e-06,
    "VmaxICp": 3.30531747950178e-05,
    "VmaxINp": 0.0001436764164634,
    "VmaxOCp": 8.425784435325324e-05,
    "VmaxONp": 1.5353487355406328e-06,
    "gammaDp": 0.1398461419595011
}