{
    "KICp": 0.1990285103230652,
    "KINp": 0.0672147994173192,
    "Mp": 3.428612421195743e-06,
    "VmaxICp": 0.0003649159400588,
    "VmaxINp": 3.5932191343551485e-05,
    "gammaDp": 0.1968938612932749,
    "gamma_DON2DINp": 2.394442492442547e-09
}