{
    "KICp": 0.0312534554544699,
    "KINp": 0.0875750996705846,
    "KOCp": 0.2719588027667021,
    "KONp": 0.05551739792008,
    "Mp": 3.1863379243229527e-06,
    "VmaxICp": 0.0003402423631365,
    "VmaxINp": 4.419417228745437e-05,
    "VmaxOCp": 4.313297173251372e-05,
    "VmaxONp": 5.316152248946639e-06,
    "gammaDp": 0.2746907245620533
}