{
    "KICp": 0.0713246422127521,
    "KINp": 0.4856960290502315,
    "KOCp": 0.0503459967271467,
    "KONp": 0.5511136401759426,
    "Mp": 5.116398258607691e-06,
    "VmaxICp": 0.0002279024108782,
    "VmaxINp": 4.397888068106502e-05,
    "VmaxOCp": 8.168405016609357e-05,
    "VmaxONp": 4.029681853630236e-06,
    "gammaDp": 0.2899275714671169
}