{
    "E_ROSp": 4.219416117329911e-06,
    "KICp": 0.1414948715788929,
    "KINp": 0.0566627078813281,
    "Mp": 3.564462762923055e-06,
    "VmaxICp": 0.0005104339778383,
    "VmaxINp": 3.022333014794628e-05,
    "gammaDp": 0.6361502450701171,
    "omegaP": 0.0025627150917943
}