{
    "KICp": 0.5019223228657282,
    "KINp": 0.5169971006804721,
    "Mp": 5.039796504022325e-06,
    "VmaxICp": 0.0009185979940115,
    "VmaxINp": 3.7305268736026334e-05,
    "gammaDp": 0.1771659520432288
}