{
    "KICp": 0.0844086832129852,
    "KINp": 0.0749708367812384,
    "Mp": 3.822324390602476e-06,
    "VmaxICp": 0.0007184028791605,
    "VmaxINp": 3.885416049126917e-05,
    "gammaDp": 0.676353138367154
}