{
    "KICp": 0.2593237193891504,
    "KINp": 0.6374594073082135,
    "Mp": 3.919902977703244e-06,
    "VmaxICp": 0.0003794515612539,
    "VmaxINp": 2.455251878081052e-05,
    "gammaDp": 0.1068763220901081,
    "gamma_DON2DINp": 2.762463717810273e-09
}