{
    "KICp": 0.2283231956028741,
    "KINp": 0.0442276694905534,
    "KOCp": 0.6737906345497697,
    "KONp": 0.0536086766436166,
    "Mp": 9.080434923606857e-06,
    "Mp_day": 0.7845495773996324,
    "R* ICp": 0.0012050488951060464,
    "R* INp": 0.030419678429043848,
    "Vmax/K ICp": 0.007575094976116516,
    "Vmax/K INp": 0.0005038164677583575,
    "Vmax/Vmax Ip": 77.61965396866556,
    "VmaxICp": 0.0017295698919422,
    "VmaxICp_day_cell": 1.3342396309268403e-07,
    "VmaxINp": 2.2282628219914685e-05,
    "VmaxINp_day_cell": 1.718945605536276e-09,
    "VmaxOCp": 0.0002188515623184,
    "VmaxOCp_day_cell": 1.6882834807419433e-08,
    "VmaxONp": 2.592393701320567e-05,
    "VmaxONp_day_cell": 1.999846569590152e-09,
    "gammaDp": 0.6967143697633711
}