{
    "KICp": 0.0439624947581867,
    "KINp": 0.2345852204843191,
    "KOCp": 0.1758306631714658,
    "KONp": 0.0342713016438838,
    "Mp": 4.188062549596838e-06,
    "VmaxICp": 0.0006863964081997,
    "VmaxINp": 1.954009790098184e-05,
    "VmaxOCp": 1.4310006769452386e-05,
    "VmaxONp": 1.493060128797636e-05,
    "gammaDp": 0.2242421531024663
}