{
    "KICp": 0.4410911619660524,
    "KINp": 0.1537186330944082,
    "Mp": 2.916806175714404e-06,
    "VmaxICp": 0.0011104918041256,
    "VmaxINp": 6.584236621275257e-05,
    "gammaDp": 0.4436946695785448
}