{
    "E_ROSp": 1.4597461114419706e-06,
    "KICp": 0.2000636089870048,
    "KINp": 0.3796680085270046,
    "Mp": 3.44445661631128e-06,
    "VmaxICp": 0.0002000339936472,
    "VmaxINp": 9.618450880831396e-05,
    "gammaDp": 0.1205488236618594,
    "omegaP": 0.0123158831721621
}