{
    "KICp": 0.2440650261914571,
    "KINp": 0.0377641191454582,
    "Mp": 4.11383087428322e-06,
    "Mp_day": 0.35543498753807024,
    "R* ICp": 0.0037199407089010127,
    "R* INp": 0.0018600672811980483,
    "Vmax/K ICp": 0.0011227416113259224,
    "Vmax/K INp": 0.0023205919363872597,
    "Vmax/Vmax Ip": 3.1268513225571266,
    "VmaxICp": 0.0002740219607745,
    "VmaxICp_day_cell": 2.113883697403286e-08,
    "VmaxINp": 8.763511037371803e-05,
    "VmaxINp_day_cell": 6.760422800258249e-09,
    "gammaDp": 0.3497972773062053,
    "gamma_DON2DINp": 5.2929437862093644e-08,
    "gamma_DON2DINp_day_cell": 4.083128063647225e-12
}