{
    "KICp": 0.0477157254377026,
    "KINp": 0.0332890062291551,
    "Mp": 4.428745519826146e-06,
    "Mp_day": 0.38264361291297905,
    "R* ICp": 0.0005766319635178472,
    "R* INp": 0.005321345401335335,
    "Vmax/K ICp": 0.00777318294085142,
    "Vmax/K INp": 0.0009652997708468501,
    "Vmax/Vmax Ip": 11.54243363792761,
    "VmaxICp": 0.0003709030629827,
    "VmaxICp_day_cell": 2.8612522001522574e-08,
    "VmaxINp": 3.213387008472278e-05,
    "VmaxINp_day_cell": 2.4788985493929005e-09,
    "gammaDp": 0.5535741639519074
}