{
    "KICp": 0.5569578380850209,
    "KINp": 0.0955710337067591,
    "KOCp": 0.4206511536052469,
    "KONp": 0.3928766400582853,
    "Mp": 5.407499780981383e-06,
    "VmaxICp": 0.0001284134189568,
    "VmaxINp": 8.796197795426342e-05,
    "VmaxOCp": 0.0001690075260195,
    "VmaxONp": 3.339317231755295e-05,
    "gammaDp": 0.4608567878535186
}