{
    "E_ROSp": 1.267813814626135e-06,
    "E_ROSp_day": 0.10953911358369807,
    "KICp": 0.0570820208671621,
    "KINp": 0.1372027581975407,
    "Mp": 4.491318724822769e-06,
    "Mp_day": 0.3880499378246873,
    "R* ICp": 0.000818549626510403,
    "R* INp": 0.011614820214647697,
    "Vmax/K ICp": 0.005565604787064622,
    "Vmax/K INp": 0.0004194235146306949,
    "Vmax/Vmax Ip": 5.520724645594663,
    "VmaxICp": 0.0003176959685936,
    "VmaxICp_day_cell": 2.4507974720077722e-08,
    "VmaxINp": 5.754606306023791e-05,
    "VmaxINp_day_cell": 4.439267721789781e-09,
    "gammaDp": 0.1063945513371236,
    "omegaP": 0.0036076436189086
}