{
    "KICp": 0.0311706494469803,
    "KINp": 0.1497681448558842,
    "Mp": 4.206655874478875e-06,
    "VmaxICp": 0.0005836930836131,
    "VmaxINp": 4.377412917603481e-05,
    "gammaDp": 0.7177503140774886
}