{
    "E_ROSp": 1.843631922141946e-07,
    "KICp": 0.1853520869135525,
    "KINp": 0.2606359834865315,
    "Mp": 4.739836831317517e-06,
    "VmaxICp": 0.0011352467016239,
    "VmaxINp": 2.571601079931737e-05,
    "gammaDp": 0.657684702520838,
    "omegaP": 0.0617190419823092
}