{
    "KICp": 0.1533075157898172,
    "KINp": 0.0373525901094598,
    "Mp": 5.51824088984945e-06,
    "VmaxICp": 0.0004103917612175,
    "VmaxINp": 0.0001707155814975,
    "gammaDp": 0.1963573135914264
}