{
    "KICp": 0.0763521775494874,
    "KINp": 0.0579895699398413,
    "Mp": 2.4847811444990097e-06,
    "VmaxICp": 0.0011457801180978,
    "VmaxINp": 2.831941366035895e-05,
    "gammaDp": 0.1073744464514464
}