{
    "KICp": 0.0709633076079787,
    "KINp": 0.2058540206135241,
    "Mp": 2.2980646700790227e-06,
    "VmaxICp": 0.0002700366082958,
    "VmaxINp": 4.034929182498263e-05,
    "gammaDp": 0.6351055325516745
}