{
    "KICp": 0.0470979360287655,
    "KINp": 0.2685800287267855,
    "Mp": 3.7443237579414856e-06,
    "VmaxICp": 0.0002662912316587,
    "VmaxINp": 7.604776166568194e-05,
    "gammaDp": 0.7022846502918467
}