{
    "KICp": 0.0934046105705209,
    "KINp": 0.1280496792852828,
    "Mp": 4.23201624575143e-06,
    "VmaxICp": 0.0004067715722901,
    "VmaxINp": 7.541728922563007e-05,
    "gammaDp": 0.2123809887743458
}