{
    "E_ROSp": 1.7598202463595054e-06,
    "E_ROSp_day": 0.15204846928546126,
    "KICp": 0.0543485946869487,
    "KINp": 0.0720712001956798,
    "Mp": 1.7119237694404175e-06,
    "Mp_day": 0.14791021367965207,
    "R* ICp": 0.00038696336244128026,
    "R* INp": 0.002322009880338192,
    "Vmax/K ICp": 0.004455493406147813,
    "Vmax/K INp": 0.0007610126978105804,
    "Vmax/Vmax Ip": 4.414997545979254,
    "VmaxICp": 0.0002421498052611,
    "VmaxICp_day_cell": 1.8680127834427717e-08,
    "VmaxINp": 5.484709849536071e-05,
    "VmaxINp_day_cell": 4.231061883927827e-09,
    "gammaDp": 0.21944710011211,
    "omegaP": 0.0105151552978047
}