{
    "KICp": 0.1505106585018906,
    "KINp": 0.0370579223500225,
    "Mp": 4.667731125782669e-06,
    "Mp_day": 0.4032919692676226,
    "R* ICp": 0.0005813909237181289,
    "R* INp": 0.002617225752023116,
    "Vmax/K ICp": 0.008059571271773171,
    "Vmax/K INp": 0.0019094229416390426,
    "Vmax/Vmax Ip": 17.143361878400327,
    "VmaxICp": 0.0012130513793575,
    "VmaxICp_day_cell": 9.357824926472144e-08,
    "VmaxINp": 7.075924710461118e-05,
    "VmaxINp_day_cell": 5.458570490927149e-09,
    "gammaDp": 0.1137660017037429
}