{
    "KICp": 0.0947964733423789,
    "KINp": 0.1712906087467736,
    "Mp": 2.7844736850551134e-06,
    "VmaxICp": 0.0003962114700741,
    "VmaxINp": 3.014522327114624e-05,
    "gammaDp": 0.1707497621487614
}