{
    "KICp": 0.0713246422127521,
    "KINp": 0.4856960290502315,
    "KOCp": 0.0503459967271467,
    "KONp": 0.5511136401759426,
    "Mp": 5.116398258607691e-06,
    "Mp_day": 0.4420568095437045,
    "R* ICp": 0.0016380080190952218,
    "R* INp": 0.06394378748716445,
    "Vmax/K ICp": 0.0031952829177663007,
    "Vmax/K INp": 9.054815779957025e-05,
    "Vmax/Vmax Ip": 5.182087569052723,
    "VmaxICp": 0.0002279024108782,
    "VmaxICp_day_cell": 1.7581043124889718e-08,
    "VmaxINp": 4.397888068106502e-05,
    "VmaxINp_day_cell": 3.3926565096821593e-09,
    "VmaxOCp": 8.168405016609357e-05,
    "VmaxOCp_day_cell": 6.301341012812933e-09,
    "VmaxONp": 4.029681853630236e-06,
    "VmaxONp_day_cell": 3.108611715657611e-10,
    "gammaDp": 0.2899275714671169
}