{
    "KICp": 0.0387028086511613,
    "KINp": 0.0907673118225705,
    "KOCp": 0.6955623442705446,
    "KONp": 0.1269219943435378,
    "Mp": 2.9373515013422777e-06,
    "Mp_day": 0.2537871697159728,
    "R* ICp": 0.00021882074811883383,
    "R* INp": 0.0013702974408206208,
    "Vmax/K ICp": 0.01349944618054543,
    "Vmax/K INp": 0.002175948132725109,
    "Vmax/Vmax Ip": 2.6453334404961413,
    "VmaxICp": 0.0005224664824223,
    "VmaxICp_day_cell": 4.0304557215434575e-08,
    "VmaxINp": 0.0001975049626728,
    "VmaxINp_day_cell": 1.5236097120473145e-08,
    "VmaxOCp": 1.426266861480722e-05,
    "VmaxOCp_day_cell": 1.1002630074279857e-09,
    "VmaxONp": 2.45453350039549e-06,
    "VmaxONp_day_cell": 1.893497271733664e-10,
    "gammaDp": 0.2649959968973154
}