{
    "KICp": 0.0765485060802383,
    "KINp": 0.0319079717449902,
    "Mp": 3.7496256216827256e-06,
    "VmaxICp": 0.0016499642713218,
    "VmaxINp": 3.571992656043542e-05,
    "gammaDp": 0.3703732445864596,
    "gamma_DON2DINp": 1.7676260585074716e-08
}