{
    "E_ROSp": 2.301366103227622e-06,
    "KICp": 0.1052697787055909,
    "KINp": 0.040025060979315,
    "Mp": 2.391787806945421e-06,
    "VmaxICp": 0.0003011222665849,
    "VmaxINp": 4.2317742629211104e-05,
    "gammaDp": 0.4324669097254546,
    "omegaP": 0.0392588442921142
}