{
    "KICp": 0.3111831471021941,
    "KINp": 0.1046664766231098,
    "Mp": 2.8796277096445133e-06,
    "VmaxICp": 0.001047166481701,
    "VmaxINp": 3.312646666221468e-05,
    "gammaDp": 0.6857402763872963
}