{
    "KICp": 0.0581970677683128,
    "KINp": 0.0786521005188161,
    "Mp": 3.905056976467055e-06,
    "VmaxICp": 0.0002464422760415,
    "VmaxINp": 0.0002388459051812,
    "gammaDp": 0.454296112604851,
    "gamma_DON2DINp": 5.727808569676743e-08
}