{
    "KICp": 0.0863540889102787,
    "KINp": 0.051923747838343,
    "KOCp": 0.1943163136098099,
    "KONp": 0.1041744870979308,
    "Mp": 6.55248842684815e-06,
    "VmaxICp": 0.0003326228346145,
    "VmaxINp": 3.681241928113196e-05,
    "VmaxOCp": 0.0001669575081697,
    "VmaxONp": 9.07716909191609e-06,
    "gammaDp": 0.3125302092922654
}