{
    "KICp": 0.0296447245010411,
    "KINp": 0.0422326956169164,
    "Mp": 4.00382200161372e-06,
    "Mp_day": 0.3459302209394254,
    "R* ICp": 0.0003394938005099466,
    "R* INp": 0.005623311635747399,
    "Vmax/K ICp": 0.011928565680240382,
    "Vmax/K INp": 0.0008068081354617942,
    "Vmax/Vmax Ip": 10.378069475075408,
    "VmaxICp": 0.0003536190432833,
    "VmaxICp_day_cell": 2.7279183338997433e-08,
    "VmaxINp": 3.407368240620981e-05,
    "VmaxINp_day_cell": 2.6285412141933287e-09,
    "gammaDp": 0.3840670746617204
}