{
    "E_ROSp": 1.362564516508274e-06,
    "KICp": 0.215031049400729,
    "KINp": 0.1313044426807592,
    "Mp": 6.593823131840928e-07,
    "VmaxICp": 0.0003074932134523,
    "VmaxINp": 2.325725932049966e-05,
    "gammaDp": 0.2416989877636971,
    "omegaP": 0.0347362661229048
}