{
    "KICp": 0.1578635496881957,
    "KINp": 0.1052279825736916,
    "KOCp": 0.431067996946436,
    "KONp": 0.1214569222688564,
    "Mp": 4.010195766816926e-06,
    "VmaxICp": 0.0017619512014944,
    "VmaxINp": 3.155782023371732e-05,
    "VmaxOCp": 0.0001018262763881,
    "VmaxONp": 5.487602149241569e-06,
    "gammaDp": 0.1616639273949431
}