{
    "KICp": 0.5284024911094821,
    "KINp": 0.6225092437767784,
    "Mp": 4.529369561501056e-06,
    "Mp_day": 0.3913375301136912,
    "R* ICp": 0.003774860638596583,
    "R* INp": 0.07527438860384647,
    "Vmax/K ICp": 0.0012084491094072009,
    "Vmax/K INp": 6.744744363276536e-05,
    "Vmax/Vmax Ip": 15.208343874697247,
    "VmaxICp": 0.0006385475197898,
    "VmaxICp_day_cell": 4.9259380098070295e-08,
    "VmaxINp": 4.1986657130509655e-05,
    "VmaxINp_day_cell": 3.238970692925031e-09,
    "gammaDp": 0.2069299143834896,
    "gamma_DON2DINp": 1.0903711825191912e-08,
    "gamma_DON2DINp_day_cell": 8.411434836576618e-13
}