{
    "E_ROSp": 6.456255985331768e-06,
    "E_ROSp_day": 0.5578205171326648,
    "KICp": 0.1307890827744971,
    "KINp": 0.1254289372088312,
    "Mp": 2.1569840382444183e-06,
    "Mp_day": 0.18636342090431773,
    "R* ICp": 0.0007224079948046555,
    "R* INp": 0.0075799605000313195,
    "Vmax/K ICp": 0.0030023173392417714,
    "Vmax/K INp": 0.0003017608822285866,
    "Vmax/Vmax Ip": 10.374505502008859,
    "VmaxICp": 0.0003926703309974,
    "VmaxICp_day_cell": 3.029171124837086e-08,
    "VmaxINp": 3.78495467491309e-05,
    "VmaxINp_day_cell": 2.9198221777900982e-09,
    "gammaDp": 0.2099416949839105,
    "omegaP": 0.0025491407238389
}