{
    "KICp": 0.0399410455338734,
    "KINp": 0.0299104888918298,
    "Mp": 2.9306156471332256e-06,
    "Mp_day": 0.25320519191231067,
    "R* ICp": 0.0002745741071517928,
    "R* INp": 0.003720374750751047,
    "Vmax/K ICp": 0.010746687479832574,
    "Vmax/K INp": 0.0008857000807240041,
    "Vmax/Vmax Ip": 16.20256799721057,
    "VmaxICp": 0.0004292339339703,
    "VmaxICp_day_cell": 3.311233204913743e-08,
    "VmaxINp": 2.649172242598808e-05,
    "VmaxINp_day_cell": 2.043647158576224e-09,
    "gammaDp": 0.1218801775919498
}