{
    "KICp": 0.0365531616496298,
    "KINp": 0.287970481291425,
    "Mp": 2.730845230495018e-06,
    "Mp_day": 0.23594502791476957,
    "R* ICp": 0.00010909570883095153,
    "R* INp": 0.01546012356846462,
    "Vmax/K ICp": 0.02510635547871669,
    "Vmax/K INp": 0.0001861210685260898,
    "Vmax/Vmax Ip": 17.122418641120124,
    "VmaxICp": 0.0009177166702466,
    "VmaxICp_day_cell": 7.0795285990452e-08,
    "VmaxINp": 5.359737368193237e-05,
    "VmaxINp_day_cell": 4.134654541177641e-09,
    "gammaDp": 0.4752403989963993
}