{
    "KICp": 0.2479707871703546,
    "KINp": 0.2078136979978683,
    "Mp": 3.5167125363871744e-06,
    "Mp_day": 0.30384396314385187,
    "R* ICp": 0.001535212807196838,
    "R* INp": 0.0029457684102577562,
    "Vmax/K ICp": 0.0023048823271115916,
    "Vmax/K INp": 0.001210740831001337,
    "Vmax/Vmax Ip": 2.2715584655855094,
    "VmaxICp": 0.0005715434849889,
    "VmaxICp_day_cell": 4.409049741342944e-08,
    "VmaxINp": 0.0002516085294074,
    "VmaxINp_day_cell": 1.940980083999943e-08,
    "gammaDp": 0.290613254943706
}