{
    "KICp": 0.028703997173734,
    "KINp": 0.0476398131591404,
    "Mp": 3.360015389819116e-06,
    "Mp_day": 0.2903053296803716,
    "R* ICp": 5.705055752796809e-05,
    "R* INp": 0.002142356004472086,
    "Vmax/K ICp": 0.05901245712317799,
    "Vmax/K INp": 0.001638903535945321,
    "Vmax/Vmax Ip": 21.69514887854856,
    "VmaxICp": 0.0016938934024788,
    "VmaxICp_day_cell": 1.306717767626503e-07,
    "VmaxINp": 7.807705823828963e-05,
    "VmaxINp_day_cell": 6.023087349810915e-09,
    "gammaDp": 0.1377238353608497
}