{
    "E_ROSp": 1.959773858359838e-06,
    "KICp": 0.1829686718575773,
    "KINp": 0.0770628792852829,
    "Mp": 3.276239965236565e-06,
    "VmaxICp": 0.0009714802640671,
    "VmaxINp": 2.834619665822741e-05,
    "gammaDp": 0.4666826344998185,
    "omegaP": 0.0466707999932341
}