{
    "KICp": 0.0307344437975679,
    "KINp": 0.0642480507351147,
    "Mp": 4.831684596624316e-06,
    "VmaxICp": 0.000242793721504,
    "VmaxINp": 3.0077004487314363e-05,
    "gammaDp": 0.6056148572509881
}