{
    "KICp": 0.354545034087772,
    "KINp": 0.2380793367903005,
    "KOCp": 0.0624843798938681,
    "KONp": 0.2316703345871704,
    "Mp": 4.283913308462967e-06,
    "Mp_day": 0.3701301098512004,
    "R* ICp": 0.0006231950732718413,
    "R* INp": 0.08187236400692366,
    "Vmax/K ICp": 0.006886195772521763,
    "Vmax/K INp": 7.031792750154315e-05,
    "Vmax/Vmax Ip": 145.8354163960989,
    "VmaxICp": 0.0024414665149038,
    "VmaxICp_day_cell": 1.8834170257829315e-07,
    "VmaxINp": 1.6741245544035826e-05,
    "VmaxINp_day_cell": 1.2914675133970496e-09,
    "VmaxOCp": 1.7263995443023536e-05,
    "VmaxOCp_day_cell": 1.3317939341761015e-09,
    "VmaxONp": 3.172568041332895e-05,
    "VmaxONp_day_cell": 2.4474096318853764e-09,
    "gammaDp": 0.2793547690576627
}