{
    "E_ROSp": 2.488068027074952e-07,
    "KICp": 0.3288150525735323,
    "KINp": 0.3161014939101179,
    "Mp": 2.9382686246847524e-06,
    "VmaxICp": 0.0008582595316049,
    "VmaxINp": 2.8023733160549763e-05,
    "gammaDp": 0.883000634744633,
    "omegaP": 0.0019864842203095
}