{
    "KICp": 0.12798129941768,
    "KINp": 0.3755931774623761,
    "Mp": 4.936703045362797e-06,
    "Mp_day": 0.4265311431193457,
    "R* ICp": 0.0012462887438493234,
    "R* INp": 0.018753979748161426,
    "Vmax/K ICp": 0.003999696658140708,
    "Vmax/K INp": 0.00027637870719815846,
    "Vmax/Vmax Ip": 4.931184984648607,
    "VmaxICp": 0.0005118863755854,
    "VmaxICp_day_cell": 3.948837754515944e-08,
    "VmaxINp": 0.0001038059568195,
    "VmaxINp_day_cell": 8.007888097504286e-09,
    "gammaDp": 0.2299352828339696
}