{
    "KICp": 0.1453745985715316,
    "KINp": 0.1113820827122943,
    "Mp": 2.247242490475656e-06,
    "Mp_day": 0.1941617511770967,
    "R* ICp": 0.001693206577584984,
    "R* INp": 0.0015021169713042928,
    "Vmax/K ICp": 0.0013426693448976696,
    "Vmax/K INp": 0.0015162262416920946,
    "Vmax/Vmax Ip": 1.1557882066508827,
    "VmaxICp": 0.0001951900170288,
    "VmaxICp_day_cell": 1.5057515599364572e-08,
    "VmaxINp": 0.0001688804366627,
    "VmaxINp_day_cell": 1.3027919399694003e-08,
    "gammaDp": 0.2093643574090836
}