{
    "KICp": 0.0700504206297148,
    "KINp": 0.0561132378855315,
    "Mp": 3.4468011085756846e-06,
    "Mp_day": 0.29780361578093917,
    "R* ICp": 9.872090055526265e-05,
    "R* INp": 0.0016905442862717147,
    "Vmax/K ICp": 0.03496380816040465,
    "Vmax/K INp": 0.0021002964489772948,
    "Vmax/Vmax Ip": 20.781818550913904,
    "VmaxICp": 0.002449229468453,
    "VmaxICp_day_cell": 1.8894055899494574e-07,
    "VmaxINp": 0.0001178544342716,
    "VmaxINp_day_cell": 9.091627786666289e-09,
    "gammaDp": 0.4757869155092481
}