{
    "KICp": 0.3109506847857403,
    "KINp": 0.0445950252705991,
    "Mp": 2.818174430640879e-06,
    "Mp_day": 0.24349027080737193,
    "R* ICp": 0.0033645192264454083,
    "R* INp": 0.0016737763439572128,
    "Vmax/K ICp": 0.0008466788814918005,
    "Vmax/K INp": 0.001746917041700192,
    "Vmax/Vmax Ip": 3.3794929834218332,
    "VmaxICp": 0.0002632753779935,
    "VmaxICp_day_cell": 2.0309814873784287e-08,
    "VmaxINp": 7.79038096202603e-05,
    "VmaxINp_day_cell": 6.009722456420081e-09,
    "gammaDp": 0.1605069073584927
}