{
    "E_ROSp": 5.17810809542463e-07,
    "E_ROSp_day": 0.0447388539444688,
    "KICp": 0.545471268758981,
    "KINp": 0.1373556874864272,
    "Mp": 1.324504436282426e-06,
    "Mp_day": 0.1144371832948016,
    "R* ICp": 0.003216021312258571,
    "R* INp": 0.004740970097301858,
    "Vmax/K ICp": 0.00041427384877396333,
    "Vmax/K INp": 0.00028901701861416444,
    "Vmax/Vmax Ip": 5.692320383308614,
    "VmaxICp": 0.0002259744819044,
    "VmaxICp_day_cell": 1.7432317175482286e-08,
    "VmaxINp": 3.969813128702608e-05,
    "VmaxINp_day_cell": 3.062427270713441e-09,
    "gammaDp": 0.4288685637552029,
    "omegaP": 0.0833574946944321
}