{
    "KICp": 0.5632433989055415,
    "KINp": 0.3814138008688053,
    "Mp": 4.033143090131848e-06,
    "Mp_day": 0.3484635629873917,
    "R* ICp": 0.0017437973041424257,
    "R* INp": 0.029183858761479168,
    "Vmax/K ICp": 0.0023200114262319914,
    "Vmax/K INp": 0.00014877192480203924,
    "Vmax/Vmax Ip": 23.028669619273664,
    "VmaxICp": 0.0013067311212106,
    "VmaxICp_day_cell": 1.0080497220767486e-07,
    "VmaxINp": 5.674366530131387e-05,
    "VmaxINp_day_cell": 4.377368466101356e-09,
    "gammaDp": 0.2878111683121505
}