{
    "KICp": 0.0291435861129172,
    "KINp": 0.103317542781384,
    "Mp": 3.95315629166647e-06,
    "VmaxICp": 0.0003152410451621,
    "VmaxINp": 0.0001295966295837,
    "gammaDp": 0.4641748068377849
}