{
    "KICp": 0.3748249295416322,
    "KINp": 0.5434425701241873,
    "KOCp": 0.170798696178823,
    "KONp": 0.2498853071950708,
    "Mp": 8.294922946041869e-06,
    "VmaxICp": 0.0001986390211594,
    "VmaxINp": 0.0001234325881657,
    "VmaxOCp": 0.0001414459731294,
    "VmaxONp": 2.8430487534150763e-05,
    "gammaDp": 0.3565679929507123
}