{
    "KICp": 0.0639469017683554,
    "KINp": 0.1029665483736487,
    "Mp": 3.14544605759392e-06,
    "Mp_day": 0.2717665393761147,
    "R* ICp": 0.0006143764598269299,
    "R* INp": 0.002076581387441873,
    "Vmax/K ICp": 0.005168925671702653,
    "Vmax/K INp": 0.001545271458172137,
    "Vmax/Vmax Ip": 2.0773939244374806,
    "VmaxICp": 0.0003305367821763,
    "VmaxICp_day_cell": 2.5498551767886e-08,
    "VmaxINp": 0.0001591112683483,
    "VmaxINp_day_cell": 1.2274297844011715e-08,
    "gammaDp": 0.6734872235519206
}