{
    "KICp": 0.7130313954645898,
    "KINp": 0.1332563023025523,
    "KOCp": 0.0608837145439716,
    "KONp": 0.0542629519575406,
    "Mp": 4.42264588083279e-06,
    "VmaxICp": 0.0001065632942707,
    "VmaxINp": 0.0002199221657435,
    "VmaxOCp": 7.928110764040789e-05,
    "VmaxONp": 5.871177273171667e-06,
    "gammaDp": 0.1878206525628585
}