{
    "KICp": 0.08164060499103,
    "KINp": 0.0383383150669098,
    "KOCp": 0.3571122941737445,
    "KONp": 0.0411796770452581,
    "Mp": 2.476410707466826e-06,
    "Mp_day": 0.21396188512513376,
    "R* ICp": 0.0019739099374157304,
    "R* INp": 0.0005811113579414825,
    "Vmax/K ICp": 0.0012849043516645375,
    "Vmax/K INp": 0.004326101635524185,
    "Vmax/Vmax Ip": 0.6324806944705194,
    "VmaxICp": 0.0001049003686255,
    "VmaxICp_day_cell": 8.092314151110001e-09,
    "VmaxINp": 0.0001658554475142,
    "VmaxINp_day_cell": 1.2794563093952573e-08,
    "VmaxOCp": 0.0001219701507762,
    "VmaxOCp_day_cell": 9.409125917021144e-09,
    "VmaxONp": 7.81406950447326e-06,
    "VmaxONp_day_cell": 6.027996474879374e-10,
    "gammaDp": 0.1125246967255971
}