{
    "E_ROSp": 1.362564516508274e-06,
    "E_ROSp_day": 0.11772557422631488,
    "KICp": 0.215031049400729,
    "KINp": 0.1313044426807592,
    "Mp": 6.593823131840928e-07,
    "Mp_day": 0.056970631859105614,
    "R* ICp": 0.00046209920931427625,
    "R* INp": 0.0038313257089663245,
    "Vmax/K ICp": 0.0014299944789799156,
    "Vmax/K INp": 0.00017712469468413259,
    "Vmax/Vmax Ip": 13.221386458948157,
    "VmaxICp": 0.0003074932134523,
    "VmaxICp_day_cell": 2.372090503774886e-08,
    "VmaxINp": 2.325725932049966e-05,
    "VmaxINp_day_cell": 1.794131433295688e-09,
    "gammaDp": 0.2416989877636971,
    "omegaP": 0.0347362661229048
}