{
    "E_ROSp": 2.9161106067400773e-06,
    "KICp": 0.0787446155344376,
    "KINp": 0.0874938454160428,
    "Mp": 9.143968091247916e-07,
    "VmaxICp": 0.001038330479501,
    "VmaxINp": 2.638138117007621e-05,
    "gammaDp": 0.1709966928038341,
    "omegaP": 0.0826837270301325
}