{
    "E_ROSp": 1.539618012888182e-07,
    "KICp": 0.0551001662429728,
    "KINp": 0.2382493413335585,
    "Mp": 2.523597969491061e-06,
    "VmaxICp": 0.0002091814711722,
    "VmaxINp": 4.975857800269636e-05,
    "gammaDp": 0.1557372407845369,
    "omegaP": 0.0247035043468961
}