{
    "KICp": 0.2875156197364212,
    "KINp": 0.1320730204094198,
    "Mp": 2.1412140476143303e-06,
    "Mp_day": 0.18500089371387815,
    "R* ICp": 0.0015309771861387706,
    "R* INp": 0.0020341723387934754,
    "Vmax/K ICp": 0.0014060403434043077,
    "Vmax/K INp": 0.0010688341003862725,
    "Vmax/Vmax Ip": 2.8637481015244335,
    "VmaxICp": 0.0004042585607083,
    "VmaxICp_day_cell": 3.118566039749743e-08,
    "VmaxINp": 0.0001411641479546,
    "VmaxINp_day_cell": 1.088980569935486e-08,
    "gammaDp": 0.2648221372544059
}