{
    "KICp": 0.0656104652992926,
    "KINp": 0.3517977496882098,
    "Mp": 2.844443148922776e-06,
    "Mp_day": 0.24575988806692783,
    "R* ICp": 0.0010618267989518702,
    "R* INp": 0.0036587461541744927,
    "Vmax/K ICp": 0.002722173764440986,
    "Vmax/K INp": 0.000785522044235411,
    "Vmax/Vmax Ip": 0.6463050173683683,
    "VmaxICp": 0.0001786030873105,
    "VmaxICp_day_cell": 1.3777952449667144e-08,
    "VmaxINp": 0.0002763448874925,
    "VmaxINp_day_cell": 2.131803417799286e-08,
    "gammaDp": 0.3477409569365185
}