{
    "KICp": 0.5023403583766262,
    "KINp": 0.0341017292090599,
    "Mp": 4.956484993473371e-06,
    "VmaxICp": 0.0001766582912918,
    "VmaxINp": 0.0003409776898344,
    "gammaDp": 0.2627354502920461,
    "gamma_DON2DINp": 2.1122177377327733e-08
}