{
    "E_ROSp": 2.5783851672018656e-06,
    "KICp": 0.5568985184114825,
    "KINp": 0.348161579112812,
    "Mp": 1.8082694129328816e-06,
    "VmaxICp": 0.0009374282505525,
    "VmaxINp": 1.809913206933233e-05,
    "gammaDp": 0.4918659959188687,
    "omegaP": 0.0196872042822905
}