{
    "E_ROSp": 1.267813814626135e-06,
    "KICp": 0.0570820208671621,
    "KINp": 0.1372027581975407,
    "Mp": 4.491318724822769e-06,
    "VmaxICp": 0.0003176959685936,
    "VmaxINp": 5.754606306023791e-05,
    "gammaDp": 0.1063945513371236,
    "omegaP": 0.0036076436189086
}