{
    "KICp": 0.0960834055869874,
    "KINp": 0.0417533289966655,
    "KOCp": 0.0507234256990804,
    "KONp": 0.2206027137579723,
    "Mp": 3.9437347333479e-06,
    "Mp_day": 0.34073868096125853,
    "R* ICp": 0.0004713661093736581,
    "R* INp": 0.0051855607747495515,
    "Vmax/K ICp": 0.008407651364972074,
    "Vmax/K INp": 0.0008549755051412601,
    "Vmax/Vmax Ip": 22.62967425951947,
    "VmaxICp": 0.0008078357761346,
    "VmaxICp_day_cell": 6.231875987324059e-08,
    "VmaxINp": 3.5698073550253306e-05,
    "VmaxINp_day_cell": 2.753851388162398e-09,
    "VmaxOCp": 0.0001028293890411,
    "VmaxOCp_day_cell": 7.932552868884857e-09,
    "VmaxONp": 1.709930083149819e-06,
    "VmaxONp_day_cell": 1.3190889212870035e-10,
    "gammaDp": 0.147689144027743
}