{
    "E_ROSp": 7.33364426090959e-08,
    "E_ROSp_day": 0.006336268641425886,
    "KICp": 0.1256853750719386,
    "KINp": 0.1035907510869826,
    "Mp": 4.078272317575374e-06,
    "Mp_day": 0.35236272823851233,
    "R* ICp": 0.0019652945854811534,
    "R* INp": 0.009904822648743128,
    "Vmax/K ICp": 0.002107593816760165,
    "Vmax/K INp": 0.0004511151998826165,
    "Vmax/Vmax Ip": 5.668435625524622,
    "VmaxICp": 0.0002648937193588,
    "VmaxICp_day_cell": 2.0434658350536003e-08,
    "VmaxINp": 4.673136238259453e-05,
    "VmaxINp_day_cell": 3.6049908123715786e-09,
    "gammaDp": 0.1692296648390751,
    "omegaP": 0.0538373250131709
}