{
    "KICp": 0.2109242055920302,
    "KINp": 0.1475490980758634,
    "Mp": 2.3358964040051377e-06,
    "Mp_day": 0.2018214493060439,
    "R* ICp": 0.0017479615537308304,
    "R* INp": 0.011038485998250198,
    "Vmax/K ICp": 0.0013474291435048018,
    "Vmax/K INp": 0.0002274451555145829,
    "Vmax/Vmax Ip": 8.468746019864358,
    "VmaxICp": 0.0002842054216853,
    "VmaxICp_day_cell": 2.1924418244294575e-08,
    "VmaxINp": 3.3559327557901195e-05,
    "VmaxINp_day_cell": 2.5888624116095213e-09,
    "gammaDp": 0.6258012146676383
}