{
    "E_ROSp": 9.90859359424046e-08,
    "E_ROSp_day": 0.008561024865423757,
    "KICp": 0.5528809727947488,
    "KINp": 0.4274549843896753,
    "Mp": 2.0161391136813533e-06,
    "Mp_day": 0.17419441942206892,
    "R* ICp": 0.002139622107392676,
    "R* INp": 0.014906470010510224,
    "Vmax/K ICp": 0.0009459340813789482,
    "Vmax/K INp": 0.00013996923085975692,
    "Vmax/Vmax Ip": 8.741169776813516,
    "VmaxICp": 0.0005229889551125,
    "VmaxICp_day_cell": 4.034486225153572e-08,
    "VmaxINp": 5.9830545392192245e-05,
    "VmaxINp_day_cell": 4.615499215969117e-09,
    "gammaDp": 0.1715428483000966,
    "omegaP": 0.0549479071964271
}