{
    "KICp": 0.1533679960465812,
    "KINp": 0.1228949040042818,
    "Mp": 5.420763133685588e-06,
    "Mp_day": 0.46835393475043485,
    "R* ICp": 0.002769360582030943,
    "R* INp": 0.005302392610577039,
    "Vmax/K ICp": 0.0019927508542126045,
    "Vmax/K INp": 0.0010664329164969586,
    "Vmax/Vmax Ip": 2.3319558870407384,
    "VmaxICp": 0.0003056242051307,
    "VmaxICp_day_cell": 2.3576724395796862e-08,
    "VmaxINp": 0.0001310591708999,
    "VmaxINp_day_cell": 1.0110278897992286e-08,
    "gammaDp": 0.8980772837788605
}