{
    "E_ROSp": 4.816693247000998e-06,
    "KICp": 0.1445999399790263,
    "KINp": 0.4401706930484198,
    "Mp": 2.463579343869426e-06,
    "VmaxICp": 0.0013219730887924,
    "VmaxINp": 2.186590776203683e-05,
    "gammaDp": 0.108868335306544,
    "omegaP": 0.0028022771785533
}