{
    "KICp": 0.0400212114823841,
    "KINp": 0.6001540113437315,
    "Mp": 4.191568763690909e-06,
    "Mp_day": 0.3621515411828945,
    "R* ICp": 0.00016633274653682527,
    "R* INp": 0.055864524486237306,
    "Vmax/K ICp": 0.025304634787821554,
    "Vmax/K INp": 8.201511272919807e-05,
    "Vmax/Vmax Ip": 20.574709184324938,
    "VmaxICp": 0.0010127221403279,
    "VmaxICp_day_cell": 7.812427939672373e-08,
    "VmaxINp": 4.922169889523655e-05,
    "VmaxINp_day_cell": 3.797102486203963e-09,
    "gammaDp": 0.1458430217922627,
    "gamma_DON2DINp": 2.7716405591830812e-08,
    "gamma_DON2DINp_day_cell": 2.1381227170840913e-12
}