{
    "KICp": 0.1070926456700848,
    "KINp": 0.3083387210248977,
    "Mp": 5.326856216506959e-06,
    "VmaxICp": 0.0009598526759696,
    "VmaxINp": 4.1845565082934414e-05,
    "gammaDp": 0.3197582552428736
}