{
    "KICp": 0.0712352774810266,
    "KINp": 0.0546439022925748,
    "KOCp": 0.1867156869664123,
    "KONp": 0.1252619459553326,
    "Mp": 4.630528602141518e-06,
    "VmaxICp": 0.000114009666109,
    "VmaxINp": 4.0252257668926906e-05,
    "VmaxOCp": 8.431818904110916e-05,
    "VmaxONp": 3.541334313009355e-05,
    "gammaDp": 0.1388383285640835
}