{
    "KICp": 0.306652631315007,
    "KINp": 0.209351087757639,
    "Mp": 4.426743404814081e-06,
    "VmaxICp": 0.0007507346251142,
    "VmaxINp": 6.949715305541668e-05,
    "gammaDp": 0.3262483273445015
}