{
    "E_ROSp": 8.138050685171324e-08,
    "E_ROSp_day": 0.007031275791988024,
    "KICp": 0.1099568189913721,
    "KINp": 0.3694323419421937,
    "Mp": 2.0643748967096955e-06,
    "Mp_day": 0.1783619910757177,
    "R* ICp": 0.0007078076928298671,
    "R* INp": 0.006222596992801291,
    "Vmax/K ICp": 0.0029353503681397507,
    "Vmax/K INp": 0.00033734251979676566,
    "Vmax/Vmax Ip": 2.589858976810208,
    "VmaxICp": 0.0003227617891058,
    "VmaxICp_day_cell": 2.4898766588161717e-08,
    "VmaxINp": 0.0001246252371252,
    "VmaxINp_day_cell": 9.613946863944e-09,
    "gammaDp": 0.2219736671331437,
    "omegaP": 0.0061419698968953
}