{
    "KICp": 0.0537335449875614,
    "KINp": 0.3525564992798183,
    "Mp": 2.4299880650654314e-06,
    "Mp_day": 0.2099509688216533,
    "R* ICp": 0.0002868820982663101,
    "R* INp": 0.007198341770545553,
    "Vmax/K ICp": 0.008515559971813169,
    "Vmax/K INp": 0.0003444685678255257,
    "Vmax/Vmax Ip": 3.767735270431762,
    "VmaxICp": 0.0004575712248397,
    "VmaxICp_day_cell": 3.529835163049115e-08,
    "VmaxINp": 0.0001214446323845,
    "VmaxINp_day_cell": 9.368585926804288e-09,
    "gammaDp": 0.1060017289685726
}