{
    "KICp": 0.0572461847220772,
    "KINp": 0.1263103503101067,
    "Mp": 4.969641180335885e-06,
    "VmaxICp": 0.0001899215484631,
    "VmaxINp": 0.0001583893065107,
    "gammaDp": 0.3748042249638534
}