{
    "KICp": 0.4681761753081782,
    "KINp": 0.7027649709256133,
    "Mp": 7.590706120764029e-06,
    "VmaxICp": 0.0004051492453831,
    "VmaxINp": 5.452832191345993e-05,
    "gammaDp": 0.5395069575249475,
    "gamma_DON2DINp": 3.266869386230247e-09
}