{
    "KICp": 0.1863960384472971,
    "KINp": 0.0442537700257003,
    "Mp": 6.976820484632123e-06,
    "Mp_day": 0.6027972898722154,
    "R* ICp": 0.001866925263829336,
    "R* INp": 0.008092618410723776,
    "Vmax/K ICp": 0.0037744947811813433,
    "Vmax/K INp": 0.0010197763475635563,
    "Vmax/Vmax Ip": 15.589791167595799,
    "VmaxICp": 0.0007035508743522,
    "VmaxICp_day_cell": 5.4273924592884e-08,
    "VmaxINp": 4.512894796272624e-05,
    "VmaxINp_day_cell": 3.4813759856960245e-09,
    "gammaDp": 0.4608286062295634
}