{
    "KICp": 0.4681761753081782,
    "KINp": 0.7027649709256133,
    "Mp": 7.590706120764029e-06,
    "Mp_day": 0.6558370088340121,
    "R* ICp": 0.008939030126485729,
    "R* INp": 0.11365047576817316,
    "Vmax/K ICp": 0.0008653777504086138,
    "Vmax/K INp": 7.75911210281875e-05,
    "Vmax/Vmax Ip": 7.430069937345565,
    "VmaxICp": 0.0004051492453831,
    "VmaxICp_day_cell": 3.125437035812486e-08,
    "VmaxINp": 5.452832191345993e-05,
    "VmaxINp_day_cell": 4.2064705476097665e-09,
    "gammaDp": 0.5395069575249475,
    "gamma_DON2DINp": 3.266869386230247e-09,
    "gamma_DON2DINp_day_cell": 2.520156383663334e-13
}