{
    "KICp": 0.4870744377047366,
    "KINp": 0.2581750472538597,
    "KOCp": 0.2210992074854344,
    "KONp": 0.5672685997827979,
    "Mp": 2.692163182606218e-06,
    "Mp_day": 0.23260289897717723,
    "R* ICp": 0.0088579161985174,
    "R* INp": 0.003960342342390098,
    "Vmax/K ICp": 0.0003094545819683738,
    "Vmax/K INp": 0.0006902080865211732,
    "Vmax/Vmax Ip": 0.8458589461507252,
    "VmaxICp": 0.0001507274165074,
    "VmaxICp_day_cell": 1.1627543559142287e-08,
    "VmaxINp": 0.0001781945053526,
    "VmaxINp_day_cell": 1.3746433270057715e-08,
    "VmaxOCp": 6.676596327101906e-05,
    "VmaxOCp_day_cell": 5.150517166621471e-09,
    "VmaxONp": 6.018634152313683e-06,
    "VmaxONp_day_cell": 4.642946346070556e-10,
    "gammaDp": 0.1761840559241805
}