{
    "KICp": 0.3238610830427206,
    "KINp": 0.1451146591773336,
    "Mp": 4.207594139238379e-06,
    "VmaxICp": 0.0001960208088217,
    "VmaxINp": 0.0001710121828514,
    "gammaDp": 0.4759034792406587,
    "gamma_DON2DINp": 9.987543387350775e-09
}