{
    "E_ROSp": 4.992036966436165e-07,
    "E_ROSp_day": 0.043131199390008465,
    "KICp": 0.5665161488452873,
    "KINp": 0.3936385200704566,
    "Mp": 1.1311502800027708e-06,
    "Mp_day": 0.0977313841922394,
    "R* ICp": 0.0022817334567802596,
    "R* INp": 0.016301725670006196,
    "Vmax/K ICp": 0.0004977383153222458,
    "Vmax/K INp": 7.226195279213073e-05,
    "Vmax/Vmax Ip": 9.913022311535203,
    "VmaxICp": 0.0002819767935291,
    "VmaxICp_day_cell": 2.1752495500816288e-08,
    "VmaxINp": 2.844508815449554e-05,
    "VmaxINp_day_cell": 2.1943353719182276e-09,
    "gammaDp": 0.1195788045172121,
    "omegaP": 0.0638966649509053
}