{
    "KICp": 0.0304897017026078,
    "KINp": 0.2041314666556203,
    "Mp": 3.6172138443548303e-06,
    "VmaxICp": 0.0002702039130019,
    "VmaxINp": 3.6715605018519865e-05,
    "gammaDp": 0.5756771224162421
}