{
    "KICp": 0.0687578651601558,
    "KINp": 0.4810364189876713,
    "KOCp": 0.0342143816773339,
    "KONp": 0.1954703564267599,
    "Mp": 3.469146756315118e-06,
    "Mp_day": 0.2997342797456262,
    "R* ICp": 0.0007539351307598943,
    "R* INp": 0.021561866875882935,
    "Vmax/K ICp": 0.0046518408105789884,
    "Vmax/K INp": 0.00016810450696103975,
    "Vmax/Vmax Ip": 3.955395484036499,
    "VmaxICp": 0.0003198506432003,
    "VmaxICp_day_cell": 2.4674192475451715e-08,
    "VmaxINp": 8.086439004422662e-05,
    "VmaxINp_day_cell": 6.238110089126054e-09,
    "VmaxOCp": 0.0001360222840433,
    "VmaxOCp_day_cell": 1.049314762619743e-08,
    "VmaxONp": 2.5171159157875708e-05,
    "VmaxONp_day_cell": 1.941775135036126e-09,
    "gammaDp": 0.1059767933025639
}