{
    "KICp": 0.0382617553576255,
    "KINp": 0.1994988196042167,
    "KOCp": 0.1774345370492042,
    "KONp": 0.3294256765498184,
    "Mp": 5.191461600723792e-06,
    "Mp_day": 0.4485422823025356,
    "R* ICp": 0.00018919496139786006,
    "R* INp": 0.05535911047726574,
    "Vmax/K ICp": 0.027575428340255788,
    "Vmax/K INp": 0.00011980042645033353,
    "Vmax/Vmax Ip": 44.14570566601453,
    "VmaxICp": 0.0010550842930366,
    "VmaxICp_day_cell": 8.139221689139486e-08,
    "VmaxINp": 2.390004366492332e-05,
    "VmaxINp_day_cell": 1.8437176541512278e-09,
    "VmaxOCp": 0.0001195809326456,
    "VmaxOCp_day_cell": 9.224814804089145e-09,
    "VmaxONp": 1.7858081339106094e-06,
    "VmaxONp_day_cell": 1.3776234175881848e-10,
    "gammaDp": 0.4467991986313582
}