{
    "E_ROSp": 8.897591367084841e-07,
    "KICp": 0.3428559154538729,
    "KINp": 0.2574767319509505,
    "Mp": 2.765676539894084e-06,
    "VmaxICp": 0.0003048630123087,
    "VmaxINp": 3.838807945150617e-05,
    "gammaDp": 0.286747437528391,
    "omegaP": 0.0053485364719725
}