{
    "KICp": 0.0446871301346278,
    "KINp": 0.0731612795414037,
    "Mp": 2.565410291820382e-06,
    "Mp_day": 0.221651449213281,
    "R* ICp": 0.00020495658702707922,
    "R* INp": 0.004089009238833596,
    "Vmax/K ICp": 0.012574255503617163,
    "Vmax/K INp": 0.0006624567964627017,
    "Vmax/Vmax Ip": 11.59380236662961,
    "VmaxICp": 0.0005619073920362,
    "VmaxICp_day_cell": 4.3347141671364005e-08,
    "VmaxINp": 4.846618687011049e-05,
    "VmaxINp_day_cell": 3.738820129979953e-09,
    "gammaDp": 0.2086838863448361,
    "gamma_DON2DINp": 5.032375962735069e-09,
    "gamma_DON2DINp_day_cell": 3.882118599824197e-13
}