{
    "E_ROSp": 6.428675507737247e-07,
    "E_ROSp_day": 0.055543756386849816,
    "KICp": 0.0393676567457188,
    "KINp": 0.6274978158902074,
    "Mp": 2.095261183835174e-06,
    "Mp_day": 0.18103056628335903,
    "R* ICp": 7.538102450393083e-05,
    "R* INp": 0.04751733942565037,
    "Vmax/K ICp": 0.027848827937835708,
    "Vmax/K INp": 4.7433738694174695e-05,
    "Vmax/Vmax Ip": 36.83383276447514,
    "VmaxICp": 0.0010963430990273,
    "VmaxICp_day_cell": 8.457503906782031e-08,
    "VmaxINp": 2.976456743010144e-05,
    "VmaxINp_day_cell": 2.2961237731792544e-09,
    "gammaDp": 0.4378985730876777,
    "omegaP": 0.013168732255976
}