{
    "KICp": 0.0427237383229825,
    "KINp": 0.3153752933710075,
    "Mp": 4.565368945525944e-06,
    "VmaxICp": 0.0002532169038395,
    "VmaxINp": 0.000126829541465,
    "gammaDp": 0.4448129631291167,
    "gamma_DON2DINp": 3.3948991921751625e-08
}