{
    "KICp": 0.0981862871843419,
    "KINp": 0.4271974293184575,
    "KOCp": 0.0540176342394256,
    "KONp": 0.034696312156015,
    "Mp": 5.291440884367455e-06,
    "VmaxICp": 0.0004712366429731,
    "VmaxINp": 0.0001228316724349,
    "VmaxOCp": 1.4813495686240896e-05,
    "VmaxONp": 8.692556118053059e-06,
    "gammaDp": 0.4059695770232568
}