{
    "E_ROSp": 4.91593111244236e-06,
    "E_ROSp_day": 0.42473644811501987,
    "KICp": 0.6490928415904356,
    "KINp": 0.2262714554809638,
    "Mp": 1.087772376463549e-06,
    "Mp_day": 0.09398353332645064,
    "R* ICp": 0.0003859898905253702,
    "R* INp": 0.017771185914448404,
    "Vmax/K ICp": 0.0028198127942561644,
    "Vmax/K INp": 6.601727015396399e-05,
    "Vmax/Vmax Ip": 122.52924678432949,
    "VmaxICp": 0.0018303202993768,
    "VmaxICp_day_cell": 1.41196137380496e-07,
    "VmaxINp": 1.4937823804617424e-05,
    "VmaxINp_day_cell": 1.1523464077847729e-09,
    "gammaDp": 0.6072187777352664,
    "omegaP": 0.0167524298390072
}