{
    "KICp": 0.1269029747810255,
    "KINp": 0.0749013421773546,
    "Mp": 2.5720108193607586e-06,
    "VmaxICp": 0.0002605409183857,
    "VmaxINp": 9.923740579828928e-05,
    "gammaDp": 0.1924269500037755
}