{
    "KICp": 0.1111158650222238,
    "KINp": 0.1109635838437852,
    "KOCp": 0.7131790224216895,
    "KONp": 0.4533865561410166,
    "Mp": 2.856720787521036e-06,
    "Mp_day": 0.2468206760418175,
    "R* ICp": 0.0009448667271665404,
    "R* INp": 0.025785581201490503,
    "Vmax/K ICp": 0.0030491207374962787,
    "Vmax/K INp": 0.00013653219699529285,
    "Vmax/Vmax Ip": 22.36326136906207,
    "VmaxICp": 0.0003388056883041,
    "VmaxICp_day_cell": 2.6136438812030572e-08,
    "VmaxINp": 1.5150101888663377e-05,
    "VmaxINp_day_cell": 1.1687221456968893e-09,
    "VmaxOCp": 1.5947416441205882e-05,
    "VmaxOCp_day_cell": 1.2302292683215968e-09,
    "VmaxONp": 2.3595708597526657e-05,
    "VmaxONp_day_cell": 1.8202403775234853e-09,
    "gammaDp": 0.1512408779541009
}