{
    "KICp": 0.1950933507165957,
    "KINp": 0.2399440255004932,
    "KOCp": 0.0985067946476245,
    "KONp": 0.7023480347052729,
    "Mp": 3.1551056564027403e-06,
    "VmaxICp": 3.819749505419885e-05,
    "VmaxINp": 5.050570281498079e-05,
    "VmaxOCp": 0.0001336165148469,
    "VmaxONp": 1.2206531224193432e-05,
    "gammaDp": 0.5920835981824625
}