{
    "KICp": 0.2822279624405054,
    "KINp": 0.0789885715625544,
    "Mp": 2.510473357852717e-06,
    "Mp_day": 0.21690489811847477,
    "R* ICp": 0.0023413118036031753,
    "R* INp": 0.00107716742245465,
    "Vmax/K ICp": 0.0010811459558537626,
    "Vmax/K INp": 0.0023624077730475352,
    "Vmax/Vmax Ip": 1.635178790996691,
    "VmaxICp": 0.0003051296202214,
    "VmaxICp_day_cell": 2.353857070279372e-08,
    "VmaxINp": 0.0001866032154413,
    "VmaxINp_day_cell": 1.4395105191186001e-08,
    "gammaDp": 0.1302061936806542,
    "gamma_DON2DINp": 3.848714693227997e-09,
    "gamma_DON2DINp_day_cell": 2.9690084776330263e-13
}