{
    "KICp": 0.3896032026504644,
    "KINp": 0.0806519552552796,
    "Mp": 4.034622525962294e-06,
    "VmaxICp": 0.0005132832491933,
    "VmaxINp": 3.647549385932163e-05,
    "gammaDp": 0.2512582528354184,
    "gamma_DON2DINp": 8.649829533517891e-09
}