{
    "KICp": 0.3618761678569183,
    "KINp": 0.1311087152918687,
    "Mp": 4.06089150147395e-06,
    "Mp_day": 0.35086102572734923,
    "R* ICp": 0.002725440093294916,
    "R* INp": 0.00525932972212239,
    "Vmax/K ICp": 0.0015012165471026448,
    "Vmax/K INp": 0.000803104464186831,
    "Vmax/Vmax Ip": 5.15940622765788,
    "VmaxICp": 0.0005432544911889,
    "VmaxICp_day_cell": 4.190820360600086e-08,
    "VmaxINp": 0.0001052939945447,
    "VmaxINp_day_cell": 8.122679579162572e-09,
    "gammaDp": 0.5618925059155502
}