{
    "KICp": 0.0477157254377026,
    "KINp": 0.0332890062291551,
    "Mp": 4.428745519826146e-06,
    "VmaxICp": 0.0003709030629827,
    "VmaxINp": 3.213387008472278e-05,
    "gammaDp": 0.5535741639519074
}