{
    "KICp": 0.3744164891855764,
    "KINp": 0.3270584520985118,
    "Mp": 9.887362618848804e-06,
    "VmaxICp": 0.0026164629509584,
    "VmaxINp": 3.3610391330540453e-05,
    "gammaDp": 0.3441318686990003,
    "gamma_DON2DINp": 1.0726249009965493e-08
}