{
    "KICp": 0.0491787261402618,
    "KINp": 0.0494835799070156,
    "Mp": 8.40622053652336e-06,
    "VmaxICp": 0.0004944204619427,
    "VmaxINp": 0.0003212701074239,
    "gammaDp": 0.8014010300550839
}