{
    "E_ROSp": 2.8341873413351e-06,
    "E_ROSp_day": 0.24487378629135262,
    "KICp": 0.1700014560359816,
    "KINp": 0.0656390652196956,
    "Mp": 4.787259953823341e-07,
    "Mp_day": 0.041361926001033666,
    "R* ICp": 7.638398651119855e-05,
    "R* INp": 0.001214860245145773,
    "Vmax/K ICp": 0.006270176713932904,
    "Vmax/K INp": 0.00040135180048916545,
    "Vmax/Vmax Ip": 40.46176456816238,
    "VmaxICp": 0.0010659391709715,
    "VmaxICp_day_cell": 8.222959318923001e-08,
    "VmaxINp": 2.634435700835059e-05,
    "VmaxINp_day_cell": 2.0322789692156174e-09,
    "gammaDp": 0.2189130489141084,
    "omegaP": 0.0315151088547425
}