{
    "E_ROSp": 1.5175345805763716e-06,
    "KICp": 0.3450237149017859,
    "KINp": 0.09191954502058,
    "Mp": 3.70226995847848e-06,
    "VmaxICp": 0.0001971990177076,
    "VmaxINp": 0.0001086252093332,
    "gammaDp": 0.1380380975716955,
    "omegaP": 0.0928823718744627
}