{
    "KICp": 0.0308533723968106,
    "KINp": 0.055702438366163,
    "KOCp": 0.582551962930903,
    "KONp": 0.1138258232618893,
    "Mp": 4.292548096927748e-06,
    "VmaxICp": 0.0006688162941672,
    "VmaxINp": 2.7861606893774056e-05,
    "VmaxOCp": 2.453077062140418e-05,
    "VmaxONp": 2.2618185343929096e-06,
    "gammaDp": 0.5762747180060894
}