{
    "KICp": 0.1616040686332375,
    "KINp": 0.2857741964084648,
    "KOCp": 0.3569788765103469,
    "KONp": 0.0435069089813486,
    "Mp": 3.016086610766229e-06,
    "Mp_day": 0.2605898831702022,
    "R* ICp": 0.001249923581088384,
    "R* INp": 0.011949416027838772,
    "Vmax/K ICp": 0.002431680241109208,
    "Vmax/K INp": 0.0002629586095738106,
    "Vmax/Vmax Ip": 5.229357700428375,
    "VmaxICp": 0.0003929694205783,
    "VmaxICp_day_cell": 3.031478387318315e-08,
    "VmaxINp": 7.514678533964296e-05,
    "VmaxINp_day_cell": 5.797037726201029e-09,
    "VmaxOCp": 0.0001340487298134,
    "VmaxOCp_day_cell": 1.0340902014176574e-08,
    "VmaxONp": 2.262503109721324e-06,
    "VmaxONp_day_cell": 1.7453595417850217e-10,
    "gammaDp": 0.2912322340750171
}