{
    "KICp": 0.5218198684456644,
    "KINp": 0.2391014060382674,
    "Mp": 2.708426098376082e-06,
    "Mp_day": 0.23400801489969347,
    "R* ICp": 0.0030983586475893735,
    "R* INp": 0.003947305656062274,
    "Vmax/K ICp": 0.0008793390192161289,
    "Vmax/K INp": 0.0006974730422041497,
    "Vmax/Vmax Ip": 2.7514865813849183,
    "VmaxICp": 0.0004588565713265,
    "VmaxICp_day_cell": 3.5397506930901436e-08,
    "VmaxINp": 0.0001667667850648,
    "VmaxINp_day_cell": 1.286486627642743e-08,
    "gammaDp": 0.190348143047665,
    "gamma_DON2DINp": 2.8746927985575742e-09,
    "gamma_DON2DINp_day_cell": 2.2176201588872716e-13
}