{
    "KICp": 0.0289175070166712,
    "KINp": 0.1701629567105994,
    "Mp": 3.2227567936338167e-06,
    "VmaxICp": 0.0002570397103797,
    "VmaxINp": 5.487674360332092e-05,
    "gammaDp": 0.6554210595104659,
    "gamma_DON2DINp": 2.6767806101879594e-09
}