{
    "KICp": 0.5104324581833279,
    "KINp": 0.0399462888663466,
    "Mp": 2.1654558892767454e-06,
    "VmaxICp": 0.0001937311113716,
    "VmaxINp": 0.0001344755671219,
    "gammaDp": 0.7846671458002208
}