{
    "E_ROSp": 2.5783851672018656e-06,
    "E_ROSp_day": 0.22277247844624118,
    "KICp": 0.5568985184114825,
    "KINp": 0.348161579112812,
    "Mp": 1.8082694129328816e-06,
    "Mp_day": 0.15623447727740097,
    "R* ICp": 0.0010763157876604867,
    "R* INp": 0.038645586028607216,
    "Vmax/K ICp": 0.0016833017498887486,
    "Vmax/K INp": 5.1984863221992146e-05,
    "Vmax/Vmax Ip": 51.79409968176896,
    "VmaxICp": 0.0009374282505525,
    "VmaxICp_day_cell": 7.231589361405e-08,
    "VmaxINp": 1.809913206933233e-05,
    "VmaxINp_day_cell": 1.3962187596342083e-09,
    "gammaDp": 0.4918659959188687,
    "omegaP": 0.0196872042822905
}