{
    "KICp": 0.2225873244130799,
    "KINp": 0.0828923506860792,
    "Mp": 3.3850944924824902e-06,
    "VmaxICp": 0.000258867306388,
    "VmaxINp": 0.0001688756415084,
    "gammaDp": 0.6329125719658649
}