{
    "KICp": 0.0548524273831645,
    "KINp": 0.2501182148070116,
    "Mp": 2.0562783253626764e-06,
    "Mp_day": 0.17766244731133524,
    "R* ICp": 0.00013132264046462989,
    "R* INp": 0.010573046152194206,
    "Vmax/K ICp": 0.015695703883623298,
    "Vmax/K INp": 0.0002027042816728212,
    "Vmax/Vmax Ip": 16.981201104695405,
    "VmaxICp": 0.0008609474575041,
    "VmaxICp_day_cell": 6.641594672174487e-08,
    "VmaxINp": 5.070003306574367e-05,
    "VmaxINp_day_cell": 3.911145407928799e-09,
    "gammaDp": 0.8265954575152653
}