{
    "KICp": 0.0330484593690052,
    "KINp": 0.0294225222463201,
    "Mp": 2.657263433622605e-06,
    "Mp_day": 0.22958756066499306,
    "R* ICp": 0.0002756680578102059,
    "R* INp": 0.001069604354681004,
    "Vmax/K ICp": 0.009719764278321009,
    "Vmax/K INp": 0.0025746563089507645,
    "Vmax/Vmax Ip": 4.240409395841065,
    "VmaxICp": 0.0003212232348284,
    "VmaxICp_day_cell": 2.4780078115333716e-08,
    "VmaxINp": 7.575288252673226e-05,
    "VmaxINp_day_cell": 5.843793794919347e-09,
    "gammaDp": 0.1672568367825934,
    "gamma_DON2DINp": 2.175629628720281e-08,
    "gamma_DON2DINp_day_cell": 1.67834285644136e-12
}