{
    "KICp": 0.0700605604856041,
    "KINp": 0.0638374238373382,
    "Mp": 2.4987463301786893e-06,
    "VmaxICp": 0.0002151607922532,
    "VmaxINp": 0.0002151698576244,
    "gammaDp": 0.7043738266551248
}