{
    "KICp": 0.0643367154673108,
    "KINp": 0.0520867430213035,
    "Mp": 5.278745353270688e-06,
    "Mp_day": 0.4560835985225874,
    "R* ICp": 0.0004047330720025115,
    "R* INp": 0.014982406197626228,
    "Vmax/K ICp": 0.013124583960355141,
    "Vmax/K INp": 0.0004536748875002951,
    "Vmax/Vmax Ip": 35.733247613256346,
    "VmaxICp": 0.0008443926238842,
    "VmaxICp_day_cell": 6.513885955678115e-08,
    "VmaxINp": 2.3630447280446644e-05,
    "VmaxINp_day_cell": 1.8229202187773128e-09,
    "gammaDp": 0.1562427413376678,
    "gamma_DON2DINp": 1.4969800708591682e-08,
    "gamma_DON2DINp_day_cell": 1.15481319751993e-12
}