{
    "KICp": 0.0814375363558551,
    "KINp": 0.068457595110187,
    "Mp": 3.839774560608651e-06,
    "VmaxICp": 0.0004450343051558,
    "VmaxINp": 4.199944707130171e-05,
    "gammaDp": 0.1738866039411261
}