{
    "KICp": 0.232195280374588,
    "KINp": 0.0351348044853675,
    "KOCp": 0.087488145251526,
    "KONp": 0.0709864488247496,
    "Mp": 4.342103793331808e-06,
    "VmaxICp": 0.000385986749388,
    "VmaxINp": 2.400692162152787e-05,
    "VmaxOCp": 3.0902055965287705e-05,
    "VmaxONp": 2.303869988715582e-05,
    "gammaDp": 0.1312524526550351
}