{
    "KICp": 0.05005845047403,
    "KINp": 0.2889452066491156,
    "KOCp": 0.1368756000141716,
    "KONp": 0.0750650569991498,
    "Mp": 4.4611628157525e-06,
    "VmaxICp": 0.0001548603829757,
    "VmaxINp": 7.940912266233307e-05,
    "VmaxOCp": 8.025415566304851e-05,
    "VmaxONp": 2.708548936727015e-05,
    "gammaDp": 0.4165319984460051
}