{
    "KICp": 0.0297130885133797,
    "KINp": 0.2048802585695895,
    "Mp": 3.774245854570887e-06,
    "VmaxICp": 0.0021058554340847,
    "VmaxINp": 1.9452052132146347e-05,
    "gammaDp": 0.2209804204518313
}