{
    "KICp": 0.0382617553576255,
    "KINp": 0.1994988196042167,
    "KOCp": 0.1774345370492042,
    "KONp": 0.3294256765498184,
    "Mp": 5.191461600723792e-06,
    "VmaxICp": 0.0010550842930366,
    "VmaxINp": 2.390004366492332e-05,
    "VmaxOCp": 0.0001195809326456,
    "VmaxONp": 1.7858081339106094e-06,
    "gammaDp": 0.4467991986313582
}