{
    "E_ROSp": 6.456255985331768e-06,
    "KICp": 0.1307890827744971,
    "KINp": 0.1254289372088312,
    "Mp": 2.1569840382444183e-06,
    "VmaxICp": 0.0003926703309974,
    "VmaxINp": 3.78495467491309e-05,
    "gammaDp": 0.2099416949839105,
    "omegaP": 0.0025491407238389
}