{
    "KICp": 0.0496122098846224,
    "KINp": 0.5531607834708462,
    "Mp": 2.94085039227537e-06,
    "VmaxICp": 0.000527029510223,
    "VmaxINp": 2.4151523646434888e-05,
    "gammaDp": 0.1573431166545296,
    "gamma_DON2DINp": 5.7003973289183515e-09
}