{
    "KICp": 0.1047749077877339,
    "KINp": 0.1916945302346255,
    "Mp": 3.52535246189095e-06,
    "VmaxICp": 0.0003067702629447,
    "VmaxINp": 5.471944426846777e-05,
    "gammaDp": 0.7407959558702631
}