{
    "KICp": 0.0375927086112205,
    "KINp": 0.0823079034473529,
    "Mp": 4.305376894598499e-06,
    "VmaxICp": 0.000289825186898,
    "VmaxINp": 8.740506061162175e-05,
    "gammaDp": 0.1171780310142584
}