{
    "KICp": 0.2969043706383899,
    "KINp": 0.5020247621297136,
    "Mp": 4.756923722855996e-06,
    "Mp_day": 0.41099820965475803,
    "R* ICp": 0.001134149313005169,
    "R* INp": 0.07285390734132838,
    "Vmax/K ICp": 0.0042102875785795775,
    "Vmax/K INp": 7.476948584054214e-05,
    "Vmax/Vmax Ip": 33.30265193487136,
    "VmaxICp": 0.0012500527837248,
    "VmaxICp_day_cell": 9.643264331591316e-08,
    "VmaxINp": 3.7536133343659154e-05,
    "VmaxINp_day_cell": 2.8956445722251353e-09,
    "gammaDp": 0.4828946926669814
}