{
    "KICp": 0.05005845047403,
    "KINp": 0.2889452066491156,
    "KOCp": 0.1368756000141716,
    "KONp": 0.0750650569991498,
    "Mp": 4.4611628157525e-06,
    "Mp_day": 0.385444467281016,
    "R* ICp": 0.0014848407965907947,
    "R* INp": 0.017199022019166642,
    "Vmax/K ICp": 0.0030935912220463268,
    "Vmax/K INp": 0.00027482415639711434,
    "Vmax/Vmax Ip": 1.9501585936694459,
    "VmaxICp": 0.0001548603829757,
    "VmaxICp_day_cell": 1.1946372400982573e-08,
    "VmaxINp": 7.940912266233307e-05,
    "VmaxINp_day_cell": 6.125846605379981e-09,
    "VmaxOCp": 8.025415566304851e-05,
    "VmaxOCp_day_cell": 6.191034865435172e-09,
    "VmaxONp": 2.708548936727015e-05,
    "VmaxONp_day_cell": 2.0894520369036976e-09,
    "gammaDp": 0.4165319984460051
}