{
    "E_ROSp": 4.003066412382835e-06,
    "KICp": 0.1499025443401471,
    "KINp": 0.1190253651198438,
    "Mp": 1.4961769502075157e-06,
    "VmaxICp": 0.0005227798096377,
    "VmaxINp": 3.060931802972691e-05,
    "gammaDp": 0.6841259193007225,
    "omegaP": 0.0192392901160696
}