{
    "KICp": 0.0399230394235952,
    "KINp": 0.2894790448287626,
    "KOCp": 0.5720467562601514,
    "KONp": 0.2720611830440134,
    "Mp": 3.452430435339188e-06,
    "Mp_day": 0.29828998961330583,
    "R* ICp": 0.0005258371996773632,
    "R* INp": 0.031781758302548216,
    "Vmax/K ICp": 0.006652065195851376,
    "Vmax/K INp": 0.00012055566576162286,
    "Vmax/Vmax Ip": 7.609836710708464,
    "VmaxICp": 0.0002655706610623,
    "VmaxICp_day_cell": 2.048687956766315e-08,
    "VmaxINp": 3.489833897337014e-05,
    "VmaxINp_day_cell": 2.692157577945697e-09,
    "VmaxOCp": 0.0001720616122594,
    "VmaxOCp_day_cell": 1.3273324374296572e-08,
    "VmaxONp": 1.5859074131103805e-05,
    "VmaxONp_day_cell": 1.2234142901137221e-09,
    "gammaDp": 0.3220966118196862
}