{
    "KICp": 0.459224876292786,
    "KINp": 0.0384536215620273,
    "Mp": 3.616340525980975e-06,
    "Mp_day": 0.31245182144475625,
    "R* ICp": 0.002422976380208203,
    "R* INp": 0.004415326000115672,
    "Vmax/K ICp": 0.0015003948047122024,
    "Vmax/K INp": 0.0009130869111045133,
    "Vmax/Vmax Ip": 19.62373146619172,
    "VmaxICp": 0.0006890186185843,
    "VmaxICp_day_cell": 5.315286486221744e-08,
    "VmaxINp": 3.5111498532853416e-05,
    "VmaxINp_day_cell": 2.7086013153915494e-09,
    "gammaDp": 0.1266003539694941
}