{
    "KICp": 0.3332816827091504,
    "KINp": 0.0286641417627857,
    "Mp": 3.874567192966968e-06,
    "VmaxICp": 0.0002701094432002,
    "VmaxINp": 9.92544119117093e-05,
    "gammaDp": 0.2949492793934479,
    "gamma_DON2DINp": 1.0828081856673041e-08
}