{
    "KICp": 0.1505106585018906,
    "KINp": 0.0370579223500225,
    "Mp": 4.667731125782669e-06,
    "VmaxICp": 0.0012130513793575,
    "VmaxINp": 7.075924710461118e-05,
    "gammaDp": 0.1137660017037429
}