{
    "KICp": 0.2969043706383899,
    "KINp": 0.5020247621297136,
    "Mp": 4.756923722855996e-06,
    "VmaxICp": 0.0012500527837248,
    "VmaxINp": 3.7536133343659154e-05,
    "gammaDp": 0.4828946926669814
}