{
    "E_ROSp": 2.627361891432206e-06,
    "KICp": 0.3064438285116653,
    "KINp": 0.3216719465600839,
    "Mp": 4.279380544393605e-06,
    "VmaxICp": 0.0001664582544456,
    "VmaxINp": 0.00012767420372,
    "gammaDp": 0.4713191240683762,
    "omegaP": 0.0099128203341721
}