{
    "KICp": 0.365780857252379,
    "KINp": 0.2491736612685435,
    "Mp": 3.399320082786351e-06,
    "VmaxICp": 0.0023207150936244,
    "VmaxINp": 2.372614720892313e-05,
    "gammaDp": 0.6158097655736954
}