{
    "KICp": 0.2283231956028741,
    "KINp": 0.0442276694905534,
    "KOCp": 0.6737906345497697,
    "KONp": 0.0536086766436166,
    "Mp": 9.080434923606857e-06,
    "VmaxICp": 0.0017295698919422,
    "VmaxINp": 2.2282628219914685e-05,
    "VmaxOCp": 0.0002188515623184,
    "VmaxONp": 2.592393701320567e-05,
    "gammaDp": 0.6967143697633711
}