{
    "E_ROSp": 8.710635461691531e-07,
    "KICp": 0.0409225412641017,
    "KINp": 0.1097708558776899,
    "Mp": 3.597069949997903e-06,
    "VmaxICp": 0.0005991789289269,
    "VmaxINp": 3.4700648472720085e-05,
    "gammaDp": 0.2727117329256086,
    "omegaP": 0.012428499226083
}