{
    "KICp": 0.1501875193241403,
    "KINp": 0.0497848411890633,
    "Mp": 4.340090885015485e-06,
    "VmaxICp": 0.0002146774034757,
    "VmaxINp": 6.283853123523264e-05,
    "gammaDp": 0.1736856660082458,
    "gamma_DON2DINp": 2.8998496379942956e-09
}