{
    "E_ROSp": 8.597126459631376e-08,
    "E_ROSp_day": 0.007427917261121509,
    "KICp": 0.1792682523315833,
    "KINp": 0.1808128929108853,
    "Mp": 4.163544089602792e-06,
    "Mp_day": 0.3597302093416812,
    "R* ICp": 0.0004270867673048857,
    "R* INp": 0.041712713524185804,
    "Vmax/K ICp": 0.009771932993509582,
    "Vmax/K INp": 0.0001228415601894998,
    "Vmax/Vmax Ip": 78.86951070187932,
    "VmaxICp": 0.0017517973496478,
    "VmaxICp_day_cell": 1.3513865268711602e-07,
    "VmaxINp": 2.2211337867550098e-05,
    "VmaxINp_day_cell": 1.7134460640681507e-09,
    "gammaDp": 0.8573803586388481,
    "omegaP": 0.0039162984985364
}