{
    "KICp": 0.1646336052208953,
    "KINp": 0.0514046771584726,
    "Mp": 2.2929188221925755e-06,
    "Mp_day": 0.19810818623743853,
    "R* ICp": 0.0006629307170206894,
    "R* INp": 0.0018828242667429586,
    "Vmax/K ICp": 0.0034726882724975833,
    "Vmax/K INp": 0.0012624134519548626,
    "Vmax/Vmax Ip": 8.810083802775086,
    "VmaxICp": 0.0005717211901096,
    "VmaxICp_day_cell": 4.410420609416915e-08,
    "VmaxINp": 6.489395593825267e-05,
    "VmaxINp_day_cell": 5.006105172379493e-09,
    "gammaDp": 0.7282351792377326
}