{
    "KICp": 0.2501967334545485,
    "KINp": 0.3890665926011702,
    "Mp": 4.646781088903266e-06,
    "VmaxICp": 0.0003634705601934,
    "VmaxINp": 5.207672401919541e-05,
    "gammaDp": 0.5614091812234748
}