{
    "KICp": 0.0668994253732068,
    "KINp": 0.58954376752125,
    "Mp": 2.6524311456144525e-06,
    "Mp_day": 0.2291700509810887,
    "R* ICp": 9.182731393442059e-05,
    "R* INp": 0.01758668697708836,
    "Vmax/K ICp": 0.02892463913949676,
    "Vmax/K INp": 0.00015531952399497643,
    "Vmax/Vmax Ip": 21.132371337799263,
    "VmaxICp": 0.0019350417375597,
    "VmaxICp_day_cell": 1.4927464832603403e-07,
    "VmaxINp": 9.15676573456056e-05,
    "VmaxINp_day_cell": 7.063790709518147e-09,
    "gammaDp": 0.5556486785805064
}