{
    "KICp": 0.1357278931412052,
    "KINp": 0.1192720175847375,
    "KOCp": 0.2118285427280415,
    "KONp": 0.1242855467401577,
    "Mp": 7.281465484831093e-06,
    "VmaxICp": 0.0001228189587186,
    "VmaxINp": 7.807211445366217e-05,
    "VmaxOCp": 0.0002298853540205,
    "VmaxONp": 2.077941795806593e-05,
    "gammaDp": 0.3993684503972456
}