{
    "KICp": 0.1826843294046214,
    "KINp": 0.34485483173658,
    "Mp": 3.278577777959737e-06,
    "VmaxICp": 0.0004237431366517,
    "VmaxINp": 4.555857431521071e-05,
    "gammaDp": 0.1238323609690895
}