{
    "KICp": 0.0774973597278197,
    "KINp": 0.506519215327965,
    "Mp": 3.300551989257576e-06,
    "Mp_day": 0.2851676918718546,
    "R* ICp": 0.00041533359708965326,
    "R* INp": 0.036807861377579916,
    "Vmax/K ICp": 0.007989338560232769,
    "Vmax/K INp": 9.61859007951915e-05,
    "Vmax/Vmax Ip": 12.708385785649167,
    "VmaxICp": 0.0006191526443897,
    "VmaxICp_day_cell": 4.776320399577686e-08,
    "VmaxINp": 4.872000699639388e-05,
    "VmaxINp_day_cell": 3.758400539721814e-09,
    "gammaDp": 0.1130694785814319,
    "gamma_DON2DINp": 2.0921598782967787e-08,
    "gamma_DON2DINp_day_cell": 1.6139519061146581e-12
}