{
    "KICp": 0.1372825167244846,
    "KINp": 0.5944521702041053,
    "Mp": 2.2126948788819263e-06,
    "Mp_day": 0.19117683753539844,
    "R* ICp": 0.0010540966564553892,
    "R* INp": 0.017295374549765305,
    "Vmax/K ICp": 0.002115256324251293,
    "Vmax/K INp": 0.00013165788593728998,
    "Vmax/Vmax Ip": 3.710346253287892,
    "VmaxICp": 0.0002903877117106,
    "VmaxICp_day_cell": 2.2401337760532002e-08,
    "VmaxINp": 7.82643160199066e-05,
    "VmaxINp_day_cell": 6.037532950107081e-09,
    "gammaDp": 0.2561191359990382
}