{
    "KICp": 0.6726570814107545,
    "KINp": 0.0918779683922193,
    "Mp": 2.8367160590201744e-06,
    "VmaxICp": 0.0003121099188885,
    "VmaxINp": 2.7954640207484408e-05,
    "gammaDp": 0.3273265958071489,
    "gamma_DON2DINp": 4.661506466349211e-09
}