{
    "KICp": 0.0868543319375941,
    "KINp": 0.2821360201665903,
    "Mp": 7.74019418828175e-06,
    "Mp_day": 0.6687527778675433,
    "R* ICp": 0.00042831172112855337,
    "R* INp": 0.041996107392185796,
    "Vmax/K ICp": 0.018160521050207646,
    "Vmax/K INp": 0.0002117416840882765,
    "Vmax/Vmax Ip": 26.403098155620363,
    "VmaxICp": 0.0015773199234544,
    "VmaxICp_day_cell": 1.2167896552362515e-07,
    "VmaxINp": 5.973995605203777e-05,
    "VmaxINp_day_cell": 4.608510895442914e-09,
    "gammaDp": 0.1460488147136903
}