{
    "KICp": 0.3637992507904998,
    "KINp": 0.0683853016486735,
    "Mp": 4.456997565700652e-06,
    "VmaxICp": 0.0007322098464579,
    "VmaxINp": 6.359873251879163e-05,
    "gammaDp": 0.359450328593448,
    "gamma_DON2DINp": 2.26650833863686e-08
}