{
    "KICp": 0.0324102416319235,
    "KINp": 0.1409201429921887,
    "KOCp": 0.167235836147789,
    "KONp": 0.2744778309875582,
    "Mp": 3.5230891875650883e-06,
    "Mp_day": 0.3043949058056236,
    "R* ICp": 0.00031138973401048414,
    "R* INp": 0.010138137163979294,
    "Vmax/K ICp": 0.011422785611581023,
    "Vmax/K INp": 0.00037250914194300063,
    "Vmax/Vmax Ip": 7.052519311909265,
    "VmaxICp": 0.000370215241781,
    "VmaxICp_day_cell": 2.8559461508820006e-08,
    "VmaxINp": 5.2494041548505165e-05,
    "VmaxINp_day_cell": 4.049540348027542e-09,
    "VmaxOCp": 0.0001175954184219,
    "VmaxOCp_day_cell": 9.071646563975144e-09,
    "VmaxONp": 4.220837624349558e-06,
    "VmaxONp_day_cell": 3.2560747387839453e-10,
    "gammaDp": 0.1979751436724157
}