{
    "KICp": 0.0304897017026078,
    "KINp": 0.2041314666556203,
    "Mp": 3.6172138443548303e-06,
    "Mp_day": 0.31252727615225734,
    "R* ICp": 0.00041370320221319456,
    "R* INp": 0.02230885372554043,
    "Vmax/K ICp": 0.008862136981116785,
    "Vmax/K INp": 0.00017986254456526724,
    "Vmax/Vmax Ip": 7.3593751993356875,
    "VmaxICp": 0.0002702039130019,
    "VmaxICp_day_cell": 2.0844301860146574e-08,
    "VmaxINp": 3.6715605018519865e-05,
    "VmaxINp_day_cell": 2.832346672857247e-09,
    "gammaDp": 0.5756771224162421
}