{
    "KICp": 0.2129779632737072,
    "KINp": 0.0820603307981497,
    "Mp": 3.7838153222289488e-06,
    "Mp_day": 0.3269216438405812,
    "R* ICp": 0.0006399065422976746,
    "R* INp": 0.0047480566962839555,
    "Vmax/K ICp": 0.005930841142732153,
    "Vmax/K INp": 0.0008430288962131652,
    "Vmax/Vmax Ip": 18.258926347293965,
    "VmaxICp": 0.001263138467079,
    "VmaxICp_day_cell": 9.744211031752288e-08,
    "VmaxINp": 6.917923009565135e-05,
    "VmaxINp_day_cell": 5.336683464521677e-09,
    "gammaDp": 0.4555106702655921,
    "gamma_DON2DINp": 3.8256586676356745e-08,
    "gamma_DON2DINp_day_cell": 2.9512224007475206e-12
}