{
    "KICp": 0.0694323554404144,
    "KINp": 0.1345604227179344,
    "Mp": 2.929779416484892e-06,
    "VmaxICp": 0.0003877066250707,
    "VmaxINp": 0.0001964961358305,
    "gammaDp": 0.1340836657095723
}