{
    "E_ROSp": 2.0143883296214927e-06,
    "E_ROSp_day": 0.17404315167929696,
    "KICp": 0.0556586930150059,
    "KINp": 0.3670245892891292,
    "Mp": 2.555809669881263e-06,
    "Mp_day": 0.2208219554777411,
    "R* ICp": 0.0006844640835634633,
    "R* INp": 0.018438744807867797,
    "Vmax/K ICp": 0.0037799496882396874,
    "Vmax/K INp": 0.00014557441965448882,
    "Vmax/Vmax Ip": 3.937665263816656,
    "VmaxICp": 0.0002103870593099,
    "VmaxICp_day_cell": 1.622985886104943e-08,
    "VmaxINp": 5.3429391584692094e-05,
    "VmaxINp_day_cell": 4.121695922247676e-09,
    "gammaDp": 0.7728573293628475,
    "omegaP": 0.0024475754361282
}