{
    "KICp": 0.046568751854008,
    "KINp": 0.118034077187026,
    "Mp": 3.923618624696806e-06,
    "VmaxICp": 0.0003399738692082,
    "VmaxINp": 5.674394298470645e-05,
    "gammaDp": 0.1644721074202616
}