{
    "KICp": 0.6579766267023558,
    "KINp": 0.4081921071086777,
    "KOCp": 0.0713019221265465,
    "KONp": 0.1194347123047861,
    "Mp": 2.153379700518438e-06,
    "VmaxICp": 3.932642529920693e-05,
    "VmaxINp": 0.0001265045040897,
    "VmaxOCp": 8.834163659557371e-05,
    "VmaxONp": 1.845890382968629e-05,
    "gammaDp": 0.2531710315506783
}