{
    "E_ROSp": 4.874172928083937e-07,
    "KICp": 0.0442526507497177,
    "KINp": 0.0326681968028451,
    "Mp": 1.910502820995829e-06,
    "VmaxICp": 0.0002686813433407,
    "VmaxINp": 4.885459059481855e-05,
    "gammaDp": 0.625816688259043,
    "omegaP": 0.0163165382616553
}