{
    "KICp": 0.043216399538243,
    "KINp": 0.071229783479792,
    "KOCp": 0.1818089718314194,
    "KONp": 0.0853239061422969,
    "Mp": 3.649064573585496e-06,
    "VmaxICp": 0.0002420723181494,
    "VmaxINp": 0.0001819395236445,
    "VmaxOCp": 1.1663784000580404e-05,
    "VmaxONp": 1.0275999499652984e-05,
    "gammaDp": 0.3461264915991438
}