{
    "E_ROSp": 6.426661996225939e-06,
    "KICp": 0.0310333626503345,
    "KINp": 0.2923279383548701,
    "Mp": 1.083838811411836e-06,
    "VmaxICp": 0.0002924680600208,
    "VmaxINp": 4.341726239710603e-05,
    "gammaDp": 0.8350632336575436,
    "omegaP": 0.0096436054743668
}