{
    "KICp": 0.3727194564975141,
    "KINp": 0.1513081256464159,
    "KOCp": 0.0916719341494775,
    "KONp": 0.0545065687988699,
    "Mp": 3.926000268063069e-06,
    "Mp_day": 0.3392064231606492,
    "R* ICp": 0.00717930059041194,
    "R* INp": 0.013047839436894405,
    "Vmax/K ICp": 0.0005573833561521777,
    "Vmax/K INp": 0.0003268398034056432,
    "Vmax/Vmax Ip": 4.200866385238184,
    "VmaxICp": 0.0002077476215658,
    "VmaxICp_day_cell": 1.602624509221886e-08,
    "VmaxINp": 4.945351803995094e-05,
    "VmaxINp_day_cell": 3.814985677367645e-09,
    "VmaxOCp": 0.0001966045782147,
    "VmaxOCp_day_cell": 1.5166638890848287e-08,
    "VmaxONp": 1.0791990585237764e-05,
    "VmaxONp_day_cell": 8.325249880040562e-10,
    "gammaDp": 0.243130495189418
}