{
    "KICp": 0.0341417425017504,
    "KINp": 0.1888131715798765,
    "Mp": 4.438429422518936e-06,
    "Mp_day": 0.3834803021056361,
    "R* ICp": 0.00012943900343023913,
    "R* INp": 0.04903290506931354,
    "Vmax/K ICp": 0.034419737373444004,
    "Vmax/K INp": 0.0001140263960735706,
    "Vmax/Vmax Ip": 54.58276718070425,
    "VmaxICp": 0.001175149810382,
    "VmaxICp_day_cell": 9.065441394375429e-08,
    "VmaxINp": 2.152968548647404e-05,
    "VmaxINp_day_cell": 1.660861451813712e-09,
    "gammaDp": 0.1007192669250858
}