{
    "KICp": 0.1269029747810255,
    "KINp": 0.0749013421773546,
    "Mp": 2.5720108193607586e-06,
    "Mp_day": 0.22222173479276955,
    "R* ICp": 0.001265252573362653,
    "R* INp": 0.0019929268639184918,
    "Vmax/K ICp": 0.002053071796270106,
    "Vmax/K INp": 0.0013249082448123656,
    "Vmax/Vmax Ip": 2.625430565116519,
    "VmaxICp": 0.0002605409183857,
    "VmaxICp_day_cell": 2.0098870846896858e-08,
    "VmaxINp": 9.923740579828928e-05,
    "VmaxINp_day_cell": 7.655457018725174e-09,
    "gammaDp": 0.1924269500037755
}