{
    "KICp": 0.0981862871843419,
    "KINp": 0.4271974293184575,
    "KOCp": 0.0540176342394256,
    "KONp": 0.034696312156015,
    "Mp": 5.291440884367455e-06,
    "Mp_day": 0.4571804924093481,
    "R* ICp": 0.0011150387040417058,
    "R* INp": 0.019231627446816276,
    "Vmax/K ICp": 0.0047994140168307504,
    "Vmax/K INp": 0.0002875290533252114,
    "Vmax/Vmax Ip": 3.8364424552051295,
    "VmaxICp": 0.0004712366429731,
    "VmaxICp_day_cell": 3.6352541029353434e-08,
    "VmaxINp": 0.0001228316724349,
    "VmaxINp_day_cell": 9.475586159263716e-09,
    "VmaxOCp": 1.4813495686240896e-05,
    "VmaxOCp_day_cell": 1.142755381510012e-09,
    "VmaxONp": 8.692556118053059e-06,
    "VmaxONp_day_cell": 6.705686148212361e-10,
    "gammaDp": 0.4059695770232568
}