{
    "KICp": 0.1580778048045011,
    "KINp": 0.0356902040673112,
    "KOCp": 0.1454774593711862,
    "KONp": 0.2799644432830737,
    "Mp": 3.306872324060202e-06,
    "VmaxICp": 0.0002019846209605,
    "VmaxINp": 9.315170118406782e-05,
    "VmaxOCp": 1.2344135061899364e-05,
    "VmaxONp": 2.8809759653226704e-05,
    "gammaDp": 0.1749712905760479
}