{
    "KICp": 0.1176088272290956,
    "KINp": 0.0777077994435513,
    "Mp": 2.9825833731619944e-06,
    "VmaxICp": 0.0004287103340725,
    "VmaxINp": 9.160654778216569e-05,
    "gammaDp": 0.1591581239730019
}