{
    "KICp": 0.0492164484033993,
    "KINp": 0.1344523101006439,
    "Mp": 3.905460250349312e-06,
    "VmaxICp": 0.0007016917162302,
    "VmaxINp": 3.824297571083096e-05,
    "gammaDp": 0.3359592627529659,
    "gamma_DON2DINp": 3.0001946495045382e-09
}