{
    "KICp": 0.0544970509012753,
    "KINp": 0.0336080037536552,
    "KOCp": 0.0480115064743368,
    "KONp": 0.2632374158598636,
    "Mp": 4.686604510897883e-06,
    "Mp_day": 0.40492262974157706,
    "R* ICp": 0.0002584631854034953,
    "R* INp": 0.006887942353964022,
    "Vmax/K ICp": 0.01821857787855023,
    "Vmax/K INp": 0.000819856105493275,
    "Vmax/Vmax Ip": 36.033555948431854,
    "VmaxICp": 0.0009928587659962,
    "VmaxICp_day_cell": 7.659196194827829e-08,
    "VmaxINp": 2.755372707087512e-05,
    "VmaxINp_day_cell": 2.1255732311817953e-09,
    "VmaxOCp": 1.847205318363613e-05,
    "VmaxOCp_day_cell": 1.4249869598805015e-09,
    "VmaxONp": 2.848889295944528e-06,
    "VmaxONp_day_cell": 2.1977145997286361e-10,
    "gammaDp": 0.1563756793832633
}