{
    "KICp": 0.4637554201159371,
    "KINp": 0.3513174595868921,
    "Mp": 2.585134735753532e-06,
    "VmaxICp": 0.0002100011835115,
    "VmaxINp": 9.547098437974008e-05,
    "gammaDp": 0.1657916358733716,
    "gamma_DON2DINp": 1.838644921074557e-08
}