{
    "KICp": 0.1640545214499087,
    "KINp": 0.2755032056865065,
    "Mp": 4.860147096367411e-06,
    "VmaxICp": 0.0013380409251327,
    "VmaxINp": 2.353168845323752e-05,
    "gammaDp": 0.2259245284604894,
    "gamma_DON2DINp": 1.019961684853918e-08
}