{
    "E_ROSp": 8.597126459631376e-08,
    "KICp": 0.1792682523315833,
    "KINp": 0.1808128929108853,
    "Mp": 4.163544089602792e-06,
    "VmaxICp": 0.0017517973496478,
    "VmaxINp": 2.2211337867550098e-05,
    "gammaDp": 0.8573803586388481,
    "omegaP": 0.0039162984985364
}