{
    "KICp": 0.0723240736263516,
    "KINp": 0.2294736797820155,
    "Mp": 3.643583979595563e-06,
    "VmaxICp": 0.0013039880401941,
    "VmaxINp": 4.391095619785868e-05,
    "gammaDp": 0.1733951924000557
}