{
    "E_ROSp": 3.4880128913988155e-06,
    "KICp": 0.0780417147574553,
    "KINp": 0.0857643420689898,
    "Mp": 2.3134136680068243e-06,
    "VmaxICp": 0.0002317828290005,
    "VmaxINp": 0.0002648386735651,
    "gammaDp": 0.2985326901075519,
    "omegaP": 0.0262467453319191
}