{
    "E_ROSp": 7.765127149952698e-07,
    "E_ROSp_day": 0.06709069857559131,
    "KICp": 0.0677183065259513,
    "KINp": 0.0358286732525933,
    "Mp": 2.9393762545913423e-06,
    "Mp_day": 0.253962108396692,
    "R* ICp": 0.0003913852580583915,
    "R* INp": 0.002095625230614841,
    "Vmax/K ICp": 0.007553592364266735,
    "Vmax/K INp": 0.001484664733628564,
    "Vmax/Vmax Ip": 9.616134165798465,
    "VmaxICp": 0.0005115164830955,
    "VmaxICp_day_cell": 3.945984298165286e-08,
    "VmaxINp": 5.3193567630826285e-05,
    "VmaxINp_day_cell": 4.1035037886637425e-09,
    "gammaDp": 0.1462246443314052,
    "omegaP": 0.0226168691797476
}