{
    "KICp": 0.4683715571595447,
    "KINp": 0.0310568531372256,
    "Mp": 4.827822738708322e-06,
    "VmaxICp": 0.0009865099336997,
    "VmaxINp": 5.801965300115089e-05,
    "gammaDp": 0.8603185226328278
}