{
    "KICp": 0.2200959602480383,
    "KINp": 0.1403888767896995,
    "Mp": 3.708203418509384e-06,
    "VmaxICp": 0.0009436637765134,
    "VmaxINp": 3.192014964891938e-05,
    "gammaDp": 0.3650486418993764
}