{
    "KICp": 0.0289175070166712,
    "KINp": 0.1701629567105994,
    "Mp": 3.2227567936338167e-06,
    "Mp_day": 0.27844618696996176,
    "R* ICp": 0.0003671704780797069,
    "R* INp": 0.010616679536942468,
    "Vmax/K ICp": 0.008888723022752766,
    "Vmax/K INp": 0.0003224952402340495,
    "Vmax/Vmax Ip": 4.6839461218348415,
    "VmaxICp": 0.0002570397103797,
    "VmaxICp_day_cell": 1.982877765786257e-08,
    "VmaxINp": 5.487674360332092e-05,
    "VmaxINp_day_cell": 4.233348792256186e-09,
    "gammaDp": 0.6554210595104659,
    "gamma_DON2DINp": 2.6767806101879594e-09,
    "gamma_DON2DINp_day_cell": 2.0649450421449975e-13
}