{
    "KICp": 0.1957028123143267,
    "KINp": 0.1521548028854118,
    "KOCp": 0.0344709960810907,
    "KONp": 0.0735773229179201,
    "Mp": 4.930829766991771e-06,
    "VmaxICp": 0.0006057838623248,
    "VmaxINp": 3.5013100158378714e-05,
    "VmaxOCp": 1.3943838918446763e-05,
    "VmaxONp": 2.592039251521145e-05,
    "gammaDp": 0.4001460422326406
}