{
    "KICp": 0.0295027485797197,
    "KINp": 0.052320413186636,
    "Mp": 4.6332056365100295e-06,
    "VmaxICp": 0.000164889759909,
    "VmaxINp": 0.0001455684405283,
    "gammaDp": 0.7709973504580833
}