{
    "KICp": 0.0614002976887012,
    "KINp": 0.0943581439649919,
    "Mp": 4.156269361715399e-06,
    "VmaxICp": 0.000269131344678,
    "VmaxINp": 3.947478243235519e-05,
    "gammaDp": 0.2380481234633068
}