{
    "KICp": 0.1074080777794521,
    "KINp": 0.1195559182557684,
    "KOCp": 0.0831807179300033,
    "KONp": 0.0294211792953199,
    "Mp": 4.424922251487442e-06,
    "VmaxICp": 0.0009583501898002,
    "VmaxINp": 5.811285218385843e-05,
    "VmaxOCp": 3.339409035740618e-05,
    "VmaxONp": 5.237453840972404e-06,
    "gammaDp": 0.5864429073434386
}