{
    "KICp": 0.2182837926262557,
    "KINp": 0.095693119045162,
    "KOCp": 0.0736719230414049,
    "KONp": 0.0578177724649143,
    "Mp": 2.874546234669278e-06,
    "Mp_day": 0.24836079467542563,
    "R* ICp": 0.0030471911992924912,
    "R* INp": 0.0009210220603393906,
    "Vmax/K ICp": 0.0009565117657048905,
    "Vmax/K INp": 0.0031510787199222857,
    "Vmax/Vmax Ip": 0.6924235724373645,
    "VmaxICp": 0.0002087910159097,
    "VmaxICp_day_cell": 1.6106735513034e-08,
    "VmaxINp": 0.0003015365510662,
    "VmaxINp_day_cell": 2.3261391082249716e-08,
    "VmaxOCp": 1.135971387374557e-05,
    "VmaxOCp_day_cell": 8.76320784546087e-10,
    "VmaxONp": 3.4684427024440055e-05,
    "VmaxONp_day_cell": 2.675655799028233e-09,
    "gammaDp": 0.1014955522631187
}