{
    "KICp": 0.1465334360423513,
    "KINp": 0.071345988704098,
    "KOCp": 0.0547108528297526,
    "KONp": 0.5148105486625989,
    "Mp": 2.6116203934721085e-06,
    "VmaxICp": 0.0001029150565094,
    "VmaxINp": 0.0001423330017474,
    "VmaxOCp": 0.0002185045361576,
    "VmaxONp": 3.448710020586359e-05,
    "gammaDp": 0.1086384953341349
}