{
    "KICp": 0.0713715911032033,
    "KINp": 0.0446391914043023,
    "Mp": 2.239300627151295e-06,
    "Mp_day": 0.19347557418587188,
    "R* ICp": 0.0003777747335411402,
    "R* INp": 0.001749411717037947,
    "Vmax/K ICp": 0.005958983487501536,
    "Vmax/K INp": 0.0013301951088229914,
    "Vmax/Vmax Ip": 7.1625207792892125,
    "VmaxICp": 0.0004253021328607,
    "VmaxICp_day_cell": 3.280902167782543e-08,
    "VmaxINp": 5.937883406781624e-05,
    "VmaxINp_day_cell": 4.580652913802968e-09,
    "gammaDp": 0.5410863724044793
}