{
    "KICp": 0.033280827005993,
    "KINp": 0.2385816826014525,
    "Mp": 2.1433335447205608e-06,
    "VmaxICp": 0.0002292046845697,
    "VmaxINp": 7.278453042891573e-05,
    "gammaDp": 0.3390214725254406
}