{
    "KICp": 0.0709758736789355,
    "KINp": 0.3416610216560086,
    "Mp": 3.129997502926173e-06,
    "VmaxICp": 0.0003244291608623,
    "VmaxINp": 0.0001186227487459,
    "gammaDp": 0.4564524573668733
}