{
    "E_ROSp": 4.874172928083937e-07,
    "E_ROSp_day": 0.042112854098645215,
    "KICp": 0.0442526507497177,
    "KINp": 0.0326681968028451,
    "Mp": 1.910502820995829e-06,
    "Mp_day": 0.16506744373403962,
    "R* ICp": 0.0003169192477302789,
    "R* INp": 0.0013295110227594083,
    "Vmax/K ICp": 0.006071531056078352,
    "Vmax/K INp": 0.0014954786421074752,
    "Vmax/Vmax Ip": 5.4996130367572045,
    "VmaxICp": 0.0002686813433407,
    "VmaxICp_day_cell": 2.0726846486282573e-08,
    "VmaxINp": 4.885459059481855e-05,
    "VmaxINp_day_cell": 3.76878270302886e-09,
    "gammaDp": 0.625816688259043,
    "omegaP": 0.0163165382616553
}