{
    "KICp": 0.421661935180838,
    "KINp": 0.0568730879256386,
    "Mp": 3.570232071359504e-06,
    "Mp_day": 0.30846805096546115,
    "R* ICp": 0.008763060295640569,
    "R* INp": 0.001816149112798985,
    "Vmax/K ICp": 0.00041588545613772824,
    "Vmax/K INp": 0.0020286008299716307,
    "Vmax/Vmax Ip": 1.5199689729946249,
    "VmaxICp": 0.0001753630662486,
    "VmaxICp_day_cell": 1.3528007967749146e-08,
    "VmaxINp": 0.000115372793369,
    "VmaxINp_day_cell": 8.900186917037145e-09,
    "gammaDp": 0.437638546178588
}