{
    "KICp": 0.3102404227156163,
    "KINp": 0.3536977079661865,
    "Mp": 3.0601896932800106e-06,
    "Mp_day": 0.26440038949939293,
    "R* ICp": 0.00038966115156728517,
    "R* INp": 0.024369779377546367,
    "Vmax/K ICp": 0.007863327588928352,
    "Vmax/K INp": 0.0001342251308729094,
    "Vmax/Vmax Ip": 51.38527330734792,
    "VmaxICp": 0.0024395220751405,
    "VmaxICp_day_cell": 1.8819170293941002e-07,
    "VmaxINp": 4.747512114120947e-05,
    "VmaxINp_day_cell": 3.66236648803616e-09,
    "gammaDp": 0.1922173524303248,
    "gamma_DON2DINp": 9.06909654912246e-09,
    "gamma_DON2DINp_day_cell": 6.996160195037327e-13
}