{
    "KICp": 0.2826134267253287,
    "KINp": 0.0506110415704873,
    "Mp": 3.3096245111234543e-06,
    "Mp_day": 0.28595155776106645,
    "R* ICp": 0.0007210673712485899,
    "R* INp": 0.004730056390684712,
    "Vmax/K ICp": 0.004601607154800997,
    "Vmax/K INp": 0.0007650941865598435,
    "Vmax/Vmax Ip": 33.58475259614397,
    "VmaxICp": 0.0013004759664621,
    "VmaxICp_day_cell": 1.0032243169850488e-07,
    "VmaxINp": 3.872221368131841e-05,
    "VmaxINp_day_cell": 2.9871421982731347e-09,
    "gammaDp": 0.1571865096323038
}