{
    "KICp": 0.4346256572175472,
    "KINp": 0.137081633765646,
    "Mp": 4.461402657066921e-06,
    "VmaxICp": 0.0007255960309849,
    "VmaxINp": 3.1322737673854e-05,
    "gammaDp": 0.5380383681293823
}