{
    "KICp": 0.1505766017674044,
    "KINp": 0.0498804322544333,
    "KOCp": 0.2768021164841659,
    "KONp": 0.2518172591894635,
    "Mp": 3.8294040537195125e-06,
    "Mp_day": 0.33086051024136587,
    "R* ICp": 0.0005908289287597814,
    "R* INp": 0.004498158674226971,
    "Vmax/K ICp": 0.006506840799680567,
    "Vmax/K INp": 0.0009280986969645039,
    "Vmax/Vmax Ip": 21.164270401671683,
    "VmaxICp": 0.0009797779758574,
    "VmaxICp_day_cell": 7.558287242328515e-08,
    "VmaxINp": 4.629396417936576e-05,
    "VmaxINp_day_cell": 3.571248665265359e-09,
    "VmaxOCp": 2.794566214407589e-05,
    "VmaxOCp_day_cell": 2.155808222542998e-09,
    "VmaxONp": 2.601326157517433e-06,
    "VmaxONp_day_cell": 2.0067373215134487e-10,
    "gammaDp": 0.4704463096375508
}