{
    "E_ROSp": 1.4795129229137368e-06,
    "E_ROSp_day": 0.12782991653974687,
    "KICp": 0.0403258010698312,
    "KINp": 0.3688432273089099,
    "Mp": 4.1541173083993467e-07,
    "Mp_day": 0.03589157354457036,
    "R* ICp": 9.504851009951802e-06,
    "R* INp": 0.011692106101276242,
    "Vmax/K ICp": 0.04371553468484834,
    "Vmax/K INp": 3.6655502993537826e-05,
    "Vmax/Vmax Ip": 130.3880532836315,
    "VmaxICp": 0.0017628639553625,
    "VmaxICp_day_cell": 1.3599236227082145e-07,
    "VmaxINp": 1.35201340227679e-05,
    "VmaxINp_day_cell": 1.0429817674706666e-09,
    "gammaDp": 0.4609700428499623,
    "omegaP": 0.040659597552145
}