{
    "KICp": 0.6069493795986709,
    "KINp": 0.3789953437978132,
    "Mp": 2.6450306787534424e-06,
    "VmaxICp": 0.0001713696192949,
    "VmaxINp": 0.000122578477298,
    "gammaDp": 0.340912276781625
}