{
    "KICp": 37.0,
    "KINp": 0.02,
    "KOCp": 0.0852472611688843,
    "KONp": 0.7597152462653722,
    "Koverflowp": 1.157407407407407e-06,
    "Mp": 5.617280335519175e-06,
    "VmaxICp": 1.7641462442405583e-05,
    "VmaxINp": 3.5640439944111886e-05,
    "VmaxOCp": 1.851851851851852e-06,
    "VmaxONp": 9.39231194485021e-06,
    "gammaDp": 0.1390672726951135
}