{
    "KICp": 41.00029071037996,
    "KINp": 0.0069110559229988,
    "Koverflowp": 1.157407407407407e-06,
    "Mp": 4.92077203175194e-06,
    "VmaxICp": 2.932406404032677e-05,
    "VmaxINp": 2.472689109192412e-05,
    "gammaDp": 0.8929057751431037
}