{
    "KICp": 95.84412830556224,
    "KINp": 0.02,
    "Koverflowp": 4.314692708857739e-06,
    "Mp": 3.492745742474684e-06,
    "VmaxICp": 2.433814332892105e-05,
    "VmaxINp": 3.598128137830642e-05,
    "gammaDp": 0.7314690999905329
}