{
    "KICp": 7.892883619610914,
    "KINp": 0.1711186369041651,
    "Koverflowp": 7.471025683160206e-06,
    "Mp": 2.842564462385369e-06,
    "VmaxICp": 2.833418166043839e-05,
    "VmaxINp": 1.4722285008603858e-05,
    "gammaDp": 0.8
}