{
    "KICp": 7.574670052311972,
    "KINp": 0.0188042140318017,
    "Koverflowp": 1.6885407716702545e-07,
    "Mp": 5.865073468831807e-06,
    "VmaxICp": 3.91802406563163e-05,
    "VmaxINp": 1.814488206737232e-05,
    "gammaDp": 0.1711901187387116
}