{
    "KICp": 37.0,
    "KINp": 0.0048320390538,
    "Koverflowp": 1.880925051399688e-06,
    "Mp": 3.82272070186263e-06,
    "VmaxICp": 2.934795642823065e-05,
    "VmaxINp": 2.13748061580666e-05,
    "gammaDp": 0.8
}