{
    "KICp": 4.755386905368162,
    "KINp": 0.0133844834331516,
    "Koverflowp": 6.202085303458687e-07,
    "Mp": 6.660495276828209e-06,
    "VmaxICp": 1.8680765344423068e-05,
    "VmaxINp": 4.981840879679831e-05,
    "gammaDp": 0.2333224352839814
}