{
    "KICp": 9.067396764438568,
    "KINp": 0.02,
    "Koverflowp": 3.0047324888678576e-06,
    "Mp": 3.022881021843747e-06,
    "VmaxICp": 2.335191614061446e-05,
    "VmaxINp": 2.6357257967009552e-05,
    "gammaDp": 0.2270454063666437
}