{
    "KICp": 295.7996888785081,
    "KINp": 0.1784514447505407,
    "Koverflowp": 2.590310687265232e-07,
    "Mp": 7.238026441083754e-06,
    "VmaxICp": 4.713968486074108e-05,
    "VmaxINp": 2.241357325716689e-05,
    "gammaDp": 0.5933202285679487
}