{
    "KICp": 12.451409299175843,
    "KINp": 0.0229547660046857,
    "Koverflowp": 7.73421994291061e-06,
    "Mp": 2.7741171484339034e-06,
    "VmaxICp": 2.6446040902366144e-05,
    "VmaxINp": 1.6740163596408226e-05,
    "gammaDp": 0.4016587118244515
}