{
    "KICp": 10.476429197761254,
    "KINp": 0.0022372389522555,
    "Koverflowp": 3.0739014625231944e-06,
    "Mp": 2.7741171484339034e-06,
    "VmaxICp": 2.371065036393663e-05,
    "VmaxINp": 1.6740163596408226e-05,
    "gammaDp": 0.4592097691111836
}