{
    "KICp": 192.11168773748804,
    "KINp": 0.0818586042183665,
    "Koverflowp": 1.157407407407407e-06,
    "Mp": 9.070800413449202e-06,
    "VmaxICp": 4.595528237389871e-05,
    "VmaxINp": 3.240093055600755e-05,
    "gammaDp": 0.1004388124223154
}