{
    "KICp": 37.0,
    "KINp": 0.0032908277803166,
    "Koverflowp": 3.311699963439424e-07,
    "Mp": 3.701701444760364e-06,
    "VmaxICp": 2.0380131689213297e-05,
    "VmaxINp": 1.7340671818401115e-05,
    "gammaDp": 0.6015643366394852
}