{
    "KICp": 170.42602152637858,
    "KINp": 0.1440056913245879,
    "Koverflowp": 1.5284495807900146e-06,
    "Mp": 3.1018172496085067e-06,
    "VmaxICp": 2.0760024384528008e-05,
    "VmaxINp": 2.7361757413149355e-05,
    "gammaDp": 0.8
}