{
    "KICp": 146.5085476034673,
    "KINp": 0.1572723772514007,
    "Koverflowp": 3.86268562729279e-06,
    "Mp": 6.1429090751266925e-06,
    "VmaxICp": 3.701417380562926e-05,
    "VmaxINp": 2.3858262530299465e-05,
    "gammaDp": 0.8
}