{
    "KICp": 37.0,
    "KINp": 0.0038952137250779,
    "Koverflowp": 3.238958492638705e-07,
    "Mp": 6.336151508718621e-06,
    "VmaxICp": 4.713968486074108e-05,
    "VmaxINp": 1.7431523352873963e-05,
    "gammaDp": 0.423760978038279
}