{
    "KICp": 44.21686419341217,
    "KINp": 0.0129522476092177,
    "Koverflowp": 5.835844494793636e-07,
    "Mp": 3.473451027781531e-06,
    "VmaxICp": 3.5362843460757325e-05,
    "VmaxINp": 2.508100221466807e-05,
    "gammaDp": 0.1690006177450777
}