{
    "KICp": 228.56984862796529,
    "KINp": 0.02,
    "Koverflowp": 4.271421878563278e-06,
    "Mp": 3.351074725874461e-06,
    "VmaxICp": 2.934795642823065e-05,
    "VmaxINp": 2.2354059319176785e-05,
    "gammaDp": 0.2117294405795909
}