{
    "KICp": 60.50830233417602,
    "KINp": 0.02,
    "Koverflowp": 2.966950646355363e-06,
    "Mp": 5.113218412966664e-06,
    "VmaxICp": 3.91802406563163e-05,
    "VmaxINp": 1.814488206737232e-05,
    "gammaDp": 0.3473634550819857
}