{
    "KICp": 13.913720102905843,
    "KINp": 0.0848458466216357,
    "Koverflowp": 1.157407407407407e-06,
    "Mp": 9.040559802762298e-06,
    "VmaxICp": 3.3826453238671106e-05,
    "VmaxINp": 3.232550248413848e-05,
    "gammaDp": 0.8041663499279866
}