{
    "KICp": 69.00335315918183,
    "KINp": 0.1784514447505407,
    "Koverflowp": 2.9036107566369045e-06,
    "Mp": 2.5902233020071937e-06,
    "VmaxICp": 4.713968486074108e-05,
    "VmaxINp": 1.7431523352873963e-05,
    "gammaDp": 0.1109892671398939
}