{
    "KICp": 5.594702220738594,
    "KINp": 0.0120061608200116,
    "Koverflowp": 3.311699963439424e-07,
    "Mp": 3.701701444760364e-06,
    "VmaxICp": 2.7783177891508105e-05,
    "VmaxINp": 4.164759557470488e-05,
    "gammaDp": 0.8
}