{
    "KICp": 6.476826210817588,
    "KINp": 0.0697459850548247,
    "Koverflowp": 6.699306798768975e-07,
    "Mp": 3.351074725874461e-06,
    "VmaxICp": 2.934795642823065e-05,
    "VmaxINp": 3.139651472903743e-05,
    "gammaDp": 0.5854523678870749
}