{
    "KICp": 33.194208200077846,
    "KINp": 0.1908388838181237,
    "Koverflowp": 3.77148976458573e-06,
    "Mp": 3.149497113015551e-06,
    "VmaxICp": 1.6971269716012827e-05,
    "VmaxINp": 2.641367265882692e-05,
    "gammaDp": 0.1432358573127318
}