{
    "KICp": 309.9216766660692,
    "KINp": 0.1784514447505407,
    "Koverflowp": 1.0257796748839976e-05,
    "Mp": 2.229878557490813e-06,
    "VmaxICp": 4.681505889019194e-05,
    "VmaxINp": 1.7431523352873963e-05,
    "gammaDp": 0.5933202285679487
}