{
    "KICp": 4.601599572483397,
    "KINp": 0.1729733064819196,
    "Koverflowp": 4.553045975161701e-07,
    "Mp": 6.622706741760675e-06,
    "VmaxICp": 2.358164777744998e-05,
    "VmaxINp": 2.72958585675018e-05,
    "gammaDp": 0.1173836432283934
}