{
    "KICp": 23.198764459486306,
    "KINp": 0.0079125621817346,
    "Koverflowp": 5.987123065381699e-07,
    "Mp": 4.544825918406208e-06,
    "VmaxICp": 5.353888190192716e-05,
    "VmaxINp": 1.915005941273304e-05,
    "gammaDp": 0.8
}