{
    "KICp": 27.99620848815578,
    "KINp": 0.0850518670853956,
    "Koverflowp": 2.6518958646648845e-07,
    "Mp": 2.981028281635584e-06,
    "VmaxICp": 3.701417380562926e-05,
    "VmaxINp": 2.3858262530299465e-05,
    "gammaDp": 0.8
}