{
    "KICp": 13.46188531579302,
    "KINp": 0.0083580478987798,
    "Koverflowp": 1.355543333568298e-07,
    "Mp": 2.7741171484339034e-06,
    "VmaxICp": 2.371065036393663e-05,
    "VmaxINp": 4.575771478958479e-05,
    "gammaDp": 0.8
}