{
    "KICp": 17.448997617832095,
    "KINp": 0.0143215931286082,
    "Koverflowp": 1.157407407407407e-06,
    "Mp": 5.070929311609946e-06,
    "VmaxICp": 3.57457916781884e-05,
    "VmaxINp": 3.761311987045597e-05,
    "gammaDp": 0.4266686580572766
}