{
    "KICp": 13.489629567941908,
    "KINp": 0.0129522476092177,
    "Koverflowp": 1.3112209465968252e-07,
    "Mp": 3.473451027781531e-06,
    "VmaxICp": 2.327035152557189e-05,
    "VmaxINp": 2.4118702321088773e-05,
    "gammaDp": 0.2257512410044549
}