{
    "KICp": 4.601599572483397,
    "KINp": 0.0171235380253143,
    "Koverflowp": 9.4973285971747e-07,
    "Mp": 6.622706741760675e-06,
    "VmaxICp": 4.707727592963268e-05,
    "VmaxINp": 1.826179657895221e-05,
    "gammaDp": 0.8
}