{
    "KICp": 14.075362624730646,
    "KINp": 0.0069110559229988,
    "Koverflowp": 1.157407407407407e-06,
    "Mp": 4.281120127591028e-06,
    "VmaxICp": 2.932406404032677e-05,
    "VmaxINp": 4.488735118256212e-05,
    "gammaDp": 0.2795389531449814
}