{
    "KICp": 10.877907310382996,
    "KINp": 0.02,
    "Koverflowp": 5.370096096998724e-06,
    "Mp": 4.124991253907837e-06,
    "VmaxICp": 4.527631671103883e-05,
    "VmaxINp": 1.5446123741608293e-05,
    "gammaDp": 0.7143108810830052
}