{
    "KICp": 3.834046885579023,
    "KINp": 0.0371673934869002,
    "Koverflowp": 3.6470684131875554e-06,
    "Mp": 4.544825918406208e-06,
    "VmaxICp": 2.129620056412992e-05,
    "VmaxINp": 1.986870183584427e-05,
    "gammaDp": 0.3394081111542395
}