{
    "KICp": 11.727282364499674,
    "KINp": 0.0069110559229988,
    "Koverflowp": 3.027515309932905e-07,
    "Mp": 8.42425652583388e-06,
    "VmaxICp": 2.932406404032677e-05,
    "VmaxINp": 3.232550248413848e-05,
    "gammaDp": 0.1237152607791795
}