{
    "KICp": 149.51613014704265,
    "KINp": 0.0229547660046857,
    "Koverflowp": 3.717955155409761e-06,
    "Mp": 2.7741171484339034e-06,
    "VmaxICp": 2.371065036393663e-05,
    "VmaxINp": 1.6740163596408226e-05,
    "gammaDp": 0.101111124733552
}