{
    "KICp": 6.33314029675489,
    "KINp": 0.0069110559229988,
    "Koverflowp": 4.735591674085049e-07,
    "Mp": 9.040559802762298e-06,
    "VmaxICp": 2.932406404032677e-05,
    "VmaxINp": 4.131915840103045e-05,
    "gammaDp": 0.4990514304063451
}