{
    "KICp": 60.31268656148016,
    "KINp": 0.0109141886229773,
    "Koverflowp": 1.367406842077737e-07,
    "Mp": 3.13776569730806e-06,
    "VmaxICp": 2.7783177891508105e-05,
    "VmaxINp": 1.7340671818401115e-05,
    "gammaDp": 0.8
}