{
    "KICp": 72.73039450454803,
    "KINp": 0.0133844834331516,
    "Koverflowp": 4.6303365290559924e-07,
    "Mp": 4.869426578401159e-06,
    "VmaxICp": 1.8680765344423068e-05,
    "VmaxINp": 4.2808703758937743e-05,
    "gammaDp": 0.3200040136326947
}