{
    "KICp": 343.7392915574776,
    "KINp": 0.1908388838181237,
    "Koverflowp": 6.168597673171322e-07,
    "Mp": 3.786480524097208e-06,
    "VmaxICp": 4.903497341619675e-05,
    "VmaxINp": 2.641367265882692e-05,
    "gammaDp": 0.8715582875050316
}