{
    "KICp": 6.870616661360347,
    "KINp": 0.0038880662406817,
    "Koverflowp": 1.157407407407407e-06,
    "Mp": 7.419705528859716e-06,
    "VmaxICp": 3.981323456183616e-05,
    "VmaxINp": 4.911565531707781e-05,
    "gammaDp": 0.1769014249959155
}