{
    "KICp": 10.717575038076603,
    "KINp": 0.1688245500605512,
    "Koverflowp": 1.157407407407407e-06,
    "Mp": 9.818267609759717e-06,
    "VmaxICp": 3.981323456183616e-05,
    "VmaxINp": 4.911565531707781e-05,
    "gammaDp": 0.66452206133365
}