{
    "KICp": 37.0,
    "KINp": 0.02,
    "Koverflowp": 7.471025683160206e-06,
    "Mp": 2.842564462385369e-06,
    "VmaxICp": 2.9000889869668096e-05,
    "VmaxINp": 2.219640061426456e-05,
    "gammaDp": 0.206890211791227
}