{
    "KICp": 76.57009395310146,
    "KINp": 0.0046783595134815,
    "Koverflowp": 1.157407407407407e-06,
    "Mp": 4.354132645583665e-06,
    "VmaxICp": 4.00596146712382e-05,
    "VmaxINp": 2.235382657957973e-05,
    "gammaDp": 0.8
}