{
    "KICp": 11.558405169765036,
    "KINp": 0.02,
    "Koverflowp": 2.180262846018663e-07,
    "Mp": 5.176690178451174e-06,
    "VmaxICp": 2.0760024384528008e-05,
    "VmaxINp": 2.7361757413149355e-05,
    "gammaDp": 0.4287131884798794
}