{
    "KICp": 153.12348091984595,
    "KINp": 0.0031064736064434,
    "Koverflowp": 1.190790226277318e-07,
    "Mp": 9.32387329887016e-06,
    "VmaxICp": 3.886848057091004e-05,
    "VmaxINp": 2.6850047040867365e-05,
    "gammaDp": 0.8
}