{
    "KICp": 4.9905958912837685,
    "KINp": 0.0043688263430103,
    "Koverflowp": 1.157407407407407e-06,
    "Mp": 3.022881021843747e-06,
    "VmaxICp": 2.335191614061446e-05,
    "VmaxINp": 2.6357257967009552e-05,
    "gammaDp": 0.6795383081727113
}