{
    "KICp": 357.87844875048705,
    "KINp": 0.02,
    "Koverflowp": 5.345572581302689e-06,
    "Mp": 8.788559149043892e-06,
    "VmaxICp": 4.5057766041598216e-05,
    "VmaxINp": 2.149297572534752e-05,
    "gammaDp": 0.8
}