{
    "KICp": 37.0,
    "KINp": 0.0082927655628956,
    "Koverflowp": 5.835844494793636e-07,
    "Mp": 3.473451027781531e-06,
    "VmaxICp": 3.5362843460757325e-05,
    "VmaxINp": 2.4311121821678093e-05,
    "gammaDp": 0.8608770104506034
}