{
    "KICp": 50.3318453592014,
    "KINp": 0.0172236118654288,
    "Koverflowp": 1.6335022331974703e-06,
    "Mp": 4.144506508217548e-06,
    "VmaxICp": 4.713968486074108e-05,
    "VmaxINp": 1.7431523352873963e-05,
    "gammaDp": 0.7831183060862505
}