{
    "KICp": 29.176779197025155,
    "KINp": 0.0637194694479104,
    "Koverflowp": 1.157407407407407e-06,
    "Mp": 3.5743374518750137e-06,
    "VmaxICp": 2.335191614061446e-05,
    "VmaxINp": 2.6357257967009552e-05,
    "gammaDp": 0.1561803718605609
}