{
    "KICp": 202.6613675134029,
    "KINp": 0.0039042555556873,
    "Koverflowp": 1.157407407407407e-06,
    "Mp": 1.0189783336613387e-05,
    "VmaxICp": 3.312653425516527e-05,
    "VmaxINp": 3.240093055600755e-05,
    "gammaDp": 0.2004566264364527
}