{
    "KICp": 6.799487355706693,
    "KINp": 0.0533840635983051,
    "Koverflowp": 1.889291319049189e-07,
    "Mp": 5.757587082910148e-06,
    "VmaxICp": 3.510345441873715e-05,
    "VmaxINp": 1.6256151067871806e-05,
    "gammaDp": 0.2894237214650274
}