{
    "KICp": 37.0,
    "KINp": 0.0022180092672525,
    "Koverflowp": 4.585071121065156e-06,
    "Mp": 4.354132645583665e-06,
    "VmaxICp": 1.568775995620856e-05,
    "VmaxINp": 4.082641238750928e-05,
    "gammaDp": 0.4797252399458809
}