{
    "KICp": 37.0,
    "KINp": 0.0453857071078047,
    "Koverflowp": 5.06865289461857e-07,
    "Mp": 6.510743974281642e-06,
    "VmaxICp": 2.49925221140274e-05,
    "VmaxINp": 2.13748061580666e-05,
    "gammaDp": 0.8
}