{
    "KICp": 100.61214913763474,
    "KINp": 0.1532998237779529,
    "Koverflowp": 9.4973285971747e-07,
    "Mp": 6.622706741760675e-06,
    "VmaxICp": 3.006888165881748e-05,
    "VmaxINp": 2.72958585675018e-05,
    "gammaDp": 0.2060550035724537
}