{
    "KICp": 36.93101687749299,
    "KINp": 0.0099051856956714,
    "Koverflowp": 1.157407407407407e-06,
    "Mp": 2.981028281635584e-06,
    "VmaxICp": 1.7415628747413778e-05,
    "VmaxINp": 2.3858262530299465e-05,
    "gammaDp": 0.1163492156948818
}