{
    "KICp": 36.7402805461834,
    "KINp": 0.0530468071200758,
    "Koverflowp": 1.1811388026335145e-07,
    "Mp": 4.544825918406208e-06,
    "VmaxICp": 4.379144176666887e-05,
    "VmaxINp": 1.986870183584427e-05,
    "gammaDp": 0.6845505312070157
}