{
    "KICp": 11.630319234506391,
    "KINp": 0.0119644518188702,
    "Koverflowp": 7.481616516617685e-06,
    "Mp": 2.981028281635584e-06,
    "VmaxICp": 3.701417380562926e-05,
    "VmaxINp": 2.3858262530299465e-05,
    "gammaDp": 0.1484249149107696
}