{
    "KICp": 322.471942627788,
    "KINp": 0.1587687680516063,
    "Koverflowp": 2.966950646355363e-06,
    "Mp": 2.682669547248581e-06,
    "VmaxICp": 3.91802406563163e-05,
    "VmaxINp": 1.814488206737232e-05,
    "gammaDp": 0.2526298767141252
}