{
    "KICp": 156.7067775426057,
    "KINp": 0.0044985785533482,
    "Koverflowp": 1.0548806632003631e-05,
    "Mp": 3.4406941536112294e-06,
    "VmaxICp": 2.2995628262688235e-05,
    "VmaxINp": 3.263809298256745e-05,
    "gammaDp": 0.7314690999905329
}