{
    "KICp": 37.0,
    "KINp": 0.0134789712179787,
    "Koverflowp": 6.813693393356128e-07,
    "Mp": 3.982095819532606e-06,
    "VmaxICp": 1.568775995620856e-05,
    "VmaxINp": 4.082641238750928e-05,
    "gammaDp": 0.8
}