{
    "KICp": 100.46120437283888,
    "KINp": 0.0099051856956714,
    "Koverflowp": 8.775411974547497e-06,
    "Mp": 2.981028281635584e-06,
    "VmaxICp": 3.701417380562926e-05,
    "VmaxINp": 2.3858262530299465e-05,
    "gammaDp": 0.890548312668443
}