{
    "KICp": 14.31042051519687,
    "KINp": 0.0032979431110521,
    "Koverflowp": 6.366725635283011e-07,
    "Mp": 6.283822219805631e-06,
    "VmaxICp": 3.886848057091004e-05,
    "VmaxINp": 2.6850047040867365e-05,
    "gammaDp": 0.8
}