{
    "KICp": 37.0,
    "KINp": 0.0042065729993907,
    "Koverflowp": 3.047230112774914e-07,
    "Mp": 2.52106185769485e-06,
    "VmaxICp": 5.550739841881053e-05,
    "VmaxINp": 1.7340671818401115e-05,
    "gammaDp": 0.8
}