{
    "KICp": 18.32370073100318,
    "KINp": 0.0069110559229988,
    "Koverflowp": 5.72429356186569e-07,
    "Mp": 9.040559802762298e-06,
    "VmaxICp": 2.932406404032677e-05,
    "VmaxINp": 3.232550248413848e-05,
    "gammaDp": 0.2941384435024924
}