{
    "KICp": 24.39695696216024,
    "KINp": 0.0062353318250826,
    "Koverflowp": 2.966950646355363e-06,
    "Mp": 5.865073468831807e-06,
    "VmaxICp": 3.91802406563163e-05,
    "VmaxINp": 1.814488206737232e-05,
    "gammaDp": 0.223190806885774
}