{
    "KICp": 6.799487355706693,
    "KINp": 0.0064279045047713,
    "Koverflowp": 6.012549941080577e-06,
    "Mp": 5.757587082910148e-06,
    "VmaxICp": 3.510345441873715e-05,
    "VmaxINp": 1.6256151067871806e-05,
    "gammaDp": 0.3861416780479208
}