{
    "KICp": 99.0859264169232,
    "KINp": 0.0038880662406817,
    "Koverflowp": 3.351058182930472e-06,
    "Mp": 7.744718390989803e-06,
    "VmaxICp": 3.981323456183616e-05,
    "VmaxINp": 4.911565531707781e-05,
    "gammaDp": 0.2574080647147415
}