{
    "KICp": 25.54740995748537,
    "KINp": 0.00421159631925,
    "Koverflowp": 7.343724653028904e-06,
    "Mp": 4.124991253907837e-06,
    "VmaxICp": 4.527631671103883e-05,
    "VmaxINp": 1.5446123741608293e-05,
    "gammaDp": 0.6734401190819094
}