{
    "KICp": 68.70856685784183,
    "KINp": 0.1625116650530471,
    "Koverflowp": 2.966950646355363e-06,
    "Mp": 5.865073468831807e-06,
    "VmaxICp": 3.91802406563163e-05,
    "VmaxINp": 1.3468036148294368e-05,
    "gammaDp": 0.2996207685267898
}