{
    "KICp": 126.76875626820012,
    "KINp": 0.0275292031010945,
    "Koverflowp": 2.842288016852905e-07,
    "Mp": 6.622706741760675e-06,
    "VmaxICp": 3.006888165881748e-05,
    "VmaxINp": 2.72958585675018e-05,
    "gammaDp": 0.8
}