{
    "KICp": 37.0,
    "KINp": 0.0084630346736825,
    "Koverflowp": 4.137767500350204e-06,
    "Mp": 7.324212420669802e-06,
    "VmaxICp": 3.1134193123189014e-05,
    "VmaxINp": 1.8446976947994337e-05,
    "gammaDp": 0.4529536565896425
}