{
    "KICp": 4.755386905368162,
    "KINp": 0.0166159907175042,
    "Koverflowp": 4.3242831652025e-07,
    "Mp": 5.591625457042428e-06,
    "VmaxICp": 1.8680765344423068e-05,
    "VmaxINp": 2.629856786375613e-05,
    "gammaDp": 0.8
}