{
    "KICp": 44.89908025133869,
    "KINp": 0.0449303631495659,
    "Koverflowp": 1.680846125452537e-07,
    "Mp": 1.0189783336613387e-05,
    "VmaxICp": 4.595528237389871e-05,
    "VmaxINp": 5.186937475870565e-05,
    "gammaDp": 0.7090432112982703
}