{
    "KICp": 91.69810991306184,
    "KINp": 0.0042512641140548,
    "Koverflowp": 3.242114929684083e-07,
    "Mp": 4.544825918406208e-06,
    "VmaxICp": 5.353888190192716e-05,
    "VmaxINp": 1.986870183584427e-05,
    "gammaDp": 0.8
}