{
    "KICp": 238.5921269853694,
    "KINp": 0.0610863359554948,
    "Koverflowp": 1.254587363902981e-07,
    "Mp": 3.786480524097208e-06,
    "VmaxICp": 1.6971269716012827e-05,
    "VmaxINp": 3.147084739221392e-05,
    "gammaDp": 0.4177639882525005
}