{
    "KICp": 137.57805167731152,
    "KINp": 0.002622010868922,
    "Koverflowp": 1.7012569888450874e-07,
    "Mp": 2.6814192773366827e-06,
    "VmaxICp": 4.539195090888291e-05,
    "VmaxINp": 1.2396426231692358e-05,
    "gammaDp": 0.2414580174958434
}