{
    "KICp": 102.59941796754244,
    "KINp": 0.0032979431110521,
    "Koverflowp": 3.039455037850405e-07,
    "Mp": 5.13893115612388e-06,
    "VmaxICp": 3.886848057091004e-05,
    "VmaxINp": 4.923375071594123e-05,
    "gammaDp": 0.1884374314221279
}