{
    "KICp": 80.62401434228782,
    "KINp": 0.0141581102204157,
    "Koverflowp": 4.957936117135205e-07,
    "Mp": 4.124991253907837e-06,
    "VmaxICp": 4.527631671103883e-05,
    "VmaxINp": 1.5446123741608293e-05,
    "gammaDp": 0.1653489997052687
}