{
    "KICp": 21.28975737685526,
    "KINp": 0.0994661299870735,
    "Koverflowp": 4.525097675992754e-06,
    "Mp": 3.007252741711258e-06,
    "VmaxICp": 5.353888190192716e-05,
    "VmaxINp": 1.986870183584427e-05,
    "gammaDp": 0.8
}