{
    "KICp": 297.4629434681918,
    "KINp": 0.0075945358256236,
    "Koverflowp": 1.157407407407407e-06,
    "Mp": 7.744718390989803e-06,
    "VmaxICp": 3.981323456183616e-05,
    "VmaxINp": 4.911565531707781e-05,
    "gammaDp": 0.2031911114766059
}