{
    "KICp": 36.51699892185764,
    "KINp": 0.0134572555258259,
    "Koverflowp": 6.699306798768975e-07,
    "Mp": 5.552937680999309e-06,
    "VmaxICp": 2.934795642823065e-05,
    "VmaxINp": 2.13748061580666e-05,
    "gammaDp": 0.3271302478873504
}