{
    "KICp": 17.63659322446816,
    "KINp": 0.1190810114986441,
    "Koverflowp": 4.356976845738346e-06,
    "Mp": 4.544825918406208e-06,
    "VmaxICp": 5.353888190192716e-05,
    "VmaxINp": 1.986870183584427e-05,
    "gammaDp": 0.2853595462388817
}