{
    "KICp": 3.9206217276823887,
    "KINp": 0.1876361989636664,
    "Koverflowp": 3.1901790978948258e-06,
    "Mp": 3.022881021843747e-06,
    "VmaxICp": 2.335191614061446e-05,
    "VmaxINp": 2.6357257967009552e-05,
    "gammaDp": 0.1292020453845705
}