{
    "KICp": 16.35140384944272,
    "KINp": 0.0499751716508186,
    "Koverflowp": 3.2527403524387786e-07,
    "Mp": 8.402520759501643e-06,
    "VmaxICp": 3.980169535964007e-05,
    "VmaxINp": 1.9741490407125925e-05,
    "gammaDp": 0.1365013571956777
}