{
    "KICp": 13.888925162783458,
    "KINp": 0.0032979431110521,
    "Koverflowp": 1.3634014596411078e-07,
    "Mp": 9.32387329887016e-06,
    "VmaxICp": 3.886848057091004e-05,
    "VmaxINp": 4.555567007774735e-05,
    "gammaDp": 0.4905569779933719
}