{
    "KICp": 37.0,
    "KINp": 0.1048631906166879,
    "Koverflowp": 1.157407407407407e-06,
    "Mp": 2.981028281635584e-06,
    "VmaxICp": 1.797689001085388e-05,
    "VmaxINp": 2.3858262530299465e-05,
    "gammaDp": 0.5882814724688086
}