{
    "KICp": 357.87844875048705,
    "KINp": 0.0372147581279207,
    "Koverflowp": 2.5112193876019265e-06,
    "Mp": 4.341905134368599e-06,
    "VmaxICp": 2.105770967444204e-05,
    "VmaxINp": 4.408280059433553e-05,
    "gammaDp": 0.8
}