{
    "KICp": 12.242833277879337,
    "KINp": 0.02,
    "Koverflowp": 1.157407407407407e-06,
    "Mp": 4.341905134368599e-06,
    "VmaxICp": 4.312533383724013e-05,
    "VmaxINp": 2.779251175585302e-05,
    "gammaDp": 0.8876201696258793
}