{
    "KICp": 38.928285984795735,
    "KINp": 0.155911263602427,
    "Koverflowp": 1.7012569888450874e-07,
    "Mp": 2.6814192773366827e-06,
    "VmaxICp": 4.85258738104426e-05,
    "VmaxINp": 1.2396426231692358e-05,
    "gammaDp": 0.113570465511615
}