{
    "KICp": 235.4909913048405,
    "KINp": 0.003083266579091,
    "Koverflowp": 5.367338593670318e-06,
    "Mp": 6.622706741760675e-06,
    "VmaxICp": 3.006888165881748e-05,
    "VmaxINp": 2.72958585675018e-05,
    "gammaDp": 0.7155101974663931
}