{
    "KICp": 37.0,
    "KINp": 0.02,
    "Koverflowp": 1.7615511826212725e-07,
    "Mp": 3.294655276700617e-06,
    "VmaxICp": 3.1134193123189014e-05,
    "VmaxINp": 2.9381443259365684e-05,
    "gammaDp": 0.4608728550372286
}