{
    "KICp": 11.727282364499674,
    "KINp": 0.040208221430772,
    "Koverflowp": 9.220404865260092e-07,
    "Mp": 5.433483759607715e-06,
    "VmaxICp": 2.932406404032677e-05,
    "VmaxINp": 3.232550248413848e-05,
    "gammaDp": 0.8041663499279866
}