{
    "KICp": 37.0,
    "KINp": 0.0263209742154177,
    "Koverflowp": 4.137767500350204e-06,
    "Mp": 5.67973014778489e-06,
    "VmaxICp": 3.1134193123189014e-05,
    "VmaxINp": 1.8446976947994337e-05,
    "gammaDp": 0.1168368527829111
}