{
    "KICp": 13.354057246421084,
    "KINp": 0.0127561995568556,
    "Koverflowp": 1.157407407407407e-06,
    "Mp": 4.354132645583665e-06,
    "VmaxICp": 1.568775995620856e-05,
    "VmaxINp": 4.082641238750928e-05,
    "gammaDp": 0.7239440700628708
}