{
    "KICp": 15.09504307221242,
    "KINp": 0.0057671985105063,
    "Koverflowp": 1.254587363902981e-07,
    "Mp": 3.786480524097208e-06,
    "VmaxICp": 1.6971269716012827e-05,
    "VmaxINp": 2.641367265882692e-05,
    "gammaDp": 0.8068404281975708
}