{
    "KICp": 69.66357836208762,
    "KINp": 0.0119625796379667,
    "Koverflowp": 5.150561226574178e-06,
    "Mp": 6.660495276828209e-06,
    "VmaxICp": 1.8680765344423068e-05,
    "VmaxINp": 4.2808703758937743e-05,
    "gammaDp": 0.6230570709082477
}