{
    "KICp": 82.09154778702927,
    "KINp": 0.0691935143191889,
    "Koverflowp": 6.277899046505639e-06,
    "Mp": 2.6814192773366827e-06,
    "VmaxICp": 4.539195090888291e-05,
    "VmaxINp": 1.2396426231692358e-05,
    "gammaDp": 0.8
}