{
    "KICp": 102.59941796754244,
    "KINp": 0.0866119046594632,
    "Koverflowp": 1.0750181115343766e-06,
    "Mp": 5.11171729528594e-06,
    "VmaxICp": 3.886848057091004e-05,
    "VmaxINp": 2.6850047040867365e-05,
    "gammaDp": 0.2575690783902712
}