{
    "KICp": 232.65111935232144,
    "KINp": 0.0442918152297962,
    "Koverflowp": 3.3256889355605448e-06,
    "Mp": 3.022881021843747e-06,
    "VmaxICp": 2.335191614061446e-05,
    "VmaxINp": 2.6357257967009552e-05,
    "gammaDp": 0.1229301500057662
}