{
    "KICp": 7.441116996934665,
    "KINp": 0.0030916976641752,
    "Koverflowp": 1.157407407407407e-06,
    "Mp": 7.744718390989803e-06,
    "VmaxICp": 3.979501789444839e-05,
    "VmaxINp": 4.911565531707781e-05,
    "gammaDp": 0.3590896557988516
}