{
    "KICp": 73.63189356177038,
    "KINp": 0.0260140847985506,
    "Koverflowp": 1.157407407407407e-06,
    "Mp": 8.794154881014681e-06,
    "VmaxICp": 4.595528237389871e-05,
    "VmaxINp": 3.240093055600755e-05,
    "gammaDp": 0.7090432112982703
}