{
    "KICp": 232.65111935232144,
    "KINp": 0.0189855709096017,
    "Koverflowp": 7.257317427401445e-06,
    "Mp": 3.022881021843747e-06,
    "VmaxICp": 2.335191614061446e-05,
    "VmaxINp": 2.6357257967009552e-05,
    "gammaDp": 0.4021730420689135
}