{
    "KICp": 32.57481895109038,
    "KINp": 0.02,
    "Koverflowp": 5.575926420763634e-06,
    "Mp": 3.492745742474684e-06,
    "VmaxICp": 2.433814332892105e-05,
    "VmaxINp": 1.6318705216817457e-05,
    "gammaDp": 0.7314690999905329
}