{
    "KICp": 98.99931291407238,
    "KINp": 0.1714039217599,
    "Koverflowp": 7.471025683160206e-06,
    "Mp": 2.842564462385369e-06,
    "VmaxICp": 3.487068796524709e-05,
    "VmaxINp": 1.4722285008603858e-05,
    "gammaDp": 0.1486493550757997
}