{
    "KICp": 12.10710879640587,
    "KINp": 0.0084086431418298,
    "Koverflowp": 1.7012569888450874e-07,
    "Mp": 2.6814192773366827e-06,
    "VmaxICp": 4.642194187845816e-05,
    "VmaxINp": 1.8916120146216933e-05,
    "gammaDp": 0.8
}