{
    "KICp": 102.59941796754244,
    "KINp": 0.0046663438908369,
    "Koverflowp": 1.5078048030898745e-07,
    "Mp": 8.533149731611178e-06,
    "VmaxICp": 3.886848057091004e-05,
    "VmaxINp": 2.6850047040867365e-05,
    "gammaDp": 0.2761089079158424
}