{
    "KICp": 19.15925930929062,
    "KINp": 0.02,
    "Koverflowp": 5.291372550638298e-06,
    "Mp": 9.508718970127064e-06,
    "VmaxICp": 4.3557389611159256e-05,
    "VmaxINp": 2.426089952213752e-05,
    "gammaDp": 0.6942290910470438
}