{
    "KICp": 156.7067775426057,
    "KINp": 0.0027659513170307,
    "Koverflowp": 1.4685603058823795e-06,
    "Mp": 3.492745742474684e-06,
    "VmaxICp": 3.0925672289184635e-05,
    "VmaxINp": 3.263809298256745e-05,
    "gammaDp": 0.8100837724634576
}