{
    "KICp": 26.40813118450217,
    "KINp": 0.0174847259426237,
    "Koverflowp": 1.157407407407407e-06,
    "Mp": 7.744718390989803e-06,
    "VmaxICp": 3.981323456183616e-05,
    "VmaxINp": 2.8566429855923213e-05,
    "gammaDp": 0.429999002494778
}