{
    "KICp": 3.80996370417437,
    "KINp": 0.0608498649929237,
    "Koverflowp": 4.137767500350204e-06,
    "Mp": 3.294655276700617e-06,
    "VmaxICp": 3.279292169581267e-05,
    "VmaxINp": 1.8446976947994337e-05,
    "gammaDp": 0.2720952281519822
}