{
    "KICp": 29.82209775967846,
    "KINp": 0.0591107832444609,
    "Koverflowp": 4.484631399639901e-06,
    "Mp": 5.865073468831807e-06,
    "VmaxICp": 3.91802406563163e-05,
    "VmaxINp": 1.814488206737232e-05,
    "gammaDp": 0.1861430636608771
}