{
    "KICp": 37.0,
    "KINp": 0.0020598736922105,
    "Koverflowp": 1.2268191229976131e-06,
    "Mp": 3.6470994275024175e-06,
    "VmaxICp": 2.0760024384528008e-05,
    "VmaxINp": 2.7361757413149355e-05,
    "gammaDp": 0.88623610022931
}