{
    "KICp": 20.68560345803708,
    "KINp": 0.0371673934869002,
    "Koverflowp": 1.1811388026335145e-07,
    "Mp": 5.504048568260036e-06,
    "VmaxICp": 5.353888190192716e-05,
    "VmaxINp": 2.0466899930105635e-05,
    "gammaDp": 0.8
}