{
    "KICp": 147.9556868090797,
    "KINp": 0.0421725720302818,
    "Koverflowp": 1.6546434450514837e-06,
    "Mp": 4.354132645583665e-06,
    "VmaxICp": 1.568775995620856e-05,
    "VmaxINp": 4.082641238750928e-05,
    "gammaDp": 0.607729285696442
}