{
    "KICp": 37.0,
    "KINp": 0.0026046517890003,
    "Koverflowp": 4.76536802505898e-06,
    "Mp": 3.351074725874461e-06,
    "VmaxICp": 2.934795642823065e-05,
    "VmaxINp": 2.13748061580666e-05,
    "gammaDp": 0.1498247490001892
}