{
    "KICp": 37.0,
    "KINp": 0.1445984044585739,
    "Koverflowp": 8.020733998721286e-07,
    "Mp": 3.701701444760364e-06,
    "VmaxICp": 2.7783177891508105e-05,
    "VmaxINp": 1.7340671818401115e-05,
    "gammaDp": 0.4636230994442794
}