{
    "KICp": 29.82209775967846,
    "KINp": 0.02,
    "Koverflowp": 5.26100886484718e-06,
    "Mp": 3.70417716736951e-06,
    "VmaxICp": 3.91802406563163e-05,
    "VmaxINp": 1.256386816825613e-05,
    "gammaDp": 0.7354174540684731
}