{
    "KICp": 26.284532680042823,
    "KINp": 0.0081773834458048,
    "Koverflowp": 2.520454720059965e-07,
    "Mp": 1.0189783336613387e-05,
    "VmaxICp": 4.595528237389871e-05,
    "VmaxINp": 3.240093055600755e-05,
    "gammaDp": 0.7027975100084354
}