{
    "KICp": 7.233148432233506,
    "KINp": 0.1361558115422736,
    "Koverflowp": 1.157407407407407e-06,
    "Mp": 7.744718390989803e-06,
    "VmaxICp": 3.981323456183616e-05,
    "VmaxINp": 3.5111511078193183e-05,
    "gammaDp": 0.1382767459073836
}