{
    "KICp": 4.388001163448367,
    "KINp": 0.034561775730211,
    "Koverflowp": 1.0257796748839976e-05,
    "Mp": 4.144506508217548e-06,
    "VmaxICp": 4.713968486074108e-05,
    "VmaxINp": 1.7431523352873963e-05,
    "gammaDp": 0.603360694829302
}