{
    "KICp": 19.81475543578307,
    "KINp": 0.02,
    "Koverflowp": 1.509920979108783e-06,
    "Mp": 3.701701444760364e-06,
    "VmaxICp": 2.7783177891508105e-05,
    "VmaxINp": 1.7340671818401115e-05,
    "gammaDp": 0.3459396603138923
}