{
    "KICp": 19.197852691164204,
    "KINp": 0.0289104906652474,
    "Koverflowp": 2.619624898191795e-07,
    "Mp": 3.351074725874461e-06,
    "VmaxICp": 2.934795642823065e-05,
    "VmaxINp": 2.13748061580666e-05,
    "gammaDp": 0.7667183270651946
}