{
    "KICp": 37.0,
    "KINp": 0.0832745536258905,
    "Koverflowp": 1.2278057198811671e-06,
    "Mp": 2.981028281635584e-06,
    "VmaxICp": 3.701417380562926e-05,
    "VmaxINp": 2.3858262530299465e-05,
    "gammaDp": 0.1582940427540298
}