{
    "KICp": 57.47178908116572,
    "KINp": 0.02,
    "Koverflowp": 2.966950646355363e-06,
    "Mp": 5.865073468831807e-06,
    "VmaxICp": 3.91802406563163e-05,
    "VmaxINp": 3.460556310750931e-05,
    "gammaDp": 0.5686109485081068
}