{
    "KICp": 198.7236610773072,
    "KINp": 0.0143215931286082,
    "Koverflowp": 5.371222428289577e-06,
    "Mp": 8.402520759501643e-06,
    "VmaxICp": 4.5231964173838725e-05,
    "VmaxINp": 1.9741490407125925e-05,
    "gammaDp": 0.3250089994141093
}