{
    "KICp": 23.512164059006945,
    "KINp": 0.0099051856956714,
    "Koverflowp": 1.7041321089466577e-07,
    "Mp": 2.981028281635584e-06,
    "VmaxICp": 2.471221360534766e-05,
    "VmaxINp": 2.3858262530299465e-05,
    "gammaDp": 0.1000504960718299
}