{
    "KICp": 4.566582457742563,
    "KINp": 0.0449303631495659,
    "Koverflowp": 1.83088366325858e-06,
    "Mp": 1.0189783336613387e-05,
    "VmaxICp": 4.595528237389871e-05,
    "VmaxINp": 3.4729519520796546e-05,
    "gammaDp": 0.7090432112982703
}