{
    "KICp": 6.7632497356939485,
    "KINp": 0.0068714062678377,
    "Koverflowp": 2.486711106883537e-06,
    "Mp": 3.492745742474684e-06,
    "VmaxICp": 2.433814332892105e-05,
    "VmaxINp": 3.263809298256745e-05,
    "gammaDp": 0.7314690999905329
}