{
    "KICp": 21.28975737685526,
    "KINp": 0.0329870863169285,
    "Koverflowp": 1.1811388026335145e-07,
    "Mp": 4.595915656262259e-06,
    "VmaxICp": 5.353888190192716e-05,
    "VmaxINp": 2.156493243297456e-05,
    "gammaDp": 0.8
}