{
    "KICp": 37.0,
    "KINp": 0.02,
    "Koverflowp": 5.672935806605878e-06,
    "Mp": 5.897171386774483e-06,
    "VmaxICp": 3.393178103888566e-05,
    "VmaxINp": 1.8446976947994337e-05,
    "gammaDp": 0.8712697847523498
}