{
    "KICp": 25.17518321004572,
    "KINp": 0.0030151407222721,
    "Koverflowp": 6.699306798768975e-07,
    "Mp": 3.351074725874461e-06,
    "VmaxICp": 2.934795642823065e-05,
    "VmaxINp": 2.13748061580666e-05,
    "gammaDp": 0.7392625908397512
}