{
    "KICp": 198.28389724872864,
    "KINp": 0.0129522476092177,
    "Koverflowp": 8.576849480026802e-06,
    "Mp": 3.473451027781531e-06,
    "VmaxICp": 3.5362843460757325e-05,
    "VmaxINp": 2.4118702321088773e-05,
    "gammaDp": 0.1325354314462838
}