{
    "KICp": 43.65766560147314,
    "KINp": 0.02,
    "Koverflowp": 1.8551200601887808e-07,
    "Mp": 5.865073468831807e-06,
    "VmaxICp": 3.91802406563163e-05,
    "VmaxINp": 1.566222407780373e-05,
    "gammaDp": 0.6838679679195855
}