{
    "KICp": 7.233148432233506,
    "KINp": 0.0066293340538002,
    "Koverflowp": 4.547390975047808e-07,
    "Mp": 7.744718390989803e-06,
    "VmaxICp": 3.981323456183616e-05,
    "VmaxINp": 4.911565531707781e-05,
    "gammaDp": 0.3726703779875712
}