{
    "KICp": 15.448396717791749,
    "KINp": 0.0443983132439307,
    "Koverflowp": 3.311699963439424e-07,
    "Mp": 3.701701444760364e-06,
    "VmaxICp": 2.7783177891508105e-05,
    "VmaxINp": 5.2066672000563966e-05,
    "gammaDp": 0.203442822202968
}