{
    "KICp": 8.06940657773349,
    "KINp": 0.02,
    "Koverflowp": 2.2332762171558976e-06,
    "Mp": 5.136532874864438e-06,
    "VmaxICp": 4.527631671103883e-05,
    "VmaxINp": 1.5446123741608293e-05,
    "gammaDp": 0.8207370552841345
}