{
    "KICp": 43.427424526775184,
    "KINp": 0.1784514447505407,
    "Koverflowp": 1.0257796748839976e-05,
    "Mp": 7.262772735979688e-06,
    "VmaxICp": 4.713968486074108e-05,
    "VmaxINp": 1.7431523352873963e-05,
    "gammaDp": 0.4769366667559189
}