{
    "KICp": 37.00116031454354,
    "KINp": 0.0040304793664097,
    "Koverflowp": 1.157407407407407e-06,
    "Mp": 2.981028281635584e-06,
    "VmaxICp": 3.116520199802167e-05,
    "VmaxINp": 2.3858262530299465e-05,
    "gammaDp": 0.8
}