{
    "KICp": 37.0,
    "KINp": 0.1784514447505407,
    "Koverflowp": 4.950439825304122e-06,
    "Mp": 1.0637870684372248e-05,
    "VmaxICp": 4.713968486074108e-05,
    "VmaxINp": 5.060747049246553e-05,
    "gammaDp": 0.5933202285679487
}