{
    "KICp": 5.02338029468946,
    "KINp": 0.0355160353530294,
    "Koverflowp": 7.73421994291061e-06,
    "Mp": 2.7741171484339034e-06,
    "VmaxICp": 4.048222788870616e-05,
    "VmaxINp": 1.6740163596408226e-05,
    "gammaDp": 0.2343057902112804
}