{
    "KICp": 25.786503333823124,
    "KINp": 0.02,
    "Koverflowp": 3.3871812144752855e-07,
    "Mp": 5.865073468831807e-06,
    "VmaxICp": 3.91802406563163e-05,
    "VmaxINp": 1.3572209207915457e-05,
    "gammaDp": 0.1914585497597803
}