{
    "KICp": 7.492534239426503,
    "KINp": 0.0134672976598213,
    "Koverflowp": 7.284040665148506e-07,
    "Mp": 3.835277321176321e-06,
    "VmaxICp": 3.510345441873715e-05,
    "VmaxINp": 1.6256151067871806e-05,
    "gammaDp": 0.8
}