{
    "KICp": 7.233148432233506,
    "KINp": 0.0182062821278377,
    "Koverflowp": 1.7541897142399244e-06,
    "Mp": 9.288209708107186e-06,
    "VmaxICp": 3.981323456183616e-05,
    "VmaxINp": 4.911565531707781e-05,
    "gammaDp": 0.66452206133365
}