{
    "KICp": 12.329108102087549,
    "KINp": 0.0629905784154912,
    "Koverflowp": 1.6619412187170328e-06,
    "Mp": 3.473451027781531e-06,
    "VmaxICp": 3.5362843460757325e-05,
    "VmaxINp": 2.132134418132654e-05,
    "gammaDp": 0.8
}