{
    "KICp": 4.6115174736627935,
    "KINp": 0.0068871369681982,
    "Koverflowp": 7.471025683160206e-06,
    "Mp": 2.842564462385369e-06,
    "VmaxICp": 4.370670117205232e-05,
    "VmaxINp": 1.4722285008603858e-05,
    "gammaDp": 0.1147882291433394
}