{
    "KICp": 16.583498073494756,
    "KINp": 0.118463311335893,
    "Koverflowp": 5.835844494793636e-07,
    "Mp": 3.774285854682677e-06,
    "VmaxICp": 3.5362843460757325e-05,
    "VmaxINp": 2.4118702321088773e-05,
    "gammaDp": 0.7771697195653788
}