{
    "KICp": 23.93445221696112,
    "KINp": 0.02,
    "Koverflowp": 1.1344651904323185e-06,
    "Mp": 5.865073468831807e-06,
    "VmaxICp": 3.91802406563163e-05,
    "VmaxINp": 1.814488206737232e-05,
    "gammaDp": 0.2252369284939476
}