{
    "KICp": 37.0,
    "KINp": 0.1668435017791136,
    "Koverflowp": 2.3097621679756955e-06,
    "Mp": 2.842564462385369e-06,
    "VmaxICp": 5.509020786485299e-05,
    "VmaxINp": 1.4722285008603858e-05,
    "gammaDp": 0.1108272022313059
}