{
    "KICp": 182.69546204243164,
    "KINp": 0.0517449766409846,
    "Koverflowp": 1.157407407407407e-06,
    "Mp": 3.294887812953864e-06,
    "VmaxICp": 2.932406404032677e-05,
    "VmaxINp": 3.232550248413848e-05,
    "gammaDp": 0.1399177918565028
}