{
    "KICp": 198.38790608923148,
    "KINp": 0.0886014248401971,
    "Koverflowp": 1.6564054930776008e-06,
    "Mp": 7.744718390989803e-06,
    "VmaxICp": 3.981323456183616e-05,
    "VmaxINp": 4.911565531707781e-05,
    "gammaDp": 0.66452206133365
}