{
    "KICp": 11.727282364499674,
    "KINp": 0.0050558149116704,
    "Koverflowp": 2.925647372036096e-07,
    "Mp": 9.040559802762298e-06,
    "VmaxICp": 2.932406404032677e-05,
    "VmaxINp": 3.232550248413848e-05,
    "gammaDp": 0.3871631737522624
}