{
    "KICp": 37.0,
    "KINp": 0.0107795474559662,
    "Koverflowp": 1.0399690060735415e-06,
    "Mp": 3.473451027781531e-06,
    "VmaxICp": 3.5362843460757325e-05,
    "VmaxINp": 1.91231204343088e-05,
    "gammaDp": 0.8
}