{
    "KICp": 77.0515314495856,
    "KINp": 0.0032979431110521,
    "Koverflowp": 3.039455037850405e-07,
    "Mp": 3.6949722658991054e-06,
    "VmaxICp": 3.886848057091004e-05,
    "VmaxINp": 2.6850047040867365e-05,
    "gammaDp": 0.4268734610464252
}