{
    "KICp": 30.556141931004472,
    "KINp": 0.0147960145961508,
    "Koverflowp": 1.1811388026335145e-07,
    "Mp": 4.544825918406208e-06,
    "VmaxICp": 3.541694650430641e-05,
    "VmaxINp": 1.986870183584427e-05,
    "gammaDp": 0.1289505520979724
}