{
    "KICp": 69.19589244395897,
    "KINp": 0.0073160266417977,
    "Koverflowp": 5.826246770815501e-06,
    "Mp": 5.757587082910148e-06,
    "VmaxICp": 3.510345441873715e-05,
    "VmaxINp": 1.6256151067871806e-05,
    "gammaDp": 0.7550951870567383
}