{
    "KICp": 45.67382434440021,
    "KINp": 0.0196219417844864,
    "Koverflowp": 1.825273740018965e-07,
    "Mp": 3.6470994275024175e-06,
    "VmaxICp": 2.0760024384528008e-05,
    "VmaxINp": 1.632181904840762e-05,
    "gammaDp": 0.8
}