{
    "KICp": 36.10273553525861,
    "KINp": 0.0048901401175337,
    "Koverflowp": 6.361570042127878e-06,
    "Mp": 5.757587082910148e-06,
    "VmaxICp": 3.510345441873715e-05,
    "VmaxINp": 1.6256151067871806e-05,
    "gammaDp": 0.8
}