{
    "KICp": 8.409705654691386,
    "KINp": 0.1153762432626785,
    "Koverflowp": 1.157407407407407e-06,
    "Mp": 7.464981220207149e-06,
    "VmaxICp": 2.335191614061446e-05,
    "VmaxINp": 2.6357257967009552e-05,
    "gammaDp": 0.1222169662972889
}