{
    "KICp": 4.2062000152406895,
    "KINp": 0.0083180301559965,
    "Koverflowp": 1.2628155009480826e-06,
    "Mp": 3.6470994275024175e-06,
    "VmaxICp": 2.0760024384528008e-05,
    "VmaxINp": 2.7361757413149355e-05,
    "gammaDp": 0.8
}