{
    "KICp": 12.06402155231607,
    "KINp": 0.0229547660046857,
    "Koverflowp": 6.384831797540387e-06,
    "Mp": 3.412742726743757e-06,
    "VmaxICp": 2.371065036393663e-05,
    "VmaxINp": 1.6740163596408226e-05,
    "gammaDp": 0.8
}