{
    "KICp": 22.990306804091944,
    "KINp": 0.0180324361817107,
    "Koverflowp": 1.2343647052578626e-07,
    "Mp": 7.744718390989803e-06,
    "VmaxICp": 3.981323456183616e-05,
    "VmaxINp": 4.911565531707781e-05,
    "gammaDp": 0.66452206133365
}