{
    "KICp": 5.41637761858501,
    "KINp": 0.1657070437245208,
    "Koverflowp": 5.777386451165816e-06,
    "Mp": 2.842564462385369e-06,
    "VmaxICp": 4.370670117205232e-05,
    "VmaxINp": 1.4722285008603858e-05,
    "gammaDp": 0.6395323799810377
}