{
    "KICp": 192.11168773748804,
    "KINp": 0.0198819857231308,
    "Koverflowp": 3.176755880301563e-07,
    "Mp": 1.0189783336613387e-05,
    "VmaxICp": 4.595528237389871e-05,
    "VmaxINp": 3.240093055600755e-05,
    "gammaDp": 0.1037737547642057
}