{
    "KICp": 7.233148432233506,
    "KINp": 0.0056727217396543,
    "Koverflowp": 1.157407407407407e-06,
    "Mp": 1.112655875940194e-05,
    "VmaxICp": 3.981323456183616e-05,
    "VmaxINp": 4.911565531707781e-05,
    "gammaDp": 0.2943849398263006
}