{
    "KICp": 37.0,
    "KINp": 0.0429843802761285,
    "KOCp": 0.0040263120136617,
    "KONp": 0.0761770543793174,
    "Mp": 8.68536713651627e-06,
    "VmaxICp": 2.989251729525497e-05,
    "VmaxINp": 2.291605059580572e-05,
    "VmaxOCp": 4.871718460776355e-07,
    "VmaxONp": 4.689171733483779e-06,
    "gammaDp": 0.8639794926971279
}