{
    "KICp": 11.110156721876889,
    "KINp": 0.02,
    "KOCp": 0.03,
    "KONp": 0.1,
    "Mp": 3.163424173633356e-06,
    "VmaxICp": 1.9407040273098027e-05,
    "VmaxINp": 2.819885505291153e-05,
    "VmaxOCp": 5.153248054642892e-06,
    "VmaxONp": 1.1111111111111112e-06,
    "gammaDp": 0.264705697567222
}