{
    "KICp": 182.74912656075617,
    "KINp": 0.0035586719914249,
    "KOCp": 0.0421955535854572,
    "KONp": 0.0700510835942012,
    "Mp": 3.840174184772344e-06,
    "VmaxICp": 1.902717990300168e-05,
    "VmaxINp": 5.088953909638644e-05,
    "VmaxOCp": 7.602083039824463e-06,
    "VmaxONp": 2.906557553124398e-06,
    "gammaDp": 0.1546570562045414
}