{
    "KICp": 124.44427228851048,
    "KINp": 0.0098350437567144,
    "KOCp": 0.0816128248661563,
    "KONp": 0.1449237782451945,
    "Mp": 6.433995970175376e-06,
    "VmaxICp": 1.877531523034722e-05,
    "VmaxINp": 3.0627761374251694e-05,
    "VmaxOCp": 2.673890739896776e-06,
    "VmaxONp": 3.51641366147563e-07,
    "gammaDp": 0.3759451651572038
}