{
    "KICp": 10.425939112584174,
    "KINp": 0.02,
    "KOCp": 0.008897822815706,
    "KONp": 0.1210211313728322,
    "Mp": 3.897229965819513e-06,
    "VmaxICp": 3.3877920198556006e-05,
    "VmaxINp": 1.9826524929775987e-05,
    "VmaxOCp": 4.217801148118376e-07,
    "VmaxONp": 3.579856196601922e-07,
    "gammaDp": 0.6488764587557991
}