{
    "KICp": 17.06861055924757,
    "KINp": 0.0975145359358854,
    "KOCp": 0.0553924793080814,
    "KONp": 0.0893936551748727,
    "Mp": 1.0541418143428046e-05,
    "VmaxICp": 4.14366646859004e-05,
    "VmaxINp": 3.372827391605734e-05,
    "VmaxOCp": 2.066426001963645e-06,
    "VmaxONp": 1.2074664517889156e-07,
    "gammaDp": 0.5630521438180409
}