{
    "KICp": 70.00450246124002,
    "KINp": 0.0487906667603973,
    "KOCp": 0.0032281217531938,
    "KONp": 0.5047900545436476,
    "Mp": 3.817116914986283e-06,
    "VmaxICp": 2.756470280709435e-05,
    "VmaxINp": 2.655174029146077e-05,
    "VmaxOCp": 1.0560063044629955e-05,
    "VmaxONp": 6.942787300937953e-07,
    "gammaDp": 0.2055995807416493
}