{
    "KICp": 13.069177428648068,
    "KINp": 0.02,
    "KOCp": 0.0117195583072225,
    "KONp": 0.1,
    "Mp": 5.6157740478539685e-06,
    "VmaxICp": 3.775548004914802e-05,
    "VmaxINp": 1.4275411315014478e-05,
    "VmaxOCp": 5.832772555889387e-07,
    "VmaxONp": 2.413357643385326e-06,
    "gammaDp": 0.609312312562095
}