{
    "KICp": 44.71953783606102,
    "KINp": 0.02,
    "KOCp": 0.1639418033511722,
    "KONp": 0.1,
    "Mp": 5.6157740478539685e-06,
    "VmaxICp": 3.775548004914802e-05,
    "VmaxINp": 1.4275411315014478e-05,
    "VmaxOCp": 5.832772555889387e-07,
    "VmaxONp": 4.872552021469325e-07,
    "gammaDp": 0.103330191179126
}