{
    "KICp": 37.0,
    "KINp": 0.0883627659472598,
    "KOCp": 0.03,
    "KONp": 0.0473118124153585,
    "Mp": 6.367254006254507e-06,
    "VmaxICp": 1.9407040273098027e-05,
    "VmaxINp": 2.819885505291153e-05,
    "VmaxOCp": 6.280752116183822e-06,
    "VmaxONp": 8.500480390020469e-07,
    "gammaDp": 0.264705697567222
}