{
    "KICp": 251.7269465928396,
    "KINp": 0.0264760080658644,
    "KOCp": 0.0911818081978789,
    "KONp": 0.0111686998343323,
    "Mp": 6.812536325758181e-06,
    "VmaxICp": 2.5827054783013177e-05,
    "VmaxINp": 2.550108680463181e-05,
    "VmaxOCp": 1.4280628325952874e-05,
    "VmaxONp": 1.1162920182453828e-06,
    "gammaDp": 0.6806831597880698
}