{
    "KICp": 13.500305361179132,
    "KINp": 0.007852985089675,
    "KOCp": 0.0182629166090677,
    "KONp": 0.1,
    "Mp": 1.0809359950851954e-05,
    "VmaxICp": 3.326625669985532e-05,
    "VmaxINp": 4.24190424965244e-05,
    "VmaxOCp": 5.1413281334329e-06,
    "VmaxONp": 2.315806765282085e-06,
    "gammaDp": 0.2152328040055554
}