{
    "KICp": 15.322286303427552,
    "KINp": 0.0109782342465213,
    "KOCp": 0.0182629166090677,
    "KONp": 0.0701667207672234,
    "Mp": 1.1420023327669976e-05,
    "VmaxICp": 3.326625669985532e-05,
    "VmaxINp": 4.24190424965244e-05,
    "VmaxOCp": 1.9976113989753163e-06,
    "VmaxONp": 7.462081648406571e-07,
    "gammaDp": 0.2152328040055554
}