{
    "KICp": 37.0,
    "KINp": 0.02,
    "KOCp": 0.1241438052039048,
    "KONp": 0.0139570018559941,
    "Mp": 2.501023301224912e-06,
    "VmaxICp": 2.9675727612372256e-05,
    "VmaxINp": 1.656130975477767e-05,
    "VmaxOCp": 1.079614571243723e-06,
    "VmaxONp": 4.023454771080773e-07,
    "gammaDp": 0.1134221090141447
}