{
    "KICp": 33.21889640442274,
    "KINp": 0.1169013004464408,
    "KOCp": 0.03,
    "KONp": 0.1330879112724128,
    "Mp": 4.333434611521367e-06,
    "VmaxICp": 3.9607859520911255e-05,
    "VmaxINp": 1.26384536138376e-05,
    "VmaxOCp": 9.768327342727523e-07,
    "VmaxONp": 8.916145951412856e-07,
    "gammaDp": 0.8
}