{
    "KICp": 279.64854085694793,
    "KINp": 0.0126631927247128,
    "KOCp": 0.0114884136467242,
    "KONp": 0.0231292698652157,
    "Mp": 2.2299329767286705e-06,
    "VmaxICp": 1.950991450219762e-05,
    "VmaxINp": 2.4442930302687737e-05,
    "VmaxOCp": 3.2833195507658084e-06,
    "VmaxONp": 2.496150386124708e-07,
    "gammaDp": 0.3350992863549543
}