{
    "KICp": 3.8697055597562966,
    "KINp": 0.0444897179848577,
    "KOCp": 0.0474514146545983,
    "KONp": 0.4507890282615186,
    "Mp": 6.433912132817428e-06,
    "VmaxICp": 1.2366623073519672e-05,
    "VmaxINp": 4.964976007811354e-05,
    "VmaxOCp": 1.590220049368888e-05,
    "VmaxONp": 9.10021980651011e-07,
    "gammaDp": 0.8
}