{
    "KICp": 8.460135594073666,
    "KINp": 0.02,
    "KOCp": 0.0885967311252718,
    "KONp": 0.1,
    "Mp": 2.9464867474474955e-06,
    "VmaxICp": 1.9407040273098027e-05,
    "VmaxINp": 2.819885505291153e-05,
    "VmaxOCp": 1.851851851851852e-06,
    "VmaxONp": 2.558477497353909e-06,
    "gammaDp": 0.264705697567222
}