{
    "KICp": 37.0,
    "KINp": 0.02,
    "KOCp": 0.0436363463854927,
    "KONp": 0.1,
    "Mp": 6.367254006254507e-06,
    "VmaxICp": 1.9407040273098027e-05,
    "VmaxINp": 5.147970892428055e-05,
    "VmaxOCp": 9.005835366020353e-06,
    "VmaxONp": 8.078549595836031e-06,
    "gammaDp": 0.264705697567222
}