{
    "KICp": 21.04736190037828,
    "KINp": 0.02,
    "KOCp": 0.0201293080212555,
    "KONp": 0.0196754754764735,
    "Mp": 3.0503678197693697e-06,
    "VmaxICp": 1.950991450219762e-05,
    "VmaxINp": 2.4442930302687737e-05,
    "VmaxOCp": 2.360395665645998e-07,
    "VmaxONp": 2.496150386124708e-07,
    "gammaDp": 0.3350992863549543
}