{
    "KICp": 279.64854085694793,
    "KINp": 0.0337404207947172,
    "KOCp": 0.005822370328948,
    "KONp": 0.1271413430485299,
    "Mp": 3.0503678197693697e-06,
    "VmaxICp": 1.950991450219762e-05,
    "VmaxINp": 2.336328877150673e-05,
    "VmaxOCp": 2.2987544785854206e-06,
    "VmaxONp": 2.496150386124708e-07,
    "gammaDp": 0.3350992863549543
}