{
    "KICp": 143.693847214056,
    "KINp": 0.0227277348037562,
    "KOCp": 0.1201045045880339,
    "KONp": 0.019128751779495,
    "Mp": 4.188776051198688e-06,
    "VmaxICp": 3.616337567340821e-05,
    "VmaxINp": 1.5377748964615437e-05,
    "VmaxOCp": 2.832989171918511e-07,
    "VmaxONp": 1.1111111111111112e-06,
    "gammaDp": 0.4461360231602282
}