{
    "KICp": 5.965527032519867,
    "KINp": 0.02,
    "KOCp": 0.1330340761261166,
    "KONp": 0.0129706008803824,
    "Mp": 4.417674784720468e-06,
    "VmaxICp": 5.267006598741671e-05,
    "VmaxINp": 1.577525587402933e-05,
    "VmaxOCp": 8.002618257251336e-06,
    "VmaxONp": 3.036238721727465e-07,
    "gammaDp": 0.2092673506959489
}