{
    "KICp": 150.36067887789298,
    "KINp": 0.02,
    "KOCp": 0.0956369422637373,
    "KONp": 0.0398773007558104,
    "Mp": 3.540297420555128e-06,
    "VmaxICp": 1.7468341475667827e-05,
    "VmaxINp": 2.2095361068163552e-05,
    "VmaxOCp": 8.212806867648813e-06,
    "VmaxONp": 5.518641323333484e-07,
    "gammaDp": 0.2118484474754502
}