{
    "KICp": 11.14489819297452,
    "KINp": 0.0264760080658644,
    "KOCp": 0.014397445570544,
    "KONp": 0.0111686998343323,
    "Mp": 3.050744573638643e-06,
    "VmaxICp": 2.5827054783013177e-05,
    "VmaxINp": 2.550108680463181e-05,
    "VmaxOCp": 5.602720451772838e-07,
    "VmaxONp": 7.584210418137738e-07,
    "gammaDp": 0.6806831597880698
}