{
    "KICp": 18.57154144884024,
    "KINp": 0.0159118919540929,
    "KOCp": 0.0733478608759293,
    "KONp": 0.6124322195014599,
    "Mp": 5.6157740478539685e-06,
    "VmaxICp": 3.775548004914802e-05,
    "VmaxINp": 1.4275411315014478e-05,
    "VmaxOCp": 5.832772555889387e-07,
    "VmaxONp": 1.809705426768988e-07,
    "gammaDp": 0.103330191179126
}