{
    "KICp": 79.04541872123625,
    "KINp": 0.1139020438641468,
    "KOCp": 0.0946345175387485,
    "KONp": 0.0234058405660075,
    "Mp": 4.459854095412186e-06,
    "VmaxICp": 2.2391828118765035e-05,
    "VmaxINp": 4.287455874085253e-05,
    "VmaxOCp": 3.104345963621255e-07,
    "VmaxONp": 6.94308636180733e-06,
    "gammaDp": 0.424110652094996
}