{
    "KICp": 6.387250951051751,
    "KINp": 0.1433216410609601,
    "KOCp": 0.0246533580660931,
    "KONp": 0.5134701249490107,
    "Mp": 4.543790249720319e-06,
    "VmaxICp": 1.5646079674930918e-05,
    "VmaxINp": 3.491497066173124e-05,
    "VmaxOCp": 1.851851851851852e-06,
    "VmaxONp": 1.1111111111111112e-06,
    "gammaDp": 0.2400598531350848
}