{
    "KICp": 269.0018994640045,
    "KINp": 0.02,
    "KOCp": 0.0359278712066987,
    "KONp": 0.1,
    "Mp": 6.367254006254507e-06,
    "VmaxICp": 1.9407040273098027e-05,
    "VmaxINp": 2.819885505291153e-05,
    "VmaxOCp": 2.2238755016908083e-06,
    "VmaxONp": 1.1111111111111112e-06,
    "gammaDp": 0.264705697567222
}