{
    "KICp": 22.825526945054385,
    "KINp": 0.1329221690597638,
    "KOCp": 0.0940524562715764,
    "KONp": 0.2718458683263652,
    "Mp": 9.33913273088426e-06,
    "VmaxICp": 2.5593493254922625e-05,
    "VmaxINp": 3.866471982244836e-05,
    "VmaxOCp": 4.632539677588573e-07,
    "VmaxONp": 2.273683334547824e-07,
    "gammaDp": 0.1644606275077303
}