{
    "KICp": 60.74073302306305,
    "KINp": 0.0510739043573724,
    "KOCp": 0.0137174054631258,
    "KONp": 0.5134701249490107,
    "Mp": 4.543790249720319e-06,
    "VmaxICp": 2.0125831158755395e-05,
    "VmaxINp": 3.491497066173124e-05,
    "VmaxOCp": 7.910785616537397e-07,
    "VmaxONp": 2.7781529028914115e-06,
    "gammaDp": 0.2400598531350848
}