{
    "KICp": 4.571653468329696,
    "KINp": 0.0066914643160098,
    "KOCp": 0.0553924793080814,
    "KONp": 0.0893936551748727,
    "Mp": 5.820719267277033e-06,
    "VmaxICp": 4.14366646859004e-05,
    "VmaxINp": 3.372827391605734e-05,
    "VmaxOCp": 4.9768889161305e-07,
    "VmaxONp": 1.1111111111111112e-06,
    "gammaDp": 0.5630521438180409
}