{
    "KICp": 37.0,
    "KINp": 0.1212408670284559,
    "KOCp": 0.0123432136463104,
    "KONp": 0.4507890282615186,
    "Mp": 6.433912132817428e-06,
    "VmaxICp": 1.2366623073519672e-05,
    "VmaxINp": 4.964976007811354e-05,
    "VmaxOCp": 1.237534667261837e-05,
    "VmaxONp": 3.893039645704065e-07,
    "gammaDp": 0.147129208808192
}