{
    "KICp": 37.0,
    "KINp": 0.0086914478883317,
    "KOCp": 0.0403146467962383,
    "KONp": 0.1,
    "Mp": 6.367254006254507e-06,
    "VmaxICp": 1.9407040273098027e-05,
    "VmaxINp": 2.819885505291153e-05,
    "VmaxOCp": 1.851851851851852e-06,
    "VmaxONp": 9.512451110875547e-06,
    "gammaDp": 0.264705697567222
}