{
    "KICp": 3.760701329445504,
    "KINp": 0.02,
    "KOCp": 0.03,
    "KONp": 0.0501873412904691,
    "Mp": 6.367254006254507e-06,
    "VmaxICp": 1.9407040273098027e-05,
    "VmaxINp": 2.819885505291153e-05,
    "VmaxOCp": 3.720917857107833e-06,
    "VmaxONp": 1.1111111111111112e-06,
    "gammaDp": 0.2589999342509673
}