{
    "KICp": 7.07841139060515,
    "KINp": 0.02,
    "KOCp": 0.1330340761261166,
    "KONp": 0.1,
    "Mp": 5.699424918386127e-06,
    "VmaxICp": 4.205095438430075e-05,
    "VmaxINp": 1.577525587402933e-05,
    "VmaxOCp": 6.123194813005912e-06,
    "VmaxONp": 1.643137518076893e-07,
    "gammaDp": 0.5675778092057414
}