{
    "KICp": 13.069177428648068,
    "KINp": 0.0133614319424596,
    "KOCp": 0.0733478608759293,
    "KONp": 0.1,
    "Mp": 5.6157740478539685e-06,
    "VmaxICp": 3.775548004914802e-05,
    "VmaxINp": 1.4627725944920216e-05,
    "VmaxOCp": 5.7230336452889e-07,
    "VmaxONp": 8.955607994646955e-06,
    "gammaDp": 0.103330191179126
}