{
    "KICp": 7.732329752489794,
    "KINp": 0.0020343252112906,
    "KOCp": 0.03,
    "KONp": 0.1330879112724128,
    "Mp": 4.333434611521367e-06,
    "VmaxICp": 3.9607859520911255e-05,
    "VmaxINp": 1.26384536138376e-05,
    "VmaxOCp": 8.15877358783743e-06,
    "VmaxONp": 8.916145951412856e-07,
    "gammaDp": 0.2131416647554677
}