{
    "KICp": 4.362643112544415,
    "KINp": 0.02,
    "KOCp": 0.1366290187945658,
    "KONp": 0.1,
    "Mp": 5.6157740478539685e-06,
    "VmaxICp": 3.775548004914802e-05,
    "VmaxINp": 1.4275411315014478e-05,
    "VmaxOCp": 5.832772555889387e-07,
    "VmaxONp": 2.267665317041465e-07,
    "gammaDp": 0.2871001576523295
}