{
    "KICp": 13.069177428648068,
    "KINp": 0.02,
    "KOCp": 0.003824466739787,
    "KONp": 0.1,
    "Mp": 5.6157740478539685e-06,
    "VmaxICp": 5.037173978349551e-05,
    "VmaxINp": 1.4275411315014478e-05,
    "VmaxOCp": 4.312808573980643e-06,
    "VmaxONp": 8.955607994646955e-06,
    "gammaDp": 0.103330191179126
}