{
    "KICp": 32.236694727195946,
    "KINp": 0.026567789005463,
    "KOCp": 0.1538410924523025,
    "KONp": 0.1,
    "Mp": 4.117281894452669e-06,
    "VmaxICp": 1.56805368082695e-05,
    "VmaxINp": 3.5909207404363755e-05,
    "VmaxOCp": 3.478381820508565e-07,
    "VmaxONp": 1.2400330302526312e-07,
    "gammaDp": 0.2040342595345021
}