{
    "KICp": 37.0,
    "KINp": 0.0487906667603973,
    "KOCp": 0.0032281217531938,
    "KONp": 0.5047900545436476,
    "Mp": 4.860551150503412e-06,
    "VmaxICp": 3.557623465639476e-05,
    "VmaxINp": 2.7904854513092256e-05,
    "VmaxOCp": 1.029775274165086e-05,
    "VmaxONp": 1.1111111111111112e-06,
    "gammaDp": 0.5009354906928677
}