{
    "KICp": 87.83507958031866,
    "KINp": 0.02,
    "KOCp": 0.2050529873125031,
    "KONp": 0.4958278305616982,
    "Mp": 3.897229965819513e-06,
    "VmaxICp": 3.3877920198556006e-05,
    "VmaxINp": 1.8601634382696422e-05,
    "VmaxOCp": 2.828273190562692e-07,
    "VmaxONp": 3.579856196601922e-07,
    "gammaDp": 0.2696388281323747
}