{
    "KICp": 37.0,
    "KINp": 0.02,
    "KOCp": 0.2050529873125031,
    "KONp": 0.2994289451305515,
    "Mp": 3.897229965819513e-06,
    "VmaxICp": 3.3877920198556006e-05,
    "VmaxINp": 1.8601634382696422e-05,
    "VmaxOCp": 4.802204526403542e-06,
    "VmaxONp": 3.579856196601922e-07,
    "gammaDp": 0.7198288933697242
}