{
    "KICp": 6.331575623772209,
    "KINp": 0.0429843802761285,
    "KOCp": 0.0040263120136617,
    "KONp": 0.2414787852587245,
    "Mp": 1.0570681272616427e-05,
    "VmaxICp": 3.194821419491578e-05,
    "VmaxINp": 2.291605059580572e-05,
    "VmaxOCp": 6.823371916062536e-06,
    "VmaxONp": 4.689171733483779e-06,
    "gammaDp": 0.1462645167080213
}