{
    "KICp": 37.0,
    "KINp": 0.0300667104296046,
    "KOCp": 0.03,
    "KONp": 0.0876590037520439,
    "Mp": 8.414281755601825e-06,
    "VmaxICp": 3.11534258867761e-05,
    "VmaxINp": 2.856935859993957e-05,
    "VmaxOCp": 5.616603225019842e-06,
    "VmaxONp": 6.285888669752314e-07,
    "gammaDp": 0.3460925942138794
}