{
    "KICp": 60.74073302306305,
    "KINp": 0.0510739043573724,
    "KOCp": 0.0653085963733478,
    "KONp": 0.1014236955505359,
    "Mp": 4.543790249720319e-06,
    "VmaxICp": 1.5646079674930918e-05,
    "VmaxINp": 5.497810056101607e-05,
    "VmaxOCp": 3.934798336728216e-07,
    "VmaxONp": 1.1111111111111112e-06,
    "gammaDp": 0.2400598531350848
}