{
    "KICp": 279.64854085694793,
    "KINp": 0.02,
    "KOCp": 0.0066218415708376,
    "KONp": 0.6363085038104633,
    "Mp": 3.0503678197693697e-06,
    "VmaxICp": 1.950991450219762e-05,
    "VmaxINp": 2.4442930302687737e-05,
    "VmaxOCp": 6.941309773135939e-07,
    "VmaxONp": 2.538637811855279e-07,
    "gammaDp": 0.3350992863549543
}