{
    "KICp": 60.05214178274605,
    "KINp": 0.02,
    "KOCp": 0.0246163370833697,
    "KONp": 0.0393594473576795,
    "Mp": 3.360804333384383e-06,
    "VmaxICp": 1.581881886652682e-05,
    "VmaxINp": 3.652385542509848e-05,
    "VmaxOCp": 1.851851851851852e-06,
    "VmaxONp": 7.225417616159769e-07,
    "gammaDp": 0.590709335212322
}