{
    "KICp": 13.426449391601873,
    "KINp": 0.0064068168766462,
    "KOCp": 0.0940524562715764,
    "KONp": 0.1303017413401094,
    "Mp": 9.33913273088426e-06,
    "VmaxICp": 2.5593493254922625e-05,
    "VmaxINp": 3.866471982244836e-05,
    "VmaxOCp": 1.851851851851852e-06,
    "VmaxONp": 2.273683334547824e-07,
    "gammaDp": 0.2504200881065039
}