{
    "KICp": 325.9485071461171,
    "KINp": 0.02,
    "KOCp": 0.03,
    "KONp": 0.079082574620209,
    "Mp": 3.360804333384383e-06,
    "VmaxICp": 1.581881886652682e-05,
    "VmaxINp": 3.665981132514288e-05,
    "VmaxOCp": 1.851851851851852e-06,
    "VmaxONp": 2.3994759800173324e-07,
    "gammaDp": 0.2417584708264126
}