{
    "KICp": 182.74912656075617,
    "KINp": 0.0035586719914249,
    "KOCp": 0.0563775886182038,
    "KONp": 0.052149746037436,
    "Mp": 3.840174184772344e-06,
    "VmaxICp": 1.902717990300168e-05,
    "VmaxINp": 5.088953909638644e-05,
    "VmaxOCp": 7.009473665523628e-07,
    "VmaxONp": 1.998944824739044e-07,
    "gammaDp": 0.1546570562045414
}