{
    "KICp": 10.153932180084528,
    "KINp": 0.1872186579960768,
    "KOCp": 0.0956369422637373,
    "KONp": 0.0298773395335667,
    "Mp": 3.540297420555128e-06,
    "VmaxICp": 1.7468341475667827e-05,
    "VmaxINp": 2.2095361068163552e-05,
    "VmaxOCp": 8.212806867648813e-06,
    "VmaxONp": 5.518641323333484e-07,
    "gammaDp": 0.6009613162496937
}