{
    "KICp": 4.323625468519529,
    "KINp": 0.0023234478303236,
    "KOCp": 0.0033872624017055,
    "KONp": 0.5047900545436476,
    "Mp": 4.860551150503412e-06,
    "VmaxICp": 3.557623465639476e-05,
    "VmaxINp": 2.655174029146077e-05,
    "VmaxOCp": 1.0560063044629955e-05,
    "VmaxONp": 1.1111111111111112e-06,
    "gammaDp": 0.2055995807416493
}