{
    "KICp": 22.65869375881901,
    "KINp": 0.0023286047047075,
    "KOCp": 0.0911818081978789,
    "KONp": 0.0310501593293038,
    "Mp": 4.253683213614015e-06,
    "VmaxICp": 2.5827054783013177e-05,
    "VmaxINp": 2.550108680463181e-05,
    "VmaxOCp": 1.499569460661616e-06,
    "VmaxONp": 1.1162920182453828e-06,
    "gammaDp": 0.6806831597880698
}