{
    "KICp": 11.724886317934464,
    "KINp": 0.0957842554781948,
    "KOCp": 0.03,
    "KONp": 0.0877506232864601,
    "Mp": 1.0083741819844836e-05,
    "VmaxICp": 3.517343497081119e-05,
    "VmaxINp": 4.267846739700246e-05,
    "VmaxOCp": 6.8939869409442e-06,
    "VmaxONp": 1.2401651724601266e-07,
    "gammaDp": 0.6582913794806139
}