{
    "KICp": 37.0,
    "KINp": 0.02,
    "KOCp": 0.0918684559530218,
    "KONp": 0.1,
    "Mp": 2.501023301224912e-06,
    "VmaxICp": 2.9675727612372256e-05,
    "VmaxINp": 1.4798628651112323e-05,
    "VmaxOCp": 6.235563099587455e-07,
    "VmaxONp": 5.932662705418551e-07,
    "gammaDp": 0.1134221090141447
}