{
    "KICp": 12.643789798333534,
    "KINp": 0.0058731072304646,
    "KOCp": 0.0122843429891516,
    "KONp": 0.2867726661113417,
    "Mp": 7.33325142479352e-06,
    "VmaxICp": 3.603632749099026e-05,
    "VmaxINp": 3.308437971054744e-05,
    "VmaxOCp": 1.851851851851852e-06,
    "VmaxONp": 1.1388714808875313e-07,
    "gammaDp": 0.5957534743590669
}