{
    "KICp": 116.98289985476792,
    "KINp": 0.0510739043573724,
    "KOCp": 0.0137174054631258,
    "KONp": 0.5134701249490107,
    "Mp": 4.543790249720319e-06,
    "VmaxICp": 2.3579141057462286e-05,
    "VmaxINp": 3.491497066173124e-05,
    "VmaxOCp": 1.851851851851852e-06,
    "VmaxONp": 1.3137192028963203e-06,
    "gammaDp": 0.2400598531350848
}