{
    "KICp": 37.0,
    "KINp": 0.0035783710343774,
    "KOCp": 0.1610286407342131,
    "KONp": 0.7944540801207602,
    "Mp": 7.354968832270048e-06,
    "VmaxICp": 7.370499679034579e-06,
    "VmaxINp": 4.971184776235115e-05,
    "VmaxOCp": 1.6507829820340958e-05,
    "VmaxONp": 2.814594252211713e-07,
    "gammaDp": 0.8
}