{
    "KICp": 145.76972729985616,
    "KINp": 0.0404709583405352,
    "KOCp": 0.0137174054631258,
    "KONp": 0.5134701249490107,
    "Mp": 4.543790249720319e-06,
    "VmaxICp": 1.5646079674930918e-05,
    "VmaxINp": 3.491497066173124e-05,
    "VmaxOCp": 1.0599686053024358e-06,
    "VmaxONp": 1.1111111111111112e-06,
    "gammaDp": 0.3305216207143561
}