{
    "KICp": 4.571653468329696,
    "KINp": 0.0021526963074176,
    "KOCp": 0.0050668612590136,
    "KONp": 0.1220388400809481,
    "Mp": 5.923764328515911e-06,
    "VmaxICp": 4.14366646859004e-05,
    "VmaxINp": 3.372827391605734e-05,
    "VmaxOCp": 2.5980870365571187e-06,
    "VmaxONp": 2.648310251139867e-07,
    "gammaDp": 0.5630521438180409
}