{
    "KICp": 17.181552440928783,
    "KINp": 0.0288141556352289,
    "KOCp": 0.1541667170216066,
    "KONp": 0.1534526761800812,
    "Mp": 8.105032380779665e-06,
    "VmaxICp": 4.353283585623335e-05,
    "VmaxINp": 3.22434816531725e-05,
    "VmaxOCp": 1.7419141504445537e-06,
    "VmaxONp": 8.929825276382456e-07,
    "gammaDp": 0.6831745057092454
}