{
    "KICp": 24.81783112008799,
    "KINp": 0.0117979327838046,
    "KOCp": 0.0214858555001238,
    "KONp": 0.0110568975451591,
    "Mp": 3.840174184772344e-06,
    "VmaxICp": 1.902717990300168e-05,
    "VmaxINp": 5.088953909638644e-05,
    "VmaxOCp": 3.679910818383832e-06,
    "VmaxONp": 1.1111111111111112e-06,
    "gammaDp": 0.1546570562045414
}