{
    "KICp": 37.0,
    "KINp": 0.0509860960093048,
    "KOCp": 0.0040263120136617,
    "KONp": 0.2588745179614949,
    "Mp": 8.68536713651627e-06,
    "VmaxICp": 3.194821419491578e-05,
    "VmaxINp": 2.291605059580572e-05,
    "VmaxOCp": 6.823371916062536e-06,
    "VmaxONp": 4.689171733483779e-06,
    "gammaDp": 0.2865754020851155
}