{
    "KICp": 37.0,
    "KINp": 0.0141688506665237,
    "KOCp": 0.0045451896077863,
    "KONp": 0.727479220589821,
    "Mp": 7.354968832270048e-06,
    "VmaxICp": 2.906045441420343e-05,
    "VmaxINp": 4.971184776235115e-05,
    "VmaxOCp": 1.6507829820340958e-05,
    "VmaxONp": 5.463796333461303e-06,
    "gammaDp": 0.6820023715486776
}