{
    "KICp": 66.4027503507019,
    "KINp": 0.02,
    "KOCp": 0.0946345175387485,
    "KONp": 0.0354275627903259,
    "Mp": 5.602292441059676e-06,
    "VmaxICp": 4.774539269477346e-05,
    "VmaxINp": 2.967908124606932e-05,
    "VmaxOCp": 3.104345963621255e-07,
    "VmaxONp": 6.94308636180733e-06,
    "gammaDp": 0.424110652094996
}