{
    "KICp": 37.0,
    "KINp": 0.02,
    "KOCp": 0.03,
    "KONp": 0.0393594473576795,
    "Mp": 3.360804333384383e-06,
    "VmaxICp": 1.581881886652682e-05,
    "VmaxINp": 3.665981132514288e-05,
    "VmaxOCp": 2.0615696486749614e-07,
    "VmaxONp": 1.3263859869222682e-07,
    "gammaDp": 0.2962390912520165
}