{
    "KICp": 289.53240516311394,
    "KINp": 0.0487906667603973,
    "KOCp": 0.0032281217531938,
    "KONp": 0.0159343630435985,
    "Mp": 4.860551150503412e-06,
    "VmaxICp": 3.557623465639476e-05,
    "VmaxINp": 2.655174029146077e-05,
    "VmaxOCp": 2.327826456978368e-06,
    "VmaxONp": 1.1111111111111112e-06,
    "gammaDp": 0.2055995807416493
}