{
    "KICp": 53.63551064877401,
    "KINp": 0.0585794203793648,
    "KOCp": 0.2714622918165134,
    "KONp": 0.154895838112954,
    "Mp": 1.0083741819844836e-05,
    "VmaxICp": 3.517343497081119e-05,
    "VmaxINp": 4.267846739700246e-05,
    "VmaxOCp": 6.577886989561546e-07,
    "VmaxONp": 7.9876974291633e-06,
    "gammaDp": 0.2922389271310068
}