{
    "KICp": 37.0,
    "KINp": 0.0104960586482141,
    "KOCp": 0.0516433454384381,
    "KONp": 0.7752591271311333,
    "Mp": 8.414281755601825e-06,
    "VmaxICp": 4.078499371104944e-05,
    "VmaxINp": 3.086038179526799e-05,
    "VmaxOCp": 3.680502637334501e-06,
    "VmaxONp": 1.1111111111111112e-06,
    "gammaDp": 0.3460925942138794
}