{
    "KICp": 3.8061823154180425,
    "KINp": 0.0150565664256058,
    "KOCp": 0.03,
    "KONp": 0.1534526761800812,
    "Mp": 9.314245799846476e-06,
    "VmaxICp": 4.353283585623335e-05,
    "VmaxINp": 3.95302005323314e-05,
    "VmaxOCp": 1.7419141504445537e-06,
    "VmaxONp": 1.6598735225608396e-06,
    "gammaDp": 0.3015187490155835
}