{
    "KICp": 7.07841139060515,
    "KINp": 0.0637149499442652,
    "KOCp": 0.0064614254360001,
    "KONp": 0.0377170250025894,
    "Mp": 4.417674784720468e-06,
    "VmaxICp": 5.267006598741671e-05,
    "VmaxINp": 1.577525587402933e-05,
    "VmaxOCp": 8.002618257251336e-06,
    "VmaxONp": 3.036238721727465e-07,
    "gammaDp": 0.6432099724455828
}