{
    "KICp": 10.74336239951728,
    "KINp": 0.0505346103956986,
    "KOCp": 0.0302860915874913,
    "KONp": 0.0541487396188605,
    "Mp": 3.540297420555128e-06,
    "VmaxICp": 1.7468341475667827e-05,
    "VmaxINp": 2.2095361068163552e-05,
    "VmaxOCp": 4.519218159737822e-07,
    "VmaxONp": 5.518641323333484e-07,
    "gammaDp": 0.179018623866776
}