{
    "KICp": 110.61286727831636,
    "KINp": 0.0429843802761285,
    "KOCp": 0.0040263120136617,
    "KONp": 0.016442998864366,
    "Mp": 8.68536713651627e-06,
    "VmaxICp": 5.2826778326085296e-05,
    "VmaxINp": 2.291605059580572e-05,
    "VmaxOCp": 4.185817162235739e-07,
    "VmaxONp": 7.724090217864841e-07,
    "gammaDp": 0.5548791140540276
}