{
    "KICp": 17.181552440928783,
    "KINp": 0.0803798241035625,
    "KOCp": 0.03,
    "KONp": 0.0132044286060548,
    "Mp": 9.314245799846476e-06,
    "VmaxICp": 4.353283585623335e-05,
    "VmaxINp": 3.95302005323314e-05,
    "VmaxOCp": 1.703170892899824e-05,
    "VmaxONp": 8.929825276382456e-07,
    "gammaDp": 0.364703202018611
}