{
    "KICp": 3.742324911902634,
    "KINp": 0.0035586719914249,
    "KOCp": 0.0065596286880604,
    "KONp": 0.7210463813766584,
    "Mp": 3.840174184772344e-06,
    "VmaxICp": 1.902717990300168e-05,
    "VmaxINp": 5.088953909638644e-05,
    "VmaxOCp": 3.679910818383832e-06,
    "VmaxONp": 2.0209014736816145e-07,
    "gammaDp": 0.1546570562045414
}