{
    "KICp": 5.660724577804789,
    "KINp": 0.0145795653939956,
    "KOCp": 0.1610286407342131,
    "KONp": 0.727479220589821,
    "Mp": 7.354968832270048e-06,
    "VmaxICp": 7.370499679034579e-06,
    "VmaxINp": 4.971184776235115e-05,
    "VmaxOCp": 1.6270096118197062e-05,
    "VmaxONp": 1.508922598717971e-06,
    "gammaDp": 0.8
}