{
    "KICp": 12.818584724294798,
    "KINp": 0.0429843802761285,
    "KOCp": 0.0040263120136617,
    "KONp": 0.016442998864366,
    "Mp": 8.68536713651627e-06,
    "VmaxICp": 3.194821419491578e-05,
    "VmaxINp": 3.924296841617798e-05,
    "VmaxOCp": 1.837601293198867e-05,
    "VmaxONp": 4.689171733483779e-06,
    "gammaDp": 0.5548791140540276
}