{
    "KICp": 192.92635889108587,
    "KINp": 0.0098350437567144,
    "KOCp": 0.0227319909630795,
    "KONp": 0.1,
    "Mp": 6.433995970175376e-06,
    "VmaxICp": 2.7492148023943563e-05,
    "VmaxINp": 3.0627761374251694e-05,
    "VmaxOCp": 1.851851851851852e-06,
    "VmaxONp": 3.51641366147563e-07,
    "gammaDp": 0.6516789203841522
}