{
    "KICp": 6.038996160938306,
    "KINp": 0.02,
    "KOCp": 0.1330340761261166,
    "KONp": 0.010746766608677,
    "Mp": 6.008955990727102e-06,
    "VmaxICp": 5.267006598741671e-05,
    "VmaxINp": 1.577525587402933e-05,
    "VmaxOCp": 8.002618257251336e-06,
    "VmaxONp": 3.036238721727465e-07,
    "gammaDp": 0.5675778092057414
}