{
    "KICp": 37.0,
    "KINp": 0.0079528975487032,
    "KOCp": 0.0243058593653081,
    "KONp": 0.016442998864366,
    "Mp": 8.68536713651627e-06,
    "VmaxICp": 3.194821419491578e-05,
    "VmaxINp": 2.291605059580572e-05,
    "VmaxOCp": 6.823371916062536e-06,
    "VmaxONp": 1.5723046440926555e-06,
    "gammaDp": 0.5548791140540276
}