{
    "KICp": 17.181552440928783,
    "KINp": 0.0161334354032106,
    "KOCp": 0.03,
    "KONp": 0.0108294107457798,
    "Mp": 9.314245799846476e-06,
    "VmaxICp": 4.353283585623335e-05,
    "VmaxINp": 3.95302005323314e-05,
    "VmaxOCp": 2.1775233384603445e-07,
    "VmaxONp": 1.4127918985865069e-06,
    "gammaDp": 0.6831745057092454
}