{
    "KICp": 24.257717942767137,
    "KINp": 0.02,
    "KOCp": 0.0428295009228241,
    "KONp": 0.1,
    "Mp": 7.64024928869482e-06,
    "VmaxICp": 4.22248840444594e-05,
    "VmaxINp": 2.465064600772769e-05,
    "VmaxOCp": 1.3233608749441984e-05,
    "VmaxONp": 1.6273289272397564e-06,
    "gammaDp": 0.8
}