{
    "KICp": 182.74912656075617,
    "KINp": 0.0035586719914249,
    "KOCp": 0.0365618171935404,
    "KONp": 0.0702606905145918,
    "Mp": 3.840174184772344e-06,
    "VmaxICp": 1.902717990300168e-05,
    "VmaxINp": 4.1201333109929344e-05,
    "VmaxOCp": 3.679910818383832e-06,
    "VmaxONp": 1.1111111111111112e-06,
    "gammaDp": 0.1006902413134861
}