{
    "KICp": 37.0,
    "KINp": 0.0429843802761285,
    "KOCp": 0.0040263120136617,
    "KONp": 0.0371297475045062,
    "Mp": 8.68536713651627e-06,
    "VmaxICp": 3.194821419491578e-05,
    "VmaxINp": 2.291605059580572e-05,
    "VmaxOCp": 2.765426533739492e-07,
    "VmaxONp": 2.154570478065999e-06,
    "gammaDp": 0.5548791140540276
}