{
    "KICp": 279.64854085694793,
    "KINp": 0.0178158910487767,
    "KOCp": 0.005822370328948,
    "KONp": 0.1,
    "Mp": 3.0503678197693697e-06,
    "VmaxICp": 1.950991450219762e-05,
    "VmaxINp": 2.4442930302687737e-05,
    "VmaxOCp": 3.2833195507658084e-06,
    "VmaxONp": 5.800956035119071e-07,
    "gammaDp": 0.4189260623353947
}