{
    "KICp": 18.002937611155733,
    "KINp": 0.0975145359358854,
    "KOCp": 0.0553924793080814,
    "KONp": 0.0263391747045982,
    "Mp": 5.923764328515911e-06,
    "VmaxICp": 4.14366646859004e-05,
    "VmaxINp": 3.372827391605734e-05,
    "VmaxOCp": 9.579922627214352e-07,
    "VmaxONp": 1.1111111111111112e-06,
    "gammaDp": 0.4510121464494451
}