{
    "KICp": 13.069177428648068,
    "KINp": 0.02,
    "KOCp": 0.0205574278991302,
    "KONp": 0.1,
    "Mp": 4.401367997286955e-06,
    "VmaxICp": 3.775548004914802e-05,
    "VmaxINp": 1.4275411315014478e-05,
    "VmaxOCp": 5.832772555889387e-07,
    "VmaxONp": 3.0890410081543617e-06,
    "gammaDp": 0.103330191179126
}