{
    "KICp": 37.0,
    "KINp": 0.02,
    "KOCp": 0.0774748627424586,
    "KONp": 0.3407876245579511,
    "Mp": 6.367254006254507e-06,
    "VmaxICp": 1.9407040273098027e-05,
    "VmaxINp": 5.364447307255331e-05,
    "VmaxOCp": 1.851851851851852e-06,
    "VmaxONp": 6.931699072945237e-07,
    "gammaDp": 0.264705697567222
}