{
    "KICp": 182.74912656075617,
    "KINp": 0.0035586719914249,
    "KOCp": 0.03,
    "KONp": 0.0702606905145918,
    "Mp": 3.840174184772344e-06,
    "VmaxICp": 1.902717990300168e-05,
    "VmaxINp": 3.867361226649612e-05,
    "VmaxOCp": 3.679910818383832e-06,
    "VmaxONp": 1.3258417464615208e-07,
    "gammaDp": 0.6330537629125311
}