{
    "KICp": 14.775883161651585,
    "KINp": 0.02,
    "KOCp": 0.0110519500158525,
    "KONp": 0.2337205647468299,
    "Mp": 7.147972259988451e-06,
    "VmaxICp": 4.046709495660517e-05,
    "VmaxINp": 3.52629960662965e-05,
    "VmaxOCp": 3.6918240769950667e-07,
    "VmaxONp": 6.82406438663429e-07,
    "gammaDp": 0.2450430362389924
}