{
    "KICp": 63.81004989710679,
    "KINp": 0.0804738871160234,
    "KOCp": 0.0077008120350964,
    "KONp": 0.4507890282615186,
    "Mp": 9.862141676504936e-06,
    "VmaxICp": 1.2366623073519672e-05,
    "VmaxINp": 4.964976007811354e-05,
    "VmaxOCp": 1.590220049368888e-05,
    "VmaxONp": 3.893039645704065e-07,
    "gammaDp": 0.8
}