{
    "KICp": 20.72241933676888,
    "KINp": 0.0487906667603973,
    "KOCp": 0.0032281217531938,
    "KONp": 0.5047900545436476,
    "Mp": 4.860551150503412e-06,
    "VmaxICp": 3.5180088906156205e-05,
    "VmaxINp": 2.655174029146077e-05,
    "VmaxOCp": 1.0560063044629955e-05,
    "VmaxONp": 1.1111111111111112e-06,
    "gammaDp": 0.2747072952651558
}