{
    "KICp": 37.0,
    "KINp": 0.0346699411792928,
    "KOCp": 0.214932738971714,
    "KONp": 0.1,
    "Mp": 5.052221865575812e-06,
    "VmaxICp": 4.380498434988796e-05,
    "VmaxINp": 2.548036204124345e-05,
    "VmaxOCp": 2.9226831927259786e-07,
    "VmaxONp": 1.200859769032745e-07,
    "gammaDp": 0.126730369019629
}