{
    "KICp": 7.575720757288262,
    "KINp": 0.0363381914829618,
    "KOCp": 0.03,
    "KONp": 0.0298362295231437,
    "Mp": 4.333434611521367e-06,
    "VmaxICp": 3.9607859520911255e-05,
    "VmaxINp": 3.3987051170783524e-05,
    "VmaxOCp": 8.936537105892646e-07,
    "VmaxONp": 8.916145951412856e-07,
    "gammaDp": 0.8
}