{
    "KICp": 11.724886317934464,
    "KINp": 0.0585794203793648,
    "KOCp": 0.0284277894422319,
    "KONp": 0.0877506232864601,
    "Mp": 1.0083741819844836e-05,
    "VmaxICp": 3.397302288828524e-05,
    "VmaxINp": 4.267846739700246e-05,
    "VmaxOCp": 6.577886989561546e-07,
    "VmaxONp": 3.880847591901281e-07,
    "gammaDp": 0.2922389271310068
}