{
    "KICp": 109.24637061390992,
    "KINp": 0.0230818986804807,
    "KOCp": 0.0048047762609246,
    "KONp": 0.0923222576790361,
    "Mp": 7.147972259988451e-06,
    "VmaxICp": 4.046709495660517e-05,
    "VmaxINp": 3.52629960662965e-05,
    "VmaxOCp": 1.390502087965582e-06,
    "VmaxONp": 1.235359507085155e-06,
    "gammaDp": 0.2450430362389924
}