{
    "KICp": 27.818220352344408,
    "KINp": 0.0534102496340979,
    "KOCp": 0.1330340761261166,
    "KONp": 0.1,
    "Mp": 4.417674784720468e-06,
    "VmaxICp": 5.267006598741671e-05,
    "VmaxINp": 1.577525587402933e-05,
    "VmaxOCp": 4.262522768367941e-06,
    "VmaxONp": 3.036238721727465e-07,
    "gammaDp": 0.5675778092057414
}