{
    "KICp": 182.74912656075617,
    "KINp": 0.0035586719914249,
    "KOCp": 0.0280322447231824,
    "KONp": 0.0702606905145918,
    "Mp": 3.840174184772344e-06,
    "VmaxICp": 1.902717990300168e-05,
    "VmaxINp": 5.088953909638644e-05,
    "VmaxOCp": 1.2116990846277656e-06,
    "VmaxONp": 1.1111111111111112e-06,
    "gammaDp": 0.5420228402215718
}