{
    "KICp": 37.0,
    "KINp": 0.02,
    "KOCp": 0.0290837382268551,
    "KONp": 0.1,
    "Mp": 2.854690113656393e-06,
    "VmaxICp": 1.9407040273098027e-05,
    "VmaxINp": 2.819885505291153e-05,
    "VmaxOCp": 1.0824371240859412e-06,
    "VmaxONp": 1.1111111111111112e-06,
    "gammaDp": 0.264705697567222
}