{
    "KICp": 37.0,
    "KINp": 0.0487906667603973,
    "KOCp": 0.0032281217531938,
    "KONp": 0.5047900545436476,
    "Mp": 4.860551150503412e-06,
    "VmaxICp": 3.3292975890742625e-05,
    "VmaxINp": 2.655174029146077e-05,
    "VmaxOCp": 1.8144907706462096e-06,
    "VmaxONp": 4.772475565963454e-06,
    "gammaDp": 0.1084381005954083
}