{
    "KICp": 182.74912656075617,
    "KINp": 0.0035586719914249,
    "KOCp": 0.022246707135891,
    "KONp": 0.1149809516478858,
    "Mp": 3.840174184772344e-06,
    "VmaxICp": 1.902717990300168e-05,
    "VmaxINp": 5.088953909638644e-05,
    "VmaxOCp": 3.679910818383832e-06,
    "VmaxONp": 1.1111111111111112e-06,
    "gammaDp": 0.3646203630603494
}