{
    "KICp": 5.76206956261407,
    "KINp": 0.0098350437567144,
    "KOCp": 0.0396675309019811,
    "KONp": 0.0342509331099812,
    "Mp": 6.433995970175376e-06,
    "VmaxICp": 1.877531523034722e-05,
    "VmaxINp": 3.0627761374251694e-05,
    "VmaxOCp": 1.851851851851852e-06,
    "VmaxONp": 2.181901358859037e-07,
    "gammaDp": 0.3759451651572038
}