{
    "KICp": 51.51345024576179,
    "KINp": 0.02,
    "KOCp": 0.0956369422637373,
    "KONp": 0.0238707181599691,
    "Mp": 6.727301200412952e-06,
    "VmaxICp": 1.7468341475667827e-05,
    "VmaxINp": 2.2095361068163552e-05,
    "VmaxOCp": 8.212806867648813e-06,
    "VmaxONp": 5.518641323333484e-07,
    "gammaDp": 0.4639025852089214
}