{
    "KICp": 14.775883161651585,
    "KINp": 0.003571788553941,
    "KOCp": 0.1755589495603967,
    "KONp": 0.1,
    "Mp": 7.147972259988451e-06,
    "VmaxICp": 4.046709495660517e-05,
    "VmaxINp": 4.902254746367057e-05,
    "VmaxOCp": 3.6918240769950667e-07,
    "VmaxONp": 1.235359507085155e-06,
    "gammaDp": 0.2450430362389924
}