{
    "KICp": 10.153932180084528,
    "KINp": 0.0042439223705849,
    "KOCp": 0.0956369422637373,
    "KONp": 0.0541487396188605,
    "Mp": 6.36422640925746e-06,
    "VmaxICp": 1.7468341475667827e-05,
    "VmaxINp": 2.2095361068163552e-05,
    "VmaxOCp": 8.212806867648813e-06,
    "VmaxONp": 5.107708826941098e-07,
    "gammaDp": 0.179018623866776
}