{
    "KICp": 15.545717897747418,
    "KINp": 0.0022187350896514,
    "KOCp": 0.0304666366608814,
    "KONp": 0.2867726661113417,
    "Mp": 7.33325142479352e-06,
    "VmaxICp": 4.865199659016463e-05,
    "VmaxINp": 3.308437971054744e-05,
    "VmaxOCp": 1.851851851851852e-06,
    "VmaxONp": 1.1111111111111112e-06,
    "gammaDp": 0.5957534743590669
}