{
    "KICp": 149.76639341685942,
    "KINp": 0.02,
    "KOCp": 0.1241438052039048,
    "KONp": 0.0570265317870408,
    "Mp": 2.501023301224912e-06,
    "VmaxICp": 2.9675727612372256e-05,
    "VmaxINp": 1.656130975477767e-05,
    "VmaxOCp": 1.5189905528776322e-05,
    "VmaxONp": 4.368057074853928e-06,
    "gammaDp": 0.1134221090141447
}