{
    "KICp": 279.64854085694793,
    "KINp": 0.02,
    "KOCp": 0.005822370328948,
    "KONp": 0.3858195710605285,
    "Mp": 3.0503678197693697e-06,
    "VmaxICp": 3.092572944167028e-05,
    "VmaxINp": 2.4442930302687737e-05,
    "VmaxOCp": 3.2833195507658084e-06,
    "VmaxONp": 3.384713000115876e-07,
    "gammaDp": 0.3350992863549543
}