{
    "KICp": 11.14489819297452,
    "KINp": 0.0264760080658644,
    "KOCp": 0.0911818081978789,
    "KONp": 0.029095360664013,
    "Mp": 6.319964948622352e-06,
    "VmaxICp": 2.5827054783013177e-05,
    "VmaxINp": 2.550108680463181e-05,
    "VmaxOCp": 1.851851851851852e-06,
    "VmaxONp": 1.928437429750661e-06,
    "gammaDp": 0.6806831597880698
}