{
    "KICp": 282.6828423227428,
    "KINp": 0.0044996975771956,
    "KOCp": 0.0085694117997445,
    "KONp": 0.0527689254448069,
    "Mp": 3.975253189929439e-06,
    "VmaxICp": 1.8236189102045505e-05,
    "VmaxINp": 3.630201999482533e-05,
    "VmaxOCp": 3.84723534743332e-07,
    "VmaxONp": 1.1111111111111112e-06,
    "gammaDp": 0.3142253049324855
}