{
    "KICp": 37.0,
    "KINp": 0.02,
    "KOCp": 0.0179569649233774,
    "KONp": 0.1,
    "Mp": 7.64024928869482e-06,
    "VmaxICp": 4.22248840444594e-05,
    "VmaxINp": 2.465064600772769e-05,
    "VmaxOCp": 7.678814346266484e-06,
    "VmaxONp": 5.226042161584621e-07,
    "gammaDp": 0.5494496701708927
}