{
    "KICp": 7.8255263623327505,
    "KINp": 0.0264760080658644,
    "KOCp": 0.0080129558538189,
    "KONp": 0.0111686998343323,
    "Mp": 4.253683213614015e-06,
    "VmaxICp": 2.5827054783013177e-05,
    "VmaxINp": 2.1578108369120195e-05,
    "VmaxOCp": 9.186213725230828e-06,
    "VmaxONp": 1.1162920182453828e-06,
    "gammaDp": 0.6806831597880698
}