{
    "KICp": 14.775883161651585,
    "KINp": 0.02,
    "KOCp": 0.1819230710761268,
    "KONp": 0.1,
    "Mp": 5.71336243917173e-06,
    "VmaxICp": 4.046709495660517e-05,
    "VmaxINp": 3.52629960662965e-05,
    "VmaxOCp": 3.6918240769950667e-07,
    "VmaxONp": 8.115825796219168e-07,
    "gammaDp": 0.5436448204287176
}