{
    "KICp": 8.104578437319608,
    "KINp": 0.02,
    "KOCp": 0.0733478608759293,
    "KONp": 0.1,
    "Mp": 5.6157740478539685e-06,
    "VmaxICp": 3.775548004914802e-05,
    "VmaxINp": 1.4275411315014478e-05,
    "VmaxOCp": 5.832772555889387e-07,
    "VmaxONp": 1.207343655925014e-06,
    "gammaDp": 0.8116506968495368
}