{
    "KICp": 10.153932180084528,
    "KINp": 0.02,
    "KOCp": 0.0956369422637373,
    "KONp": 0.0211103378663553,
    "Mp": 3.540297420555128e-06,
    "VmaxICp": 1.7468341475667827e-05,
    "VmaxINp": 2.2095361068163552e-05,
    "VmaxOCp": 3.416678103900916e-07,
    "VmaxONp": 2.1921203541824205e-06,
    "gammaDp": 0.1079846699032229
}