{
    "KICp": 14.816868948069075,
    "KINp": 0.02,
    "KOCp": 0.2050529873125031,
    "KONp": 0.141206110227379,
    "Mp": 3.897229965819513e-06,
    "VmaxICp": 3.3877920198556006e-05,
    "VmaxINp": 1.8601634382696422e-05,
    "VmaxOCp": 3.497327610347861e-07,
    "VmaxONp": 2.5675080446523902e-06,
    "gammaDp": 0.6488764587557991
}