{
    "KICp": 22.825526945054385,
    "KINp": 0.0023340990039825,
    "KOCp": 0.0104143300152766,
    "KONp": 0.0574911520454614,
    "Mp": 9.33913273088426e-06,
    "VmaxICp": 2.5593493254922625e-05,
    "VmaxINp": 3.866471982244836e-05,
    "VmaxOCp": 1.851851851851852e-06,
    "VmaxONp": 4.577603981002085e-06,
    "gammaDp": 0.1644606275077303
}