{
    "KICp": 37.0,
    "KINp": 0.0252603746351099,
    "KOCp": 0.214932738971714,
    "KONp": 0.1,
    "Mp": 3.393890897318812e-06,
    "VmaxICp": 4.380498434988796e-05,
    "VmaxINp": 1.2900676229416656e-05,
    "VmaxOCp": 5.667629436009862e-06,
    "VmaxONp": 3.644384222428121e-06,
    "gammaDp": 0.126730369019629
}