{
    "KICp": 4.282806338054521,
    "KINp": 0.0975145359358854,
    "KOCp": 0.0553924793080814,
    "KONp": 0.0893936551748727,
    "Mp": 5.923764328515911e-06,
    "VmaxICp": 4.14366646859004e-05,
    "VmaxINp": 2.397161292672945e-05,
    "VmaxOCp": 2.04583470453062e-06,
    "VmaxONp": 1.1111111111111112e-06,
    "gammaDp": 0.4167430110216489
}