{
    "KICp": 37.0,
    "KINp": 0.0674434240407709,
    "KOCp": 0.03,
    "KONp": 0.7752591271311333,
    "Mp": 5.243510599406865e-06,
    "VmaxICp": 4.078499371104944e-05,
    "VmaxINp": 2.856935859993957e-05,
    "VmaxOCp": 5.205562026461784e-07,
    "VmaxONp": 1.1111111111111112e-06,
    "gammaDp": 0.3460925942138794
}