{
    "KICp": 124.51080618843976,
    "KINp": 0.02,
    "KOCp": 0.03,
    "KONp": 0.1,
    "Mp": 6.367254006254507e-06,
    "VmaxICp": 1.9407040273098027e-05,
    "VmaxINp": 2.819885505291153e-05,
    "VmaxOCp": 4.120868849960476e-07,
    "VmaxONp": 5.782747224651595e-06,
    "gammaDp": 0.7727303749580773
}