{
    "KICp": 6.995629990983467,
    "KINp": 0.0070159618402092,
    "KOCp": 0.1538410924523025,
    "KONp": 0.1,
    "Mp": 4.117281894452669e-06,
    "VmaxICp": 1.56805368082695e-05,
    "VmaxINp": 4.4765325773135934e-05,
    "VmaxOCp": 3.453722759364588e-07,
    "VmaxONp": 1.2400330302526312e-07,
    "gammaDp": 0.3429133753085275
}