{
    "KICp": 13.473778876846534,
    "KINp": 0.02,
    "KOCp": 0.0428295009228241,
    "KONp": 0.1,
    "Mp": 7.64024928869482e-06,
    "VmaxICp": 3.7324037765396107e-05,
    "VmaxINp": 2.465064600772769e-05,
    "VmaxOCp": 5.829752071581807e-07,
    "VmaxONp": 3.0095827213289794e-06,
    "gammaDp": 0.8
}