{
    "KICp": 37.0,
    "KINp": 0.1178598734529519,
    "KOCp": 0.2050529873125031,
    "KONp": 0.0215965119185653,
    "Mp": 3.897229965819513e-06,
    "VmaxICp": 3.3877920198556006e-05,
    "VmaxINp": 1.8601634382696422e-05,
    "VmaxOCp": 2.0165388539433502e-06,
    "VmaxONp": 1.17328877177812e-06,
    "gammaDp": 0.6488764587557991
}