{
    "KICp": 7.07841139060515,
    "KINp": 0.02,
    "KOCp": 0.0055201439242695,
    "KONp": 0.1,
    "Mp": 4.417674784720468e-06,
    "VmaxICp": 5.267006598741671e-05,
    "VmaxINp": 1.577525587402933e-05,
    "VmaxOCp": 3.1029214673502346e-06,
    "VmaxONp": 1.71602475075106e-07,
    "gammaDp": 0.5675778092057414
}