{
    "KICp": 37.0,
    "KINp": 0.0055544179798363,
    "KOCp": 0.1241438052039048,
    "KONp": 0.1,
    "Mp": 2.501023301224912e-06,
    "VmaxICp": 2.9675727612372256e-05,
    "VmaxINp": 1.656130975477767e-05,
    "VmaxOCp": 3.3793978555583893e-06,
    "VmaxONp": 2.104029783889025e-07,
    "gammaDp": 0.1434329775593354
}