{
    "KICp": 37.0,
    "KINp": 0.1863073021243045,
    "KOCp": 0.214932738971714,
    "KONp": 0.0341425613726143,
    "Mp": 6.828394801851364e-06,
    "VmaxICp": 4.380498434988796e-05,
    "VmaxINp": 1.2900676229416656e-05,
    "VmaxOCp": 2.498468765925107e-07,
    "VmaxONp": 3.644384222428121e-06,
    "gammaDp": 0.4713100616242299
}