{
    "KICp": 37.0,
    "KINp": 0.1409114437996068,
    "KOCp": 0.0428295009228241,
    "KONp": 0.1,
    "Mp": 7.64024928869482e-06,
    "VmaxICp": 4.22248840444594e-05,
    "VmaxINp": 2.465064600772769e-05,
    "VmaxOCp": 4.759560395299206e-06,
    "VmaxONp": 2.166649002039022e-07,
    "gammaDp": 0.1948320681434268
}