{
    "KICp": 11.724886317934464,
    "KINp": 0.0585794203793648,
    "KOCp": 0.03,
    "KONp": 0.2458822360208065,
    "Mp": 1.0083741819844836e-05,
    "VmaxICp": 3.517343497081119e-05,
    "VmaxINp": 4.267846739700246e-05,
    "VmaxOCp": 7.824128230544912e-07,
    "VmaxONp": 1.5880797741352498e-06,
    "gammaDp": 0.2922389271310068
}