{
    "KICp": 10.153932180084528,
    "KINp": 0.02,
    "KOCp": 0.0956369422637373,
    "KONp": 0.025054069720783,
    "Mp": 3.540297420555128e-06,
    "VmaxICp": 1.7468341475667827e-05,
    "VmaxINp": 2.2095361068163552e-05,
    "VmaxOCp": 2.228200130879512e-06,
    "VmaxONp": 9.194405114153124e-07,
    "gammaDp": 0.5481788124447516
}