{
    "KICp": 164.74975446572662,
    "KINp": 0.0109782342465213,
    "KOCp": 0.0182629166090677,
    "KONp": 0.1,
    "Mp": 1.1420023327669976e-05,
    "VmaxICp": 3.326625669985532e-05,
    "VmaxINp": 4.24190424965244e-05,
    "VmaxOCp": 2.232534612308713e-07,
    "VmaxONp": 1.820454324003834e-07,
    "gammaDp": 0.2152328040055554
}