{
    "KICp": 11.724886317934464,
    "KINp": 0.0597384469531885,
    "KOCp": 0.0125555813885784,
    "KONp": 0.0877506232864601,
    "Mp": 1.0083741819844836e-05,
    "VmaxICp": 3.517343497081119e-05,
    "VmaxINp": 5.150981612002816e-05,
    "VmaxOCp": 6.577886989561546e-07,
    "VmaxONp": 1.2401651724601266e-07,
    "gammaDp": 0.2964529986563269
}