{
    "KICp": 153.52547283090215,
    "KINp": 0.0510739043573724,
    "KOCp": 0.0033121371144016,
    "KONp": 0.015175526358925,
    "Mp": 4.543790249720319e-06,
    "VmaxICp": 1.5646079674930918e-05,
    "VmaxINp": 3.491497066173124e-05,
    "VmaxOCp": 1.851851851851852e-06,
    "VmaxONp": 1.1111111111111112e-06,
    "gammaDp": 0.695670834418935
}