{
    "KICp": 192.92635889108587,
    "KINp": 0.184847966059846,
    "KOCp": 0.0297240278143265,
    "KONp": 0.2216296817380878,
    "Mp": 6.433995970175376e-06,
    "VmaxICp": 1.877531523034722e-05,
    "VmaxINp": 3.0627761374251694e-05,
    "VmaxOCp": 1.851851851851852e-06,
    "VmaxONp": 9.906211931915071e-06,
    "gammaDp": 0.1066753979809818
}