{
    "KICp": 195.19185224627088,
    "KINp": 0.0037285158548784,
    "KOCp": 0.0116749349425287,
    "KONp": 0.1,
    "Mp": 5.6157740478539685e-06,
    "VmaxICp": 3.775548004914802e-05,
    "VmaxINp": 2.7299637372503088e-05,
    "VmaxOCp": 5.832772555889387e-07,
    "VmaxONp": 8.955607994646955e-06,
    "gammaDp": 0.103330191179126
}