{
    "KICp": 37.0,
    "KINp": 0.0300667104296046,
    "KOCp": 0.0526556542841811,
    "KONp": 0.090303040201268,
    "Mp": 8.414281755601825e-06,
    "VmaxICp": 4.078499371104944e-05,
    "VmaxINp": 2.856935859993957e-05,
    "VmaxOCp": 1.851851851851852e-06,
    "VmaxONp": 8.611751451672889e-07,
    "gammaDp": 0.3460925942138794
}