{
    "KICp": 13.069177428648068,
    "KINp": 0.02,
    "KOCp": 0.0733478608759293,
    "KONp": 0.0829821459464865,
    "Mp": 5.6157740478539685e-06,
    "VmaxICp": 3.775548004914802e-05,
    "VmaxINp": 1.859919829218316e-05,
    "VmaxOCp": 1.878431331395679e-07,
    "VmaxONp": 8.955607994646955e-06,
    "gammaDp": 0.1609187633931131
}