{
    "KICp": 182.74912656075617,
    "KINp": 0.0035586719914249,
    "KOCp": 0.03,
    "KONp": 0.0845460214028051,
    "Mp": 3.840174184772344e-06,
    "VmaxICp": 1.902717990300168e-05,
    "VmaxINp": 5.088953909638644e-05,
    "VmaxOCp": 3.679910818383832e-06,
    "VmaxONp": 5.555404781993973e-07,
    "gammaDp": 0.1017929268195707
}