{
    "KICp": 21.37971568620643,
    "KINp": 0.1212408670284559,
    "KOCp": 0.0077008120350964,
    "KONp": 0.4507890282615186,
    "Mp": 6.433912132817428e-06,
    "VmaxICp": 1.2366623073519672e-05,
    "VmaxINp": 2.3533325155659047e-05,
    "VmaxOCp": 1.590220049368888e-05,
    "VmaxONp": 1.0236257688575024e-06,
    "gammaDp": 0.8
}