{
    "KICp": 13.069177428648068,
    "KINp": 0.02,
    "KOCp": 0.0044510676262894,
    "KONp": 0.1,
    "Mp": 5.6157740478539685e-06,
    "VmaxICp": 3.775548004914802e-05,
    "VmaxINp": 1.3482578659970835e-05,
    "VmaxOCp": 3.271341588384456e-06,
    "VmaxONp": 6.71111208953793e-07,
    "gammaDp": 0.103330191179126
}