{
    "KICp": 69.25674245199798,
    "KINp": 0.0300667104296046,
    "KOCp": 0.03,
    "KONp": 0.0879554812903228,
    "Mp": 8.414281755601825e-06,
    "VmaxICp": 4.078499371104944e-05,
    "VmaxINp": 4.186182387698616e-05,
    "VmaxOCp": 1.851851851851852e-06,
    "VmaxONp": 1.1111111111111112e-06,
    "gammaDp": 0.1598231617639676
}