{
    "KICp": 107.34683900158228,
    "KINp": 0.1212408670284559,
    "KOCp": 0.0046798213254001,
    "KONp": 0.4507890282615186,
    "Mp": 6.433912132817428e-06,
    "VmaxICp": 1.2366623073519672e-05,
    "VmaxINp": 4.964976007811354e-05,
    "VmaxOCp": 1.590220049368888e-05,
    "VmaxONp": 1.8511713968840256e-06,
    "gammaDp": 0.8
}