{
    "KICp": 32.236694727195946,
    "KINp": 0.0097643260086883,
    "KOCp": 0.1538410924523025,
    "KONp": 0.1,
    "Mp": 3.0296982519049866e-06,
    "VmaxICp": 1.56805368082695e-05,
    "VmaxINp": 4.4765325773135934e-05,
    "VmaxOCp": 3.453722759364588e-07,
    "VmaxONp": 1.949476153500205e-06,
    "gammaDp": 0.1975907956367425
}