{
    "KICp": 113.96077602444188,
    "KINp": 0.0487906667603973,
    "KOCp": 0.0032281217531938,
    "KONp": 0.5047900545436476,
    "Mp": 4.860551150503412e-06,
    "VmaxICp": 3.557623465639476e-05,
    "VmaxINp": 2.655174029146077e-05,
    "VmaxOCp": 9.279113826489243e-06,
    "VmaxONp": 2.6701816883673937e-06,
    "gammaDp": 0.2399926184040494
}