{
    "KICp": 182.74912656075617,
    "KINp": 0.0141981095655681,
    "KOCp": 0.1048842128573173,
    "KONp": 0.0702606905145918,
    "Mp": 3.840174184772344e-06,
    "VmaxICp": 1.902717990300168e-05,
    "VmaxINp": 5.088953909638644e-05,
    "VmaxOCp": 3.679910818383832e-06,
    "VmaxONp": 2.282740263873352e-06,
    "gammaDp": 0.1546570562045414
}