{
    "KICp": 37.0,
    "KINp": 0.0289608109131932,
    "KOCp": 0.0280124835989481,
    "KONp": 0.016442998864366,
    "Mp": 8.68536713651627e-06,
    "VmaxICp": 3.194821419491578e-05,
    "VmaxINp": 2.291605059580572e-05,
    "VmaxOCp": 1.838066296965302e-06,
    "VmaxONp": 2.2890938314199378e-06,
    "gammaDp": 0.5548791140540276
}