{
    "KICp": 37.0,
    "KINp": 0.0284037716064039,
    "KOCp": 0.1704442550896443,
    "KONp": 0.016442998864366,
    "Mp": 8.68536713651627e-06,
    "VmaxICp": 3.194821419491578e-05,
    "VmaxINp": 4.9509449880870665e-05,
    "VmaxOCp": 6.823371916062536e-06,
    "VmaxONp": 4.689171733483779e-06,
    "gammaDp": 0.5548791140540276
}