{
    "KICp": 31.36437558810581,
    "KINp": 0.0300667104296046,
    "KOCp": 0.03,
    "KONp": 0.4219412845689716,
    "Mp": 5.887902249473907e-06,
    "VmaxICp": 4.078499371104944e-05,
    "VmaxINp": 2.856935859993957e-05,
    "VmaxOCp": 2.0561397085748258e-07,
    "VmaxONp": 1.1111111111111112e-06,
    "gammaDp": 0.3460925942138794
}