{
    "KICp": 34.64156473571396,
    "KINp": 0.02,
    "KOCp": 0.2093018095131684,
    "KONp": 0.1,
    "Mp": 7.147972259988451e-06,
    "VmaxICp": 4.046709495660517e-05,
    "VmaxINp": 3.52629960662965e-05,
    "VmaxOCp": 2.0908486251645832e-06,
    "VmaxONp": 1.235359507085155e-06,
    "gammaDp": 0.2450430362389924
}