{
    "KICp": 14.775883161651585,
    "KINp": 0.1661239591639604,
    "KOCp": 0.0293839759290446,
    "KONp": 0.1,
    "Mp": 7.147972259988451e-06,
    "VmaxICp": 4.046709495660517e-05,
    "VmaxINp": 3.52629960662965e-05,
    "VmaxOCp": 3.6918240769950667e-07,
    "VmaxONp": 1.235359507085155e-06,
    "gammaDp": 0.3588485235942623
}