{
    "KICp": 192.92635889108587,
    "KINp": 0.0098350437567144,
    "KOCp": 0.1826323919377293,
    "KONp": 0.1,
    "Mp": 6.433995970175376e-06,
    "VmaxICp": 1.877531523034722e-05,
    "VmaxINp": 3.0627761374251694e-05,
    "VmaxOCp": 2.857841365397881e-06,
    "VmaxONp": 3.51641366147563e-07,
    "gammaDp": 0.2357071022489985
}