{
    "KICp": 3.968835524177351,
    "KINp": 0.0064068168766462,
    "KOCp": 0.1118232710128704,
    "KONp": 0.9416111771557344,
    "Mp": 9.33913273088426e-06,
    "VmaxICp": 3.422520982791914e-05,
    "VmaxINp": 3.866471982244836e-05,
    "VmaxOCp": 1.851851851851852e-06,
    "VmaxONp": 2.273683334547824e-07,
    "gammaDp": 0.1644606275077303
}