{
    "KICp": 143.693847214056,
    "KINp": 0.02,
    "KOCp": 0.0569256452049521,
    "KONp": 0.019128751779495,
    "Mp": 6.5285448657374615e-06,
    "VmaxICp": 3.616337567340821e-05,
    "VmaxINp": 1.5375957308186808e-05,
    "VmaxOCp": 1.5451033202479166e-05,
    "VmaxONp": 1.1111111111111112e-06,
    "gammaDp": 0.4158670004023309
}