{
    "KICp": 5.439552629802735,
    "KINp": 0.1212408670284559,
    "KOCp": 0.0077008120350964,
    "KONp": 0.420248710950581,
    "Mp": 6.433912132817428e-06,
    "VmaxICp": 1.2366623073519672e-05,
    "VmaxINp": 4.964976007811354e-05,
    "VmaxOCp": 1.590220049368888e-05,
    "VmaxONp": 3.893039645704065e-07,
    "gammaDp": 0.156216026563538
}