{
    "KICp": 33.90419067378834,
    "KINp": 0.1268673315859599,
    "KOCp": 0.0077008120350964,
    "KONp": 0.2990620743987168,
    "Mp": 6.433912132817428e-06,
    "VmaxICp": 1.2366623073519672e-05,
    "VmaxINp": 4.964976007811354e-05,
    "VmaxOCp": 1.2219133381812256e-05,
    "VmaxONp": 3.893039645704065e-07,
    "gammaDp": 0.8
}