{
    "KICp": 62.25947082656164,
    "KINp": 0.02,
    "KOCp": 0.0092330217860686,
    "KONp": 0.0393594473576795,
    "Mp": 3.360804333384383e-06,
    "VmaxICp": 2.0482988200870107e-05,
    "VmaxINp": 3.665981132514288e-05,
    "VmaxOCp": 1.851851851851852e-06,
    "VmaxONp": 2.0896975636489863e-06,
    "gammaDp": 0.590709335212322
}