{
    "KICp": 4.85785259590843,
    "KINp": 0.0770940063834868,
    "KOCp": 0.0297240278143265,
    "KONp": 0.1,
    "Mp": 6.433995970175376e-06,
    "VmaxICp": 1.877531523034722e-05,
    "VmaxINp": 3.0627761374251694e-05,
    "VmaxOCp": 1.851851851851852e-06,
    "VmaxONp": 3.1188000310496924e-06,
    "gammaDp": 0.3759451651572038
}