{
    "KICp": 45.539468271080665,
    "KINp": 0.0087208786047564,
    "KOCp": 0.03,
    "KONp": 0.1,
    "Mp": 5.180955312438868e-06,
    "VmaxICp": 1.9407040273098027e-05,
    "VmaxINp": 2.819885505291153e-05,
    "VmaxOCp": 1.851851851851852e-06,
    "VmaxONp": 9.3918956957446e-07,
    "gammaDp": 0.264705697567222
}