{
    "KICp": 90.01980498466878,
    "KINp": 0.02,
    "KOCp": 0.0110354283968112,
    "KONp": 0.1,
    "Mp": 5.6157740478539685e-06,
    "VmaxICp": 3.775548004914802e-05,
    "VmaxINp": 1.4275411315014478e-05,
    "VmaxOCp": 3.3919946115314025e-07,
    "VmaxONp": 8.955607994646955e-06,
    "gammaDp": 0.103330191179126
}