{
    "KICp": 3.7042477846025625,
    "KINp": 0.0028658022186822,
    "KOCp": 0.2050529873125031,
    "KONp": 0.0215965119185653,
    "Mp": 3.897229965819513e-06,
    "VmaxICp": 3.3877920198556006e-05,
    "VmaxINp": 1.8601634382696422e-05,
    "VmaxOCp": 4.217801148118376e-07,
    "VmaxONp": 6.675305599028438e-07,
    "gammaDp": 0.2848808828059751
}