{
    "KICp": 4.571653468329696,
    "KINp": 0.0975145359358854,
    "KOCp": 0.0553924793080814,
    "KONp": 0.0893936551748727,
    "Mp": 5.923764328515911e-06,
    "VmaxICp": 4.14366646859004e-05,
    "VmaxINp": 3.461463795662131e-05,
    "VmaxOCp": 9.247489838218052e-06,
    "VmaxONp": 1.1111111111111112e-06,
    "gammaDp": 0.308160319731063
}