{
    "KICp": 14.03178613311243,
    "KINp": 0.02,
    "KOCp": 0.1024734478377691,
    "KONp": 0.066181566572594,
    "Mp": 3.0503678197693697e-06,
    "VmaxICp": 1.950991450219762e-05,
    "VmaxINp": 2.4442930302687737e-05,
    "VmaxOCp": 3.2833195507658084e-06,
    "VmaxONp": 2.496150386124708e-07,
    "gammaDp": 0.3350992863549543
}