{
    "KICp": 92.92521486660048,
    "KINp": 0.02,
    "KOCp": 0.0247705409041133,
    "KONp": 0.0215965119185653,
    "Mp": 3.897229965819513e-06,
    "VmaxICp": 3.3877920198556006e-05,
    "VmaxINp": 1.8601634382696422e-05,
    "VmaxOCp": 1.7054215817057782e-06,
    "VmaxONp": 1.1904155456132064e-06,
    "gammaDp": 0.6488764587557991
}