{
    "KICp": 3.943586800226908,
    "KINp": 0.0064068168766462,
    "KOCp": 0.0940524562715764,
    "KONp": 0.0574911520454614,
    "Mp": 9.33913273088426e-06,
    "VmaxICp": 2.5593493254922625e-05,
    "VmaxINp": 3.866471982244836e-05,
    "VmaxOCp": 4.483466089884529e-07,
    "VmaxONp": 8.955814760286671e-07,
    "gammaDp": 0.2404227490540716
}