{
    "KICp": 37.0,
    "KINp": 0.0429843802761285,
    "KOCp": 0.0040263120136617,
    "KONp": 0.0974312868164228,
    "Mp": 8.68536713651627e-06,
    "VmaxICp": 3.194821419491578e-05,
    "VmaxINp": 2.028065432646896e-05,
    "VmaxOCp": 8.73091794151259e-06,
    "VmaxONp": 4.689171733483779e-06,
    "gammaDp": 0.5548791140540276
}