{
    "KICp": 37.0,
    "KINp": 0.02,
    "KOCp": 0.2050529873125031,
    "KONp": 0.0215965119185653,
    "Mp": 3.897229965819513e-06,
    "VmaxICp": 3.3877920198556006e-05,
    "VmaxINp": 2.014073027512841e-05,
    "VmaxOCp": 2.417941761742378e-07,
    "VmaxONp": 1.1705931560234014e-07,
    "gammaDp": 0.6488764587557991
}