{
    "KICp": 13.069177428648068,
    "KINp": 0.0027538031470774,
    "KOCp": 0.0733478608759293,
    "KONp": 0.135533197502425,
    "Mp": 5.6157740478539685e-06,
    "VmaxICp": 2.992215188824996e-05,
    "VmaxINp": 1.4275411315014478e-05,
    "VmaxOCp": 5.832772555889387e-07,
    "VmaxONp": 9.240602619531832e-06,
    "gammaDp": 0.103330191179126
}