{
    "KICp": 4.164948174468744,
    "KINp": 0.0064068168766462,
    "KOCp": 0.0940524562715764,
    "KONp": 0.0373373326430344,
    "Mp": 9.33913273088426e-06,
    "VmaxICp": 2.5593493254922625e-05,
    "VmaxINp": 3.866471982244836e-05,
    "VmaxOCp": 1.851851851851852e-06,
    "VmaxONp": 2.273683334547824e-07,
    "gammaDp": 0.1544526144787166
}