{
    "KICp": 14.775883161651585,
    "KINp": 0.0760162669433121,
    "KOCp": 0.1235472315692771,
    "KONp": 0.1325588486078815,
    "Mp": 7.147972259988451e-06,
    "VmaxICp": 4.046709495660517e-05,
    "VmaxINp": 3.52629960662965e-05,
    "VmaxOCp": 3.6918240769950667e-07,
    "VmaxONp": 5.559360730943804e-07,
    "gammaDp": 0.2450430362389924
}