{
    "KICp": 14.775883161651585,
    "KINp": 0.02,
    "KOCp": 0.1343514379977054,
    "KONp": 0.0115510313844389,
    "Mp": 7.282722094677865e-06,
    "VmaxICp": 4.046709495660517e-05,
    "VmaxINp": 2.3010139003251185e-05,
    "VmaxOCp": 3.6918240769950667e-07,
    "VmaxONp": 1.235359507085155e-06,
    "gammaDp": 0.2450430362389924
}