{
    "KICp": 7.575720757288262,
    "KINp": 0.1255615164239533,
    "KOCp": 0.0118139937417455,
    "KONp": 0.1330879112724128,
    "Mp": 4.333434611521367e-06,
    "VmaxICp": 3.9607859520911255e-05,
    "VmaxINp": 1.26384536138376e-05,
    "VmaxOCp": 7.370698376462792e-07,
    "VmaxONp": 8.916145951412856e-07,
    "gammaDp": 0.8
}