{
    "KICp": 249.30595020704743,
    "KINp": 0.0041491607147365,
    "KOCp": 0.0122843429891516,
    "KONp": 0.0855883638104685,
    "Mp": 7.33325142479352e-06,
    "VmaxICp": 4.3292772313770606e-05,
    "VmaxINp": 3.308437971054744e-05,
    "VmaxOCp": 1.7567110291497797e-05,
    "VmaxONp": 2.2431805505303085e-07,
    "gammaDp": 0.5957534743590669
}