{
    "KICp": 37.0,
    "KINp": 0.0157079834461585,
    "KOCp": 0.0428295009228241,
    "KONp": 0.1,
    "Mp": 7.64024928869482e-06,
    "VmaxICp": 4.22248840444594e-05,
    "VmaxINp": 2.465064600772769e-05,
    "VmaxOCp": 1.9717597587994093e-07,
    "VmaxONp": 2.176246183337382e-06,
    "gammaDp": 0.1062474009419877
}