{
    "KICp": 60.74073302306305,
    "KINp": 0.0510739043573724,
    "KOCp": 0.0137174054631258,
    "KONp": 0.0378021475037448,
    "Mp": 4.543790249720319e-06,
    "VmaxICp": 1.5646079674930918e-05,
    "VmaxINp": 3.491497066173124e-05,
    "VmaxOCp": 3.97838690797281e-06,
    "VmaxONp": 1.1111111111111112e-06,
    "gammaDp": 0.2273159262856456
}