{
    "KICp": 60.74073302306305,
    "KINp": 0.0510739043573724,
    "KOCp": 0.0137174054631258,
    "KONp": 0.5134701249490107,
    "Mp": 2.6068373618890243e-06,
    "VmaxICp": 1.5646079674930918e-05,
    "VmaxINp": 3.491497066173124e-05,
    "VmaxOCp": 6.449260154454759e-07,
    "VmaxONp": 3.636273477031885e-07,
    "gammaDp": 0.1860509245269639
}