{
    "KICp": 4.094270238024666,
    "KINp": 0.011937279568332,
    "KOCp": 0.03,
    "KONp": 0.0752429209796751,
    "Mp": 6.367254006254507e-06,
    "VmaxICp": 1.9407040273098027e-05,
    "VmaxINp": 2.819885505291153e-05,
    "VmaxOCp": 5.537349617685436e-06,
    "VmaxONp": 1.1111111111111112e-06,
    "gammaDp": 0.264705697567222
}