{
    "KICp": 79.04541872123625,
    "KINp": 0.0245782416117647,
    "KOCp": 0.0946345175387485,
    "KONp": 0.0354275627903259,
    "Mp": 3.497696346585829e-06,
    "VmaxICp": 2.2391828118765035e-05,
    "VmaxINp": 4.287455874085253e-05,
    "VmaxOCp": 3.1751002976477253e-06,
    "VmaxONp": 6.94308636180733e-06,
    "gammaDp": 0.2663861298508919
}