{
    "KICp": 83.24289250383195,
    "KINp": 0.0585794203793648,
    "KOCp": 0.0069024644422138,
    "KONp": 0.5490810645648974,
    "Mp": 1.0083741819844836e-05,
    "VmaxICp": 3.517343497081119e-05,
    "VmaxINp": 4.267846739700246e-05,
    "VmaxOCp": 4.429715320267044e-07,
    "VmaxONp": 1.2401651724601266e-07,
    "gammaDp": 0.2922389271310068
}