{
    "KICp": 37.0,
    "KINp": 0.0063497495896117,
    "KOCp": 0.0428295009228241,
    "KONp": 0.1,
    "Mp": 7.64024928869482e-06,
    "VmaxICp": 4.22248840444594e-05,
    "VmaxINp": 2.465064600772769e-05,
    "VmaxOCp": 1.7580358127101592e-06,
    "VmaxONp": 3.156460278695826e-06,
    "gammaDp": 0.8
}