{
    "KICp": 128.3477563321535,
    "KINp": 0.0487906667603973,
    "KOCp": 0.0032281217531938,
    "KONp": 0.5047900545436476,
    "Mp": 4.860551150503412e-06,
    "VmaxICp": 3.557623465639476e-05,
    "VmaxINp": 1.1124125358557032e-05,
    "VmaxOCp": 9.663469982820775e-06,
    "VmaxONp": 5.166727302497819e-06,
    "gammaDp": 0.2055995807416493
}