{
    "KICp": 19.67875004412248,
    "KINp": 0.0248858562558741,
    "KOCp": 0.03,
    "KONp": 0.0702606905145918,
    "Mp": 3.840174184772344e-06,
    "VmaxICp": 1.902717990300168e-05,
    "VmaxINp": 5.088953909638644e-05,
    "VmaxOCp": 9.544239518186582e-06,
    "VmaxONp": 2.418640575904936e-07,
    "gammaDp": 0.1546570562045414
}