{
    "KICp": 17.181552440928783,
    "KINp": 0.004070650127417,
    "KOCp": 0.03,
    "KONp": 0.028267948213915,
    "Mp": 9.314245799846476e-06,
    "VmaxICp": 2.7314094226411013e-05,
    "VmaxINp": 3.95302005323314e-05,
    "VmaxOCp": 1.7419141504445537e-06,
    "VmaxONp": 1.03035664540542e-06,
    "gammaDp": 0.6831745057092454
}