{
    "KICp": 249.30595020704743,
    "KINp": 0.0041491607147365,
    "KOCp": 0.0122843429891516,
    "KONp": 0.0310145053257502,
    "Mp": 7.33325142479352e-06,
    "VmaxICp": 3.603632749099026e-05,
    "VmaxINp": 3.308437971054744e-05,
    "VmaxOCp": 7.862489567474556e-06,
    "VmaxONp": 1.8722590193616928e-06,
    "gammaDp": 0.3631747032489504
}