{
    "KICp": 31.198546666217503,
    "KINp": 0.0510739043573724,
    "KOCp": 0.0137174054631258,
    "KONp": 0.5174179260899774,
    "Mp": 4.543790249720319e-06,
    "VmaxICp": 1.5646079674930918e-05,
    "VmaxINp": 3.491497066173124e-05,
    "VmaxOCp": 1.851851851851852e-06,
    "VmaxONp": 2.02279614970954e-07,
    "gammaDp": 0.2400598531350848
}