{
    "KICp": 22.825526945054385,
    "KINp": 0.0588391350450969,
    "KOCp": 0.0940524562715764,
    "KONp": 0.2405893188194784,
    "Mp": 9.33913273088426e-06,
    "VmaxICp": 2.5593493254922625e-05,
    "VmaxINp": 4.12695301641724e-05,
    "VmaxOCp": 1.851851851851852e-06,
    "VmaxONp": 2.273683334547824e-07,
    "gammaDp": 0.1644606275077303
}