{
    "KICp": 37.0,
    "KINp": 0.0300667104296046,
    "KOCp": 0.0145938194916378,
    "KONp": 0.7752591271311333,
    "Mp": 8.414281755601825e-06,
    "VmaxICp": 4.078499371104944e-05,
    "VmaxINp": 3.911658089068154e-05,
    "VmaxOCp": 1.851851851851852e-06,
    "VmaxONp": 6.34443051441984e-06,
    "gammaDp": 0.3460925942138794
}