{
    "KICp": 139.91243482348204,
    "KINp": 0.0300667104296046,
    "KOCp": 0.03,
    "KONp": 0.7752591271311333,
    "Mp": 8.414281755601825e-06,
    "VmaxICp": 4.078499371104944e-05,
    "VmaxINp": 4.7050315679436745e-05,
    "VmaxOCp": 1.851851851851852e-06,
    "VmaxONp": 1.328572145257903e-07,
    "gammaDp": 0.3460925942138794
}