{
    "KICp": 37.0,
    "KINp": 0.02,
    "KOCp": 0.0110783620476012,
    "KONp": 0.1,
    "Mp": 6.367254006254507e-06,
    "VmaxICp": 5.383623390969557e-05,
    "VmaxINp": 2.819885505291153e-05,
    "VmaxOCp": 2.722137860544101e-06,
    "VmaxONp": 1.1111111111111112e-06,
    "gammaDp": 0.1428476134413128
}