{
    "KICp": 55.01023707406453,
    "KINp": 0.0098350437567144,
    "KOCp": 0.0144499023026856,
    "KONp": 0.150208137522028,
    "Mp": 6.433995970175376e-06,
    "VmaxICp": 1.877531523034722e-05,
    "VmaxINp": 3.0627761374251694e-05,
    "VmaxOCp": 1.851851851851852e-06,
    "VmaxONp": 1.4099173385502847e-06,
    "gammaDp": 0.3759451651572038
}