{
    "KICp": 52.45714395844836,
    "KINp": 0.02,
    "KOCp": 0.1241438052039048,
    "KONp": 0.0533816481748783,
    "Mp": 2.501023301224912e-06,
    "VmaxICp": 2.9675727612372256e-05,
    "VmaxINp": 1.656130975477767e-05,
    "VmaxOCp": 6.235563099587455e-07,
    "VmaxONp": 4.590763907344815e-07,
    "gammaDp": 0.29238892007473
}