{
    "KICp": 7.596745854421633,
    "KINp": 0.02,
    "KOCp": 0.2050529873125031,
    "KONp": 0.0215965119185653,
    "Mp": 3.897229965819513e-06,
    "VmaxICp": 3.3877920198556006e-05,
    "VmaxINp": 1.8601634382696422e-05,
    "VmaxOCp": 4.386196590199367e-06,
    "VmaxONp": 1.446008131607727e-06,
    "gammaDp": 0.6488764587557991
}