{
    "KICp": 63.44753127698117,
    "KINp": 0.0059733564083289,
    "KOCp": 0.007715311111372,
    "KONp": 0.0541487396188605,
    "Mp": 3.540297420555128e-06,
    "VmaxICp": 1.7468341475667827e-05,
    "VmaxINp": 2.2095361068163552e-05,
    "VmaxOCp": 7.530271011533431e-07,
    "VmaxONp": 5.518641323333484e-07,
    "gammaDp": 0.179018623866776
}