{
    "KICp": 249.30595020704743,
    "KINp": 0.0041491607147365,
    "KOCp": 0.039225094432441,
    "KONp": 0.2867726661113417,
    "Mp": 7.33325142479352e-06,
    "VmaxICp": 3.603632749099026e-05,
    "VmaxINp": 2.039778403740896e-05,
    "VmaxOCp": 1.7403377756859826e-06,
    "VmaxONp": 1.1111111111111112e-06,
    "gammaDp": 0.5957534743590669
}