{
    "KICp": 22.825526945054385,
    "KINp": 0.0064068168766462,
    "KOCp": 0.0081110488780353,
    "KONp": 0.0574911520454614,
    "Mp": 9.33913273088426e-06,
    "VmaxICp": 3.117109750525133e-05,
    "VmaxINp": 3.866471982244836e-05,
    "VmaxOCp": 3.561998435891196e-07,
    "VmaxONp": 2.63516930203417e-07,
    "gammaDp": 0.1644606275077303
}