{
    "KICp": 37.0,
    "KINp": 0.0120851043843302,
    "KOCp": 0.0763494855034753,
    "KONp": 0.7752591271311333,
    "Mp": 8.414281755601825e-06,
    "VmaxICp": 4.078499371104944e-05,
    "VmaxINp": 2.856935859993957e-05,
    "VmaxOCp": 1.851851851851852e-06,
    "VmaxONp": 1.1111111111111112e-06,
    "gammaDp": 0.7788641302162049
}