{
    "KICp": 279.64854085694793,
    "KINp": 0.0104330822246394,
    "KOCp": 0.005822370328948,
    "KONp": 0.1,
    "Mp": 2.907069492153581e-06,
    "VmaxICp": 1.950991450219762e-05,
    "VmaxINp": 2.4442930302687737e-05,
    "VmaxOCp": 8.727295098632242e-07,
    "VmaxONp": 2.496150386124708e-07,
    "gammaDp": 0.3350992863549543
}