{
    "KICp": 36.55354855379324,
    "KINp": 0.0097643260086883,
    "KOCp": 0.1538410924523025,
    "KONp": 0.1,
    "Mp": 4.117281894452669e-06,
    "VmaxICp": 1.56805368082695e-05,
    "VmaxINp": 4.4765325773135934e-05,
    "VmaxOCp": 4.793278392146737e-07,
    "VmaxONp": 2.6227529280052453e-06,
    "gammaDp": 0.2040342595345021
}