{
    "KICp": 7.575720757288262,
    "KINp": 0.0020343252112906,
    "KOCp": 0.0061236622206317,
    "KONp": 0.400464213349148,
    "Mp": 4.333434611521367e-06,
    "VmaxICp": 3.9607859520911255e-05,
    "VmaxINp": 1.26384536138376e-05,
    "VmaxOCp": 1.0019095799773266e-05,
    "VmaxONp": 8.916145951412856e-07,
    "gammaDp": 0.2846580374269287
}