{
    "KICp": 178.67145162451914,
    "KINp": 0.0187081223523798,
    "KOCp": 0.02926351557437,
    "KONp": 0.5047900545436476,
    "Mp": 4.860551150503412e-06,
    "VmaxICp": 3.557623465639476e-05,
    "VmaxINp": 2.655174029146077e-05,
    "VmaxOCp": 1.0560063044629955e-05,
    "VmaxONp": 1.1111111111111112e-06,
    "gammaDp": 0.2055995807416493
}