{
    "KICp": 5.157580036675324,
    "KINp": 0.0775998342476473,
    "KOCp": 0.0048047762609246,
    "KONp": 0.1,
    "Mp": 7.147972259988451e-06,
    "VmaxICp": 4.046709495660517e-05,
    "VmaxINp": 3.52629960662965e-05,
    "VmaxOCp": 1.0662327210651932e-05,
    "VmaxONp": 1.235359507085155e-06,
    "gammaDp": 0.1434442893459765
}