{
    "KICp": 37.0,
    "KINp": 0.1956481178690108,
    "KOCp": 0.0428295009228241,
    "KONp": 0.1,
    "Mp": 4.167280498551527e-06,
    "VmaxICp": 4.22248840444594e-05,
    "VmaxINp": 2.465064600772769e-05,
    "VmaxOCp": 1.4347855791157849e-06,
    "VmaxONp": 4.415596462529456e-07,
    "gammaDp": 0.8
}