{
    "KICp": 84.1005582675541,
    "KINp": 0.02,
    "KOCp": 0.03,
    "KONp": 0.1,
    "Mp": 6.367254006254507e-06,
    "VmaxICp": 1.9407040273098027e-05,
    "VmaxINp": 2.819885505291153e-05,
    "VmaxOCp": 1.851851851851852e-06,
    "VmaxONp": 2.4537027067344968e-06,
    "gammaDp": 0.4084797670894133
}