{
    "KICp": 37.0,
    "KINp": 0.0657284267562093,
    "KOCp": 0.0032117750940262,
    "KONp": 0.1,
    "Mp": 2.501023301224912e-06,
    "VmaxICp": 2.9675727612372256e-05,
    "VmaxINp": 1.656130975477767e-05,
    "VmaxOCp": 2.670043653377616e-07,
    "VmaxONp": 4.368057074853928e-06,
    "gammaDp": 0.1134221090141447
}