{
    "KICp": 115.8413724491413,
    "KINp": 0.1863073021243045,
    "KOCp": 0.0581600507094851,
    "KONp": 0.1,
    "Mp": 6.828394801851364e-06,
    "VmaxICp": 4.380498434988796e-05,
    "VmaxINp": 1.2900676229416656e-05,
    "VmaxOCp": 2.9226831927259786e-07,
    "VmaxONp": 3.644384222428121e-06,
    "gammaDp": 0.2309454483862298
}