{
    "KICp": 13.100387012704015,
    "KINp": 0.0101958049296784,
    "KOCp": 0.1610286407342131,
    "KONp": 0.727479220589821,
    "Mp": 7.354968832270048e-06,
    "VmaxICp": 7.370499679034579e-06,
    "VmaxINp": 4.971184776235115e-05,
    "VmaxOCp": 1.6507829820340958e-05,
    "VmaxONp": 2.701026786719127e-06,
    "gammaDp": 0.8
}