{
    "KICp": 7.575720757288262,
    "KINp": 0.0020172237359399,
    "KOCp": 0.03,
    "KONp": 0.0834957318794126,
    "Mp": 4.333434611521367e-06,
    "VmaxICp": 3.9607859520911255e-05,
    "VmaxINp": 1.26384536138376e-05,
    "VmaxOCp": 1.2465296847135032e-06,
    "VmaxONp": 8.916145951412856e-07,
    "gammaDp": 0.6637019299910341
}