{
    "KICp": 117.05533117121176,
    "KINp": 0.0682334076789933,
    "KOCp": 0.1087073481792305,
    "KONp": 0.1,
    "Mp": 6.433995970175376e-06,
    "VmaxICp": 1.877531523034722e-05,
    "VmaxINp": 3.0627761374251694e-05,
    "VmaxOCp": 1.851851851851852e-06,
    "VmaxONp": 3.51641366147563e-07,
    "gammaDp": 0.3759451651572038
}