{
    "KICp": 11.14489819297452,
    "KINp": 0.0264760080658644,
    "KOCp": 0.0911818081978789,
    "KONp": 0.0111686998343323,
    "Mp": 7.062287572501769e-06,
    "VmaxICp": 2.5827054783013177e-05,
    "VmaxINp": 2.550108680463181e-05,
    "VmaxOCp": 8.363326941841334e-06,
    "VmaxONp": 1.2227527697805737e-07,
    "gammaDp": 0.8365226362424747
}