{
    "KICp": 62.76651756918038,
    "KINp": 0.02,
    "KOCp": 0.03,
    "KONp": 0.1,
    "Mp": 6.367254006254507e-06,
    "VmaxICp": 1.9407040273098027e-05,
    "VmaxINp": 2.819885505291153e-05,
    "VmaxOCp": 2.197915538902499e-06,
    "VmaxONp": 1.1111111111111112e-06,
    "gammaDp": 0.400155471252038
}