{
    "KICp": 5.762651901367797,
    "KINp": 0.02,
    "KOCp": 0.0452799191322859,
    "KONp": 0.1,
    "Mp": 6.367254006254507e-06,
    "VmaxICp": 4.759289223348159e-05,
    "VmaxINp": 2.819885505291153e-05,
    "VmaxOCp": 1.851851851851852e-06,
    "VmaxONp": 1.1111111111111112e-06,
    "gammaDp": 0.264705697567222
}