{
    "KICp": 23.405146427872204,
    "KINp": 0.02,
    "KOCp": 0.0037882434359155,
    "KONp": 0.1,
    "Mp": 6.367254006254507e-06,
    "VmaxICp": 1.9407040273098027e-05,
    "VmaxINp": 2.819885505291153e-05,
    "VmaxOCp": 1.672372153466057e-05,
    "VmaxONp": 1.1111111111111112e-06,
    "gammaDp": 0.1139006740294678
}