{
    "KICp": 13.500305361179132,
    "KINp": 0.0109782342465213,
    "KOCp": 0.006389703115472,
    "KONp": 0.1,
    "Mp": 1.1420023327669976e-05,
    "VmaxICp": 3.326625669985532e-05,
    "VmaxINp": 4.24190424965244e-05,
    "VmaxOCp": 5.1413281334329e-06,
    "VmaxONp": 1.1217822454150011e-06,
    "gammaDp": 0.5514967685627479
}