{
    "KICp": 21.642963118384426,
    "KINp": 0.0639438032411932,
    "KOCp": 0.0088102386431254,
    "KONp": 0.0893936551748727,
    "Mp": 6.31589196249984e-06,
    "VmaxICp": 4.14366646859004e-05,
    "VmaxINp": 3.372827391605734e-05,
    "VmaxOCp": 2.5980870365571187e-06,
    "VmaxONp": 1.1111111111111112e-06,
    "gammaDp": 0.5630521438180409
}