{
    "KICp": 48.227676625168215,
    "KINp": 0.068811982105851,
    "KOCp": 0.0032281217531938,
    "KONp": 0.5006985060846988,
    "Mp": 4.860551150503412e-06,
    "VmaxICp": 3.557623465639476e-05,
    "VmaxINp": 2.655174029146077e-05,
    "VmaxOCp": 1.0560063044629955e-05,
    "VmaxONp": 2.450595765551737e-07,
    "gammaDp": 0.2055995807416493
}