{
    "KICp": 43.17590270948265,
    "KINp": 0.0098350437567144,
    "KOCp": 0.0297240278143265,
    "KONp": 0.6998869044973816,
    "Mp": 6.433995970175376e-06,
    "VmaxICp": 1.877531523034722e-05,
    "VmaxINp": 3.0627761374251694e-05,
    "VmaxOCp": 5.003332948466142e-06,
    "VmaxONp": 3.51641366147563e-07,
    "gammaDp": 0.3759451651572038
}