{
    "KICp": 91.86499534847214,
    "KINp": 0.0153522701842914,
    "KOCp": 0.1244199371959891,
    "KONp": 0.5134701249490107,
    "Mp": 4.543790249720319e-06,
    "VmaxICp": 3.634931847878587e-05,
    "VmaxINp": 3.491497066173124e-05,
    "VmaxOCp": 1.851851851851852e-06,
    "VmaxONp": 1.1111111111111112e-06,
    "gammaDp": 0.2400598531350848
}