{
    "KICp": 22.825526945054385,
    "KINp": 0.1851408156014059,
    "KOCp": 0.0940524562715764,
    "KONp": 0.2077219555652858,
    "Mp": 9.33913273088426e-06,
    "VmaxICp": 2.5593493254922625e-05,
    "VmaxINp": 3.866471982244836e-05,
    "VmaxOCp": 1.851851851851852e-06,
    "VmaxONp": 5.701241967465348e-07,
    "gammaDp": 0.2283737257327084
}