{
    "KICp": 37.0,
    "KINp": 0.0063065659683736,
    "KOCp": 0.03,
    "KONp": 0.0153709730737361,
    "Mp": 8.414281755601825e-06,
    "VmaxICp": 4.078499371104944e-05,
    "VmaxINp": 2.856935859993957e-05,
    "VmaxOCp": 2.8585177742913254e-07,
    "VmaxONp": 1.1111111111111112e-06,
    "gammaDp": 0.6763357314105076
}