{
    "KICp": 37.0,
    "KINp": 0.02,
    "KOCp": 0.03,
    "KONp": 0.1422397020107784,
    "Mp": 3.360804333384383e-06,
    "VmaxICp": 1.581881886652682e-05,
    "VmaxINp": 2.584026430548951e-05,
    "VmaxOCp": 9.433515297001854e-06,
    "VmaxONp": 2.0896975636489863e-06,
    "gammaDp": 0.590709335212322
}