{
    "KICp": 17.181552440928783,
    "KINp": 0.0115630494697493,
    "KOCp": 0.03,
    "KONp": 0.1534526761800812,
    "Mp": 9.314245799846476e-06,
    "VmaxICp": 4.353283585623335e-05,
    "VmaxINp": 3.381829117380437e-05,
    "VmaxOCp": 1.7419141504445537e-06,
    "VmaxONp": 8.929825276382456e-07,
    "gammaDp": 0.1028822096444441
}