{
    "KICp": 13.500305361179132,
    "KINp": 0.0109782342465213,
    "KOCp": 0.0040830691329126,
    "KONp": 0.029182837155462,
    "Mp": 1.1420023327669976e-05,
    "VmaxICp": 3.326625669985532e-05,
    "VmaxINp": 4.24190424965244e-05,
    "VmaxOCp": 5.1413281334329e-06,
    "VmaxONp": 1.4476280586739733e-07,
    "gammaDp": 0.4078572588158766
}