{
    "KICp": 279.64854085694793,
    "KINp": 0.005711459720248,
    "KOCp": 0.005822370328948,
    "KONp": 0.042263856837187,
    "Mp": 3.0503678197693697e-06,
    "VmaxICp": 1.950991450219762e-05,
    "VmaxINp": 3.763747568014063e-05,
    "VmaxOCp": 3.2833195507658084e-06,
    "VmaxONp": 2.496150386124708e-07,
    "gammaDp": 0.1836507904133703
}