{
    "KICp": 22.825526945054385,
    "KINp": 0.0255529116238102,
    "KOCp": 0.0033802203885439,
    "KONp": 0.0574911520454614,
    "Mp": 9.33913273088426e-06,
    "VmaxICp": 2.5593493254922625e-05,
    "VmaxINp": 3.866471982244836e-05,
    "VmaxOCp": 1.851851851851852e-06,
    "VmaxONp": 2.273683334547824e-07,
    "gammaDp": 0.8773001328495987
}