{
    "KICp": 3.897951878374121,
    "KINp": 0.02,
    "KOCp": 0.1330340761261166,
    "KONp": 0.3945521989764387,
    "Mp": 4.417674784720468e-06,
    "VmaxICp": 5.267006598741671e-05,
    "VmaxINp": 1.577525587402933e-05,
    "VmaxOCp": 3.919887225704261e-07,
    "VmaxONp": 3.036238721727465e-07,
    "gammaDp": 0.5675778092057414
}