{
    "KICp": 149.03790006049314,
    "KINp": 0.0082995649364602,
    "KOCp": 0.1201045045880339,
    "KONp": 0.0710418970161306,
    "Mp": 6.5285448657374615e-06,
    "VmaxICp": 3.616337567340821e-05,
    "VmaxINp": 1.5375957308186808e-05,
    "VmaxOCp": 7.07223805964998e-07,
    "VmaxONp": 1.1111111111111112e-06,
    "gammaDp": 0.4461360231602282
}