{
    "KICp": 172.2135053313222,
    "KINp": 0.02,
    "KOCp": 0.0733478608759293,
    "KONp": 0.1,
    "Mp": 5.6157740478539685e-06,
    "VmaxICp": 3.775548004914802e-05,
    "VmaxINp": 3.0416334825852016e-05,
    "VmaxOCp": 3.806539150785158e-06,
    "VmaxONp": 8.955607994646955e-06,
    "gammaDp": 0.5789699136303894
}