{
    "KICp": 37.0,
    "KINp": 0.0025263941782754,
    "KOCp": 0.0531555890773197,
    "KONp": 0.727479220589821,
    "Mp": 7.354968832270048e-06,
    "VmaxICp": 7.370499679034579e-06,
    "VmaxINp": 4.971184776235115e-05,
    "VmaxOCp": 1.6507829820340958e-05,
    "VmaxONp": 5.18438431459379e-07,
    "gammaDp": 0.8
}