{
    "KICp": 79.04541872123625,
    "KINp": 0.02,
    "KOCp": 0.0268045250945403,
    "KONp": 0.0361336064545788,
    "Mp": 3.497696346585829e-06,
    "VmaxICp": 2.2391828118765035e-05,
    "VmaxINp": 4.287455874085253e-05,
    "VmaxOCp": 2.6236134882231864e-07,
    "VmaxONp": 6.94308636180733e-06,
    "gammaDp": 0.424110652094996
}