{
    "KICp": 46.880608654404014,
    "KINp": 0.0036037320216066,
    "Koverflowp": 6.357369761814099e-07,
    "Mp": 5.5906126238412046e-06,
    "VmaxICp": 2.809214615042664e-05,
    "VmaxINp": 2.825940699217536e-05,
    "gammaDp": 0.3400997212084528
}