{
    "KICp": 6.650047440775145,
    "KINp": 0.1882532809130373,
    "Koverflowp": 9.116328418247422e-07,
    "Mp": 5.787395416097186e-06,
    "VmaxICp": 3.498968332395695e-05,
    "VmaxINp": 2.8816312052713503e-05,
    "gammaDp": 0.6710498748374376
}