{
    "KICp": 16.711761183972044,
    "KINp": 0.0036072774262975,
    "Koverflowp": 1.157407407407407e-06,
    "Mp": 7.853589838927564e-06,
    "VmaxICp": 3.1425679851536746e-05,
    "VmaxINp": 3.4310164935656457e-05,
    "gammaDp": 0.8646539605987222
}