{
    "KICp": 5.07654028317972,
    "KINp": 0.0037408059852273,
    "Koverflowp": 1.3896581524900097e-07,
    "Mp": 2.7254373762454395e-06,
    "VmaxICp": 3.544789871111759e-05,
    "VmaxINp": 1.686408376603004e-05,
    "gammaDp": 0.6033799042892884
}