{
    "KICp": 280.2019841252746,
    "KINp": 0.02,
    "Koverflowp": 2.474332051661465e-07,
    "Mp": 3.810647289016169e-06,
    "VmaxICp": 4.158215225424748e-05,
    "VmaxINp": 2.3111101894333208e-05,
    "gammaDp": 0.6004969741083187
}