{
    "KICp": 24.505807932101654,
    "KINp": 0.0576111252957196,
    "Koverflowp": 3.008609151820765e-06,
    "Mp": 7.027717332749692e-06,
    "VmaxICp": 4.964207142383357e-05,
    "VmaxINp": 1.8573435019563063e-05,
    "gammaDp": 0.6269451413817674
}