{
    "KICp": 13.598191069718448,
    "KINp": 0.0351565468292841,
    "Koverflowp": 8.276240658554913e-06,
    "Mp": 6.176358160026588e-06,
    "VmaxICp": 1.6283523574432524e-05,
    "VmaxINp": 5.499787741078257e-05,
    "gammaDp": 0.4643843996985087
}