{
    "KICp": 7.123878981497942,
    "KINp": 0.0061803015709038,
    "Koverflowp": 1.2606371286804606e-07,
    "Mp": 7.114695096227867e-06,
    "VmaxICp": 3.141261151870707e-05,
    "VmaxINp": 2.7495889966331966e-05,
    "gammaDp": 0.5612035344180372
}