{
    "KICp": 7.123878981497942,
    "KINp": 0.011971544146383,
    "Koverflowp": 6.973638511547988e-07,
    "Mp": 7.114695096227867e-06,
    "VmaxICp": 4.606865523192694e-05,
    "VmaxINp": 1.7506282150616844e-05,
    "gammaDp": 0.1264034609211086
}