{
    "KICp": 11.259769955056612,
    "KINp": 0.0026834942578889,
    "Koverflowp": 3.518035492608142e-07,
    "Mp": 3.908235495759208e-06,
    "VmaxICp": 1.552454278868088e-05,
    "VmaxINp": 4.6277531674660045e-05,
    "gammaDp": 0.2122037671797961
}