{
    "KICp": 36.26933880037412,
    "KINp": 0.0300880698677521,
    "Koverflowp": 1.157407407407407e-06,
    "Mp": 4.350099394465208e-06,
    "VmaxICp": 4.2794405770491965e-05,
    "VmaxINp": 1.2948304080862272e-05,
    "gammaDp": 0.1083634503925198
}