{
    "KICp": 8.501684799299696,
    "KINp": 0.0042594708654507,
    "Koverflowp": 1.0360296908390197e-05,
    "Mp": 3.9518886852202825e-06,
    "VmaxICp": 1.886823606995428e-05,
    "VmaxINp": 3.2776877560897444e-05,
    "gammaDp": 0.6262408006621887
}