{
    "KICp": 197.1720801865289,
    "KINp": 0.0021610560561275,
    "Koverflowp": 3.806151200311357e-06,
    "Mp": 8.828908569251595e-06,
    "VmaxICp": 2.5913215336223696e-05,
    "VmaxINp": 5.2707410921587375e-05,
    "gammaDp": 0.1854469443522803
}