{
    "KICp": 84.17127809392609,
    "KINp": 0.02,
    "Koverflowp": 6.396247849226195e-07,
    "Mp": 5.080536545067402e-06,
    "VmaxICp": 1.7932652755797765e-05,
    "VmaxINp": 2.750836005151276e-05,
    "gammaDp": 0.2059291755870883
}