{
    "KICp": 11.259769955056612,
    "KINp": 0.1150056023339051,
    "Koverflowp": 8.721411064370685e-07,
    "Mp": 4.759635845885355e-06,
    "VmaxICp": 1.704190814467527e-05,
    "VmaxINp": 4.6277531674660045e-05,
    "gammaDp": 0.2490011017508707
}