{
    "KICp": 5.566685820716232,
    "KINp": 0.0569305747993859,
    "Koverflowp": 3.795061853716965e-07,
    "Mp": 9.398590875787686e-06,
    "VmaxICp": 3.7433640806541645e-05,
    "VmaxINp": 5.4806192609131176e-05,
    "gammaDp": 0.8357823519805054
}