{
    "KICp": 85.84562765721255,
    "KINp": 0.02,
    "Koverflowp": 1.292544351375778e-06,
    "Mp": 6.594735129836375e-06,
    "VmaxICp": 3.544789871111759e-05,
    "VmaxINp": 1.686408376603004e-05,
    "gammaDp": 0.6033799042892884
}