{
    "KICp": 9.978686455035009,
    "KINp": 0.110397839011241,
    "Koverflowp": 7.452638117360099e-07,
    "Mp": 7.163731037808808e-06,
    "VmaxICp": 3.674096584896225e-05,
    "VmaxINp": 3.605353872740591e-05,
    "gammaDp": 0.1668590565494731
}