{
    "KICp": 22.615082704222846,
    "KINp": 0.02,
    "Koverflowp": 1.6799270899549997e-06,
    "Mp": 7.103595120481817e-06,
    "VmaxICp": 4.481988677083505e-05,
    "VmaxINp": 3.698190145323038e-05,
    "gammaDp": 0.6402321705369632
}