{
    "KICp": 37.0,
    "KINp": 0.0254186074822083,
    "Koverflowp": 6.089910335002688e-07,
    "Mp": 3.026351294629889e-06,
    "VmaxICp": 2.0863619547338765e-05,
    "VmaxINp": 3.205487434755096e-05,
    "gammaDp": 0.8
}