{
    "KICp": 83.93102963409702,
    "KINp": 0.1045989163069844,
    "Koverflowp": 8.56128855167638e-06,
    "Mp": 2.765891092295948e-06,
    "VmaxICp": 4.462600669792185e-05,
    "VmaxINp": 1.881741954061041e-05,
    "gammaDp": 0.172772643404967
}