{
    "KICp": 65.16404654689376,
    "KINp": 0.1130185304032334,
    "Koverflowp": 2.5763080879561173e-06,
    "Mp": 2.784008291621709e-06,
    "VmaxICp": 2.251678868230609e-05,
    "VmaxINp": 4.522380519547464e-05,
    "gammaDp": 0.2036073262307769
}