{
    "KICp": 229.28517839195564,
    "KINp": 0.02,
    "Koverflowp": 2.937430804997105e-07,
    "Mp": 4.493045769043541e-06,
    "VmaxICp": 2.5882266229183536e-05,
    "VmaxINp": 2.726211787606775e-05,
    "gammaDp": 0.1541634571309714
}