{
    "KICp": 4.45248919421233,
    "KINp": 0.0116425316774134,
    "Koverflowp": 1.51756517455544e-07,
    "Mp": 5.653201054002116e-06,
    "VmaxICp": 5.535006754176759e-05,
    "VmaxINp": 1.7578855809418514e-05,
    "gammaDp": 0.3956986814675665
}