{
    "KICp": 157.07354669735997,
    "KINp": 0.0268506924395782,
    "Koverflowp": 3.795061853716965e-07,
    "Mp": 9.398590875787686e-06,
    "VmaxICp": 3.7433640806541645e-05,
    "VmaxINp": 5.198989155814285e-05,
    "gammaDp": 0.1095896422936188
}