{
    "KICp": 5.391796196034546,
    "KINp": 0.0046028019798575,
    "Koverflowp": 1.157407407407407e-06,
    "Mp": 8.36269224565194e-06,
    "VmaxICp": 4.652966573080257e-05,
    "VmaxINp": 3.708818576379269e-05,
    "gammaDp": 0.1357719550590799
}