{
    "KICp": 34.64855601998043,
    "KINp": 0.0045901615459491,
    "Koverflowp": 3.357806758530923e-07,
    "Mp": 5.299667311485416e-06,
    "VmaxICp": 4.986951058551074e-05,
    "VmaxINp": 1.195758526368532e-05,
    "gammaDp": 0.1013306581792817
}