{
    "KICp": 6.039881202099612,
    "KINp": 0.0639325269816211,
    "Koverflowp": 1.4861625819093938e-07,
    "Mp": 7.273465274891337e-06,
    "VmaxICp": 4.0687700883699865e-05,
    "VmaxINp": 5.4000909321904014e-05,
    "gammaDp": 0.524161430079379
}