{
    "KICp": 37.59503121826708,
    "KINp": 0.0458094352339208,
    "Koverflowp": 2.349502793902313e-07,
    "Mp": 6.357462543728041e-06,
    "VmaxICp": 2.821361517412669e-05,
    "VmaxINp": 2.26588158346758e-05,
    "gammaDp": 0.7741252897978483
}