{
    "KICp": 9.999071006160897,
    "KINp": 0.0031471170419628,
    "Koverflowp": 8.188212568087595e-07,
    "Mp": 5.373987936430103e-06,
    "VmaxICp": 3.987698425444493e-05,
    "VmaxINp": 2.873088388988425e-05,
    "gammaDp": 0.3201973112665757
}