{
    "KICp": 37.0,
    "KINp": 0.1128949112817974,
    "Koverflowp": 5.83088515312551e-07,
    "Mp": 5.02113975149856e-06,
    "VmaxICp": 1.763688315423991e-05,
    "VmaxINp": 3.632075168213799e-05,
    "gammaDp": 0.1518312764168284
}