{
    "KICp": 39.89321572167125,
    "KINp": 0.0639325269816211,
    "Koverflowp": 1.0034246659475492e-05,
    "Mp": 7.273465274891337e-06,
    "VmaxICp": 2.746198973574341e-05,
    "VmaxINp": 2.653677563179884e-05,
    "gammaDp": 0.1210715325155151
}