{
    "KICp": 13.961150426034584,
    "KINp": 0.02,
    "Koverflowp": 1.6361588902656538e-07,
    "Mp": 4.336831542923739e-06,
    "VmaxICp": 2.422835108325328e-05,
    "VmaxINp": 4.5029383511205e-05,
    "gammaDp": 0.6675164540633735
}