{
    "KICp": 28.59786198945259,
    "KINp": 0.0950669813276677,
    "Koverflowp": 6.832970811579045e-06,
    "Mp": 6.576168929564309e-06,
    "VmaxICp": 3.475623234529964e-05,
    "VmaxINp": 4.406461897572213e-05,
    "gammaDp": 0.41503721202576
}