{
    "KICp": 79.77511132815333,
    "KINp": 0.1030634276007336,
    "Koverflowp": 7.107806464313819e-06,
    "Mp": 2.784008291621709e-06,
    "VmaxICp": 2.251678868230609e-05,
    "VmaxINp": 4.522380519547464e-05,
    "gammaDp": 0.1075527247825505
}