{
    "KICp": 6.040713150481565,
    "KINp": 0.0023422848086175,
    "Koverflowp": 5.243872308125027e-07,
    "Mp": 5.02113975149856e-06,
    "VmaxICp": 1.763688315423991e-05,
    "VmaxINp": 4.939428375655761e-05,
    "gammaDp": 0.8
}