{
    "KICp": 37.0,
    "KINp": 0.0439750570656441,
    "Koverflowp": 3.6742970009330286e-06,
    "Mp": 6.485856993943142e-06,
    "VmaxICp": 3.300083724776219e-05,
    "VmaxINp": 4.752186547184366e-05,
    "gammaDp": 0.1183312870796015
}