{
    "KICp": 37.0,
    "KINp": 0.004857503944245,
    "Koverflowp": 2.261108657474937e-06,
    "Mp": 4.5881635175135706e-06,
    "VmaxICp": 2.0863619547338765e-05,
    "VmaxINp": 4.554953010673263e-05,
    "gammaDp": 0.8542328992639185
}