{
    "KICp": 64.38359865972798,
    "KINp": 0.0242507906714839,
    "Koverflowp": 9.297406741872426e-07,
    "Mp": 9.102776863299491e-06,
    "VmaxICp": 2.809214615042664e-05,
    "VmaxINp": 2.825940699217536e-05,
    "gammaDp": 0.1559549207760888
}