{
    "KICp": 53.71977750829653,
    "KINp": 0.0395717433699946,
    "Koverflowp": 3.744705004624679e-06,
    "Mp": 5.001723344077251e-06,
    "VmaxICp": 2.011178140354166e-05,
    "VmaxINp": 2.8787434379517643e-05,
    "gammaDp": 0.8
}