{
    "KICp": 11.544126835645388,
    "KINp": 0.0154532397742472,
    "Koverflowp": 1.4861625819093938e-07,
    "Mp": 7.357710042421687e-06,
    "VmaxICp": 2.746198973574341e-05,
    "VmaxINp": 2.393751132634291e-05,
    "gammaDp": 0.524161430079379
}