{
    "KICp": 22.615082704222846,
    "KINp": 0.1525058435078788,
    "Koverflowp": 7.114416229386158e-06,
    "Mp": 6.764561310876031e-06,
    "VmaxICp": 4.633375367933833e-05,
    "VmaxINp": 5.3414315715608456e-05,
    "gammaDp": 0.6424806116662087
}