{
    "KICp": 302.50060949897335,
    "KINp": 0.0069076858015422,
    "Koverflowp": 2.0991031456115453e-06,
    "Mp": 5.844989892066529e-06,
    "VmaxICp": 4.652966573080257e-05,
    "VmaxINp": 3.708818576379269e-05,
    "gammaDp": 0.1357719550590799
}