{
    "KICp": 4.250085840525822,
    "KINp": 0.0021610560561275,
    "Koverflowp": 6.743359722504329e-07,
    "Mp": 9.797875956005486e-06,
    "VmaxICp": 2.5913215336223696e-05,
    "VmaxINp": 5.2707410921587375e-05,
    "gammaDp": 0.1722478766559224
}