{
    "KICp": 171.02896561008453,
    "KINp": 0.0061803015709038,
    "Koverflowp": 1.2606371286804606e-07,
    "Mp": 7.114695096227867e-06,
    "VmaxICp": 3.066677756013823e-05,
    "VmaxINp": 4.051875766679552e-05,
    "gammaDp": 0.4537658555774431
}