{
    "KICp": 12.150355526751843,
    "KINp": 0.1275575439712815,
    "Koverflowp": 1.1185085436877405e-06,
    "Mp": 5.2556885959825e-06,
    "VmaxICp": 4.986951058551074e-05,
    "VmaxINp": 1.4767133463539456e-05,
    "gammaDp": 0.8
}