{
    "KICp": 7.123878981497942,
    "KINp": 0.1106907560986386,
    "Koverflowp": 2.951003770182824e-07,
    "Mp": 4.042939596301323e-06,
    "VmaxICp": 4.606865523192694e-05,
    "VmaxINp": 1.7506282150616844e-05,
    "gammaDp": 0.6115214280394242
}