{
    "KICp": 8.501684799299696,
    "KINp": 0.1171426045854187,
    "Koverflowp": 1.157407407407407e-06,
    "Mp": 2.854925171211214e-06,
    "VmaxICp": 2.831564760506012e-05,
    "VmaxINp": 3.2776877560897444e-05,
    "gammaDp": 0.8
}