{
    "KICp": 37.0,
    "KINp": 0.0049045910270813,
    "Koverflowp": 4.930635554773859e-06,
    "Mp": 5.865370128908488e-06,
    "VmaxICp": 3.635336899588421e-05,
    "VmaxINp": 2.9438457038223404e-05,
    "gammaDp": 0.7312140359691724
}