{
    "KICp": 205.01795508132696,
    "KINp": 0.0088313895527821,
    "Koverflowp": 1.157407407407407e-06,
    "Mp": 8.161867294041328e-06,
    "VmaxICp": 3.1425679851536746e-05,
    "VmaxINp": 3.4310164935656457e-05,
    "gammaDp": 0.3089537969112972
}