{
    "KICp": 360.2934074162748,
    "KINp": 0.021980424511371,
    "Koverflowp": 1.157407407407407e-06,
    "Mp": 3.024412388592957e-06,
    "VmaxICp": 4.462600669792185e-05,
    "VmaxINp": 1.411312400042102e-05,
    "gammaDp": 0.172772643404967
}