{
    "KICp": 221.0315665502312,
    "KINp": 0.0531953623144061,
    "Koverflowp": 5.83088515312551e-07,
    "Mp": 5.02113975149856e-06,
    "VmaxICp": 1.763688315423991e-05,
    "VmaxINp": 5.129148896663368e-05,
    "gammaDp": 0.8
}