{
    "KICp": 93.79063046582284,
    "KINp": 0.101438727976235,
    "Koverflowp": 2.778354109590168e-07,
    "Mp": 4.9995904151428665e-06,
    "VmaxICp": 2.2618387415480548e-05,
    "VmaxINp": 2.2161454310036937e-05,
    "gammaDp": 0.6867995665778832
}