{
    "KICp": 305.33035296558904,
    "KINp": 0.0379476887522902,
    "Koverflowp": 3.359980104639342e-06,
    "Mp": 5.3282622275129765e-06,
    "VmaxICp": 3.475623234529964e-05,
    "VmaxINp": 1.8284536547719923e-05,
    "gammaDp": 0.1079026465906411
}