{
    "KICp": 57.95200204929773,
    "KINp": 0.027778786969399,
    "Koverflowp": 9.042999366393932e-07,
    "Mp": 5.02113975149856e-06,
    "VmaxICp": 1.763688315423991e-05,
    "VmaxINp": 4.939428375655761e-05,
    "gammaDp": 0.8
}