{
    "KICp": 301.3733474925472,
    "KINp": 0.0137477432587894,
    "Koverflowp": 2.467045944824337e-06,
    "Mp": 3.921663377932128e-06,
    "VmaxICp": 3.440964630796663e-05,
    "VmaxINp": 5.271089213335467e-05,
    "gammaDp": 0.1242822205892471
}