{
    "KICp": 28.26085504468202,
    "KINp": 0.0154602550329604,
    "Koverflowp": 5.035235006033297e-06,
    "Mp": 3.024412388592957e-06,
    "VmaxICp": 4.462600669792185e-05,
    "VmaxINp": 1.2129037428080736e-05,
    "gammaDp": 0.172772643404967
}