{
    "KICp": 37.0,
    "KINp": 0.0027409245303997,
    "Koverflowp": 1.3515938429032673e-06,
    "Mp": 3.898744440848174e-06,
    "VmaxICp": 5.336252880874503e-05,
    "VmaxINp": 1.2694656636172354e-05,
    "gammaDp": 0.5001511276578731
}