{
    "KICp": 8.501684799299696,
    "KINp": 0.0045278219894853,
    "Koverflowp": 2.758647653611431e-07,
    "Mp": 3.9518886852202825e-06,
    "VmaxICp": 1.886823606995428e-05,
    "VmaxINp": 4.396573555596591e-05,
    "gammaDp": 0.1318598878035329
}