{
    "KICp": 346.14324009322723,
    "KINp": 0.02,
    "Koverflowp": 1.792663589478713e-07,
    "Mp": 3.810647289016169e-06,
    "VmaxICp": 4.158215225424748e-05,
    "VmaxINp": 2.3111101894333208e-05,
    "gammaDp": 0.8609540289961293
}