{
    "KICp": 8.68554645087516,
    "KINp": 0.0147916598993611,
    "Koverflowp": 1.5304890903951014e-07,
    "Mp": 6.357462543728041e-06,
    "VmaxICp": 2.821361517412669e-05,
    "VmaxINp": 2.26588158346758e-05,
    "gammaDp": 0.3219922299714164
}