{
    "KICp": 18.491223439364244,
    "KINp": 0.0029325560742631,
    "Koverflowp": 4.524557199106109e-07,
    "Mp": 3.9518886852202825e-06,
    "VmaxICp": 2.5108781593912164e-05,
    "VmaxINp": 3.2776877560897444e-05,
    "gammaDp": 0.8
}