{
    "KICp": 53.71977750829653,
    "KINp": 0.0233523064086808,
    "Koverflowp": 1.238987935684097e-07,
    "Mp": 5.001723344077251e-06,
    "VmaxICp": 2.011178140354166e-05,
    "VmaxINp": 3.3814531771368474e-05,
    "gammaDp": 0.3037799067072746
}