{
    "KICp": 105.6571675731956,
    "KINp": 0.0058830606510786,
    "Koverflowp": 4.640205906041585e-07,
    "Mp": 6.357462543728041e-06,
    "VmaxICp": 5.261724395832265e-05,
    "VmaxINp": 2.26588158346758e-05,
    "gammaDp": 0.1625256948639629
}