{
    "KICp": 301.3733474925472,
    "KINp": 0.0035173952999536,
    "Koverflowp": 1.0892864786705178e-06,
    "Mp": 3.921663377932128e-06,
    "VmaxICp": 2.173394555629195e-05,
    "VmaxINp": 3.089867206863309e-05,
    "gammaDp": 0.1810945871884219
}