{
    "KICp": 4.627750998561732,
    "KINp": 0.1751897917821127,
    "Koverflowp": 1.157407407407407e-06,
    "Mp": 4.28614249255771e-06,
    "VmaxICp": 2.648828591747887e-05,
    "VmaxINp": 5.383961539004624e-05,
    "gammaDp": 0.1738573337582668
}