{
    "KICp": 12.80483526283067,
    "KINp": 0.0170055548104436,
    "Koverflowp": 8.847741740486664e-07,
    "Mp": 2.484182965144663e-06,
    "VmaxICp": 5.108002708031787e-05,
    "VmaxINp": 1.853479011008901e-05,
    "gammaDp": 0.126912243857959
}