{
    "KICp": 6.6478760023973,
    "KINp": 0.1362993159940969,
    "Koverflowp": 1.5359775405994603e-06,
    "Mp": 5.358552848755042e-06,
    "VmaxICp": 2.5913215336223696e-05,
    "VmaxINp": 5.2707410921587375e-05,
    "gammaDp": 0.4717271735860568
}