{
    "KICp": 110.4592788407178,
    "KINp": 0.0177709567760724,
    "Koverflowp": 4.508825367481423e-07,
    "Mp": 4.6924390212669816e-06,
    "VmaxICp": 4.536499475673366e-05,
    "VmaxINp": 2.7139436783113857e-05,
    "gammaDp": 0.2670442310109791
}