{
    "KICp": 12.960685492847707,
    "KINp": 0.02,
    "Koverflowp": 1.89766333284759e-07,
    "Mp": 3.679973278164428e-06,
    "VmaxICp": 3.937323759578198e-05,
    "VmaxINp": 1.606824317434022e-05,
    "gammaDp": 0.7014163294981189
}