{
    "KICp": 187.8138512946981,
    "KINp": 0.0040282348432762,
    "Koverflowp": 1.0815674999438438e-06,
    "Mp": 4.6924390212669816e-06,
    "VmaxICp": 4.536499475673366e-05,
    "VmaxINp": 2.7139436783113857e-05,
    "gammaDp": 0.4184897230754377
}