{
    "KICp": 53.71977750829653,
    "KINp": 0.1724181114664092,
    "Koverflowp": 3.407627737443285e-07,
    "Mp": 5.001723344077251e-06,
    "VmaxICp": 4.0938743047969874e-05,
    "VmaxINp": 3.3814531771368474e-05,
    "gammaDp": 0.8
}