{
    "KICp": 25.895636199651083,
    "KINp": 0.0160560290483344,
    "Koverflowp": 8.066485299088895e-07,
    "Mp": 3.0930359751369483e-06,
    "VmaxICp": 1.968282301674568e-05,
    "VmaxINp": 4.651224923617818e-05,
    "gammaDp": 0.4593776085629377
}