{
    "KICp": 356.1328597021521,
    "KINp": 0.1420387435130906,
    "Koverflowp": 1.157407407407407e-06,
    "Mp": 5.844989892066529e-06,
    "VmaxICp": 4.652966573080257e-05,
    "VmaxINp": 2.946479754884572e-05,
    "gammaDp": 0.1515069681027042
}