{
    "KICp": 6.414131136260313,
    "KINp": 0.1087329664299632,
    "Koverflowp": 1.3062903301967443e-06,
    "Mp": 4.336831542923739e-06,
    "VmaxICp": 3.328349993705336e-05,
    "VmaxINp": 4.5029383511205e-05,
    "gammaDp": 0.8
}