{
    "KICp": 72.06955871076656,
    "KINp": 0.0160448133072356,
    "Koverflowp": 4.6557082498337954e-06,
    "Mp": 4.28614249255771e-06,
    "VmaxICp": 2.648828591747887e-05,
    "VmaxINp": 1.4842172880861888e-05,
    "gammaDp": 0.1242883120667459
}