{
    "KICp": 24.181327520949264,
    "KINp": 0.1565348026231187,
    "Koverflowp": 1.689382958505304e-07,
    "Mp": 2.2872592543055124e-06,
    "VmaxICp": 4.5331780648433154e-05,
    "VmaxINp": 1.6685696396846517e-05,
    "gammaDp": 0.8657614036469058
}