{
    "KICp": 211.495016768936,
    "KINp": 0.086288999562557,
    "Koverflowp": 1.157407407407407e-06,
    "Mp": 9.40153531695631e-06,
    "VmaxICp": 3.635336899588421e-05,
    "VmaxINp": 2.9438457038223404e-05,
    "gammaDp": 0.1569092713688803
}