{
    "KICp": 37.0,
    "KINp": 0.1208155441659856,
    "Koverflowp": 1.3906686216506905e-07,
    "Mp": 3.898744440848174e-06,
    "VmaxICp": 5.336252880874503e-05,
    "VmaxINp": 1.710331551124965e-05,
    "gammaDp": 0.2104144072155825
}