{
    "KICp": 106.6581737745334,
    "KINp": 0.0021610560561275,
    "Koverflowp": 1.1151253485998026e-06,
    "Mp": 5.358552848755042e-06,
    "VmaxICp": 2.5913215336223696e-05,
    "VmaxINp": 5.2707410921587375e-05,
    "gammaDp": 0.2409375930321108
}