{
    "KICp": 283.1168942926828,
    "KINp": 0.0057697758015596,
    "Koverflowp": 4.050420075922864e-07,
    "Mp": 2.2872592543055124e-06,
    "VmaxICp": 1.739454504644131e-05,
    "VmaxINp": 4.6459446650820994e-05,
    "gammaDp": 0.8
}