{
    "KICp": 9.720930376667054,
    "KINp": 0.1056598378984398,
    "Koverflowp": 1.157407407407407e-06,
    "Mp": 3.873404474501997e-06,
    "VmaxICp": 2.809214615042664e-05,
    "VmaxINp": 2.825940699217536e-05,
    "gammaDp": 0.1060496260308176
}