{
    "KICp": 254.5962435789548,
    "KINp": 0.1346260279632774,
    "Koverflowp": 6.665716261382808e-06,
    "Mp": 2.262271658598964e-06,
    "VmaxICp": 4.772100367640021e-05,
    "VmaxINp": 1.4010421250310944e-05,
    "gammaDp": 0.3910248772595942
}