{
    "KICp": 305.33035296558904,
    "KINp": 0.0950669813276677,
    "Koverflowp": 1.674557015107764e-07,
    "Mp": 4.071937110464464e-06,
    "VmaxICp": 3.475623234529964e-05,
    "VmaxINp": 4.406461897572213e-05,
    "gammaDp": 0.6610723712080396
}