{
    "KICp": 65.50289895244481,
    "KINp": 0.004364350949046,
    "Koverflowp": 7.062423936622566e-07,
    "Mp": 5.844989892066529e-06,
    "VmaxICp": 4.652966573080257e-05,
    "VmaxINp": 3.708818576379269e-05,
    "gammaDp": 0.1253607213907918
}