{
    "KICp": 6.650047440775145,
    "KINp": 0.15347173725499,
    "Koverflowp": 7.296048165625083e-06,
    "Mp": 7.228584964411637e-06,
    "VmaxICp": 3.498968332395695e-05,
    "VmaxINp": 2.8816312052713503e-05,
    "gammaDp": 0.1079804804692844
}