{
    "KICp": 4.882547500783387,
    "KINp": 0.0035173952999536,
    "Koverflowp": 3.22038477904659e-06,
    "Mp": 3.921663377932128e-06,
    "VmaxICp": 3.440964630796663e-05,
    "VmaxINp": 3.089867206863309e-05,
    "gammaDp": 0.2707429753124072
}