{
    "KICp": 151.5813476563122,
    "KINp": 0.0689894538347972,
    "Koverflowp": 1.6685441334349308e-06,
    "Mp": 4.6924390212669816e-06,
    "VmaxICp": 4.536499475673366e-05,
    "VmaxINp": 2.308449596161264e-05,
    "gammaDp": 0.2670442310109791
}