{
    "KICp": 10.28981662849609,
    "KINp": 0.0093209273264714,
    "Koverflowp": 2.384953979198918e-06,
    "Mp": 2.7254373762454395e-06,
    "VmaxICp": 3.853927615585761e-05,
    "VmaxINp": 1.686408376603004e-05,
    "gammaDp": 0.5187216255486031
}