{
    "KICp": 190.81006014890767,
    "KINp": 0.017815698063507,
    "Koverflowp": 7.206703057422607e-06,
    "Mp": 7.637526892962847e-06,
    "VmaxICp": 3.217457783352108e-05,
    "VmaxINp": 5.498946105206976e-05,
    "gammaDp": 0.6586692530211627
}