{
    "KICp": 7.38937032137914,
    "KINp": 0.1560536163403814,
    "Koverflowp": 3.101335391879171e-07,
    "Mp": 7.027717332749692e-06,
    "VmaxICp": 4.964207142383357e-05,
    "VmaxINp": 4.366520526913368e-05,
    "gammaDp": 0.4819220008121085
}