{
    "KICp": 86.18145021018232,
    "KINp": 0.02,
    "Koverflowp": 1.130839898469284e-05,
    "Mp": 3.2207591178399704e-06,
    "VmaxICp": 4.964207142383357e-05,
    "VmaxINp": 1.75998496491549e-05,
    "gammaDp": 0.4160149605024712
}