{
    "KICp": 55.18633466885688,
    "KINp": 0.1020857984457501,
    "Koverflowp": 3.6742970009330286e-06,
    "Mp": 5.802219408587453e-06,
    "VmaxICp": 3.289615635822594e-05,
    "VmaxINp": 4.752186547184366e-05,
    "gammaDp": 0.2545334331489844
}