{
    "KICp": 37.0,
    "KINp": 0.0510835311052902,
    "Koverflowp": 6.665716261382808e-06,
    "Mp": 2.262271658598964e-06,
    "VmaxICp": 3.336202466857536e-05,
    "VmaxINp": 1.3693939535449997e-05,
    "gammaDp": 0.6766977252137834
}