{
    "KICp": 37.0,
    "KINp": 0.0023551283062371,
    "Koverflowp": 1.5544639180816198e-06,
    "Mp": 7.853589838927564e-06,
    "VmaxICp": 3.1425679851536746e-05,
    "VmaxINp": 3.4310164935656457e-05,
    "gammaDp": 0.3032243706047031
}