{
    "KICp": 53.22658144371152,
    "KINp": 0.02,
    "Koverflowp": 2.1405201603168347e-06,
    "Mp": 4.6332316233207815e-06,
    "VmaxICp": 3.937323759578198e-05,
    "VmaxINp": 1.606824317434022e-05,
    "gammaDp": 0.8
}