{
    "KICp": 5.379489338254394,
    "KINp": 0.011035470815762,
    "Koverflowp": 1.157407407407407e-06,
    "Mp": 2.4999215596697595e-06,
    "VmaxICp": 4.91840848961596e-05,
    "VmaxINp": 1.3123864101079789e-05,
    "gammaDp": 0.1464082157945186
}