{
    "KICp": 10.335684561075407,
    "KINp": 0.02,
    "Koverflowp": 2.5558988811816257e-07,
    "Mp": 2.251319024631877e-06,
    "VmaxICp": 3.544789871111759e-05,
    "VmaxINp": 1.686408376603004e-05,
    "gammaDp": 0.3962273457014921
}