{
    "KICp": 6.650047440775145,
    "KINp": 0.0096318589367728,
    "Koverflowp": 9.116328418247422e-07,
    "Mp": 9.324216962582495e-06,
    "VmaxICp": 3.498968332395695e-05,
    "VmaxINp": 3.128014781611809e-05,
    "gammaDp": 0.3718686445111218
}