{
    "KICp": 297.8668354917417,
    "KINp": 0.0173093577542246,
    "Koverflowp": 1.788014776510457e-06,
    "Mp": 7.163731037808808e-06,
    "VmaxICp": 3.674096584896225e-05,
    "VmaxINp": 3.1288369132338644e-05,
    "gammaDp": 0.8
}