{
    "KICp": 7.13197861691121,
    "KINp": 0.0049582673069126,
    "Koverflowp": 1.2606371286804606e-07,
    "Mp": 7.114695096227867e-06,
    "VmaxICp": 4.606865523192694e-05,
    "VmaxINp": 1.7506282150616844e-05,
    "gammaDp": 0.6347692577072857
}