{
    "KICp": 22.615082704222846,
    "KINp": 0.0269228512727071,
    "Koverflowp": 2.1053177881533974e-07,
    "Mp": 7.657429204070052e-06,
    "VmaxICp": 4.633375367933833e-05,
    "VmaxINp": 1.7328333145820894e-05,
    "gammaDp": 0.6424806116662087
}