{
    "KICp": 4.30051501650714,
    "KINp": 0.0031006189611573,
    "Koverflowp": 1.205292602768703e-06,
    "Mp": 7.114695096227867e-06,
    "VmaxICp": 4.606865523192694e-05,
    "VmaxINp": 1.984199714790347e-05,
    "gammaDp": 0.8
}