{
    "KICp": 37.0,
    "KINp": 0.1538635144382399,
    "Koverflowp": 1.906136087509696e-06,
    "Mp": 9.17393765787328e-06,
    "VmaxICp": 4.158215225424748e-05,
    "VmaxINp": 2.3111101894333208e-05,
    "gammaDp": 0.1335228352376945
}