{
    "KICp": 53.71977750829653,
    "KINp": 0.0563155456054961,
    "Koverflowp": 1.305249805141354e-07,
    "Mp": 5.001723344077251e-06,
    "VmaxICp": 1.6929372753400798e-05,
    "VmaxINp": 3.3814531771368474e-05,
    "gammaDp": 0.8
}