{
    "KICp": 13.598191069718448,
    "KINp": 0.003010611255958,
    "Koverflowp": 9.062722178172871e-06,
    "Mp": 6.176358160026588e-06,
    "VmaxICp": 3.261915040631708e-05,
    "VmaxINp": 5.499787741078257e-05,
    "gammaDp": 0.5122382236838608
}