{
    "KICp": 40.82281316788955,
    "KINp": 0.1020857984457501,
    "Koverflowp": 3.6742970009330286e-06,
    "Mp": 5.926142518388357e-06,
    "VmaxICp": 3.079770934647899e-05,
    "VmaxINp": 4.752186547184366e-05,
    "gammaDp": 0.2545334331489844
}