{
    "KICp": 22.615082704222846,
    "KINp": 0.071852779850629,
    "Koverflowp": 6.242066687098686e-07,
    "Mp": 7.103595120481817e-06,
    "VmaxICp": 4.633375367933833e-05,
    "VmaxINp": 1.62547281712813e-05,
    "gammaDp": 0.6424806116662087
}