{
    "KICp": 53.12372560661631,
    "KINp": 0.0050727604966681,
    "Koverflowp": 2.1031206016599457e-06,
    "Mp": 4.397312034481544e-06,
    "VmaxICp": 2.746198973574341e-05,
    "VmaxINp": 2.393751132634291e-05,
    "gammaDp": 0.524161430079379
}