{
    "KICp": 9.590714723681115,
    "KINp": 0.1020857984457501,
    "Koverflowp": 3.6742970009330286e-06,
    "Mp": 7.841714334876098e-06,
    "VmaxICp": 4.264850480920415e-05,
    "VmaxINp": 4.752186547184366e-05,
    "gammaDp": 0.2813948588891722
}