{
    "KICp": 106.10888585770849,
    "KINp": 0.02,
    "Koverflowp": 1.614080256969334e-06,
    "Mp": 2.627490286115779e-06,
    "VmaxICp": 2.289066496404209e-05,
    "VmaxINp": 1.6085768782250384e-05,
    "gammaDp": 0.6090867307624794
}