{
    "KICp": 37.0,
    "KINp": 0.0962920225646869,
    "Koverflowp": 2.0036054587801426e-07,
    "Mp": 5.373987936430103e-06,
    "VmaxICp": 2.54358336851361e-05,
    "VmaxINp": 2.873088388988425e-05,
    "gammaDp": 0.1066237354383414
}