{
    "KICp": 53.71977750829653,
    "KINp": 0.0157952157650119,
    "Koverflowp": 8.236751858089563e-07,
    "Mp": 2.7508227519349186e-06,
    "VmaxICp": 2.011178140354166e-05,
    "VmaxINp": 2.0068261393968223e-05,
    "gammaDp": 0.8537514803175521
}