{
    "KICp": 58.9817466794732,
    "KINp": 0.0528812343186119,
    "Koverflowp": 6.477359768992859e-07,
    "Mp": 7.114695096227867e-06,
    "VmaxICp": 4.606865523192694e-05,
    "VmaxINp": 1.7506282150616844e-05,
    "gammaDp": 0.8
}