{
    "KICp": 29.89367705824295,
    "KINp": 0.0286365729851967,
    "Koverflowp": 8.913277688434952e-06,
    "Mp": 7.17523059825187e-06,
    "VmaxICp": 3.1458530531887664e-05,
    "VmaxINp": 4.317271893279543e-05,
    "gammaDp": 0.3710701192223434
}