{
    "KICp": 6.701574908968817,
    "KINp": 0.0213839721687937,
    "Koverflowp": 9.249138794493138e-06,
    "Mp": 4.186359037093192e-06,
    "VmaxICp": 2.289066496404209e-05,
    "VmaxINp": 5.499787741078257e-05,
    "gammaDp": 0.3720356070542761
}