{
    "KICp": 79.77511132815333,
    "KINp": 0.0056608042373326,
    "Koverflowp": 1.0395751861250125e-06,
    "Mp": 4.0229409378662485e-06,
    "VmaxICp": 2.251678868230609e-05,
    "VmaxINp": 2.729181498851397e-05,
    "gammaDp": 0.2036073262307769
}