{
    "KICp": 40.48117060329014,
    "KINp": 0.0035316582645045,
    "Koverflowp": 1.157407407407407e-06,
    "Mp": 5.844989892066529e-06,
    "VmaxICp": 4.652966573080257e-05,
    "VmaxINp": 3.708818576379269e-05,
    "gammaDp": 0.1937851115665175
}