{
    "KICp": 5.889748148727596,
    "KINp": 0.0250640779279638,
    "Koverflowp": 8.405601618359772e-07,
    "Mp": 7.841714334876098e-06,
    "VmaxICp": 3.300083724776219e-05,
    "VmaxINp": 5.187464145886282e-05,
    "gammaDp": 0.2545334331489844
}