{
    "KICp": 37.0,
    "KINp": 0.0060789496489576,
    "Koverflowp": 1.157407407407407e-06,
    "Mp": 2.795226609513669e-06,
    "VmaxICp": 3.3182158548241805e-05,
    "VmaxINp": 1.7496378798605286e-05,
    "gammaDp": 0.2104144072155825
}