{
    "KICp": 94.231317167553,
    "KINp": 0.0286365729851967,
    "Koverflowp": 1.2616898332123228e-07,
    "Mp": 4.547725757502237e-06,
    "VmaxICp": 3.1458530531887664e-05,
    "VmaxINp": 1.556270377669889e-05,
    "gammaDp": 0.3710701192223434
}