{
    "KICp": 15.408475125831572,
    "KINp": 0.1641669326566259,
    "Koverflowp": 1.354222182185741e-07,
    "Mp": 2.4999215596697595e-06,
    "VmaxICp": 4.91840848961596e-05,
    "VmaxINp": 1.3123864101079789e-05,
    "gammaDp": 0.5792044649151216
}