{
    "KICp": 4.658900772918016,
    "KINp": 0.02,
    "Koverflowp": 1.5230866314848306e-07,
    "Mp": 3.33169071458542e-06,
    "VmaxICp": 2.503373298187735e-05,
    "VmaxINp": 4.0126970198502166e-05,
    "gammaDp": 0.1925721755074544
}