{
    "KICp": 37.0,
    "KINp": 0.0649818892545044,
    "Koverflowp": 2.0036054587801426e-07,
    "Mp": 3.752629852363329e-06,
    "VmaxICp": 3.987698425444493e-05,
    "VmaxINp": 2.873088388988425e-05,
    "gammaDp": 0.2309647067704876
}