{
    "KICp": 305.33035296558904,
    "KINp": 0.0100902190588042,
    "Koverflowp": 1.6815686527533073e-07,
    "Mp": 5.3282622275129765e-06,
    "VmaxICp": 3.475623234529964e-05,
    "VmaxINp": 2.0005356502026748e-05,
    "gammaDp": 0.6891760776661326
}