{
    "KICp": 92.15409129049512,
    "KINp": 0.0161807893714701,
    "Koverflowp": 4.749166828394571e-06,
    "Mp": 4.6924390212669816e-06,
    "VmaxICp": 3.058123376608281e-05,
    "VmaxINp": 2.7139436783113857e-05,
    "gammaDp": 0.2670442310109791
}