{
    "KICp": 9.978686455035009,
    "KINp": 0.0025302583754353,
    "Koverflowp": 5.026754850343558e-06,
    "Mp": 7.163731037808808e-06,
    "VmaxICp": 3.674096584896225e-05,
    "VmaxINp": 2.9548460793205715e-05,
    "gammaDp": 0.1975456037823728
}