{
    "KICp": 341.22891501557314,
    "KINp": 0.0830283341551679,
    "Koverflowp": 1.157407407407407e-06,
    "Mp": 3.688068963621761e-06,
    "VmaxICp": 2.503373298187735e-05,
    "VmaxINp": 4.0126970198502166e-05,
    "gammaDp": 0.1929290592765224
}