{
    "KICp": 6.414131136260313,
    "KINp": 0.0049128226518814,
    "Koverflowp": 6.719030609357848e-07,
    "Mp": 4.336831542923739e-06,
    "VmaxICp": 3.411652631166766e-05,
    "VmaxINp": 4.5029383511205e-05,
    "gammaDp": 0.5487629454430584
}