{
    "KICp": 109.16139687660365,
    "KINp": 0.02,
    "Koverflowp": 3.671751873673473e-06,
    "Mp": 5.357659145422954e-06,
    "VmaxICp": 2.503373298187735e-05,
    "VmaxINp": 3.010034027007923e-05,
    "gammaDp": 0.2523372808266963
}