{
    "KICp": 83.42243788010416,
    "KINp": 0.0034428315466432,
    "Koverflowp": 1.5346282119157704e-06,
    "Mp": 3.015515015803978e-06,
    "VmaxICp": 2.2915850325117657e-05,
    "VmaxINp": 4.048497065428158e-05,
    "gammaDp": 0.8181750269219589
}