{
    "KICp": 90.41230332183838,
    "KINp": 0.0323266138668618,
    "Koverflowp": 4.168181985422029e-06,
    "Mp": 2.308291433544024e-06,
    "VmaxICp": 4.2794405770491965e-05,
    "VmaxINp": 1.2948304080862272e-05,
    "gammaDp": 0.3152660873678054
}