{
    "KICp": 90.84379200343048,
    "KINp": 0.0949566538202902,
    "Koverflowp": 2.5308872795848533e-06,
    "Mp": 5.059041496785867e-06,
    "VmaxICp": 5.535006754176759e-05,
    "VmaxINp": 2.226354119386207e-05,
    "gammaDp": 0.8
}