{
    "KICp": 59.17268511528744,
    "KINp": 0.1078227759742245,
    "Koverflowp": 1.0395751861250125e-06,
    "Mp": 2.784008291621709e-06,
    "VmaxICp": 2.251678868230609e-05,
    "VmaxINp": 4.522380519547464e-05,
    "gammaDp": 0.3209641428165982
}