{
    "KICp": 189.05077592432244,
    "KINp": 0.0262887177573053,
    "Koverflowp": 1.157407407407407e-06,
    "Mp": 5.358552848755042e-06,
    "VmaxICp": 2.5913215336223696e-05,
    "VmaxINp": 1.5136750549742084e-05,
    "gammaDp": 0.1854469443522803
}