{
    "KICp": 4.584082992282217,
    "KINp": 0.0041129156473046,
    "Koverflowp": 9.284483755319992e-07,
    "Mp": 4.759635845885355e-06,
    "VmaxICp": 1.704190814467527e-05,
    "VmaxINp": 3.4694166873513424e-05,
    "gammaDp": 0.8
}