{
    "KICp": 9.273722761513682,
    "KINp": 0.0493798947377592,
    "Koverflowp": 6.456794011050493e-07,
    "Mp": 6.83595226320166e-06,
    "VmaxICp": 4.346885570938413e-05,
    "VmaxINp": 2.881321826801339e-05,
    "gammaDp": 0.1568452733327544
}