{
    "KICp": 6.414131136260313,
    "KINp": 0.0537973708976705,
    "Koverflowp": 1.778648931687131e-06,
    "Mp": 4.336831542923739e-06,
    "VmaxICp": 3.411652631166766e-05,
    "VmaxINp": 4.5029383511205e-05,
    "gammaDp": 0.4722177305721776
}