{
    "KICp": 37.0,
    "KINp": 0.0639325269816211,
    "Koverflowp": 2.188255719406128e-06,
    "Mp": 5.562804091568705e-06,
    "VmaxICp": 3.3812454440313296e-05,
    "VmaxINp": 2.393751132634291e-05,
    "gammaDp": 0.1772055694022306
}