{
    "KICp": 24.442811230080068,
    "KINp": 0.1687801868638123,
    "Koverflowp": 5.83088515312551e-07,
    "Mp": 5.02113975149856e-06,
    "VmaxICp": 1.763688315423991e-05,
    "VmaxINp": 4.939428375655761e-05,
    "gammaDp": 0.5189087703443642
}