{
    "KICp": 52.954501992088176,
    "KINp": 0.0121689335941782,
    "Koverflowp": 1.2334003041190263e-06,
    "Mp": 5.080536545067402e-06,
    "VmaxICp": 2.665128961420223e-05,
    "VmaxINp": 4.679749428814318e-05,
    "gammaDp": 0.4117464251423501
}