{
    "KICp": 16.825077395597017,
    "KINp": 0.0218659219065983,
    "Koverflowp": 5.357491865931995e-07,
    "Mp": 4.298091480576807e-06,
    "VmaxICp": 3.440964630796663e-05,
    "VmaxINp": 3.089867206863309e-05,
    "gammaDp": 0.8
}