{
    "KICp": 37.0,
    "KINp": 0.0285937165228929,
    "Koverflowp": 1.0311131975427542e-06,
    "Mp": 4.350099394465208e-06,
    "VmaxICp": 3.40161982573095e-05,
    "VmaxINp": 1.2948304080862272e-05,
    "gammaDp": 0.5303565061708719
}