{
    "KICp": 241.2198247447332,
    "KINp": 0.1751897917821127,
    "Koverflowp": 1.157407407407407e-06,
    "Mp": 4.28614249255771e-06,
    "VmaxICp": 2.648828591747887e-05,
    "VmaxINp": 5.4491834293114415e-05,
    "gammaDp": 0.2755942776129891
}