{
    "KICp": 79.77511132815333,
    "KINp": 0.02,
    "Koverflowp": 3.304912930939283e-06,
    "Mp": 2.784008291621709e-06,
    "VmaxICp": 4.902717308430916e-05,
    "VmaxINp": 1.6328268471352127e-05,
    "gammaDp": 0.2036073262307769
}