{
    "KICp": 12.80483526283067,
    "KINp": 0.02,
    "Koverflowp": 5.452011446902007e-07,
    "Mp": 2.484182965144663e-06,
    "VmaxICp": 2.793435287257424e-05,
    "VmaxINp": 1.7221507976686163e-05,
    "gammaDp": 0.6565654506720485
}