{
    "KICp": 20.070651230651688,
    "KINp": 0.0950669813276677,
    "Koverflowp": 4.010762684708303e-06,
    "Mp": 5.3282622275129765e-06,
    "VmaxICp": 3.475623234529964e-05,
    "VmaxINp": 4.406461897572213e-05,
    "gammaDp": 0.1022996317657385
}