{
    "KICp": 70.65559766191309,
    "KINp": 0.0315178026018857,
    "Koverflowp": 1.4946419674645033e-06,
    "Mp": 3.6803987224902506e-06,
    "VmaxICp": 2.2618387415480548e-05,
    "VmaxINp": 2.2161454310036937e-05,
    "gammaDp": 0.1201231579219427
}