{
    "KICp": 27.780705424558853,
    "KINp": 0.02,
    "Koverflowp": 2.952998471705788e-07,
    "Mp": 6.357462543728041e-06,
    "VmaxICp": 2.821361517412669e-05,
    "VmaxINp": 2.26588158346758e-05,
    "gammaDp": 0.2945364655492356
}