{
    "KICp": 37.0,
    "KINp": 0.0407025892902277,
    "Koverflowp": 1.288258683370903e-07,
    "Mp": 9.082692622913378e-06,
    "VmaxICp": 4.158215225424748e-05,
    "VmaxINp": 2.3111101894333208e-05,
    "gammaDp": 0.1335228352376945
}