{
    "KICp": 88.21418750896048,
    "KINp": 0.0045609814000409,
    "Koverflowp": 1.157407407407407e-06,
    "Mp": 9.357753416432852e-06,
    "VmaxICp": 2.503373298187735e-05,
    "VmaxINp": 4.0126970198502166e-05,
    "gammaDp": 0.3365679932542635
}