{
    "KICp": 54.7378884321053,
    "KINp": 0.0095355111495142,
    "Koverflowp": 3.003579845906276e-07,
    "Mp": 2.784008291621709e-06,
    "VmaxICp": 2.251678868230609e-05,
    "VmaxINp": 4.522380519547464e-05,
    "gammaDp": 0.177555507689444
}