{
    "KICp": 44.73724835222172,
    "KINp": 0.0040001473092169,
    "Koverflowp": 4.101937621417979e-07,
    "Mp": 4.9995904151428665e-06,
    "VmaxICp": 2.2618387415480548e-05,
    "VmaxINp": 1.9543892822877915e-05,
    "gammaDp": 0.6867995665778832
}