{
    "KICp": 37.0,
    "KINp": 0.183615135166249,
    "Koverflowp": 1.854916500567196e-07,
    "Mp": 4.5881635175135706e-06,
    "VmaxICp": 4.244669085780286e-05,
    "VmaxINp": 3.205487434755096e-05,
    "gammaDp": 0.214807256823853
}