{
    "KICp": 29.12241260299815,
    "KINp": 0.0023328807941025,
    "Koverflowp": 1.4783128279147498e-07,
    "Mp": 5.844989892066529e-06,
    "VmaxICp": 4.652966573080257e-05,
    "VmaxINp": 3.708818576379269e-05,
    "gammaDp": 0.1357719550590799
}