{
    "KICp": 24.8573281698728,
    "KINp": 0.0043501019819822,
    "Koverflowp": 3.6742970009330286e-06,
    "Mp": 4.9912580422948505e-06,
    "VmaxICp": 3.300083724776219e-05,
    "VmaxINp": 4.752186547184366e-05,
    "gammaDp": 0.2545334331489844
}