{
    "KICp": 114.75575768298404,
    "KINp": 0.02,
    "Koverflowp": 4.640205906041585e-07,
    "Mp": 6.357462543728041e-06,
    "VmaxICp": 2.0096000089144948e-05,
    "VmaxINp": 3.90811667192414e-05,
    "gammaDp": 0.7741252897978483
}