{
    "KICp": 43.1042911507259,
    "KINp": 0.0618767528086074,
    "Koverflowp": 1.5346282119157704e-06,
    "Mp": 3.015515015803978e-06,
    "VmaxICp": 2.2915850325117657e-05,
    "VmaxINp": 4.745858865599964e-05,
    "gammaDp": 0.6458441713981558
}