{
    "KICp": 328.8707507140772,
    "KINp": 0.02,
    "Koverflowp": 4.724349444788595e-06,
    "Mp": 2.7254373762454395e-06,
    "VmaxICp": 3.698836583848923e-05,
    "VmaxINp": 1.686408376603004e-05,
    "gammaDp": 0.3473652954525932
}