{
    "KICp": 35.229445186317726,
    "KINp": 0.0201493146574661,
    "Koverflowp": 3.64755305193934e-07,
    "Mp": 6.357462543728041e-06,
    "VmaxICp": 2.821361517412669e-05,
    "VmaxINp": 2.26588158346758e-05,
    "gammaDp": 0.7741252897978483
}