{
    "KICp": 4.4960909669301214,
    "KINp": 0.02,
    "Koverflowp": 2.384953979198918e-06,
    "Mp": 3.807260800226136e-06,
    "VmaxICp": 3.544789871111759e-05,
    "VmaxINp": 1.686408376603004e-05,
    "gammaDp": 0.210490855648174
}