{
    "KICp": 41.87599660265159,
    "KINp": 0.0067535285809222,
    "Koverflowp": 1.157407407407407e-06,
    "Mp": 5.622823491503389e-06,
    "VmaxICp": 2.3617382032906386e-05,
    "VmaxINp": 5.2707410921587375e-05,
    "gammaDp": 0.1854469443522803
}