{
    "KICp": 53.71977750829653,
    "KINp": 0.0157952157650119,
    "Koverflowp": 8.620575848101058e-07,
    "Mp": 5.001723344077251e-06,
    "VmaxICp": 2.011178140354166e-05,
    "VmaxINp": 5.4428390245184e-05,
    "gammaDp": 0.6425189782149728
}