{
    "KICp": 4.016805567580207,
    "KINp": 0.02,
    "Koverflowp": 4.4743803078866564e-07,
    "Mp": 3.9518886852202825e-06,
    "VmaxICp": 1.886823606995428e-05,
    "VmaxINp": 3.2776877560897444e-05,
    "gammaDp": 0.3786827579457913
}