{
    "KICp": 96.8007426971124,
    "KINp": 0.0063659988722582,
    "Koverflowp": 1.4991981207734115e-06,
    "Mp": 2.7254373762454395e-06,
    "VmaxICp": 3.544789871111759e-05,
    "VmaxINp": 1.686408376603004e-05,
    "gammaDp": 0.3978319179072069
}