{
    "KICp": 324.70631995007983,
    "KINp": 0.1751897917821127,
    "Koverflowp": 9.053746995425678e-07,
    "Mp": 4.28614249255771e-06,
    "VmaxICp": 2.648828591747887e-05,
    "VmaxINp": 1.4842172880861888e-05,
    "gammaDp": 0.1152795613794435
}