{
    "KICp": 6.246943060575431,
    "KINp": 0.0057066264393662,
    "Koverflowp": 1.157407407407407e-06,
    "Mp": 3.051569532221512e-06,
    "VmaxICp": 5.461519095028056e-05,
    "VmaxINp": 1.7887984679506874e-05,
    "gammaDp": 0.1700849332676145
}