{
    "KICp": 22.84830208960071,
    "KINp": 0.0067077530418444,
    "Koverflowp": 1.157407407407407e-06,
    "Mp": 5.865370128908488e-06,
    "VmaxICp": 3.635336899588421e-05,
    "VmaxINp": 2.9438457038223404e-05,
    "gammaDp": 0.304765549223665
}