{
    "KICp": 37.0,
    "KINp": 0.02,
    "Koverflowp": 3.4621726790739216e-06,
    "Mp": 3.268825426293837e-06,
    "VmaxICp": 1.763688315423991e-05,
    "VmaxINp": 4.939428375655761e-05,
    "gammaDp": 0.1196866921428436
}