{
    "KICp": 279.35828105488747,
    "KINp": 0.0027927123457953,
    "Koverflowp": 1.157407407407407e-06,
    "Mp": 3.679973278164428e-06,
    "VmaxICp": 3.937323759578198e-05,
    "VmaxINp": 1.606824317434022e-05,
    "gammaDp": 0.544820986826723
}