{
    "KICp": 95.0508318714592,
    "KINp": 0.1641669326566259,
    "Koverflowp": 1.1336664141664646e-06,
    "Mp": 4.094787596667714e-06,
    "VmaxICp": 4.91840848961596e-05,
    "VmaxINp": 1.3123864101079789e-05,
    "gammaDp": 0.8
}