{
    "KICp": 14.25783735414264,
    "KINp": 0.1018296812575034,
    "Koverflowp": 1.6866895224912957e-07,
    "Mp": 5.080536545067402e-06,
    "VmaxICp": 2.665128961420223e-05,
    "VmaxINp": 2.375745589157709e-05,
    "gammaDp": 0.2059291755870883
}