{
    "KICp": 11.406552521675506,
    "KINp": 0.0629980638096593,
    "Koverflowp": 1.157407407407407e-06,
    "Mp": 7.163731037808808e-06,
    "VmaxICp": 3.674096584896225e-05,
    "VmaxINp": 4.48998907313226e-05,
    "gammaDp": 0.8
}