{
    "KICp": 9.273722761513682,
    "KINp": 0.004550345936235,
    "Koverflowp": 1.1243296272901836e-05,
    "Mp": 3.531872796595789e-06,
    "VmaxICp": 4.346885570938413e-05,
    "VmaxINp": 2.881321826801339e-05,
    "gammaDp": 0.8
}