{
    "KICp": 46.07511300211737,
    "KINp": 0.1442964553870618,
    "Koverflowp": 1.6799270899549997e-06,
    "Mp": 7.103595120481817e-06,
    "VmaxICp": 2.770156719248877e-05,
    "VmaxINp": 5.3414315715608456e-05,
    "gammaDp": 0.5489057454959583
}