{
    "KICp": 5.160611355807071,
    "KINp": 0.0094491225966957,
    "Koverflowp": 1.5119958184054213e-06,
    "Mp": 2.784008291621709e-06,
    "VmaxICp": 2.251678868230609e-05,
    "VmaxINp": 4.522380519547464e-05,
    "gammaDp": 0.6321799269405217
}