{
    "KICp": 6.650047440775145,
    "KINp": 0.0047038435425312,
    "Koverflowp": 9.116328418247422e-07,
    "Mp": 7.228584964411637e-06,
    "VmaxICp": 3.498968332395695e-05,
    "VmaxINp": 2.738493297184529e-05,
    "gammaDp": 0.5738682429083254
}