{
    "KICp": 69.51233956606048,
    "KINp": 0.183615135166249,
    "Koverflowp": 9.15701784353583e-06,
    "Mp": 4.5881635175135706e-06,
    "VmaxICp": 1.857825027626205e-05,
    "VmaxINp": 3.205487434755096e-05,
    "gammaDp": 0.1867879844102185
}