{
    "KICp": 205.12208037672792,
    "KINp": 0.0032226260390682,
    "Koverflowp": 1.157407407407407e-06,
    "Mp": 5.5906126238412046e-06,
    "VmaxICp": 5.064036077434354e-05,
    "VmaxINp": 2.825940699217536e-05,
    "gammaDp": 0.5746085765286832
}