{
    "KICp": 37.0,
    "KINp": 0.0323266138668618,
    "Koverflowp": 1.43414572505203e-07,
    "Mp": 5.859720374396206e-06,
    "VmaxICp": 4.2794405770491965e-05,
    "VmaxINp": 2.651606344725523e-05,
    "gammaDp": 0.3368975577442993
}