{
    "KICp": 146.6298131877383,
    "KINp": 0.0150551141015554,
    "Koverflowp": 1.157407407407407e-06,
    "Mp": 5.358552848755042e-06,
    "VmaxICp": 2.5913215336223696e-05,
    "VmaxINp": 5.2707410921587375e-05,
    "gammaDp": 0.3067282890687781
}