{
    "KICp": 127.32833981079784,
    "KINp": 0.0077394328854565,
    "Koverflowp": 4.223758770574504e-06,
    "Mp": 5.097967277473583e-06,
    "VmaxICp": 3.498968332395695e-05,
    "VmaxINp": 2.8816312052713503e-05,
    "gammaDp": 0.8
}