{
    "KICp": 25.895636199651083,
    "KINp": 0.0158162818308427,
    "Koverflowp": 3.538987218987178e-07,
    "Mp": 3.0930359751369483e-06,
    "VmaxICp": 1.968282301674568e-05,
    "VmaxINp": 3.880029962461437e-05,
    "gammaDp": 0.1254207454206778
}