{
    "KICp": 6.59602046134922,
    "KINp": 0.0353190710414864,
    "Koverflowp": 1.157407407407407e-06,
    "Mp": 5.358552848755042e-06,
    "VmaxICp": 5.41060592993669e-05,
    "VmaxINp": 2.424263865672224e-05,
    "gammaDp": 0.1854469443522803
}