{
    "KICp": 3.745393466251505,
    "KINp": 0.0064265400308555,
    "Koverflowp": 1.6361588902656538e-07,
    "Mp": 4.336831542923739e-06,
    "VmaxICp": 1.991386601144816e-05,
    "VmaxINp": 4.5029383511205e-05,
    "gammaDp": 0.8
}