{
    "KICp": 308.35305066341544,
    "KINp": 0.0116425316774134,
    "Koverflowp": 9.177523528012368e-07,
    "Mp": 5.059041496785867e-06,
    "VmaxICp": 5.535006754176759e-05,
    "VmaxINp": 2.9121674366300816e-05,
    "gammaDp": 0.4801133857162664
}