{
    "KICp": 37.0,
    "KINp": 0.0053769549441267,
    "Koverflowp": 4.885248736306816e-06,
    "Mp": 3.810647289016169e-06,
    "VmaxICp": 4.831487327015419e-05,
    "VmaxINp": 1.2270547437311077e-05,
    "gammaDp": 0.8024524978905343
}