{
    "KICp": 4.212600813673725,
    "KINp": 0.0264680893470091,
    "Koverflowp": 1.5346282119157704e-06,
    "Mp": 3.015515015803978e-06,
    "VmaxICp": 2.2915850325117657e-05,
    "VmaxINp": 1.845341375071291e-05,
    "gammaDp": 0.8
}