{
    "KICp": 12.05992487020366,
    "KINp": 0.0504214801290897,
    "Koverflowp": 5.105926758681183e-06,
    "Mp": 5.299667311485416e-06,
    "VmaxICp": 3.21427289968947e-05,
    "VmaxINp": 1.4767133463539456e-05,
    "gammaDp": 0.8
}