{
    "KICp": 8.68554645087516,
    "KINp": 0.0599868437430177,
    "Koverflowp": 9.32428722232122e-07,
    "Mp": 6.357462543728041e-06,
    "VmaxICp": 2.821361517412669e-05,
    "VmaxINp": 1.8134467189172154e-05,
    "gammaDp": 0.1260545521913866
}