{
    "KICp": 110.5317411836514,
    "KINp": 0.0077394328854565,
    "Koverflowp": 3.2543955888775374e-06,
    "Mp": 7.228584964411637e-06,
    "VmaxICp": 3.498968332395695e-05,
    "VmaxINp": 5.07062202517988e-05,
    "gammaDp": 0.8
}