{
    "KICp": 45.16022601108181,
    "KINp": 0.0045901615459491,
    "Koverflowp": 1.4325635043346786e-06,
    "Mp": 5.299667311485416e-06,
    "VmaxICp": 4.986951058551074e-05,
    "VmaxINp": 1.4767133463539456e-05,
    "gammaDp": 0.1083376034273255
}