{
    "KICp": 13.006217055500032,
    "KINp": 0.0133584219521863,
    "Koverflowp": 4.107348600066281e-07,
    "Mp": 5.02113975149856e-06,
    "VmaxICp": 1.763688315423991e-05,
    "VmaxINp": 4.939428375655761e-05,
    "gammaDp": 0.4028455122031132
}