{
    "KICp": 58.75821662327038,
    "KINp": 0.0045901615459491,
    "Koverflowp": 1.1185085436877405e-06,
    "Mp": 5.789933010564471e-06,
    "VmaxICp": 4.1221703325522216e-05,
    "VmaxINp": 1.4767133463539456e-05,
    "gammaDp": 0.3379290191744649
}