{
    "KICp": 79.77511132815333,
    "KINp": 0.0178088489695441,
    "Koverflowp": 4.03136649980923e-06,
    "Mp": 2.784008291621709e-06,
    "VmaxICp": 2.251678868230609e-05,
    "VmaxINp": 4.522380519547464e-05,
    "gammaDp": 0.6747237152293182
}