{
    "KICp": 5.129983578226267,
    "KINp": 0.0157952157650119,
    "Koverflowp": 1.393444343064482e-07,
    "Mp": 5.001723344077251e-06,
    "VmaxICp": 2.011178140354166e-05,
    "VmaxINp": 3.3814531771368474e-05,
    "gammaDp": 0.1827437805722088
}