{
    "KICp": 3.866635178250481,
    "KINp": 0.0067190231865068,
    "Koverflowp": 6.6376589870682425e-06,
    "Mp": 4.759635845885355e-06,
    "VmaxICp": 1.704190814467527e-05,
    "VmaxINp": 4.6277531674660045e-05,
    "gammaDp": 0.8
}