{
    "KICp": 34.64855601998043,
    "KINp": 0.0036415925256975,
    "Koverflowp": 4.201097542403939e-06,
    "Mp": 4.305729040269485e-06,
    "VmaxICp": 4.986951058551074e-05,
    "VmaxINp": 1.4767133463539456e-05,
    "gammaDp": 0.5833141233156174
}