{
    "KICp": 115.61146584607242,
    "KINp": 0.0151839629694636,
    "Koverflowp": 1.9412313472022355e-06,
    "Mp": 4.336831542923739e-06,
    "VmaxICp": 3.411652631166766e-05,
    "VmaxINp": 4.5029383511205e-05,
    "gammaDp": 0.8
}