{
    "KICp": 24.025361144578227,
    "KINp": 0.0520327687642892,
    "Koverflowp": 6.852729382806056e-07,
    "Mp": 3.921663377932128e-06,
    "VmaxICp": 3.440964630796663e-05,
    "VmaxINp": 3.089867206863309e-05,
    "gammaDp": 0.6922166788569812
}