{
    "KICp": 37.0,
    "KINp": 0.0125258488603441,
    "Koverflowp": 1.157407407407407e-06,
    "Mp": 3.679973278164428e-06,
    "VmaxICp": 3.937323759578198e-05,
    "VmaxINp": 1.4815658009914288e-05,
    "gammaDp": 0.1078188179133285
}