{
    "KICp": 32.0074882254272,
    "KINp": 0.1896456507679767,
    "Koverflowp": 1.0292257538867684e-05,
    "Mp": 4.527176709473513e-06,
    "VmaxICp": 3.1425679851536746e-05,
    "VmaxINp": 3.4310164935656457e-05,
    "gammaDp": 0.8
}