{
    "KICp": 6.414131136260313,
    "KINp": 0.0052919355812567,
    "Koverflowp": 7.599537121492542e-07,
    "Mp": 4.336831542923739e-06,
    "VmaxICp": 2.919500482691556e-05,
    "VmaxINp": 4.5029383511205e-05,
    "gammaDp": 0.3955438647465228
}