{
    "KICp": 46.87874806346648,
    "KINp": 0.02,
    "Koverflowp": 1.9825974706524733e-07,
    "Mp": 3.679973278164428e-06,
    "VmaxICp": 3.937323759578198e-05,
    "VmaxINp": 1.2308409939834468e-05,
    "gammaDp": 0.1314408713976623
}