{
    "KICp": 3.731680716748169,
    "KINp": 0.0077394328854565,
    "Koverflowp": 9.116328418247422e-07,
    "Mp": 7.228584964411637e-06,
    "VmaxICp": 5.244869462006965e-05,
    "VmaxINp": 2.8816312052713503e-05,
    "gammaDp": 0.6216900782435099
}