{
    "KICp": 11.857312110025704,
    "KINp": 0.1641669326566259,
    "Koverflowp": 1.0040551032387387e-06,
    "Mp": 5.9226339576460414e-06,
    "VmaxICp": 4.91840848961596e-05,
    "VmaxINp": 1.3123864101079789e-05,
    "gammaDp": 0.8
}