{
    "KICp": 16.920028369611796,
    "KINp": 0.015179343440189,
    "Koverflowp": 6.478540389631425e-07,
    "Mp": 2.2043004419940084e-06,
    "VmaxICp": 4.2794405770491965e-05,
    "VmaxINp": 1.2948304080862272e-05,
    "gammaDp": 0.3368975577442993
}