{
    "KICp": 47.61020192991646,
    "KINp": 0.1188399457254932,
    "Koverflowp": 1.2840243842053236e-06,
    "Mp": 7.637526892962847e-06,
    "VmaxICp": 2.029802053143438e-05,
    "VmaxINp": 5.498946105206976e-05,
    "gammaDp": 0.159523251258354
}