{
    "KICp": 37.0,
    "KINp": 0.0034455846848908,
    "Koverflowp": 3.804251558229265e-07,
    "Mp": 4.6924390212669816e-06,
    "VmaxICp": 4.536499475673366e-05,
    "VmaxINp": 1.5751584571915917e-05,
    "gammaDp": 0.1817140479411051
}