{
    "KICp": 217.99720026187293,
    "KINp": 0.009445900910705,
    "Koverflowp": 1.6361588902656538e-07,
    "Mp": 4.336831542923739e-06,
    "VmaxICp": 3.411652631166766e-05,
    "VmaxINp": 4.5029383511205e-05,
    "gammaDp": 0.3834859599065397
}