{
    "KICp": 5.08028350482476,
    "KINp": 0.0286365729851967,
    "Koverflowp": 1.157407407407407e-06,
    "Mp": 3.984743220662817e-06,
    "VmaxICp": 3.1458530531887664e-05,
    "VmaxINp": 4.575983001410466e-05,
    "gammaDp": 0.6951764894002931
}