{
    "KICp": 84.17127809392609,
    "KINp": 0.0199536751281238,
    "Koverflowp": 1.9340399293892946e-07,
    "Mp": 5.080536545067402e-06,
    "VmaxICp": 2.665128961420223e-05,
    "VmaxINp": 1.940509307490276e-05,
    "gammaDp": 0.1891566397081789
}