{
    "KICp": 6.777652041710515,
    "KINp": 0.1020857984457501,
    "Koverflowp": 9.109032553524714e-07,
    "Mp": 7.841714334876098e-06,
    "VmaxICp": 2.167927154430361e-05,
    "VmaxINp": 4.752186547184366e-05,
    "gammaDp": 0.2545334331489844
}