{
    "KICp": 9.156587726444064,
    "KINp": 0.0550572057682921,
    "Koverflowp": 1.1557682054616309e-05,
    "Mp": 4.28614249255771e-06,
    "VmaxICp": 2.648828591747887e-05,
    "VmaxINp": 1.4842172880861888e-05,
    "gammaDp": 0.307760817964039
}