{
    "KICp": 37.0,
    "KINp": 0.183615135166249,
    "Koverflowp": 4.410956607353509e-07,
    "Mp": 4.5881635175135706e-06,
    "VmaxICp": 2.0863619547338765e-05,
    "VmaxINp": 4.1944789863020696e-05,
    "gammaDp": 0.2707571000165374
}