{
    "KICp": 4.318540631936403,
    "KINp": 0.034911990536914,
    "Koverflowp": 5.43060314945157e-06,
    "Mp": 7.853589838927564e-06,
    "VmaxICp": 3.1425679851536746e-05,
    "VmaxINp": 3.4310164935656457e-05,
    "gammaDp": 0.1339287677222406
}