{
    "KICp": 86.68574380521243,
    "KINp": 0.002134183741048,
    "Koverflowp": 1.4828643511897968e-06,
    "Mp": 4.3043032090439065e-06,
    "VmaxICp": 3.1425679851536746e-05,
    "VmaxINp": 3.4310164935656457e-05,
    "gammaDp": 0.8
}