{
    "KICp": 12.60765794328574,
    "KINp": 0.0094881318685742,
    "Koverflowp": 2.0036054587801426e-07,
    "Mp": 5.373987936430103e-06,
    "VmaxICp": 3.987698425444493e-05,
    "VmaxINp": 2.873088388988425e-05,
    "gammaDp": 0.2016286327495673
}