{
    "KICp": 37.0,
    "KINp": 0.1666981434319436,
    "Koverflowp": 1.157407407407407e-06,
    "Mp": 7.853589838927564e-06,
    "VmaxICp": 4.878255002701396e-05,
    "VmaxINp": 3.2472565673870386e-05,
    "gammaDp": 0.8
}