{
    "KICp": 44.51839804448964,
    "KINp": 0.0025559642576552,
    "Koverflowp": 1.3887990471327777e-06,
    "Mp": 2.2872592543055124e-06,
    "VmaxICp": 4.5331780648433154e-05,
    "VmaxINp": 1.6685696396846517e-05,
    "gammaDp": 0.5071566017776687
}