{
    "KICp": 37.0,
    "KINp": 0.0316950710660604,
    "Koverflowp": 1.157407407407407e-06,
    "Mp": 4.314733659479345e-06,
    "VmaxICp": 4.536499475673366e-05,
    "VmaxINp": 2.7139436783113857e-05,
    "gammaDp": 0.4938974039011795
}