{
    "KICp": 107.94108166797302,
    "KINp": 0.0052067359900878,
    "Koverflowp": 1.0504909854407216e-05,
    "Mp": 8.237345616190661e-06,
    "VmaxICp": 4.346885570938413e-05,
    "VmaxINp": 2.881321826801339e-05,
    "gammaDp": 0.1616952289795803
}