{
    "KICp": 5.08028350482476,
    "KINp": 0.0074540786640645,
    "Koverflowp": 2.321363550670597e-06,
    "Mp": 4.547725757502237e-06,
    "VmaxICp": 1.761063130428946e-05,
    "VmaxINp": 4.317271893279543e-05,
    "gammaDp": 0.3710701192223434
}