{
    "KICp": 18.125726819316,
    "KINp": 0.074173065105716,
    "Koverflowp": 1.157407407407407e-06,
    "Mp": 3.9518886852202825e-06,
    "VmaxICp": 1.886823606995428e-05,
    "VmaxINp": 3.2776877560897444e-05,
    "gammaDp": 0.2041211266255348
}