{
    "KICp": 84.17127809392609,
    "KINp": 0.1068085731284389,
    "Koverflowp": 1.2334003041190263e-06,
    "Mp": 3.273997917299997e-06,
    "VmaxICp": 4.395166858047614e-05,
    "VmaxINp": 1.940509307490276e-05,
    "gammaDp": 0.3151615506462363
}