{
    "KICp": 9.91440992685256,
    "KINp": 0.1342703506351361,
    "Koverflowp": 4.508654158232946e-07,
    "Mp": 4.9995904151428665e-06,
    "VmaxICp": 2.2618387415480548e-05,
    "VmaxINp": 2.2161454310036937e-05,
    "gammaDp": 0.1973464564778382
}