{
    "KICp": 71.95172077793582,
    "KINp": 0.00635430313446,
    "Koverflowp": 2.46048996261677e-07,
    "Mp": 4.759635845885355e-06,
    "VmaxICp": 1.704190814467527e-05,
    "VmaxINp": 4.6277531674660045e-05,
    "gammaDp": 0.2425274381534054
}