{
    "KICp": 5.08028350482476,
    "KINp": 0.0781762924800198,
    "Koverflowp": 1.0583292205897685e-06,
    "Mp": 4.547725757502237e-06,
    "VmaxICp": 3.1458530531887664e-05,
    "VmaxINp": 4.317271893279543e-05,
    "gammaDp": 0.1612256347569799
}