{
    "KICp": 117.577228361845,
    "KINp": 0.0157952157650119,
    "Koverflowp": 6.495845488937175e-07,
    "Mp": 5.001723344077251e-06,
    "VmaxICp": 2.8768200776848072e-05,
    "VmaxINp": 3.827772279730272e-05,
    "gammaDp": 0.8
}