{
    "KICp": 30.576953076619347,
    "KINp": 0.0270917595071866,
    "Koverflowp": 9.193766083163142e-06,
    "Mp": 5.5906126238412046e-06,
    "VmaxICp": 2.809214615042664e-05,
    "VmaxINp": 2.825940699217536e-05,
    "gammaDp": 0.3400997212084528
}