{
    "KICp": 4.742815664729534,
    "KINp": 0.1670928863195743,
    "Koverflowp": 1.157407407407407e-06,
    "Mp": 5.5906126238412046e-06,
    "VmaxICp": 2.809214615042664e-05,
    "VmaxINp": 2.825940699217536e-05,
    "gammaDp": 0.6681252462175732
}