{
    "KICp": 9.978686455035009,
    "KINp": 0.0091102617939523,
    "Koverflowp": 1.0907365209467888e-06,
    "Mp": 7.163731037808808e-06,
    "VmaxICp": 3.011253475466316e-05,
    "VmaxINp": 3.1288369132338644e-05,
    "gammaDp": 0.8
}