{
    "KICp": 100.75125369868948,
    "KINp": 0.0104343755370564,
    "Koverflowp": 6.852729382806056e-07,
    "Mp": 3.0604984473173385e-06,
    "VmaxICp": 3.440964630796663e-05,
    "VmaxINp": 3.089867206863309e-05,
    "gammaDp": 0.137531238876742
}