{
    "KICp": 112.71130660469896,
    "KINp": 0.0065053294423093,
    "Koverflowp": 7.633609831292263e-06,
    "Mp": 2.484182965144663e-06,
    "VmaxICp": 2.793435287257424e-05,
    "VmaxINp": 1.853479011008901e-05,
    "gammaDp": 0.126912243857959
}