{
    "KICp": 361.2927772860166,
    "KINp": 0.02,
    "Koverflowp": 8.651806994944994e-07,
    "Mp": 3.0930359751369483e-06,
    "VmaxICp": 1.968282301674568e-05,
    "VmaxINp": 2.293645642597036e-05,
    "gammaDp": 0.4144145921510997
}