{
    "KICp": 98.76527466349724,
    "KINp": 0.0234655866556591,
    "Koverflowp": 4.885248736306816e-06,
    "Mp": 2.965092173527932e-06,
    "VmaxICp": 4.158215225424748e-05,
    "VmaxINp": 2.3111101894333208e-05,
    "gammaDp": 0.1335228352376945
}