{
    "KICp": 22.615082704222846,
    "KINp": 0.1185125838879217,
    "Koverflowp": 1.6799270899549997e-06,
    "Mp": 7.103595120481817e-06,
    "VmaxICp": 4.633375367933833e-05,
    "VmaxINp": 1.724580497643534e-05,
    "gammaDp": 0.6212149919151169
}