{
    "KICp": 273.734978239619,
    "KINp": 0.0689894538347972,
    "Koverflowp": 1.5847085037853646e-06,
    "Mp": 4.6924390212669816e-06,
    "VmaxICp": 4.536499475673366e-05,
    "VmaxINp": 3.9456122120380136e-05,
    "gammaDp": 0.2670442310109791
}