{
    "KICp": 141.25988510577338,
    "KINp": 0.0074592951281197,
    "Koverflowp": 1.2334003041190263e-06,
    "Mp": 2.9535206007229388e-06,
    "VmaxICp": 3.399246881782154e-05,
    "VmaxINp": 1.940509307490276e-05,
    "gammaDp": 0.2059291755870883
}