{
    "KICp": 6.299304751280934,
    "KINp": 0.0569305747993859,
    "Koverflowp": 3.356486681276105e-07,
    "Mp": 9.398590875787686e-06,
    "VmaxICp": 3.7433640806541645e-05,
    "VmaxINp": 5.198989155814285e-05,
    "gammaDp": 0.5544605810801014
}