{
    "KICp": 77.43679471140584,
    "KINp": 0.02,
    "Koverflowp": 8.895263393047801e-07,
    "Mp": 3.7034334214463423e-06,
    "VmaxICp": 2.251678868230609e-05,
    "VmaxINp": 3.687504864085541e-05,
    "gammaDp": 0.2036073262307769
}