{
    "KICp": 6.77108370773644,
    "KINp": 0.0084840713397593,
    "Koverflowp": 9.058115330233087e-06,
    "Mp": 6.485017274913144e-06,
    "VmaxICp": 2.037301146512517e-05,
    "VmaxINp": 3.1522306334810966e-05,
    "gammaDp": 0.1447860853747755
}