{
    "KICp": 37.0,
    "KINp": 0.1613409227543492,
    "Koverflowp": 2.3355357061532333e-07,
    "Mp": 5.373987936430103e-06,
    "VmaxICp": 3.840938142497309e-05,
    "VmaxINp": 1.5049182554453758e-05,
    "gammaDp": 0.7430763844307015
}