{
    "KICp": 172.3742093863879,
    "KINp": 0.1045989163069844,
    "Koverflowp": 4.062013616432565e-06,
    "Mp": 3.024412388592957e-06,
    "VmaxICp": 4.462600669792185e-05,
    "VmaxINp": 1.2129037428080736e-05,
    "gammaDp": 0.7922135403582765
}