{
    "KICp": 79.77511132815333,
    "KINp": 0.102091536937059,
    "Koverflowp": 1.0395751861250125e-06,
    "Mp": 4.423425878221341e-06,
    "VmaxICp": 2.251678868230609e-05,
    "VmaxINp": 3.8396258415007576e-05,
    "gammaDp": 0.1759134266209322
}