{
    "KICp": 37.0,
    "KINp": 0.0569305747993859,
    "Koverflowp": 3.034800528654385e-07,
    "Mp": 9.398590875787686e-06,
    "VmaxICp": 3.7433640806541645e-05,
    "VmaxINp": 2.2356911289397025e-05,
    "gammaDp": 0.4733309833311043
}