{
    "KICp": 51.98507640376867,
    "KINp": 0.1613409227543492,
    "Koverflowp": 1.224581339485302e-06,
    "Mp": 9.471757896263389e-06,
    "VmaxICp": 3.987698425444493e-05,
    "VmaxINp": 2.873088388988425e-05,
    "gammaDp": 0.8
}