{
    "KICp": 341.22891501557314,
    "KINp": 0.02,
    "Koverflowp": 2.0247506645438056e-06,
    "Mp": 8.083447538429918e-06,
    "VmaxICp": 2.503373298187735e-05,
    "VmaxINp": 4.0126970198502166e-05,
    "gammaDp": 0.8733356356116928
}