{
    "KICp": 254.7996176653536,
    "KINp": 0.02,
    "Koverflowp": 1.6846542745030589e-06,
    "Mp": 2.484182965144663e-06,
    "VmaxICp": 2.793435287257424e-05,
    "VmaxINp": 1.853479011008901e-05,
    "gammaDp": 0.788904922491334
}