{
    "KICp": 89.11761808478575,
    "KINp": 0.0530407454017212,
    "Koverflowp": 2.597704474242653e-07,
    "Mp": 5.5906126238412046e-06,
    "VmaxICp": 2.809214615042664e-05,
    "VmaxINp": 2.825940699217536e-05,
    "gammaDp": 0.1011187262164966
}