{
    "KICp": 343.12110678298006,
    "KINp": 0.101145684295607,
    "Koverflowp": 1.682040442836189e-07,
    "Mp": 4.29863694179898e-06,
    "VmaxICp": 5.1330601095318585e-05,
    "VmaxINp": 1.7474656282346907e-05,
    "gammaDp": 0.8
}