{
    "KICp": 37.0,
    "KINp": 0.0946544041098011,
    "Koverflowp": 1.157407407407407e-06,
    "Mp": 3.898744440848174e-06,
    "VmaxICp": 5.336252880874503e-05,
    "VmaxINp": 2.7096440880316016e-05,
    "gammaDp": 0.3099092632302709
}