{
    "KICp": 4.486185020634034,
    "KINp": 0.0382173672366396,
    "Koverflowp": 4.921192423149696e-06,
    "Mp": 5.358552848755042e-06,
    "VmaxICp": 2.5913215336223696e-05,
    "VmaxINp": 5.2707410921587375e-05,
    "gammaDp": 0.2975486361976067
}