{
    "KICp": 75.13424541144228,
    "KINp": 0.0840278757891381,
    "Koverflowp": 2.5500360102936635e-06,
    "Mp": 7.637526892962847e-06,
    "VmaxICp": 2.029802053143438e-05,
    "VmaxINp": 5.498946105206976e-05,
    "gammaDp": 0.324357305910859
}