{
    "KICp": 37.0,
    "KINp": 0.0094786897375751,
    "Koverflowp": 1.5628909669557023e-06,
    "Mp": 5.884437880343396e-06,
    "VmaxICp": 1.763688315423991e-05,
    "VmaxINp": 4.939428375655761e-05,
    "gammaDp": 0.8
}