{
    "KICp": 36.40350803906692,
    "KINp": 0.1147085167565753,
    "Koverflowp": 2.3707627730867702e-06,
    "Mp": 3.9518886852202825e-06,
    "VmaxICp": 1.886823606995428e-05,
    "VmaxINp": 3.2776877560897444e-05,
    "gammaDp": 0.2887571221180795
}