{
    "KICp": 11.649595927749829,
    "KINp": 0.0133054669926853,
    "Koverflowp": 6.665716261382808e-06,
    "Mp": 2.262271658598964e-06,
    "VmaxICp": 2.8724707117867788e-05,
    "VmaxINp": 1.4010421250310944e-05,
    "gammaDp": 0.118614372442662
}