{
    "KICp": 8.501684799299696,
    "KINp": 0.02,
    "Koverflowp": 2.5995575005231736e-07,
    "Mp": 5.132443760081152e-06,
    "VmaxICp": 1.886823606995428e-05,
    "VmaxINp": 3.351170156403605e-05,
    "gammaDp": 0.8
}