{
    "KICp": 64.38359865972798,
    "KINp": 0.0038947543869914,
    "Koverflowp": 6.28256014398749e-07,
    "Mp": 5.5906126238412046e-06,
    "VmaxICp": 2.809214615042664e-05,
    "VmaxINp": 1.999345350665987e-05,
    "gammaDp": 0.3400997212084528
}