{
    "KICp": 11.26380915212689,
    "KINp": 0.0327642289590572,
    "Koverflowp": 4.204096719007304e-06,
    "Mp": 1.0696962692623478e-05,
    "VmaxICp": 3.498968332395695e-05,
    "VmaxINp": 2.8816312052713503e-05,
    "gammaDp": 0.8
}