{
    "KICp": 191.06557628968497,
    "KINp": 0.0293904848205324,
    "Koverflowp": 9.983831851421062e-07,
    "Mp": 5.080536545067402e-06,
    "VmaxICp": 2.665128961420223e-05,
    "VmaxINp": 1.940509307490276e-05,
    "gammaDp": 0.15206693603745
}