{
    "KICp": 4.868837484477651,
    "KINp": 0.0657554616906967,
    "Koverflowp": 2.910138946663815e-06,
    "Mp": 3.0930359751369483e-06,
    "VmaxICp": 1.968282301674568e-05,
    "VmaxINp": 3.880029962461437e-05,
    "gammaDp": 0.2901407118728464
}