{
    "KICp": 10.28981662849609,
    "KINp": 0.1538031350369501,
    "Koverflowp": 2.384953979198918e-06,
    "Mp": 2.7254373762454395e-06,
    "VmaxICp": 5.04984219049231e-05,
    "VmaxINp": 1.686408376603004e-05,
    "gammaDp": 0.2733020018623884
}