{
    "KICp": 10.356780773799109,
    "KINp": 0.0123939803444887,
    "Koverflowp": 2.413605966118818e-07,
    "Mp": 5.358552848755042e-06,
    "VmaxICp": 2.5913215336223696e-05,
    "VmaxINp": 5.2707410921587375e-05,
    "gammaDp": 0.1854469443522803
}