{
    "KICp": 119.3063622873562,
    "KINp": 0.0097599214461829,
    "Koverflowp": 1.4946419674645033e-06,
    "Mp": 2.36640015678219e-06,
    "VmaxICp": 2.2618387415480548e-05,
    "VmaxINp": 2.2161454310036937e-05,
    "gammaDp": 0.6867995665778832
}