{
    "KICp": 25.895636199651083,
    "KINp": 0.018489451540294,
    "Koverflowp": 1.675753069141204e-07,
    "Mp": 3.0930359751369483e-06,
    "VmaxICp": 1.968282301674568e-05,
    "VmaxINp": 3.880029962461437e-05,
    "gammaDp": 0.4666810910962452
}