{
    "KICp": 17.580690171661104,
    "KINp": 0.02,
    "Koverflowp": 4.650337719199109e-06,
    "Mp": 2.484182965144663e-06,
    "VmaxICp": 3.375779864635378e-05,
    "VmaxINp": 1.853479011008901e-05,
    "gammaDp": 0.126912243857959
}