{
    "KICp": 17.653861880417555,
    "KINp": 0.1821837163621918,
    "Koverflowp": 3.518035492608142e-07,
    "Mp": 4.759635845885355e-06,
    "VmaxICp": 1.704190814467527e-05,
    "VmaxINp": 5.355841272953312e-05,
    "gammaDp": 0.1274423848463802
}