{
    "KICp": 154.5533198242487,
    "KINp": 0.004364350949046,
    "Koverflowp": 2.1845951502519307e-06,
    "Mp": 5.844989892066529e-06,
    "VmaxICp": 4.652966573080257e-05,
    "VmaxINp": 3.708818576379269e-05,
    "gammaDp": 0.1685340340990384
}