{
    "KICp": 37.0,
    "KINp": 0.0646564170780343,
    "Koverflowp": 7.798966339314915e-06,
    "Mp": 4.635438045415479e-06,
    "VmaxICp": 2.5882266229183536e-05,
    "VmaxINp": 2.726211787606775e-05,
    "gammaDp": 0.7556616903758074
}