{
    "KICp": 37.0,
    "KINp": 0.0639325269816211,
    "Koverflowp": 1.5060707733699097e-06,
    "Mp": 7.273465274891337e-06,
    "VmaxICp": 2.4695861042216e-05,
    "VmaxINp": 4.892820676707611e-05,
    "gammaDp": 0.524161430079379
}