{
    "KICp": 13.598191069718448,
    "KINp": 0.02,
    "Koverflowp": 7.251865433453764e-07,
    "Mp": 6.176358160026588e-06,
    "VmaxICp": 2.289066496404209e-05,
    "VmaxINp": 5.07175197319126e-05,
    "gammaDp": 0.625593006641983
}