{
    "KICp": 355.18626910968806,
    "KINp": 0.02,
    "Koverflowp": 1.115751166995064e-06,
    "Mp": 3.0930359751369483e-06,
    "VmaxICp": 1.968282301674568e-05,
    "VmaxINp": 3.880029962461437e-05,
    "gammaDp": 0.7269424925773608
}