{
    "KICp": 137.2864439104186,
    "KINp": 0.02,
    "Koverflowp": 9.687970275380127e-06,
    "Mp": 3.810647289016169e-06,
    "VmaxICp": 4.158215225424748e-05,
    "VmaxINp": 2.3111101894333208e-05,
    "gammaDp": 0.4260395968174763
}