{
    "KICp": 5.052737471631727,
    "KINp": 0.0020385187475533,
    "Koverflowp": 6.110729489270226e-06,
    "Mp": 5.001723344077251e-06,
    "VmaxICp": 2.011178140354166e-05,
    "VmaxINp": 3.3814531771368474e-05,
    "gammaDp": 0.8
}