{
    "KICp": 47.58327372968295,
    "KINp": 0.0699274291478608,
    "Koverflowp": 1.3484983858205297e-07,
    "Mp": 6.176358160026588e-06,
    "VmaxICp": 2.289066496404209e-05,
    "VmaxINp": 5.499787741078257e-05,
    "gammaDp": 0.4075782687815391
}