{
    "KICp": 72.33270230799106,
    "KINp": 0.1721773723367174,
    "Koverflowp": 1.157407407407407e-06,
    "Mp": 7.323674240719676e-06,
    "VmaxICp": 3.635336899588421e-05,
    "VmaxINp": 2.9438457038223404e-05,
    "gammaDp": 0.6153529131173961
}