{
    "KICp": 37.0,
    "KINp": 0.1641669326566259,
    "Koverflowp": 1.157407407407407e-06,
    "Mp": 2.4999215596697595e-06,
    "VmaxICp": 3.181205275929726e-05,
    "VmaxINp": 1.6105986161704773e-05,
    "gammaDp": 0.1300903608776957
}