{
    "KICp": 37.0,
    "KINp": 0.0027348265441882,
    "Koverflowp": 9.690918753677314e-06,
    "Mp": 3.015515015803978e-06,
    "VmaxICp": 1.4975943732728378e-05,
    "VmaxINp": 4.745858865599964e-05,
    "gammaDp": 0.7315519174927753
}