{
    "KICp": 133.93008442143457,
    "KINp": 0.0265233369456533,
    "Koverflowp": 9.51274475520816e-06,
    "Mp": 3.051569532221512e-06,
    "VmaxICp": 2.24825217019788e-05,
    "VmaxINp": 1.6078938715098482e-05,
    "gammaDp": 0.6245373512601429
}