{
    "KICp": 148.73562438539122,
    "KINp": 0.0698387724217811,
    "Koverflowp": 3.968363644258743e-06,
    "Mp": 2.4999215596697595e-06,
    "VmaxICp": 5.316363613491664e-05,
    "VmaxINp": 1.3123864101079789e-05,
    "gammaDp": 0.8
}