{
    "KICp": 37.0,
    "KINp": 0.0461288716975873,
    "Koverflowp": 2.5191785510038965e-06,
    "Mp": 7.841714334876098e-06,
    "VmaxICp": 3.300083724776219e-05,
    "VmaxINp": 4.752186547184366e-05,
    "gammaDp": 0.4852150579170372
}