{
    "KICp": 305.33035296558904,
    "KINp": 0.1815262631528977,
    "Koverflowp": 1.5110475747487758e-07,
    "Mp": 6.824963196350428e-06,
    "VmaxICp": 3.475623234529964e-05,
    "VmaxINp": 4.406461897572213e-05,
    "gammaDp": 0.7828802098311263
}