{
    "KICp": 26.115523858761296,
    "KINp": 0.1609834475419101,
    "Koverflowp": 2.384953979198918e-06,
    "Mp": 2.7254373762454395e-06,
    "VmaxICp": 2.085919369666119e-05,
    "VmaxINp": 1.686408376603004e-05,
    "gammaDp": 0.6033799042892884
}