{
    "KICp": 70.65559766191309,
    "KINp": 0.02,
    "Koverflowp": 2.7177085185704983e-06,
    "Mp": 6.121223373429261e-06,
    "VmaxICp": 2.2618387415480548e-05,
    "VmaxINp": 2.2161454310036937e-05,
    "gammaDp": 0.3434304978079793
}