{
    "KICp": 360.9142513114331,
    "KINp": 0.012795601310031,
    "Koverflowp": 9.177523528012368e-07,
    "Mp": 5.059041496785867e-06,
    "VmaxICp": 5.535006754176759e-05,
    "VmaxINp": 1.6392978384094012e-05,
    "gammaDp": 0.1500915244205059
}