{
    "KICp": 301.3733474925472,
    "KINp": 0.0124992786044696,
    "Koverflowp": 6.852729382806056e-07,
    "Mp": 1.0068494819243864e-05,
    "VmaxICp": 4.8772241965806414e-05,
    "VmaxINp": 3.089867206863309e-05,
    "gammaDp": 0.8
}