{
    "KICp": 4.534498739527201,
    "KINp": 0.0067099122121301,
    "Koverflowp": 2.9103753804911654e-07,
    "Mp": 7.273465274891337e-06,
    "VmaxICp": 2.746198973574341e-05,
    "VmaxINp": 2.393751132634291e-05,
    "gammaDp": 0.5615224121309018
}