{
    "KICp": 37.0,
    "KINp": 0.0440105656684247,
    "Koverflowp": 7.957986115639643e-07,
    "Mp": 3.015515015803978e-06,
    "VmaxICp": 2.2915850325117657e-05,
    "VmaxINp": 4.745858865599964e-05,
    "gammaDp": 0.400510943333457
}