{
    "KICp": 24.505807932101654,
    "KINp": 0.0884543028002638,
    "Koverflowp": 1.130839898469284e-05,
    "Mp": 4.155322111597967e-06,
    "VmaxICp": 4.964207142383357e-05,
    "VmaxINp": 1.2136094011763022e-05,
    "gammaDp": 0.7123623330955724
}