{
    "KICp": 10.344592075832352,
    "KINp": 0.0021610560561275,
    "Koverflowp": 3.020842008410397e-07,
    "Mp": 5.358552848755042e-06,
    "VmaxICp": 2.5913215336223696e-05,
    "VmaxINp": 4.371723121253569e-05,
    "gammaDp": 0.7416580576396558
}