{
    "KICp": 8.942442436218238,
    "KINp": 0.051057794942738,
    "Koverflowp": 2.384953979198918e-06,
    "Mp": 2.7254373762454395e-06,
    "VmaxICp": 3.544789871111759e-05,
    "VmaxINp": 1.686408376603004e-05,
    "gammaDp": 0.1337700750568872
}