{
    "KICp": 37.0,
    "KINp": 0.02,
    "Koverflowp": 1.2687135439199016e-06,
    "Mp": 2.2096087579233683e-06,
    "VmaxICp": 1.763688315423991e-05,
    "VmaxINp": 4.939428375655761e-05,
    "gammaDp": 0.1027773625501585
}