{
    "KICp": 37.0,
    "KINp": 0.0107821239245266,
    "Koverflowp": 2.3563650717874468e-06,
    "Mp": 4.493045769043541e-06,
    "VmaxICp": 2.5882266229183536e-05,
    "VmaxINp": 4.2986276979483645e-05,
    "gammaDp": 0.1325086804940253
}