{
    "KICp": 37.0,
    "KINp": 0.0115542300757673,
    "Koverflowp": 1.2987606442070578e-06,
    "Mp": 8.329520407391648e-06,
    "VmaxICp": 3.851937546464105e-05,
    "VmaxINp": 3.424539755892984e-05,
    "gammaDp": 0.7960890032132787
}