{
    "KICp": 58.44492618577221,
    "KINp": 0.0902685068070374,
    "Koverflowp": 1.682040442836189e-07,
    "Mp": 5.127089764409546e-06,
    "VmaxICp": 4.9836207031715415e-05,
    "VmaxINp": 1.7474656282346907e-05,
    "gammaDp": 0.8
}