{
    "KICp": 5.938190815255319,
    "KINp": 0.02,
    "Koverflowp": 9.876884024975862e-06,
    "Mp": 4.493045769043541e-06,
    "VmaxICp": 2.5882266229183536e-05,
    "VmaxINp": 2.726211787606775e-05,
    "gammaDp": 0.2091729397573409
}