{
    "KICp": 24.181327520949264,
    "KINp": 0.0057697758015596,
    "Koverflowp": 4.386854422877531e-06,
    "Mp": 6.50578061574376e-06,
    "VmaxICp": 4.5331780648433154e-05,
    "VmaxINp": 1.6685696396846517e-05,
    "gammaDp": 0.1421713989981196
}