{
    "KICp": 3.723221393068944,
    "KINp": 0.010593021018013,
    "Koverflowp": 3.81251439865982e-06,
    "Mp": 4.493045769043541e-06,
    "VmaxICp": 2.5882266229183536e-05,
    "VmaxINp": 2.726211787606775e-05,
    "gammaDp": 0.3813144098363152
}