{
    "KICp": 37.0,
    "KINp": 0.1657922665621541,
    "Koverflowp": 2.0036054587801426e-07,
    "Mp": 5.373987936430103e-06,
    "VmaxICp": 4.899705669590254e-05,
    "VmaxINp": 2.873088388988425e-05,
    "gammaDp": 0.545130082401691
}