{
    "KICp": 70.65559766191309,
    "KINp": 0.009039329847803,
    "Koverflowp": 1.005257899323148e-06,
    "Mp": 3.891178010708291e-06,
    "VmaxICp": 2.2618387415480548e-05,
    "VmaxINp": 2.2161454310036937e-05,
    "gammaDp": 0.2233065982551522
}