{
    "KICp": 305.33035296558904,
    "KINp": 0.0215443667276789,
    "Koverflowp": 1.3912811709888366e-06,
    "Mp": 5.3282622275129765e-06,
    "VmaxICp": 3.475623234529964e-05,
    "VmaxINp": 4.406461897572213e-05,
    "gammaDp": 0.2526574762814546
}