{
    "KICp": 29.80919564915333,
    "KINp": 0.0092467676706448,
    "Koverflowp": 9.49334125070249e-06,
    "Mp": 7.273465274891337e-06,
    "VmaxICp": 2.746198973574341e-05,
    "VmaxINp": 2.235571207649225e-05,
    "gammaDp": 0.524161430079379
}