{
    "KICp": 7.123878981497942,
    "KINp": 0.0020845918629719,
    "Koverflowp": 1.0058126170192824e-06,
    "Mp": 7.114695096227867e-06,
    "VmaxICp": 4.606865523192694e-05,
    "VmaxINp": 1.7506282150616844e-05,
    "gammaDp": 0.1105632571346153
}