{
    "KICp": 9.978686455035009,
    "KINp": 0.009721121639531,
    "Koverflowp": 2.0397630730467646e-07,
    "Mp": 7.163731037808808e-06,
    "VmaxICp": 3.674096584896225e-05,
    "VmaxINp": 2.27945365523938e-05,
    "gammaDp": 0.6527665593281915
}