{
    "KICp": 135.293278502074,
    "KINp": 0.0118159345005556,
    "Koverflowp": 2.2088067866923925e-07,
    "Mp": 3.810647289016169e-06,
    "VmaxICp": 4.158215225424748e-05,
    "VmaxINp": 2.3111101894333208e-05,
    "gammaDp": 0.1335228352376945
}