{
    "KICp": 37.0,
    "KINp": 0.02,
    "Koverflowp": 3.0049171991440007e-06,
    "Mp": 3.3203973610171605e-06,
    "VmaxICp": 2.5882266229183536e-05,
    "VmaxINp": 3.353646465662878e-05,
    "gammaDp": 0.6317269244664447
}