{
    "KICp": 37.0,
    "KINp": 0.0510835311052902,
    "Koverflowp": 3.843061757481701e-07,
    "Mp": 7.133749102202125e-06,
    "VmaxICp": 4.772100367640021e-05,
    "VmaxINp": 3.226479423580893e-05,
    "gammaDp": 0.1581082850661652
}