{
    "KICp": 74.47731706465252,
    "KINp": 0.1751897917821127,
    "Koverflowp": 1.157407407407407e-06,
    "Mp": 4.28614249255771e-06,
    "VmaxICp": 2.648828591747887e-05,
    "VmaxINp": 1.7958338758055475e-05,
    "gammaDp": 0.1211467558771916
}