{
    "KICp": 125.57482704761976,
    "KINp": 0.0251777354691905,
    "Koverflowp": 9.058115330233087e-06,
    "Mp": 2.506832096905149e-06,
    "VmaxICp": 1.772724422011058e-05,
    "VmaxINp": 3.1522306334810966e-05,
    "gammaDp": 0.1290065423204827
}