{
    "KICp": 12.271864595337744,
    "KINp": 0.0085836374872484,
    "Koverflowp": 1.0271389812677477e-06,
    "Mp": 5.080536545067402e-06,
    "VmaxICp": 2.665128961420223e-05,
    "VmaxINp": 1.940509307490276e-05,
    "gammaDp": 0.4358860689570441
}