{
    "KICp": 37.0,
    "KINp": 0.1020857984457501,
    "Koverflowp": 4.826811080767565e-07,
    "Mp": 7.841714334876098e-06,
    "VmaxICp": 3.1930857059610566e-05,
    "VmaxINp": 5.155752671888732e-05,
    "gammaDp": 0.4881472507668136
}