{
    "KICp": 6.6287934498711945,
    "KINp": 0.0077478172259392,
    "Koverflowp": 2.8320366483302244e-07,
    "Mp": 7.228584964411637e-06,
    "VmaxICp": 3.498968332395695e-05,
    "VmaxINp": 2.8816312052713503e-05,
    "gammaDp": 0.1755277146844451
}