{
    "KICp": 241.03177358044127,
    "KINp": 0.1444737275106103,
    "Koverflowp": 1.4453032856477036e-06,
    "Mp": 3.024412388592957e-06,
    "VmaxICp": 4.462600669792185e-05,
    "VmaxINp": 1.2129037428080736e-05,
    "gammaDp": 0.172772643404967
}