{
    "KICp": 9.978686455035009,
    "KINp": 0.110397839011241,
    "Koverflowp": 1.2699165764040257e-07,
    "Mp": 2.775615899967866e-06,
    "VmaxICp": 3.674096584896225e-05,
    "VmaxINp": 1.625836062513152e-05,
    "gammaDp": 0.1321721682562395
}