{
    "KICp": 37.0,
    "KINp": 0.0176202558556748,
    "Koverflowp": 7.205154854395753e-07,
    "Mp": 7.841714334876098e-06,
    "VmaxICp": 3.300083724776219e-05,
    "VmaxINp": 3.094486326177494e-05,
    "gammaDp": 0.3280217874737587
}