{
    "KICp": 13.598191069718448,
    "KINp": 0.02,
    "Koverflowp": 1.614080256969334e-06,
    "Mp": 3.939560116398834e-06,
    "VmaxICp": 2.289066496404209e-05,
    "VmaxINp": 1.506442591666519e-05,
    "gammaDp": 0.2537034114458807
}