,bacteria,coef,rsquared_adj
0,HOT1A3,2.5018547307190486e-08,0.9184021260063727
1,CIP,3.2113321422739127e-08,0.7631662037673429
2,nitzsch,6.749446555142219e-09,0.7502553060534821
3,HOT5_F3,1.2930006496512548e-08,0.9072521767193364
4,HOT5_C3,5.7177063706588055e-08,0.9359225527441382
5,HP15,5.443468350482234e-08,0.9274553394866341
6,Pgall,9.099104801226264e-08,0.9467202557077047
