,bacteria,coef,rsquared_adj
0,HOT1A3,2.5018547307190483e-08,0.7351217302893958
1,CIP,3.211332142273911e-08,0.483408199055681
2,nitzsch,6.749446555142219e-09,0.46738335266158926
3,HOT5_F3,1.2930006496512548e-08,0.7592177369222199
4,HOT5_C3,5.717706370658803e-08,0.7729877197406729
5,HP15,5.443468350482232e-08,0.7478895608075498
6,Pgall,9.099104801226265e-08,0.7977439635313679
