{
    "KICp": 4.755386905368162,
    "KINp": 0.0133844834331516,
    "Koverflowp": 1.0940863904819155e-05,
    "Mp": 6.660495276828209e-06,
    "VmaxICp": 1.8680765344423068e-05,
    "VmaxINp": 4.2808703758937743e-05,
    "gammaDp": 0.8
}