{
    "KICp": 37.0,
    "KINp": 0.0325098459740579,
    "Koverflowp": 1.157407407407407e-06,
    "Mp": 9.442867028942711e-06,
    "VmaxICp": 4.247308705233529e-05,
    "VmaxINp": 5.4195384698470906e-05,
    "gammaDp": 0.6410251682764826
}