{
    "KICp": 33.194208200077846,
    "KINp": 0.1908388838181237,
    "Koverflowp": 1.254587363902981e-07,
    "Mp": 3.786480524097208e-06,
    "VmaxICp": 1.6971269716012827e-05,
    "VmaxINp": 2.641367265882692e-05,
    "gammaDp": 0.8
}