{
    "KICp": 37.0,
    "KINp": 0.02,
    "Koverflowp": 1.1935600735373033e-06,
    "Mp": 4.761945511390324e-06,
    "VmaxICp": 4.0824089035702064e-05,
    "VmaxINp": 4.116684674642797e-05,
    "gammaDp": 0.4133501739755075
}