{
    "KICp": 11.555129158318731,
    "KINp": 0.0941354061047693,
    "Koverflowp": 1.157407407407407e-06,
    "Mp": 2.7853995842085897e-06,
    "VmaxICp": 4.554172368003053e-05,
    "VmaxINp": 2.018097351018244e-05,
    "gammaDp": 0.2638716536985218
}