{
    "KICp": 102.59941796754244,
    "KINp": 0.0032979431110521,
    "Koverflowp": 3.039455037850405e-07,
    "Mp": 9.32387329887016e-06,
    "VmaxICp": 3.886848057091004e-05,
    "VmaxINp": 2.6850047040867365e-05,
    "gammaDp": 0.8
}