{
    "KICp": 37.0,
    "KINp": 0.0359406565592188,
    "Koverflowp": 2.717731243357114e-06,
    "Mp": 4.426539335727207e-06,
    "VmaxICp": 5.053218533876861e-05,
    "VmaxINp": 1.4207287718660738e-05,
    "gammaDp": 0.4449504247499912
}