{
    "KICp": 37.0,
    "KINp": 0.0312332272200299,
    "Koverflowp": 6.019437155850635e-06,
    "Mp": 2.786694467258267e-06,
    "VmaxICp": 2.5586367237682808e-05,
    "VmaxINp": 2.9882523814133595e-05,
    "gammaDp": 0.1753878381968287
}