{
    "KICp": 37.0,
    "KINp": 0.0046783595134815,
    "Koverflowp": 1.157407407407407e-06,
    "Mp": 4.354132645583665e-06,
    "VmaxICp": 1.568775995620856e-05,
    "VmaxINp": 4.082641238750928e-05,
    "gammaDp": 0.8
}