{
    "KICp": 26.42687282777913,
    "KINp": 0.02,
    "Koverflowp": 6.109162907552285e-07,
    "Mp": 4.8523250384599885e-06,
    "VmaxICp": 5.323866562805722e-05,
    "VmaxINp": 3.1950795387182554e-05,
    "gammaDp": 0.1626251793671564
}