{
    "KICp": 156.7067775426057,
    "KINp": 0.02,
    "Koverflowp": 1.157407407407407e-06,
    "Mp": 3.492745742474684e-06,
    "VmaxICp": 2.433814332892105e-05,
    "VmaxINp": 3.263809298256745e-05,
    "gammaDp": 0.7314690999905329
}