{
    "KICp": 37.0,
    "KINp": 0.0093345227935478,
    "Koverflowp": 6.997286368023487e-07,
    "Mp": 3.7275682882338512e-06,
    "VmaxICp": 2.714805409416228e-05,
    "VmaxINp": 1.884290666847337e-05,
    "gammaDp": 0.1067592952457204
}