{
    "KICp": 37.0,
    "KINp": 0.02,
    "Koverflowp": 1.157407407407407e-06,
    "Mp": 1.1059226302996643e-05,
    "VmaxICp": 3.026296199025247e-05,
    "VmaxINp": 4.887021869527581e-05,
    "gammaDp": 0.8
}