{
    "KICp": 37.0,
    "KINp": 0.02,
    "Koverflowp": 1.157407407407407e-06,
    "Mp": 3.930199393082545e-06,
    "VmaxICp": 3.219337121873331e-05,
    "VmaxINp": 1.448655184399582e-05,
    "gammaDp": 0.4556241076153436
}