{
    "KICp": 117.27859933834556,
    "KINp": 0.02,
    "Koverflowp": 1.157407407407407e-06,
    "Mp": 5.005730743840458e-06,
    "VmaxICp": 3.453365298426147e-05,
    "VmaxINp": 5.159764926420241e-05,
    "gammaDp": 0.1181998324664857
}