{
    "KICp": 6.3468513614450615,
    "KINp": 0.0348091785938163,
    "Koverflowp": 1.157407407407407e-06,
    "Mp": 3.3425754092671017e-06,
    "VmaxICp": 2.2090195862244087e-05,
    "VmaxINp": 4.055079360566653e-05,
    "gammaDp": 0.4810518537494229
}