{
    "KICp": 37.0,
    "KINp": 0.0138955901090112,
    "Koverflowp": 1.2091902833664055e-06,
    "Mp": 6.212160734314716e-06,
    "VmaxICp": 2.8044065530244382e-05,
    "VmaxINp": 1.6170732045853138e-05,
    "gammaDp": 0.1335659567315479
}