{
    "KICp": 10.445878130509865,
    "KINp": 0.02,
    "Koverflowp": 3.750631388189498e-07,
    "Mp": 3.049784347784128e-06,
    "VmaxICp": 1.8556503762439525e-05,
    "VmaxINp": 2.7003979801077107e-05,
    "gammaDp": 0.1561119794673235
}