{
    "KICp": 4.601599572483397,
    "KINp": 0.003083266579091,
    "Koverflowp": 9.4973285971747e-07,
    "Mp": 6.622706741760675e-06,
    "VmaxICp": 3.006888165881748e-05,
    "VmaxINp": 2.72958585675018e-05,
    "gammaDp": 0.8
}