{
    "KICp": 0.6271511722905297,
    "KINp": 0.1727675878043528,
    "Mp": 2.6787479934195348e-06,
    "Mp_day": 0.2314438266314478,
    "R* ICp": 0.010449417769643808,
    "R* INp": 0.0031508274294456662,
    "Vmax/K ICp": 0.0002606250993860546,
    "Vmax/K INp": 0.000865677790484448,
    "Vmax/Vmax Ip": 1.0928735901506015,
    "VmaxICp": 0.0001634513366083,
    "VmaxICp_day_cell": 1.2609103109783143e-08,
    "VmaxINp": 0.0001495610636778,
    "VmaxINp_day_cell": 1.1537567769430286e-08,
    "gammaDp": 0.2069459555565501,
    "gamma_DON2DINp": 3.986806086326827e-09,
    "gamma_DON2DINp_day_cell": 3.075536123737838e-13
}