{
    "KICp": 37.0,
    "KINp": 0.02,
    "Mp": 3.4854125414307605e-06,
    "VmaxICp": 3.48935234154733e-05,
    "VmaxINp": 1.3690388255436574e-05,
    "gammaDp": 0.8319879467095603
}