{
    "KICp": 0.1085623190073565,
    "KINp": 0.1619921205132983,
    "Mp": 5.340393133424466e-06,
    "Mp_day": 0.4614099667278739,
    "R* ICp": 0.0006245561621055106,
    "R* INp": 0.03281315648324597,
    "Vmax/K ICp": 0.00859989317272446,
    "Vmax/K INp": 0.00019571857535113837,
    "Vmax/Vmax Ip": 29.44735092950159,
    "VmaxICp": 0.0009336243460465,
    "VmaxICp_day_cell": 7.202244955215859e-08,
    "VmaxINp": 3.1704867044972664e-05,
    "VmaxINp_day_cell": 2.4458040291836058e-09,
    "gammaDp": 0.1836672294046499,
    "gamma_DON2DINp": 3.333479111403954e-08,
    "gamma_DON2DINp_day_cell": 2.5715410287973365e-12
}