{
    "KICp": 0.6156598809882121,
    "KINp": 0.5634767030324185,
    "Mp": 3.106640862388275e-06,
    "Mp_day": 0.268413770510347,
    "R* ICp": 0.0068285370627088095,
    "R* INp": 0.05934557416695559,
    "Vmax/K ICp": 0.000459995730508908,
    "Vmax/K INp": 5.786165981050743e-05,
    "Vmax/Vmax Ip": 8.686159550461694,
    "VmaxICp": 0.0002832009167002,
    "VmaxICp_day_cell": 2.184692785972972e-08,
    "VmaxINp": 3.260369730200812e-05,
    "VmaxINp_day_cell": 2.5151423632977696e-09,
    "gammaDp": 0.4701311846672088,
    "gamma_DON2DINp": 4.027668067743769e-09,
    "gamma_DON2DINp_day_cell": 3.1070582236880507e-13
}