{
    "KICp": 0.0492164484033993,
    "KINp": 0.1344523101006439,
    "Mp": 3.905460250349312e-06,
    "Mp_day": 0.33743176563018057,
    "R* ICp": 0.00027546097570083723,
    "R* INp": 0.015292258208664774,
    "Vmax/K ICp": 0.014257260306124309,
    "Vmax/K INp": 0.0002844352446023745,
    "Vmax/Vmax Ip": 18.348250971261916,
    "VmaxICp": 0.0007016917162302,
    "VmaxICp_day_cell": 5.413050382347258e-08,
    "VmaxINp": 3.824297571083096e-05,
    "VmaxINp_day_cell": 2.9501724119783887e-09,
    "gammaDp": 0.3359592627529659,
    "gamma_DON2DINp": 3.0001946495045382e-09,
    "gamma_DON2DINp_day_cell": 2.31443587247493e-13
}