{
    "KICp": 0.5449799642272224,
    "KINp": 0.0608045695002435,
    "Mp": 2.920405559880057e-06,
    "Mp_day": 0.25232304037363695,
    "R* ICp": 0.004776171644913414,
    "R* INp": 0.0033560585756187864,
    "Vmax/K ICp": 0.0006168119652449213,
    "Vmax/K INp": 0.0009182184670629011,
    "Vmax/Vmax Ip": 6.020756800624014,
    "VmaxICp": 0.0003361501627541,
    "VmaxICp_day_cell": 2.5931583983887716e-08,
    "VmaxINp": 5.583187859693322e-05,
    "VmaxINp_day_cell": 4.3070306346205625e-09,
    "gammaDp": 0.135972880290361,
    "gamma_DON2DINp": 2.9723751318246124e-09,
    "gamma_DON2DINp_day_cell": 2.2929751016932726e-13
}