{
    "KICp": 37.0,
    "KINp": 0.0529490926457966,
    "Mp": 2.313583515192646e-06,
    "VmaxICp": 1.5777825168159227e-05,
    "VmaxINp": 3.4976156403611794e-05,
    "gammaDp": 0.2582265030516061
}