{
    "KICp": 8.901920498983653,
    "KINp": 0.1352772693101282,
    "Mp": 4.090590811529728e-06,
    "VmaxICp": 2.0630674024823786e-05,
    "VmaxINp": 5.114619067682129e-05,
    "gammaDp": 0.8
}