{
    "KICp": 0.3332816827091504,
    "KINp": 0.0286641417627857,
    "Mp": 3.874567192966968e-06,
    "Mp_day": 0.33476260547234604,
    "R* ICp": 0.004850312225084357,
    "R* INp": 0.0011644089337337754,
    "Vmax/K ICp": 0.0008104539109517166,
    "Vmax/K INp": 0.003462668191258043,
    "Vmax/Vmax Ip": 2.721384752553599,
    "VmaxICp": 0.0002701094432002,
    "VmaxICp_day_cell": 2.0837014189729717e-08,
    "VmaxINp": 9.92544119117093e-05,
    "VmaxINp_day_cell": 7.65676891890329e-09,
    "gammaDp": 0.2949492793934479,
    "gamma_DON2DINp": 1.0828081856673041e-08,
    "gamma_DON2DINp_day_cell": 8.353091718004919e-13
}