{
    "KICp": 0.217778548683276,
    "KINp": 0.3904260563535065,
    "Mp": 4.593868218097961e-06,
    "Mp_day": 0.39691021404366383,
    "R* ICp": 0.0009979333186547325,
    "R* INp": 0.055435433817889325,
    "Vmax/K ICp": 0.004624476159849345,
    "Vmax/K INp": 9.463510129788129e-05,
    "Vmax/Vmax Ip": 27.25753628072365,
    "VmaxICp": 0.0010071117065124,
    "VmaxICp_day_cell": 7.769147450238516e-08,
    "VmaxINp": 3.69480093923464e-05,
    "VmaxINp_day_cell": 2.8502750102667224e-09,
    "gammaDp": 0.4407059446666453,
    "gamma_DON2DINp": 4.912305363108568e-09,
    "gamma_DON2DINp_day_cell": 3.7894927086837527e-13
}