{
    "KICp": 0.0525960678191652,
    "KINp": 0.0303823917290167,
    "Mp": 3.480686620427934e-06,
    "Mp_day": 0.3007313240049735,
    "R* ICp": 0.0011307361140630583,
    "R* INp": 0.0027001263564462603,
    "Vmax/K ICp": 0.0031444260846898607,
    "Vmax/K INp": 0.0014036454926793546,
    "Vmax/Vmax Ip": 3.8780666849370293,
    "VmaxICp": 0.0001653844476027,
    "VmaxICp_day_cell": 1.275822881506543e-08,
    "VmaxINp": 4.264610720725279e-05,
    "VmaxINp_day_cell": 3.2898425559880732e-09,
    "gammaDp": 0.2943659005522228,
    "gamma_DON2DINp": 3.605561053226454e-08,
    "gamma_DON2DINp_day_cell": 2.7814328124889795e-12
}