{
    "KICp": 0.1195319364813324,
    "KINp": 0.6274675174169186,
    "Mp": 3.1135931735426163e-06,
    "Mp_day": 0.26901445019408204,
    "R* ICp": 0.0015928127123747413,
    "R* INp": 0.06066342246035483,
    "Vmax/K ICp": 0.0019808249090365673,
    "Vmax/K INp": 5.6287867427256934e-05,
    "Vmax/Vmax Ip": 6.70384556266999,
    "VmaxICp": 0.0002367718372076,
    "VmaxICp_day_cell": 1.8265256013157718e-08,
    "VmaxINp": 3.531880843527355e-05,
    "VmaxINp_day_cell": 2.7245937935782457e-09,
    "gammaDp": 0.4776344385195682,
    "gamma_DON2DINp": 3.245426375641843e-09,
    "gamma_DON2DINp_day_cell": 2.5036146326379935e-13
}