{
    "KICp": 12.588779181002764,
    "KINp": 0.02,
    "Mp": 3.5162790309234527e-06,
    "VmaxICp": 4.598935966450098e-05,
    "VmaxINp": 2.197251256207456e-05,
    "gammaDp": 0.3582593152094876
}