{
    "KICp": 0.3288379862797827,
    "KINp": 0.5206593093198736,
    "Mp": 2.060550523860242e-06,
    "Mp_day": 0.17803156526152492,
    "R* ICp": 0.0013183836987627087,
    "R* INp": 0.05337832651925489,
    "Vmax/K ICp": 0.0015692030516929517,
    "Vmax/K INp": 4.25603355152789e-05,
    "Vmax/Vmax Ip": 23.286404822850788,
    "VmaxICp": 0.0005160135715828,
    "VmaxICp_day_cell": 3.980676123638744e-08,
    "VmaxINp": 2.21594348938072e-05,
    "VmaxINp_day_cell": 1.7094421203794128e-09,
    "gammaDp": 0.1368530013669132,
    "gamma_DON2DINp": 6.0318856131911565e-09,
    "gamma_DON2DINp_day_cell": 4.653168901604607e-13
}