{
    "KICp": 0.0515137153090309,
    "KINp": 0.1121709303284041,
    "Mp": 4.324045998741709e-06,
    "Mp_day": 0.3735975742912837,
    "R* ICp": 0.0004626547322938018,
    "R* INp": 0.027359053333135246,
    "Vmax/K ICp": 0.00943010153219016,
    "Vmax/K INp": 0.00019659680734180083,
    "Vmax/Vmax Ip": 22.02837492501595,
    "VmaxICp": 0.0004857795656645,
    "VmaxICp_day_cell": 3.747442363697571e-08,
    "VmaxINp": 2.2052446779123824e-05,
    "VmaxINp_day_cell": 1.7011887515324094e-09,
    "gammaDp": 0.2694020945625255,
    "gamma_DON2DINp": 2.8989659824114864e-08,
    "gamma_DON2DINp_day_cell": 2.2363451864317184e-12
}