{
    "KICp": 0.0446342217440189,
    "KINp": 0.1512412848482978,
    "Mp": 3.393333741021317e-06,
    "Mp_day": 0.2931840352242418,
    "R* ICp": 0.0005566475077310204,
    "R* INp": 0.00225654884703841,
    "Vmax/K ICp": 0.0061720443054239125,
    "Vmax/K INp": 0.0015262080113444495,
    "Vmax/Vmax Ip": 1.1934738687552975,
    "VmaxICp": 0.0002754843941422,
    "VmaxICp_day_cell": 2.1251653262398286e-08,
    "VmaxINp": 0.0002308256605815,
    "VmaxINp_day_cell": 1.780655095914429e-08,
    "gammaDp": 0.2056642013524147,
    "gamma_DON2DINp": 1.3240319165687204e-08,
    "gamma_DON2DINp_day_cell": 1.0213960499244416e-12
}