{
    "KICp": 0.0427237383229825,
    "KINp": 0.3153752933710075,
    "Mp": 4.565368945525944e-06,
    "Mp_day": 0.3944478768934415,
    "R* ICp": 0.0007844296165703978,
    "R* INp": 0.011776177279675303,
    "Vmax/K ICp": 0.005926843337660046,
    "Vmax/K INp": 0.0004021543352661989,
    "Vmax/Vmax Ip": 1.9965135954495112,
    "VmaxICp": 0.0002532169038395,
    "VmaxICp_day_cell": 1.9533875439047145e-08,
    "VmaxINp": 0.000126829541465,
    "VmaxINp_day_cell": 9.783993198728572e-09,
    "gammaDp": 0.4448129631291167,
    "gamma_DON2DINp": 3.3948991921751625e-08,
    "gamma_DON2DINp_day_cell": 2.618922233963697e-12
}