{
    "KICp": 37.0,
    "KINp": 0.0441670471813741,
    "Mp": 4.813080139284124e-06,
    "VmaxICp": 3.831011910799842e-05,
    "VmaxINp": 2.846347919732137e-05,
    "gammaDp": 0.8
}