{
    "KICp": 0.0817988728083521,
    "KINp": 0.1108720546155221,
    "Mp": 4.735871114987544e-06,
    "Mp_day": 0.4091792643349238,
    "R* ICp": 0.0008071228396224951,
    "R* INp": 0.004231799138226434,
    "Vmax/K ICp": 0.005925492990766612,
    "Vmax/K INp": 0.0011618300300251308,
    "Vmax/Vmax Ip": 3.7627651635915815,
    "VmaxICp": 0.0004846986474785,
    "VmaxICp_day_cell": 3.739103851977e-08,
    "VmaxINp": 0.0001288144825429,
    "VmaxINp_day_cell": 9.937117224738002e-09,
    "gammaDp": 0.5825908540306666,
    "gamma_DON2DINp": 1.944564596003893e-08,
    "gamma_DON2DINp_day_cell": 1.5000926883458607e-12
}