{
    "KICp": 185.7302784820053,
    "KINp": 0.02,
    "Mp": 2.658993577390805e-06,
    "VmaxICp": 3.547564400092044e-05,
    "VmaxINp": 2.2024866746579034e-05,
    "gammaDp": 0.2549465887656911
}