{
    "KICp": 0.2969100395063163,
    "KINp": 0.2538303291386986,
    "Mp": 3.794517824547812e-06,
    "Mp_day": 0.32784634004093094,
    "R* ICp": 0.0027079452663413754,
    "R* INp": 0.020651969068067055,
    "Vmax/K ICp": 0.0014140335409391523,
    "Vmax/K INp": 0.0001986854021799128,
    "Vmax/Vmax Ip": 8.324825160457433,
    "VmaxICp": 0.0004198407545035,
    "VmaxICp_day_cell": 3.2387715347412857e-08,
    "VmaxINp": 5.043238103038197e-05,
    "VmaxINp_day_cell": 3.890497965200895e-09,
    "gammaDp": 0.1759082651628102,
    "gamma_DON2DINp": 5.1793355089790684e-08,
    "gamma_DON2DINp_day_cell": 3.995487392640996e-12
}