{
    "KICp": 0.0553477075648736,
    "KINp": 0.2471401507940265,
    "Mp": 3.567750962132656e-06,
    "Mp_day": 0.3082536831282615,
    "R* ICp": 0.00039001194317515934,
    "R* INp": 0.015547987879257102,
    "Vmax/K ICp": 0.009212259933950607,
    "Vmax/K INp": 0.00024390319785429017,
    "Vmax/Vmax Ip": 8.458727210327238,
    "VmaxICp": 0.0005098774688359,
    "VmaxICp_day_cell": 3.933340473876943e-08,
    "VmaxINp": 6.027827309685455e-05,
    "VmaxINp_day_cell": 4.65003821032878e-09,
    "gammaDp": 0.357433224181674,
    "gamma_DON2DINp": 4.0110243033375114e-09,
    "gamma_DON2DINp_day_cell": 3.094218748288938e-13
}