{
    "KICp": 37.0,
    "KINp": 0.0897917579883708,
    "Mp": 7.16543292745313e-06,
    "VmaxICp": 4.5256479326650015e-05,
    "VmaxINp": 4.967383054693558e-05,
    "gammaDp": 0.3112782565279364
}