{
    "KICp": 0.0388888783204604,
    "KINp": 0.0744712647850148,
    "Mp": 1.9817442712896177e-06,
    "Mp_day": 0.17122270503942297,
    "R* ICp": 0.000365468422615349,
    "R* INp": 0.0022858373283505123,
    "Vmax/K ICp": 0.005473436577547449,
    "Vmax/K INp": 0.0008935773071406853,
    "Vmax/Vmax Ip": 3.1986347134750903,
    "VmaxICp": 0.000212855809059,
    "VmaxICp_day_cell": 1.6420305270265716e-08,
    "VmaxINp": 6.654583224595446e-05,
    "VmaxINp_day_cell": 5.133535630402202e-09,
    "gammaDp": 0.1182867204962037,
    "gamma_DON2DINp": 6.798009928856737e-09,
    "gamma_DON2DINp_day_cell": 5.244179087975198e-13
}