{
    "KICp": 49.27149895816989,
    "KINp": 0.0061933072850266,
    "Mp": 6.291949796447137e-06,
    "VmaxICp": 2.4004537470006627e-05,
    "VmaxINp": 4.645908601064144e-05,
    "gammaDp": 0.8
}