{
    "KICp": 0.1446401684980986,
    "KINp": 0.2461010004390687,
    "Mp": 3.0057747702625394e-06,
    "Mp_day": 0.2596989401506834,
    "R* ICp": 0.0018902087365078746,
    "R* INp": 0.012157946374559114,
    "Vmax/K ICp": 0.0016109624488999615,
    "Vmax/K INp": 0.0002594407599052663,
    "Vmax/Vmax Ip": 3.649410770168078,
    "VmaxICp": 0.000233009880053,
    "VmaxICp_day_cell": 1.7975047889802856e-08,
    "VmaxINp": 6.384863056735826e-05,
    "VmaxINp_day_cell": 4.9254657866247805e-09,
    "gammaDp": 0.1070314585192964,
    "gamma_DON2DINp": 1.714668783830072e-08,
    "gamma_DON2DINp_day_cell": 1.3227444903831984e-12
}