{
    "KICp": 0.0956239716617527,
    "KINp": 0.1860732845582549,
    "Mp": 2.600788137917755e-06,
    "Mp_day": 0.22470809511609402,
    "R* ICp": 0.001267727339718665,
    "R* INp": 0.013452224519897096,
    "Vmax/K ICp": 0.0020787339683142024,
    "Vmax/K INp": 0.00020731239660157384,
    "Vmax/Vmax Ip": 5.152955530387406,
    "VmaxICp": 0.0001987767980784,
    "VmaxICp_day_cell": 1.5334210137476575e-08,
    "VmaxINp": 3.857529856529844e-05,
    "VmaxINp_day_cell": 2.9758087464658802e-09,
    "gammaDp": 0.1313701188062477,
    "gamma_DON2DINp": 5.083732984878578e-09,
    "gamma_DON2DINp_day_cell": 3.921736874049189e-13
}