{
    "KICp": 38.74221481762457,
    "KINp": 0.02,
    "Mp": 3.824139633782268e-06,
    "VmaxICp": 4.510341827760318e-05,
    "VmaxINp": 1.879889558313581e-05,
    "gammaDp": 0.8
}