{
    "KICp": 0.1501875193241403,
    "KINp": 0.0497848411890633,
    "Mp": 4.340090885015485e-06,
    "Mp_day": 0.3749838524653379,
    "R* ICp": 0.0030989626882332645,
    "R* INp": 0.003693615319708178,
    "Vmax/K ICp": 0.0014293957609911331,
    "Vmax/K INp": 0.0012622021027765568,
    "Vmax/Vmax Ip": 3.416333883936064,
    "VmaxICp": 0.0002146774034757,
    "VmaxICp_day_cell": 1.656082826812543e-08,
    "VmaxINp": 6.283853123523264e-05,
    "VmaxINp_day_cell": 4.847543838146519e-09,
    "gammaDp": 0.1736856660082458,
    "gamma_DON2DINp": 2.8998496379942956e-09,
    "gamma_DON2DINp_day_cell": 2.2370268635955995e-13
}