{
    "KICp": 9.522056415510356,
    "KINp": 0.02,
    "Mp": 3.010183775300544e-06,
    "VmaxICp": 4.063932239628656e-05,
    "VmaxINp": 2.5574321591159104e-05,
    "gammaDp": 0.6351195481306164
}