{
    "KICp": 0.1653249682271523,
    "KINp": 0.0453472617975079,
    "Mp": 3.5242203197531285e-06,
    "Mp_day": 0.3044926356266703,
    "R* ICp": 0.0020258358652100166,
    "R* INp": 0.0044737907966322975,
    "Vmax/K ICp": 0.0017609545653569706,
    "Vmax/K INp": 0.0008654644029359467,
    "Vmax/Vmax Ip": 7.417991318820947,
    "VmaxICp": 0.0002911297575671,
    "VmaxICp_day_cell": 2.2458581298033428e-08,
    "VmaxINp": 3.924644085636024e-05,
    "VmaxINp_day_cell": 3.02758258034779e-09,
    "gammaDp": 0.7264428365794483,
    "gamma_DON2DINp": 3.779573627722723e-09,
    "gamma_DON2DINp_day_cell": 2.9156710842432435e-13
}