{
    "KICp": 0.6807680126908273,
    "KINp": 0.1375007465991333,
    "Mp": 3.831347443590739e-06,
    "Mp_day": 0.3310284191262398,
    "R* ICp": 0.015620077669683275,
    "R* INp": 0.002900049015153419,
    "Vmax/K ICp": 0.0002509114859085998,
    "Vmax/K INp": 0.0013489961551624706,
    "Vmax/Vmax Ip": 0.920881854500566,
    "VmaxICp": 0.0001708125136233,
    "VmaxICp_day_cell": 1.3176965336654573e-08,
    "VmaxINp": 0.0001854879784942,
    "VmaxINp_day_cell": 1.4309072626695432e-08,
    "gammaDp": 0.4476973658888684,
    "gamma_DON2DINp": 8.206187507708375e-09,
    "gamma_DON2DINp_day_cell": 6.330487505946461e-13
}