{
    "KICp": 0.3985633463324304,
    "KINp": 0.0634217350423022,
    "Mp": 3.0964127880597755e-06,
    "Mp_day": 0.2675300648883646,
    "R* ICp": 0.0006961215013581142,
    "R* INp": 0.011029415847873387,
    "Vmax/K ICp": 0.004455861375929276,
    "Vmax/K INp": 0.0003295639030556151,
    "Vmax/Vmax Ip": 84.96719304534447,
    "VmaxICp": 0.0017759430207838,
    "VmaxICp_day_cell": 1.3700131874617886e-07,
    "VmaxINp": 2.090151453910019e-05,
    "VmaxINp_day_cell": 1.6124025501591575e-09,
    "gammaDp": 0.1584081069960222,
    "gamma_DON2DINp": 3.1361586898296713e-09,
    "gamma_DON2DINp_day_cell": 2.4193224178686043e-13
}