{
    "KICp": 0.6985920498700307,
    "KINp": 0.4517109712377197,
    "Mp": 4.15703959285575e-06,
    "Mp_day": 0.35916822082273686,
    "R* ICp": 0.008252451249250638,
    "R* INp": 0.07748657819354873,
    "Vmax/K ICp": 0.0005096845137927685,
    "Vmax/K INp": 6.285138662335255e-05,
    "Vmax/Vmax Ip": 12.541502664941348,
    "VmaxICp": 0.0003560615492775,
    "VmaxICp_day_cell": 2.7467605229978575e-08,
    "VmaxINp": 2.839066089527201e-05,
    "VmaxINp_day_cell": 2.1901366976352695e-09,
    "gammaDp": 0.5837678346317702,
    "gamma_DON2DINp": 2.3706327492577828e-08,
    "gamma_DON2DINp_day_cell": 1.8287738351417185e-12
}