{
    "KICp": 0.0596118552114871,
    "KINp": 0.040550782476645,
    "Mp": 4.638913307951392e-06,
    "Mp_day": 0.4008021098070003,
    "R* ICp": 0.00036755416429700235,
    "R* INp": 0.00619284555432563,
    "Vmax/K ICp": 0.012698851830134403,
    "Vmax/K INp": 0.000863473842490152,
    "Vmax/Vmax Ip": 21.619650507797598,
    "VmaxICp": 0.0007570021166501,
    "VmaxICp_day_cell": 5.8397306141579143e-08,
    "VmaxINp": 3.5014539961090984e-05,
    "VmaxINp_day_cell": 2.701121654141305e-09,
    "gammaDp": 0.1371847719837701,
    "gamma_DON2DINp": 4.2827581204628776e-09,
    "gamma_DON2DINp_day_cell": 3.303841978642792e-13
}