{
    "KICp": 0.0619361378662002,
    "KINp": 0.4605870077155042,
    "Mp": 2.5023990924597763e-06,
    "Mp_day": 0.21620728158852467,
    "R* ICp": 0.0009909534132329922,
    "R* INp": 0.004278927823877473,
    "Vmax/K ICp": 0.002565646822841667,
    "Vmax/K INp": 0.0005902522521690935,
    "Vmax/Vmax Ip": 0.5845096122107736,
    "VmaxICp": 0.0001589062553355,
    "VmaxICp_day_cell": 1.225848255445286e-08,
    "VmaxINp": 0.0002718625186239,
    "VmaxINp_day_cell": 2.097225143670086e-08,
    "gammaDp": 0.6173248004191292,
    "gamma_DON2DINp": 6.7861684719441995e-09,
    "gamma_DON2DINp_day_cell": 5.235044249785526e-13
}