{
    "KICp": 17.31278829216486,
    "KINp": 0.02,
    "Mp": 8.928953070038923e-06,
    "VmaxICp": 3.0516952244573352e-05,
    "VmaxINp": 5.289997666880159e-05,
    "gammaDp": 0.7300441541791499
}