{
    "KICp": 37.0,
    "KINp": 0.02,
    "Mp": 9.49405358708577e-06,
    "VmaxICp": 4.237983728780475e-05,
    "VmaxINp": 2.194608319896312e-05,
    "gammaDp": 0.8779332654638445
}