{
    "KICp": 0.3874406807223771,
    "KINp": 0.6739468715305715,
    "Mp": 3.5396307150768027e-06,
    "Mp_day": 0.30582409378263575,
    "R* ICp": 0.01076914090084454,
    "R* INp": 0.017030152134512415,
    "Vmax/K ICp": 0.000337818667227116,
    "Vmax/K INp": 0.00021309701790652992,
    "Vmax/Vmax Ip": 0.9113513251832653,
    "VmaxICp": 0.0001308846943912,
    "VmaxICp_day_cell": 1.009681928160686e-08,
    "VmaxINp": 0.0001436160685506,
    "VmaxINp_day_cell": 1.1078953859617717e-08,
    "gammaDp": 0.2168879048762521,
    "gamma_DON2DINp": 2.0676208455010167e-08,
    "gamma_DON2DINp_day_cell": 1.5950217951007846e-12
}