{
    "KICp": 0.5023403583766262,
    "KINp": 0.0341017292090599,
    "Mp": 4.956484993473371e-06,
    "Mp_day": 0.42824030343609926,
    "R* ICp": 0.01450096828675033,
    "R* INp": 0.0005030179841067312,
    "Vmax/K ICp": 0.0003516705125240041,
    "Vmax/K INp": 0.009998838702402561,
    "Vmax/Vmax Ip": 0.5180934018809157,
    "VmaxICp": 0.0001766582912918,
    "VmaxICp_day_cell": 1.3627925328224574e-08,
    "VmaxINp": 0.0003409776898344,
    "VmaxINp_day_cell": 2.6303993215796575e-08,
    "gammaDp": 0.2627354502920461,
    "gamma_DON2DINp": 2.1122177377327733e-08,
    "gamma_DON2DINp_day_cell": 1.6294251119652825e-12
}