{
    "KICp": 0.6726570814107545,
    "KINp": 0.0918779683922193,
    "Mp": 2.8367160590201744e-06,
    "Mp_day": 0.24509226749934307,
    "R* ICp": 0.00616974612606057,
    "R* INp": 0.010376323571480014,
    "Vmax/K ICp": 0.0004639955893037149,
    "Vmax/K INp": 0.00030425836244167266,
    "Vmax/Vmax Ip": 11.164869823827585,
    "VmaxICp": 0.0003121099188885,
    "VmaxICp_day_cell": 2.407705088568429e-08,
    "VmaxINp": 2.7954640207484408e-05,
    "VmaxINp_day_cell": 2.1565008160059403e-09,
    "gammaDp": 0.3273265958071489,
    "gamma_DON2DINp": 4.661506466349211e-09,
    "gamma_DON2DINp_day_cell": 3.5960192740408206e-13
}