{
    "KICp": 37.0,
    "KINp": 0.0027969655798842,
    "Mp": 7.256678297680083e-06,
    "VmaxICp": 2.9651954474166697e-05,
    "VmaxINp": 4.917232698840361e-05,
    "gammaDp": 0.1743810096318259
}