{
    "KICp": 0.1254495601726984,
    "KINp": 0.240605672794582,
    "Mp": 3.506983803488587e-06,
    "Mp_day": 0.3030034006214139,
    "R* ICp": 0.0030411131669942876,
    "R* INp": 0.007521167299849634,
    "Vmax/K ICp": 0.0011811461551066258,
    "Vmax/K INp": 0.00048085749897333797,
    "Vmax/Vmax Ip": 1.2807091955081644,
    "VmaxICp": 0.0001481742656578,
    "VmaxICp_day_cell": 1.143058620788743e-08,
    "VmaxINp": 0.0001156970420588,
    "VmaxINp_day_cell": 8.925200387393144e-09,
    "gammaDp": 0.3223060594099812,
    "gamma_DON2DINp": 2.5864099378319624e-08,
    "gamma_DON2DINp_day_cell": 1.995230523470371e-12
}