{
    "KICp": 0.3597732201403232,
    "KINp": 0.074583044329566,
    "Mp": 6.144633081225244e-06,
    "Mp_day": 0.5308962982178611,
    "R* ICp": 0.001303909897821497,
    "R* INp": 0.020332865561955665,
    "Vmax/K ICp": 0.004729546733862889,
    "Vmax/K INp": 0.00038458848288257984,
    "Vmax/Vmax Ip": 59.3214794600906,
    "VmaxICp": 0.001701564258246,
    "VmaxICp_day_cell": 1.3126352849326287e-07,
    "VmaxINp": 2.868377986747199e-05,
    "VmaxINp_day_cell": 2.212748732633554e-09,
    "gammaDp": 0.7561923242869739,
    "gamma_DON2DINp": 3.3005977216457715e-08,
    "gamma_DON2DINp_day_cell": 2.5461753852695952e-12
}