{
    "KICp": 37.0,
    "KINp": 0.02,
    "Mp": 7.885272530367951e-06,
    "VmaxICp": 3.853616512465023e-05,
    "VmaxINp": 3.205965241284681e-05,
    "gammaDp": 0.2909877426652548
}