{
    "KICp": 0.4740103608843804,
    "KINp": 0.1432645445690537,
    "KOCp": 0.0784157431919707,
    "KONp": 0.2444895923339262,
    "Mp": 2.813237233687568e-06,
    "Mp_day": 0.24306369699060587,
    "R* ICp": 0.007823012364713312,
    "R* INp": 0.006220509084443361,
    "Vmax/K ICp": 0.00036554545019716183,
    "Vmax/K INp": 0.00047188858971431813,
    "Vmax/Vmax Ip": 2.5630142310751736,
    "VmaxICp": 0.0001732723307676,
    "VmaxICp_day_cell": 1.3366722659214858e-08,
    "VmaxINp": 6.760490389275482e-05,
    "VmaxINp_day_cell": 5.215235443155372e-09,
    "VmaxOCp": 2.121551114949e-05,
    "VmaxOCp_day_cell": 1.6366251458178001e-09,
    "VmaxONp": 1.9391515483955936e-06,
    "VmaxONp_day_cell": 1.4959169087623152e-10,
    "gammaDp": 0.1161825071451642
}