{
    "KICp": 0.1441929414772251,
    "KINp": 0.4203385399561967,
    "KOCp": 0.1588511045516018,
    "KONp": 0.098909427087203,
    "Mp": 2.494020205131684e-06,
    "Mp_day": 0.21548334572337752,
    "R* ICp": 0.002149028087790201,
    "R* INp": 0.01843824929194791,
    "Vmax/K ICp": 0.0011778304294751138,
    "Vmax/K INp": 0.00014119675621124554,
    "Vmax/Vmax Ip": 2.8615598958010446,
    "VmaxICp": 0.0001698348341874,
    "VmaxICp_day_cell": 1.3101544351599431e-08,
    "VmaxINp": 5.9350438352386e-05,
    "VmaxINp_day_cell": 4.578462387184063e-09,
    "VmaxOCp": 0.0002627842590954,
    "VmaxOCp_day_cell": 2.0271928558788e-08,
    "VmaxONp": 1.865851213756502e-06,
    "VmaxONp_day_cell": 1.4393709363264445e-10,
    "gammaDp": 0.7013923300506568
}