{
    "KICp": 0.7094858289773275,
    "KINp": 0.3272454556663688,
    "KOCp": 0.263938876861905,
    "KONp": 0.6364470278376473,
    "Mp": 3.962855130464763e-06,
    "Mp_day": 0.34239068327215555,
    "R* ICp": 0.012381956304055522,
    "R* INp": 0.07293286459240161,
    "Vmax/K ICp": 0.0003256363399211501,
    "Vmax/K INp": 6.644539033132349e-05,
    "Vmax/Vmax Ip": 10.625224347101907,
    "VmaxICp": 0.0002310343685741,
    "VmaxICp_day_cell": 1.7822651290002003e-08,
    "VmaxINp": 2.1743952035903693e-05,
    "VmaxINp_day_cell": 1.6773905856268567e-09,
    "VmaxOCp": 0.0001301928778953,
    "VmaxOCp_day_cell": 1.0043450580494572e-08,
    "VmaxONp": 4.5260666405400045e-06,
    "VmaxONp_day_cell": 3.4915371227022895e-10,
    "gammaDp": 0.873165488173497
}