{
    "KICp": 0.3003871290137686,
    "KINp": 0.595710515916036,
    "KOCp": 0.0300831315109949,
    "KONp": 0.3896995511630809,
    "Mp": 4.68948843926797e-06,
    "Mp_day": 0.4051718011527526,
    "R* ICp": 0.006458781254480961,
    "R* INp": 0.04659400434653387,
    "Vmax/K ICp": 0.0007416754650339502,
    "Vmax/K INp": 0.00010851784117819991,
    "Vmax/Vmax Ip": 3.446345553714071,
    "VmaxICp": 0.0002227897636015,
    "VmaxICp_day_cell": 1.718663890640143e-08,
    "VmaxINp": 6.464521915435992e-05,
    "VmaxINp_day_cell": 4.9869169061934795e-09,
    "VmaxOCp": 0.0001936752430296,
    "VmaxOCp_day_cell": 1.4940661605140573e-08,
    "VmaxONp": 1.838415927368776e-06,
    "VmaxONp_day_cell": 1.4182065725416274e-10,
    "gammaDp": 0.6976454984707053
}