{
    "KICp": 0.0474260074660269,
    "KINp": 0.7011945375927172,
    "KOCp": 0.0441429950369656,
    "KONp": 0.0920222155174988,
    "Mp": 5.071641259432552e-06,
    "Mp_day": 0.4381898048149725,
    "R* ICp": 0.0007416010585899087,
    "R* INp": 0.16107854785133388,
    "Vmax/K ICp": 0.006945710926583211,
    "Vmax/K INp": 3.871837544951117e-05,
    "Vmax/Vmax Ip": 12.133263203693003,
    "VmaxICp": 0.000329407338261,
    "VmaxICp_day_cell": 2.5411423237277147e-08,
    "VmaxINp": 2.71491133696612e-05,
    "VmaxINp_day_cell": 2.0943601742310072e-09,
    "VmaxOCp": 0.000229000898634,
    "VmaxOCp_day_cell": 1.7665783608908574e-08,
    "VmaxONp": 1.3217257735408676e-05,
    "VmaxONp_day_cell": 1.0196170253029552e-09,
    "gammaDp": 0.1214287602125504
}