{
    "KICp": 0.2659936497970023,
    "KINp": 0.0375288304686855,
    "KOCp": 0.1199257427242971,
    "KONp": 0.1173973315976275,
    "Mp": 5.258443212770174e-06,
    "Mp_day": 0.454329493583343,
    "R* ICp": 0.002136724398130928,
    "R* INp": 0.004971382303329593,
    "Vmax/K ICp": 0.002480752426714273,
    "Vmax/K INp": 0.001197860102666474,
    "Vmax/Vmax Ip": 14.678563737518475,
    "VmaxICp": 0.0006598643922245,
    "VmaxICp_day_cell": 5.090382454303286e-08,
    "VmaxINp": 4.495428871817231e-05,
    "VmaxINp_day_cell": 3.4679022725447214e-09,
    "VmaxOCp": 1.7452926486338794e-05,
    "VmaxOCp_day_cell": 1.3463686146604216e-09,
    "VmaxONp": 1.6152012632489866e-06,
    "VmaxONp_day_cell": 1.2460124030777897e-10,
    "gammaDp": 0.1927351909627687
}