{
    "KICp": 0.498319128721244,
    "KINp": 0.0678487116995504,
    "KOCp": 0.1032126087193841,
    "KONp": 0.2287201920477048,
    "Mp": 2.8674357330121555e-06,
    "Mp_day": 0.24774644733225024,
    "R* ICp": 0.002421815139646394,
    "R* INp": 0.009325919353104518,
    "Vmax/K ICp": 0.001189756944053721,
    "Vmax/K INp": 0.0003497316957133323,
    "Vmax/Vmax Ip": 24.985566886403596,
    "VmaxICp": 0.0005928786437509,
    "VmaxICp_day_cell": 4.573635251792658e-08,
    "VmaxINp": 2.372884499464877e-05,
    "VmaxINp_day_cell": 1.830510899587191e-09,
    "VmaxOCp": 2.4624748408746065e-05,
    "VmaxOCp_day_cell": 1.8996234486746966e-09,
    "VmaxONp": 2.34949378084445e-05,
    "VmaxONp_day_cell": 1.8124666309371476e-09,
    "gammaDp": 0.3189615344107147
}