{
    "KICp": 0.0437988358407442,
    "KINp": 0.2223867712635262,
    "KOCp": 0.0860676952052897,
    "KONp": 0.0426071453811789,
    "Mp": 3.423357636693123e-06,
    "Mp_day": 0.29577809981028585,
    "R* ICp": 0.0002120150475132673,
    "R* INp": 0.036881317829628245,
    "Vmax/K ICp": 0.01622492822946742,
    "Vmax/K INp": 0.00010821462494226228,
    "Vmax/Vmax Ip": 29.52911583844084,
    "VmaxICp": 0.0007106329680503,
    "VmaxICp_day_cell": 5.482025753530886e-08,
    "VmaxINp": 2.406550104440316e-05,
    "VmaxINp_day_cell": 1.8564815091396727e-09,
    "VmaxOCp": 0.0001568266098675,
    "VmaxOCp_day_cell": 1.2098052761207144e-08,
    "VmaxONp": 2.350989660120466e-06,
    "VmaxONp_day_cell": 1.813620594950074e-10,
    "gammaDp": 0.2099994849047264
}