{
    "KICp": 0.2010578511422248,
    "KINp": 0.0372526471559488,
    "KOCp": 0.1683412376227447,
    "KONp": 0.0497805871255564,
    "Mp": 5.037738937720864e-06,
    "Mp_day": 0.43526064421908267,
    "R* ICp": 0.005886878485088019,
    "R* INp": 0.0010089984466029344,
    "Vmax/K ICp": 0.0008808134152395098,
    "Vmax/K INp": 0.005128043094599099,
    "Vmax/Vmax Ip": 0.9270350444983572,
    "VmaxICp": 0.0001770944525253,
    "VmaxICp_day_cell": 1.3661572051951718e-08,
    "VmaxINp": 0.0001910331800036,
    "VmaxINp_day_cell": 1.4736845314563431e-08,
    "VmaxOCp": 0.0001666125920683,
    "VmaxOCp_day_cell": 1.2852971388126001e-08,
    "VmaxONp": 5.17659866516209e-06,
    "VmaxONp_day_cell": 3.9933761131250417e-10,
    "gammaDp": 0.1614823603319328
}