{
    "KICp": 0.3103386498072723,
    "KINp": 0.0555693335990232,
    "KOCp": 0.2318094479947309,
    "KONp": 0.0851422075836481,
    "Mp": 2.458888367112624e-06,
    "Mp_day": 0.21244795491853072,
    "R* ICp": 0.005679820148220739,
    "R* INp": 0.0050270624915089625,
    "Vmax/K ICp": 0.0004408398318844979,
    "Vmax/K INp": 0.0005333792733788552,
    "Vmax/Vmax Ip": 4.615782862310582,
    "VmaxICp": 0.0001368096382083,
    "VmaxICp_day_cell": 1.0553886376068859e-08,
    "VmaxINp": 2.9639530777194195e-05,
    "VmaxINp_day_cell": 2.2864780885264097e-09,
    "VmaxOCp": 0.0001504282459577,
    "VmaxOCp_day_cell": 1.1604464688165431e-08,
    "VmaxONp": 2.8589681704111465e-05,
    "VmaxONp_day_cell": 2.2054897314600274e-09,
    "gammaDp": 0.2903327482827095
}