{
    "KICp": 0.0366369191080358,
    "KINp": 0.4337039754222334,
    "KOCp": 0.0433750755867319,
    "KONp": 0.3552906240875281,
    "Mp": 2.6409858324614374e-06,
    "Mp_day": 0.2281811759246682,
    "R* ICp": 0.0007333468741760759,
    "R* INp": 0.0035631860602369455,
    "Vmax/K ICp": 0.003673363189157507,
    "Vmax/K INp": 0.000747275994290749,
    "Vmax/Vmax Ip": 0.4152487952563382,
    "VmaxICp": 0.0001345807100156,
    "VmaxICp_day_cell": 1.0381940486917716e-08,
    "VmaxINp": 0.0003240965694615,
    "VmaxINp_day_cell": 2.5001735358458572e-08,
    "VmaxOCp": 3.103180171383896e-05,
    "VmaxOCp_day_cell": 2.3938818464961487e-09,
    "VmaxONp": 1.99278962225785e-06,
    "VmaxONp_day_cell": 1.537294851456056e-10,
    "gammaDp": 0.1952787548924889
}