{
    "KICp": 0.0320688942664667,
    "KINp": 0.0773040466276899,
    "KOCp": 0.0347985500126877,
    "KONp": 0.0406790907201874,
    "Mp": 3.112234131613928e-06,
    "Mp_day": 0.2688970289714434,
    "R* ICp": 6.573139190193534e-05,
    "R* INp": 0.018009690354397076,
    "Vmax/K ICp": 0.047444807819525626,
    "Vmax/K INp": 0.00021306851752963006,
    "Vmax/Vmax Ip": 92.3743009549888,
    "VmaxICp": 0.0015215025254572,
    "VmaxICp_day_cell": 1.1737305196384115e-07,
    "VmaxINp": 1.6471058614003285e-05,
    "VmaxINp_day_cell": 1.2706245216516822e-09,
    "VmaxOCp": 9.944546003702943e-05,
    "VmaxOCp_day_cell": 7.671506917142272e-09,
    "VmaxONp": 1.742237564035958e-06,
    "VmaxONp_day_cell": 1.3440118351134534e-10,
    "gammaDp": 0.4188790022626582
}