{
    "KICp": 0.1168929416138635,
    "KINp": 0.5997643451303637,
    "KOCp": 0.066985576918134,
    "KONp": 0.3658290753881579,
    "Mp": 6.3434863037896815e-06,
    "Mp_day": 0.5480772166474285,
    "R* ICp": 0.0013568166230914166,
    "R* INp": 0.09606136381697947,
    "Vmax/K ICp": 0.0047295391465290324,
    "Vmax/K INp": 7.661240307211748e-05,
    "Vmax/Vmax Ip": 12.031710764775553,
    "VmaxICp": 0.0005528497433157,
    "VmaxICp_day_cell": 4.2648408770068295e-08,
    "VmaxINp": 4.5949387757412005e-05,
    "VmaxINp_day_cell": 3.5446670555717834e-09,
    "VmaxOCp": 9.988430052647076e-05,
    "VmaxOCp_day_cell": 7.705360326327744e-09,
    "VmaxONp": 3.783844674573031e-05,
    "VmaxONp_day_cell": 2.918965891813482e-09,
    "gammaDp": 0.3852993957505319
}