{
    "KICp": 0.0688880321255592,
    "KINp": 0.4227275117328761,
    "KOCp": 0.3394006961836815,
    "KONp": 0.1104194794008405,
    "Mp": 3.150377970152048e-06,
    "Mp_day": 0.27219265662113695,
    "R* ICp": 0.000223130412716266,
    "R* INp": 0.07719281893353158,
    "Vmax/K ICp": 0.01416473039641614,
    "Vmax/K INp": 4.826430388006241e-05,
    "Vmax/Vmax Ip": 47.82616210990534,
    "VmaxICp": 0.0009757804025982,
    "VmaxICp_day_cell": 7.527448820043259e-08,
    "VmaxINp": 2.040264908473818e-05,
    "VmaxINp_day_cell": 1.5739186436798027e-09,
    "VmaxOCp": 0.0001310602633414,
    "VmaxOCp_day_cell": 1.0110363172050857e-08,
    "VmaxONp": 1.2878759255378235e-05,
    "VmaxONp_day_cell": 9.935042854148926e-10,
    "gammaDp": 0.4423252207352289
}