{
    "KICp": 0.1271872671567344,
    "KINp": 0.0288232152330086,
    "KOCp": 0.1655856350565983,
    "KONp": 0.4937229995956629,
    "Mp": 4.4698562972495845e-06,
    "Mp_day": 0.3861955840823641,
    "R* ICp": 0.0016140297771435083,
    "R* INp": 0.0012132752600814462,
    "Vmax/K ICp": 0.00280452049808284,
    "Vmax/K INp": 0.003839202166782327,
    "Vmax/Vmax Ip": 3.22343448380028,
    "VmaxICp": 0.0003566992978362,
    "VmaxICp_day_cell": 2.7516802975935434e-08,
    "VmaxINp": 0.0001106581503762,
    "VmaxINp_day_cell": 8.536485886164e-09,
    "VmaxOCp": 1.753057555759048e-05,
    "VmaxOCp_day_cell": 1.3523586858712657e-09,
    "VmaxONp": 3.1360491503278906e-06,
    "VmaxONp_day_cell": 2.4192379159672303e-10,
    "gammaDp": 0.4147746894196182
}