{
    "KICp": 0.232195280374588,
    "KINp": 0.0351348044853675,
    "KOCp": 0.087488145251526,
    "KONp": 0.0709864488247496,
    "Mp": 4.342103793331808e-06,
    "Mp_day": 0.3751577677438682,
    "R* ICp": 0.0026417664163406952,
    "R* INp": 0.007757964969049527,
    "Vmax/K ICp": 0.0016623367570835575,
    "Vmax/K INp": 0.0006832803532897406,
    "Vmax/Vmax Ip": 16.07814427326958,
    "VmaxICp": 0.000385986749388,
    "VmaxICp_day_cell": 2.9776120667074293e-08,
    "VmaxINp": 2.400692162152787e-05,
    "VmaxINp_day_cell": 1.8519625250892932e-09,
    "VmaxOCp": 3.0902055965287705e-05,
    "VmaxOCp_day_cell": 2.383872888750766e-09,
    "VmaxONp": 2.303869988715582e-05,
    "VmaxONp_day_cell": 1.7772711341520208e-09,
    "gammaDp": 0.1312524526550351
}