{
    "KICp": 0.0675628436417974,
    "KINp": 0.0356906270112174,
    "KOCp": 0.3295426407463742,
    "KONp": 0.5882562641146563,
    "Mp": 4.319152824703248e-06,
    "Mp_day": 0.37317480405436065,
    "R* ICp": 0.0015723626728191941,
    "R* INp": 0.0004559476026738441,
    "Vmax/K ICp": 0.002810846882836262,
    "Vmax/K INp": 0.009593931314341466,
    "Vmax/Vmax Ip": 0.5546184672488643,
    "VmaxICp": 0.0001899088084461,
    "VmaxICp_day_cell": 1.4650108080127717e-08,
    "VmaxINp": 0.0003424134241114,
    "VmaxINp_day_cell": 2.6414749860022288e-08,
    "VmaxOCp": 1.1760752260010158e-05,
    "VmaxOCp_day_cell": 9.072580314864979e-10,
    "VmaxONp": 3.338907045870664e-06,
    "VmaxONp_day_cell": 2.575728292528798e-10,
    "gammaDp": 0.1896423130569677
}