{
    "KICp": 0.0603214796892932,
    "KINp": 0.6660262365054752,
    "KOCp": 0.0510407024938488,
    "KONp": 0.3386189883734347,
    "Mp": 3.246570869615136e-06,
    "Mp_day": 0.28050372313474775,
    "R* ICp": 0.00045607655131599885,
    "R* INp": 0.0998517856614025,
    "Vmax/K ICp": 0.007172299081363423,
    "Vmax/K INp": 3.738843796356772e-05,
    "Vmax/Vmax Ip": 17.37407606599854,
    "VmaxICp": 0.000432643693362,
    "VmaxICp_day_cell": 3.3375370630782866e-08,
    "VmaxINp": 2.490168062569344e-05,
    "VmaxINp_day_cell": 1.920986791124923e-09,
    "VmaxOCp": 1.6523047816381582e-05,
    "VmaxOCp_day_cell": 1.2746351172637223e-09,
    "VmaxONp": 2.345460739898198e-06,
    "VmaxONp_day_cell": 1.8093554279214674e-10,
    "gammaDp": 0.2287178408307809
}