{
    "KICp": 0.0303465990817049,
    "KINp": 0.1166293199733461,
    "KOCp": 0.1320100706603847,
    "KONp": 0.3509052454234045,
    "Mp": 2.8761428526346304e-06,
    "Mp_day": 0.24849874246763207,
    "R* ICp": 6.887232054958732e-05,
    "R* INp": 0.009734715162698138,
    "Vmax/K ICp": 0.04185528095321384,
    "Vmax/K INp": 0.0003201127309337937,
    "Vmax/Vmax Ip": 34.02119770447442,
    "VmaxICp": 0.0012701654305393,
    "VmaxICp_day_cell": 9.798419035588887e-08,
    "VmaxINp": 3.7334530123619067e-05,
    "VmaxINp_day_cell": 2.8800923238220427e-09,
    "VmaxOCp": 3.755282666941423e-05,
    "VmaxOCp_day_cell": 2.896932343069098e-09,
    "VmaxONp": 1.982356320674617e-06,
    "VmaxONp_day_cell": 1.529246304520419e-10,
    "gammaDp": 0.6737652792312968
}