{
    "KICp": 0.043216399538243,
    "KINp": 0.071229783479792,
    "KOCp": 0.1818089718314194,
    "KONp": 0.0853239061422969,
    "Mp": 3.649064573585496e-06,
    "Mp_day": 0.31527917915778686,
    "R* ICp": 0.0006614263927187514,
    "R* INp": 0.0014578574806231844,
    "Vmax/K ICp": 0.005601399485748128,
    "Vmax/K INp": 0.0025542619218562766,
    "Vmax/Vmax Ip": 1.3305097941357493,
    "VmaxICp": 0.0002420723181494,
    "VmaxICp_day_cell": 1.867415025723943e-08,
    "VmaxINp": 0.0001819395236445,
    "VmaxINp_day_cell": 1.4035334681147143e-08,
    "VmaxOCp": 1.1663784000580404e-05,
    "VmaxOCp_day_cell": 8.997776229019169e-10,
    "VmaxONp": 1.0275999499652984e-05,
    "VmaxONp_day_cell": 7.927199614018017e-10,
    "gammaDp": 0.3461264915991438
}