{
    "KICp": 0.1023070476768885,
    "KINp": 0.5663480599018065,
    "KOCp": 0.0684879317343195,
    "KONp": 0.3564885162951949,
    "Mp": 2.0579115361644148e-06,
    "Mp_day": 0.17780355672460543,
    "R* ICp": 0.0007454816688049061,
    "R* INp": 0.06441221095633408,
    "Vmax/K ICp": 0.0027806276466490636,
    "Vmax/K INp": 3.5582741778002025e-05,
    "Vmax/Vmax Ip": 14.11645222143739,
    "VmaxICp": 0.0002844778052174,
    "VmaxICp_day_cell": 2.1945430688199434e-08,
    "VmaxINp": 2.01522167719584e-05,
    "VmaxINp_day_cell": 1.5545995795510769e-09,
    "VmaxOCp": 6.11668729448196e-05,
    "VmaxOCp_day_cell": 4.718587341457512e-09,
    "VmaxONp": 1.048193941241692e-05,
    "VmaxONp_day_cell": 8.086067546721626e-10,
    "gammaDp": 0.1238579644892371
}