{
    "KICp": 0.3215676683090187,
    "KINp": 0.0400656601615736,
    "KOCp": 0.0976648742350945,
    "KONp": 0.2867264950603978,
    "Mp": 2.6629429346791807e-06,
    "Mp_day": 0.23007826955628122,
    "R* ICp": 0.003979097857318077,
    "R* INp": 0.0009158642927489205,
    "Vmax/K ICp": 0.0006775139614429009,
    "Vmax/K INp": 0.0029740381763778247,
    "Vmax/Vmax Ip": 1.828402403874523,
    "VmaxICp": 0.000217866584828,
    "VmaxICp_day_cell": 1.6806850829588573e-08,
    "VmaxINp": 0.0001191568028823,
    "VmaxINp_day_cell": 9.192096222348858e-09,
    "VmaxOCp": 4.1462078342118766e-05,
    "VmaxOCp_day_cell": 3.1985031863920193e-09,
    "VmaxONp": 1.0791074049565449e-05,
    "VmaxONp_day_cell": 8.324542838236205e-10,
    "gammaDp": 0.4041033388241672
}