{
    "KICp": 0.2271328898881744,
    "KINp": 0.0667312083323362,
    "KOCp": 0.0524661773265215,
    "KONp": 0.0353414465473708,
    "Mp": 2.249874843738318e-06,
    "Mp_day": 0.19438918649899067,
    "R* ICp": 0.0033179617055506855,
    "R* INp": 0.003060433263601103,
    "Vmax/K ICp": 0.0006879949987720204,
    "Vmax/K INp": 0.0007688646094308568,
    "Vmax/Vmax Ip": 3.0456952642440576,
    "VmaxICp": 0.0001562662922997,
    "VmaxICp_day_cell": 1.2054828263119717e-08,
    "VmaxINp": 5.130726443129081e-05,
    "VmaxINp_day_cell": 3.9579889704138625e-09,
    "VmaxOCp": 4.060047858256905e-05,
    "VmaxOCp_day_cell": 3.132036919226756e-09,
    "VmaxONp": 2.90358490880052e-06,
    "VmaxONp_day_cell": 2.2399083582175445e-10,
    "gammaDp": 0.2814186717138617
}