{
    "KICp": 0.1578635496881957,
    "KINp": 0.1052279825736916,
    "KOCp": 0.431067996946436,
    "KONp": 0.1214569222688564,
    "Mp": 4.010195766816926e-06,
    "Mp_day": 0.34648091425298244,
    "R* ICp": 0.00036011660040450623,
    "R* INp": 0.01531837385015668,
    "Vmax/K ICp": 0.011161228826885746,
    "Vmax/K INp": 0.0002998995083044308,
    "Vmax/Vmax Ip": 55.83247475413015,
    "VmaxICp": 0.0017619512014944,
    "VmaxICp_day_cell": 1.3592194982956802e-07,
    "VmaxINp": 3.155782023371732e-05,
    "VmaxINp_day_cell": 2.434460418029622e-09,
    "VmaxOCp": 0.0001018262763881,
    "VmaxOCp_day_cell": 7.855169892796287e-09,
    "VmaxONp": 5.487602149241569e-06,
    "VmaxONp_day_cell": 4.233293086557783e-10,
    "gammaDp": 0.1616639273949431
}