{
    "KICp": 0.044412836461921096,
    "KINp": 0.23592261384362034,
    "KOCp": 0.17656358150718282,
    "KONp": 0.03441116446927943,
    "Mp": 4.165456810488394e-06,
    "VmaxICp": 0.0006833774770175695,
    "VmaxINp": 1.953015108921929e-05,
    "VmaxOCp": 1.433490123995858e-05,
    "VmaxONp": 1.4808651352674928e-05,
    "gammaDp": 0.22483955168129763
}