{
    "KICp": 0.07796620087167497,
    "KINp": 0.10744947743338298,
    "KOCp": 0.3002245083748112,
    "KONp": 0.1713873029095766,
    "Mp": 2.2305702602523836e-06,
    "VmaxICp": 0.00022695834720820655,
    "VmaxINp": 6.226548099767005e-05,
    "VmaxOCp": 3.6838690460552735e-05,
    "VmaxONp": 1.0740931159057403e-05,
    "gammaDp": 0.1510704243873264
}