{
    "KICp": 0.5787390622243427,
    "KINp": 0.03449156612028883,
    "KOCp": 0.03058612604261234,
    "KONp": 0.13489091882142704,
    "Mp": 3.088602061255554e-06,
    "VmaxICp": 0.00033715910358291624,
    "VmaxINp": 6.16410621044215e-05,
    "VmaxOCp": 0.00011574375779198836,
    "VmaxONp": 1.0197066765938097e-05,
    "gammaDp": 0.104134056986561
}