{
    "KICp": 0.03124258689354768,
    "KINp": 0.5469145508545649,
    "KOCp": 0.0537555536287714,
    "KONp": 0.3268152819332759,
    "Mp": 4.402931834518143e-06,
    "VmaxICp": 0.0003232503982322877,
    "VmaxINp": 6.43640669583377e-05,
    "VmaxOCp": 1.7664924296741042e-05,
    "VmaxONp": 6.369912346275665e-06,
    "gammaDp": 0.4177550397349624
}