{
    "KICp": 0.10244398726648744,
    "KINp": 0.22434032705734613,
    "KOCp": 0.07500347019473698,
    "KONp": 0.3672096721789506,
    "Mp": 3.2815382621577636e-06,
    "VmaxICp": 0.0009806244212026136,
    "VmaxINp": 1.1279041664061417e-05,
    "VmaxOCp": 0.00019897303854949562,
    "VmaxONp": 2.3015223618257787e-05,
    "gammaDp": 0.13565203296903033
}