{
    "KICp": 0.14800400125834434,
    "KINp": 0.07607367286462044,
    "KOCp": 0.058074573808578896,
    "KONp": 0.5009786174490932,
    "Mp": 2.481286070401774e-06,
    "VmaxICp": 0.00010275110899716055,
    "VmaxINp": 0.000121116098930323,
    "VmaxOCp": 0.00020693340236224256,
    "VmaxONp": 3.455823267560618e-05,
    "gammaDp": 0.10715726393339065
}