{
    "KICp": 0.1964242882875745,
    "KINp": 0.3531100916785212,
    "KOCp": 0.24037149292154167,
    "KONp": 0.4559379652458535,
    "Mp": 5.410262666115885e-06,
    "VmaxICp": 0.00040059440054150013,
    "VmaxINp": 3.745845394061624e-05,
    "VmaxOCp": 2.8269765281125393e-05,
    "VmaxONp": 6.815110674516892e-06,
    "gammaDp": 0.2084250860835868
}