{
    "EOp": 3.5020711068284255e-07,
    "KICp": 0.0544924338577901,
    "KINp": 0.230157290376569,
    "KOCp": 0.0369920852162277,
    "KONp": 0.0290027478125113,
    "Mp": 3.708954355971813e-06,
    "VmaxICp": 9.323729908326392e-05,
    "VmaxINp": 2.147123383822116e-05,
    "VmaxOCp": 1.1427200683687624e-05,
    "VmaxONp": 3.3313929154804754e-06,
    "gammaDp": 0.3518262591717762
}