{
    "EOp": 2.7103156042700266e-07,
    "KICp": 0.2829098844690377,
    "KINp": 0.1709282906264917,
    "KOCp": 0.0300009293235034,
    "KONp": 0.2318566283020595,
    "Mp": 3.1153788893649884e-06,
    "VmaxICp": 9.698409630100472e-05,
    "VmaxINp": 2.3153485866282503e-05,
    "VmaxOCp": 2.793810833410255e-06,
    "VmaxONp": 4.703721142461884e-06,
    "gammaDp": 0.2161975753127534
}