{
    "KICp": 37.0,
    "KINp": 0.013244268312203,
    "Mp": 3.603674141680128e-06,
    "VmaxICp": 1.7513160346778125e-05,
    "VmaxINp": 3.734738251629455e-05,
    "gammaDp": 0.3899019253684532
}