{
    "KICp": 31.04148023930086,
    "KINp": 0.0043928690274897,
    "Mp": 3.3849423332570467e-06,
    "VmaxICp": 2.670387942202607e-05,
    "VmaxINp": 3.986106151098138e-05,
    "gammaDp": 0.4370652032230329
}