{
    "KICp": 31.46688229281289,
    "KINp": 0.0278597003505681,
    "Mp": 4.8173295146138725e-06,
    "VmaxICp": 2.919473169670211e-05,
    "VmaxINp": 1.5864599160732096e-05,
    "gammaDp": 0.3183841418427324
}