{
    "KICp": 131.1224374038998,
    "KINp": 0.0058696247087458,
    "Mp": 1.0271142011936445e-05,
    "VmaxICp": 4.49482040814894e-05,
    "VmaxINp": 4.262773306682773e-05,
    "gammaDp": 0.1347520048279434
}