{
    "KICp": 51.63235901450757,
    "KINp": 0.0374547231015123,
    "Mp": 4.844371583111047e-06,
    "VmaxICp": 3.815142412872943e-05,
    "VmaxINp": 2.655236684048627e-05,
    "gammaDp": 0.123587633124395
}