{
    "KICp": 18.94115968335057,
    "KINp": 0.02,
    "Mp": 3.928942308849897e-06,
    "VmaxICp": 5.430696748962073e-05,
    "VmaxINp": 1.2402447937937448e-05,
    "gammaDp": 0.1570736997087439
}