{
    "KICp": 71.70853324065205,
    "KINp": 0.0050379270319963,
    "Mp": 6.661492358241189e-06,
    "VmaxICp": 4.137669541012135e-05,
    "VmaxINp": 2.6936722102060595e-05,
    "gammaDp": 0.10099093623209
}