{
    "KICp": 8.267006278084784,
    "KINp": 0.1790439327593065,
    "Mp": 9.29701455050433e-06,
    "VmaxICp": 3.356134727909122e-05,
    "VmaxINp": 3.33361524257954e-05,
    "gammaDp": 0.2271391554974765
}