{
    "KICp": 16.514340360741173,
    "KINp": 0.004584270874083,
    "Mp": 8.839932807317418e-06,
    "VmaxICp": 2.304416777664873e-05,
    "VmaxINp": 4.2138999473802375e-05,
    "gammaDp": 0.2950925266955117
}