{
    "KICp": 9.538023308713338,
    "KINp": 0.0111000653921819,
    "Mp": 3.72996624278626e-06,
    "VmaxICp": 2.6338249893322785e-05,
    "VmaxINp": 5.04396005185087e-05,
    "gammaDp": 0.8
}