{
    "KICp": 4.095753036179221,
    "KINp": 0.02,
    "Mp": 5.084103771854322e-06,
    "VmaxICp": 5.381760594806773e-05,
    "VmaxINp": 3.449900573324673e-05,
    "gammaDp": 0.1238762299479774
}