{
    "KICp": 37.427021728351214,
    "KINp": 0.1051320243791834,
    "Mp": 3.2722415394417766e-06,
    "VmaxICp": 3.273988591547652e-05,
    "VmaxINp": 3.2084328264422914e-05,
    "gammaDp": 0.8
}