{
    "KICp": 37.0,
    "KINp": 0.0040052839648039,
    "Mp": 5.480821792233063e-06,
    "VmaxICp": 4.930933974842583e-05,
    "VmaxINp": 3.2084328264422914e-05,
    "gammaDp": 0.1614934847756286
}