{
    "KICp": 21.83364318335366,
    "KINp": 0.0123899680836223,
    "Mp": 3.4376077258016107e-06,
    "VmaxICp": 2.8204128573505903e-05,
    "VmaxINp": 4.286537807077952e-05,
    "gammaDp": 0.1350221683434935
}