{
    "KICp": 78.84098708982377,
    "KINp": 0.0035150465863825,
    "Mp": 4.442046049117972e-06,
    "VmaxICp": 5.347619015765026e-05,
    "VmaxINp": 1.1772223370103676e-05,
    "gammaDp": 0.8
}