{
    "KICp": 6.518315213450262,
    "KINp": 0.1418240038791603,
    "Mp": 5.922988815674319e-06,
    "VmaxICp": 4.069354158541909e-05,
    "VmaxINp": 2.3224412782780044e-05,
    "gammaDp": 0.127130223913354
}