{
    "KICp": 70.366963653994,
    "KINp": 0.0040651763940811,
    "Mp": 2.692145416175585e-06,
    "VmaxICp": 1.8495095427043087e-05,
    "VmaxINp": 4.121852721540824e-05,
    "gammaDp": 0.2000896076079607
}