{
    "KICp": 55.640862295768905,
    "KINp": 0.02,
    "Mp": 2.543675538276304e-06,
    "VmaxICp": 2.2880656902374176e-05,
    "VmaxINp": 4.019839292555505e-05,
    "gammaDp": 0.340208067514145
}