{
    "KICp": 37.0,
    "KINp": 0.1504080558964451,
    "Mp": 1.0271142011936445e-05,
    "VmaxICp": 2.963816128359386e-05,
    "VmaxINp": 4.352003788068928e-05,
    "gammaDp": 0.1347520048279434
}