{
    "KICp": 37.0,
    "KINp": 0.0196698616561828,
    "Mp": 8.345962287990425e-06,
    "VmaxICp": 4.581421393228392e-05,
    "VmaxINp": 2.693314961111041e-05,
    "gammaDp": 0.6657748020837164
}