{
    "KICp": 37.0,
    "KINp": 0.0049163944570572,
    "Mp": 3.07516536399168e-06,
    "VmaxICp": 2.9615356145935707e-05,
    "VmaxINp": 1.8171092530851148e-05,
    "gammaDp": 0.3302523725034369
}