{
    "KICp": 9.609689897276503,
    "KINp": 0.02,
    "Mp": 3.742927869436664e-06,
    "VmaxICp": 1.7943359946129012e-05,
    "VmaxINp": 2.2816602786328247e-05,
    "gammaDp": 0.1950539203654526
}