{
    "KICp": 55.70451889931672,
    "KINp": 0.0984990106375408,
    "Mp": 2.80663247078966e-06,
    "VmaxICp": 2.474136232004771e-05,
    "VmaxINp": 1.8171092530851148e-05,
    "gammaDp": 0.1362040323535532
}