{
    "KICp": 37.0,
    "KINp": 0.0063637615499038,
    "Mp": 4.8173295146138725e-06,
    "VmaxICp": 3.924924602468221e-05,
    "VmaxINp": 1.5864599160732096e-05,
    "gammaDp": 0.8753514349874817
}