{
    "KICp": 36.02470847533586,
    "KINp": 0.0082255035959568,
    "Mp": 6.083317105691137e-06,
    "VmaxICp": 2.4606629030707867e-05,
    "VmaxINp": 2.0311053213567005e-05,
    "gammaDp": 0.2928437999086034
}