{
    "KICp": 67.16742709647438,
    "KINp": 0.0022240393149995,
    "Mp": 3.024645971533304e-06,
    "VmaxICp": 2.039099617423031e-05,
    "VmaxINp": 1.9097864419881696e-05,
    "gammaDp": 0.3646801163385588
}