{
    "KICp": 72.05238000960422,
    "KINp": 0.0174417805520785,
    "Mp": 8.839932807317418e-06,
    "VmaxICp": 2.272701832088501e-05,
    "VmaxINp": 4.2138999473802375e-05,
    "gammaDp": 0.7825470087285433
}