{
    "KICp": 5.882187703165556,
    "KINp": 0.004461858316285,
    "Mp": 4.599735441528976e-06,
    "VmaxICp": 2.5140801850357285e-05,
    "VmaxINp": 1.7707799022095096e-05,
    "gammaDp": 0.1400338181361413
}