{
    "KICp": 10.831026945872871,
    "KINp": 0.0022607060823865,
    "Mp": 3.872784704603374e-06,
    "VmaxICp": 2.423764587905837e-05,
    "VmaxINp": 3.406382069336645e-05,
    "gammaDp": 0.4067830870904039
}