{
    "KICp": 62.33342164180126,
    "KINp": 0.02,
    "Mp": 5.360057869707186e-06,
    "VmaxICp": 2.8250627967571493e-05,
    "VmaxINp": 2.9496827780795607e-05,
    "gammaDp": 0.1117354345731938
}