{
    "KICp": 4.111561173694782,
    "KINp": 0.02,
    "Mp": 2.237862015052748e-06,
    "VmaxICp": 4.182156394933559e-05,
    "VmaxINp": 1.3238446352282811e-05,
    "gammaDp": 0.1078674929507899
}