{
    "KICp": 158.81892947801992,
    "KINp": 0.02,
    "Mp": 3.742927869436664e-06,
    "VmaxICp": 2.039099617423031e-05,
    "VmaxINp": 4.020968854048292e-05,
    "gammaDp": 0.2263714381969028
}