{
    "KICp": 7.584150031190781,
    "KINp": 0.0252808996846963,
    "Mp": 3.893976211255015e-06,
    "VmaxICp": 4.46181681274202e-05,
    "VmaxINp": 1.8174389800044008e-05,
    "gammaDp": 0.2291056498225869
}