{
    "KICp": 262.2075387539224,
    "KINp": 0.0218206135777103,
    "Mp": 5.922988815674319e-06,
    "VmaxICp": 4.069354158541909e-05,
    "VmaxINp": 2.3224412782780044e-05,
    "gammaDp": 0.6320656801176002
}