{
    "KICp": 67.16742709647438,
    "KINp": 0.199745264302071,
    "Mp": 3.474379501228446e-06,
    "VmaxICp": 2.039099617423031e-05,
    "VmaxINp": 2.1022587420305343e-05,
    "gammaDp": 0.187567048551704
}