{
    "KICp": 6.285297765063974,
    "KINp": 0.0034878376352565,
    "Mp": 8.451879305317522e-06,
    "VmaxICp": 2.588218594104397e-05,
    "VmaxINp": 3.084302684111327e-05,
    "gammaDp": 0.85779197060172
}