{
    "KICp": 37.0,
    "KINp": 0.0179122645369076,
    "Mp": 2.80663247078966e-06,
    "VmaxICp": 2.9752780426923887e-05,
    "VmaxINp": 2.50284837751255e-05,
    "gammaDp": 0.6105831306852085
}