{
    "KICp": 150.01543737453903,
    "KINp": 0.02,
    "Mp": 5.740195493893074e-06,
    "VmaxICp": 4.4688138934150856e-05,
    "VmaxINp": 1.7826081723771493e-05,
    "gammaDp": 0.4450123193704609
}