{
    "KICp": 37.0,
    "KINp": 0.0397965947679641,
    "Mp": 2.358033125287413e-06,
    "VmaxICp": 1.472216752833071e-05,
    "VmaxINp": 4.286537807077952e-05,
    "gammaDp": 0.6245231984135277
}