{
    "KICp": 4.699399566426406,
    "KINp": 0.1622904135767335,
    "Mp": 1.0271142011936445e-05,
    "VmaxICp": 3.041211164832143e-05,
    "VmaxINp": 3.7300462875079376e-05,
    "gammaDp": 0.1347520048279434
}