{
    "KICp": 37.0,
    "KINp": 0.156114185995698,
    "Mp": 1.0271142011936445e-05,
    "VmaxICp": 3.041211164832143e-05,
    "VmaxINp": 5.012541656635177e-05,
    "gammaDp": 0.1912167123429332
}