{
    "KICp": 8.905500099738877,
    "KINp": 0.0981590790071337,
    "Mp": 4.442046049117972e-06,
    "VmaxICp": 5.347619015765026e-05,
    "VmaxINp": 2.682355878573252e-05,
    "gammaDp": 0.1133048474124004
}