{
    "KICp": 63.18075726126972,
    "KINp": 0.0029124479122578,
    "Mp": 5.497235816146136e-06,
    "VmaxICp": 3.8061470757910586e-05,
    "VmaxINp": 2.655236684048627e-05,
    "gammaDp": 0.2193671619428815
}