{
    "KICp": 37.0,
    "KINp": 0.1124279147506328,
    "Mp": 9.859290757736323e-06,
    "VmaxICp": 3.371852065061045e-05,
    "VmaxINp": 3.2084328264422914e-05,
    "gammaDp": 0.5660895897568899
}