{
    "KICp": 165.62662528790207,
    "KINp": 0.117987968855896,
    "Mp": 6.119078918286515e-06,
    "VmaxICp": 2.510365995583612e-05,
    "VmaxINp": 3.18196035054544e-05,
    "gammaDp": 0.2335065200525104
}