{
    "KICp": 12.69399463084897,
    "KINp": 0.0408380534375587,
    "Mp": 3.893976211255015e-06,
    "VmaxICp": 2.02661547508076e-05,
    "VmaxINp": 2.078685352453075e-05,
    "gammaDp": 0.2457418742747724
}