{
    "KICp": 142.9627305215742,
    "KINp": 0.02,
    "Mp": 2.908034049786764e-06,
    "VmaxICp": 2.944921202557669e-05,
    "VmaxINp": 1.937165608245747e-05,
    "gammaDp": 0.390136222906639
}