{
    "KICp": 125.86575734627844,
    "KINp": 0.0730223144107264,
    "Mp": 3.2914978586717977e-06,
    "VmaxICp": 2.6738237697573217e-05,
    "VmaxINp": 1.8543208515832457e-05,
    "gammaDp": 0.8
}