{
    "KICp": 37.0,
    "KINp": 0.0100342901490011,
    "Mp": 3.0312217486826806e-06,
    "VmaxICp": 1.8626913763106204e-05,
    "VmaxINp": 2.8778691105999016e-05,
    "gammaDp": 0.4007308695320727
}