{
    "KICp": 250.80327320455348,
    "KINp": 0.02,
    "Mp": 4.8173295146138725e-06,
    "VmaxICp": 2.938349929654709e-05,
    "VmaxINp": 1.5343644864720493e-05,
    "gammaDp": 0.5172203231496622
}