{
    "KICp": 37.0,
    "KINp": 0.1616067607207097,
    "Mp": 3.72996624278626e-06,
    "VmaxICp": 3.09240275782351e-05,
    "VmaxINp": 2.4112669698904973e-05,
    "gammaDp": 0.6705508665638251
}