{
    "KICp": 14.354201531341037,
    "KINp": 0.1059457664663722,
    "Mp": 4.8173295146138725e-06,
    "VmaxICp": 2.938349929654709e-05,
    "VmaxINp": 1.5864599160732096e-05,
    "gammaDp": 0.2470594236193197
}