{
    "KICp": 137.49513268495463,
    "KINp": 0.0172379608477864,
    "Mp": 3.518947316230868e-06,
    "VmaxICp": 2.273904068850556e-05,
    "VmaxINp": 2.8778691105999016e-05,
    "gammaDp": 0.1481825852300299
}