{
    "KICp": 52.91090368128979,
    "KINp": 0.0713317913420213,
    "Mp": 3.872784704603374e-06,
    "VmaxICp": 3.92415925485067e-05,
    "VmaxINp": 1.910852016073993e-05,
    "gammaDp": 0.3094486058755923
}