{
    "KICp": 4.565693853617416,
    "KINp": 0.0236800311172621,
    "Mp": 5.55761345361116e-06,
    "VmaxICp": 4.182156394933559e-05,
    "VmaxINp": 2.120083844910694e-05,
    "gammaDp": 0.1361182007087178
}