{
    "KICp": 16.558839843843373,
    "KINp": 0.0494966044119408,
    "Mp": 4.2626202551241165e-06,
    "VmaxICp": 2.53042900244055e-05,
    "VmaxINp": 3.44886196151461e-05,
    "gammaDp": 0.1708807845163298
}