{
    "KICp": 56.055857030431625,
    "KINp": 0.02,
    "Mp": 3.2766818661537843e-06,
    "VmaxICp": 2.039099617423031e-05,
    "VmaxINp": 4.032166468329567e-05,
    "gammaDp": 0.1064830906096993
}