{
    "KICp": 250.8568219039421,
    "KINp": 0.0032858507995302,
    "Mp": 7.429459190184419e-06,
    "VmaxICp": 4.6522685275805806e-05,
    "VmaxINp": 5.1710807890395605e-05,
    "gammaDp": 0.1664310216380996
}