{
    "KICp": 54.79700211161962,
    "KINp": 0.0137446439203247,
    "Mp": 8.105068410053604e-06,
    "VmaxICp": 2.5163533276135445e-05,
    "VmaxINp": 4.2138999473802375e-05,
    "gammaDp": 0.7834884735064044
}