{
    "KICp": 8.925940497786334,
    "KINp": 0.0853497400317307,
    "Mp": 2.5397758078570023e-06,
    "VmaxICp": 3.356134727909122e-05,
    "VmaxINp": 1.4197349335924452e-05,
    "gammaDp": 0.3097224724373466
}