{
    "KICp": 12.895973305641906,
    "KINp": 0.0771716391104891,
    "Mp": 8.097675766555934e-06,
    "VmaxICp": 5.12257611302386e-05,
    "VmaxINp": 4.7070140196656925e-05,
    "gammaDp": 0.3500632513344275
}