{
    "KICp": 29.73984899046178,
    "KINp": 0.0362540501448022,
    "Mp": 5.164653731560388e-06,
    "VmaxICp": 2.4606629030707867e-05,
    "VmaxINp": 3.572531387890318e-05,
    "gammaDp": 0.632657141392191
}