{
    "KICp": 14.14635056307574,
    "KINp": 0.0489283340350801,
    "Mp": 5.164653731560388e-06,
    "VmaxICp": 2.4606629030707867e-05,
    "VmaxINp": 2.350134234204426e-05,
    "gammaDp": 0.8
}