{
    "KICp": 241.92672111423693,
    "KINp": 0.1336872395678504,
    "Mp": 5.754537224252918e-06,
    "VmaxICp": 5.430696748962073e-05,
    "VmaxINp": 2.3233761258725805e-05,
    "gammaDp": 0.2390211550914914
}