{
    "KICp": 15.632278429055958,
    "KINp": 0.0406140750055919,
    "Mp": 4.2626202551241165e-06,
    "VmaxICp": 2.53042900244055e-05,
    "VmaxINp": 2.1413255028407348e-05,
    "gammaDp": 0.1708807845163298
}