{
    "KICp": 37.0,
    "KINp": 0.1752140945497239,
    "Mp": 4.599735441528976e-06,
    "VmaxICp": 2.1165067115691963e-05,
    "VmaxINp": 4.242226358641753e-05,
    "gammaDp": 0.7981765890098058
}