{
    "KICp": 13.22059001544727,
    "KINp": 0.0171950660096869,
    "Mp": 4.515676517533742e-06,
    "VmaxICp": 4.062091141485732e-05,
    "VmaxINp": 1.5485011391460713e-05,
    "gammaDp": 0.8
}