{
    "KICp": 4.960058985765038,
    "KINp": 0.1433786729443533,
    "Mp": 8.238378124859211e-06,
    "VmaxICp": 4.442120122954859e-05,
    "VmaxINp": 3.443613744054287e-05,
    "gammaDp": 0.6839144742931934
}