{
    "KICp": 17.628356489378074,
    "KINp": 0.0104371256562706,
    "Mp": 7.131551741924272e-06,
    "VmaxICp": 4.581421393228392e-05,
    "VmaxINp": 2.693314961111041e-05,
    "gammaDp": 0.6308835811079342
}