{
    "KICp": 127.48003748631616,
    "KINp": 0.02,
    "Mp": 3.3681411096665145e-06,
    "VmaxICp": 2.145669959390325e-05,
    "VmaxINp": 3.4651263522581656e-05,
    "gammaDp": 0.3089094417055112
}