{
    "KICp": 120.65506870034324,
    "KINp": 0.0909829683889569,
    "Mp": 5.115672678465303e-06,
    "VmaxICp": 3.0301485748976287e-05,
    "VmaxINp": 5.519487414892507e-05,
    "gammaDp": 0.1151032694345479
}