{
    "KICp": 67.16742709647438,
    "KINp": 0.0151982750440685,
    "Mp": 3.742927869436664e-06,
    "VmaxICp": 2.1994513457244875e-05,
    "VmaxINp": 1.9097864419881696e-05,
    "gammaDp": 0.3469612065105811
}