{
    "KICp": 8.095666004278524,
    "KINp": 0.0046337814171131,
    "Mp": 3.542589369894044e-06,
    "VmaxICp": 3.201030744279574e-05,
    "VmaxINp": 3.084494144824905e-05,
    "gammaDp": 0.2918646021021096
}