{
    "KICp": 346.8366958623442,
    "KINp": 0.1422727295121939,
    "Mp": 5.115672678465303e-06,
    "VmaxICp": 2.6019365036459416e-05,
    "VmaxINp": 4.472097633739409e-05,
    "gammaDp": 0.1262431024274037
}