{
    "KICp": 39.846463527815175,
    "KINp": 0.1549579521381,
    "Mp": 3.872784704603374e-06,
    "VmaxICp": 2.423764587905837e-05,
    "VmaxINp": 3.406382069336645e-05,
    "gammaDp": 0.2752071170030325
}