{
    "KICp": 37.0,
    "KINp": 0.049689705689395,
    "Mp": 4.8173295146138725e-06,
    "VmaxICp": 2.349081653920722e-05,
    "VmaxINp": 1.5864599160732096e-05,
    "gammaDp": 0.6690253510358858
}