{
    "KICp": 37.0,
    "KINp": 0.02,
    "Mp": 3.853437198102995e-06,
    "VmaxICp": 4.930933974842583e-05,
    "VmaxINp": 2.033980131632145e-05,
    "gammaDp": 0.4927783283126098
}