{
    "KICp": 67.46606401492444,
    "KINp": 0.1238242607844017,
    "Mp": 5.233855473213883e-06,
    "VmaxICp": 2.2880656902374176e-05,
    "VmaxINp": 2.597258418007265e-05,
    "gammaDp": 0.237129248049275
}