{
    "KICp": 249.7744484932864,
    "KINp": 0.02,
    "Mp": 4.8173295146138725e-06,
    "VmaxICp": 2.938349929654709e-05,
    "VmaxINp": 4.464176109446299e-05,
    "gammaDp": 0.1635242664784429
}