{
    "KICp": 8.038396887375196,
    "KINp": 0.005801552060786,
    "Mp": 3.301103579354983e-06,
    "VmaxICp": 5.430696748962073e-05,
    "VmaxINp": 2.3233761258725805e-05,
    "gammaDp": 0.7302366739583956
}