{
    "KICp": 37.0,
    "KINp": 0.0122104257962211,
    "Mp": 2.897218351962268e-06,
    "VmaxICp": 2.401674447120035e-05,
    "VmaxINp": 2.682355878573252e-05,
    "gammaDp": 0.1974446991517347
}