{
    "KICp": 24.37854215297705,
    "KINp": 0.0032081797539908,
    "Mp": 4.599735441528976e-06,
    "VmaxICp": 3.920404294385255e-05,
    "VmaxINp": 1.7707799022095096e-05,
    "gammaDp": 0.1324114840255304
}