{
    "KICp": 13.511793219332477,
    "KINp": 0.0243700732953313,
    "Mp": 5.073068334455659e-06,
    "VmaxICp": 4.344854834953407e-05,
    "VmaxINp": 3.734738251629455e-05,
    "gammaDp": 0.4042704869567742
}