{
    "KICp": 46.78787608013839,
    "KINp": 0.0070294695429844,
    "Mp": 3.944980246998061e-06,
    "VmaxICp": 2.423764587905837e-05,
    "VmaxINp": 2.3722330984744503e-05,
    "gammaDp": 0.8
}