{
    "KICp": 19.097769536776926,
    "KINp": 0.1070165700258758,
    "Mp": 5.88402821978133e-06,
    "VmaxICp": 3.933537194508108e-05,
    "VmaxINp": 2.555028769137364e-05,
    "gammaDp": 0.6222505539051918
}