{
    "KICp": 30.301810088998057,
    "KINp": 0.02,
    "Mp": 4.339961449629031e-06,
    "VmaxICp": 3.09240275782351e-05,
    "VmaxINp": 4.671560193414932e-05,
    "gammaDp": 0.1442708628822958
}