{
    "KICp": 11.788902164745648,
    "KINp": 0.1644571098787579,
    "Mp": 3.521317918710637e-06,
    "VmaxICp": 4.137669541012135e-05,
    "VmaxINp": 2.0155324802659167e-05,
    "gammaDp": 0.3632661221934157
}