{
    "KICp": 25.386720007958854,
    "KINp": 0.02,
    "Mp": 5.45846817692134e-06,
    "VmaxICp": 2.8250627967571493e-05,
    "VmaxINp": 1.5296155815853422e-05,
    "gammaDp": 0.1459530889179411
}