{
    "KICp": 247.0131145196037,
    "KINp": 0.02,
    "Mp": 3.3681411096665145e-06,
    "VmaxICp": 2.886263728775383e-05,
    "VmaxINp": 3.949649616277649e-05,
    "gammaDp": 0.3089094417055112
}