{
    "KICp": 12.508396011780489,
    "KINp": 0.0030994775224782,
    "Mp": 6.111634567853925e-06,
    "VmaxICp": 4.182156394933559e-05,
    "VmaxINp": 2.120083844910694e-05,
    "gammaDp": 0.294906774193615
}