{
    "KICp": 5.288811388138824,
    "KINp": 0.0117293349090802,
    "Mp": 3.301103579354983e-06,
    "VmaxICp": 5.430696748962073e-05,
    "VmaxINp": 2.3233761258725805e-05,
    "gammaDp": 0.1379965327021497
}