{
    "KICp": 4.725017944214481,
    "KINp": 0.0507193465783918,
    "Mp": 4.3413026628226206e-06,
    "VmaxICp": 2.1479364695542736e-05,
    "VmaxINp": 3.084494144824905e-05,
    "gammaDp": 0.8
}