{
    "KICp": 111.91925596814666,
    "KINp": 0.0025751355576456,
    "Mp": 3.3849423332570467e-06,
    "VmaxICp": 2.670387942202607e-05,
    "VmaxINp": 3.986106151098138e-05,
    "gammaDp": 0.6317611292741552
}