{
    "KICp": 37.0,
    "KINp": 0.194490469790172,
    "Mp": 3.327796295027367e-06,
    "VmaxICp": 2.9127432916135937e-05,
    "VmaxINp": 4.97530509472019e-05,
    "gammaDp": 0.6972316006968422
}