{
    "KICp": 7.650636538569862,
    "KINp": 0.040369442307914,
    "Mp": 6.111634567853925e-06,
    "VmaxICp": 3.898446049649605e-05,
    "VmaxINp": 2.120083844910694e-05,
    "gammaDp": 0.135519769115028
}