{
    "KICp": 157.30917878095585,
    "KINp": 0.0069434399723923,
    "Mp": 2.765694728064765e-06,
    "VmaxICp": 4.137669541012135e-05,
    "VmaxINp": 2.0155324802659167e-05,
    "gammaDp": 0.8
}