{
    "KICp": 4.688623466298672,
    "KINp": 0.02,
    "Mp": 3.70018186475308e-06,
    "VmaxICp": 3.7920430567779926e-05,
    "VmaxINp": 1.40489884316191e-05,
    "gammaDp": 0.3723769692718257
}