{
    "KICp": 259.0441377124061,
    "KINp": 0.0504367501811727,
    "Mp": 3.05501758967124e-06,
    "VmaxICp": 5.430696748962073e-05,
    "VmaxINp": 2.3233761258725805e-05,
    "gammaDp": 0.1144340306911658
}