{
    "KICp": 36.97866174613716,
    "KINp": 0.0524873055151234,
    "Mp": 5.234579686637293e-06,
    "VmaxICp": 4.6522685275805806e-05,
    "VmaxINp": 2.7017636482627503e-05,
    "gammaDp": 0.7603896496129723
}