{
    "KICp": 52.91090368128979,
    "KINp": 0.0584030920571926,
    "Mp": 6.428890309505886e-06,
    "VmaxICp": 2.423764587905837e-05,
    "VmaxINp": 3.406382069336645e-05,
    "gammaDp": 0.7058967583436814
}