{
    "KICp": 19.9912115123444,
    "KINp": 0.0044426479230552,
    "Mp": 4.844371583111047e-06,
    "VmaxICp": 4.303809081697871e-05,
    "VmaxINp": 2.655236684048627e-05,
    "gammaDp": 0.8
}