{
    "KICp": 23.202658627001323,
    "KINp": 0.02,
    "Mp": 2.8722152165201256e-06,
    "VmaxICp": 3.230290910761729e-05,
    "VmaxINp": 1.40489884316191e-05,
    "gammaDp": 0.1074002119142734
}