{
    "KICp": 62.43723950708102,
    "KINp": 0.0108045214422377,
    "Mp": 4.515676517533742e-06,
    "VmaxICp": 4.839529307257281e-05,
    "VmaxINp": 3.443613744054287e-05,
    "gammaDp": 0.8
}