{
    "KICp": 228.07242264745184,
    "KINp": 0.005359076003693,
    "Mp": 6.697265414206287e-06,
    "VmaxICp": 2.4567949646578e-05,
    "VmaxINp": 4.858657361303808e-05,
    "gammaDp": 0.7661154049297444
}