{
    "KICp": 246.8074369164534,
    "KINp": 0.020216612317005,
    "Mp": 4.515676517533742e-06,
    "VmaxICp": 3.505407420519281e-05,
    "VmaxINp": 3.443613744054287e-05,
    "gammaDp": 0.8
}