{
    "KICp": 4.090545450878016,
    "KINp": 0.0220425870342318,
    "Mp": 2.806245721059573e-06,
    "VmaxICp": 2.2880656902374176e-05,
    "VmaxINp": 2.597258418007265e-05,
    "gammaDp": 0.1158364390946423
}