{
    "KICp": 37.0,
    "KINp": 0.0035449083533865,
    "Mp": 8.079509885454147e-06,
    "VmaxICp": 5.347619015765026e-05,
    "VmaxINp": 1.697127800585461e-05,
    "gammaDp": 0.4677796654504287
}