{
    "KICp": 218.36627138709903,
    "KINp": 0.1830695270430492,
    "Mp": 3.3681411096665145e-06,
    "VmaxICp": 3.7920430567779926e-05,
    "VmaxINp": 1.817408697400808e-05,
    "gammaDp": 0.246755919415975
}