{
    "KICp": 24.16229190896633,
    "KINp": 0.02,
    "Mp": 7.721819592013283e-06,
    "VmaxICp": 2.8470692556448167e-05,
    "VmaxINp": 2.355605613345385e-05,
    "gammaDp": 0.2267815160540114
}