{
    "KICp": 26.89593004092936,
    "KINp": 0.02,
    "Mp": 5.87278194004834e-06,
    "VmaxICp": 3.356134727909122e-05,
    "VmaxINp": 5.1790869061644647e-05,
    "gammaDp": 0.2468438924872308
}