{
    "KICp": 37.0,
    "KINp": 0.0035449083533865,
    "Mp": 4.747888884843651e-06,
    "VmaxICp": 3.6035944485463576e-05,
    "VmaxINp": 2.682355878573252e-05,
    "gammaDp": 0.1685512513597569
}