{
    "KICp": 6.51035427101123,
    "KINp": 0.0329764623942742,
    "Mp": 2.908034049786764e-06,
    "VmaxICp": 1.6313263928675184e-05,
    "VmaxINp": 4.964114693917474e-05,
    "gammaDp": 0.6329863071273414
}