{
    "KICp": 49.26295212398236,
    "KINp": 0.0056483473728886,
    "Mp": 4.2626202551241165e-06,
    "VmaxICp": 3.2619351708797435e-05,
    "VmaxINp": 3.608755487323474e-05,
    "gammaDp": 0.8815518589090268
}