{
    "KICp": 37.0,
    "KINp": 0.1372093443836349,
    "Mp": 2.5291904971378093e-06,
    "VmaxICp": 2.4567949646578e-05,
    "VmaxINp": 2.575270842875868e-05,
    "gammaDp": 0.8073271211528668
}