{
    "KICp": 26.04910277882356,
    "KINp": 0.188384235776154,
    "Mp": 7.131551741924272e-06,
    "VmaxICp": 4.581421393228392e-05,
    "VmaxINp": 2.962572002526136e-05,
    "gammaDp": 0.8
}