{
    "KICp": 140.35943427916052,
    "KINp": 0.1070165700258758,
    "Mp": 5.88402821978133e-06,
    "VmaxICp": 3.3917275116377936e-05,
    "VmaxINp": 3.37792193371842e-05,
    "gammaDp": 0.1569574428456888
}