{
    "KICp": 67.61702856737925,
    "KINp": 0.045922785247849,
    "Mp": 3.718421667041328e-06,
    "VmaxICp": 2.4606629030707867e-05,
    "VmaxINp": 5.227502598134498e-05,
    "gammaDp": 0.8
}