{
    "KICp": 130.56163232765934,
    "KINp": 0.02,
    "Mp": 2.2024284124985484e-06,
    "VmaxICp": 1.6313263928675184e-05,
    "VmaxINp": 3.449900573324673e-05,
    "gammaDp": 0.630739380314699
}