{
    "KICp": 7.692607425262993,
    "KINp": 0.0075063174523103,
    "Mp": 3.714197573057416e-06,
    "VmaxICp": 4.182156394933559e-05,
    "VmaxINp": 2.120083844910694e-05,
    "gammaDp": 0.2645772833778787
}