{
    "KICp": 10.11299794176007,
    "KINp": 0.0027976338833375,
    "Mp": 3.518947316230868e-06,
    "VmaxICp": 1.8626913763106204e-05,
    "VmaxINp": 2.8778691105999016e-05,
    "gammaDp": 0.444172827457955
}