{
    "KICp": 8.095666004278524,
    "KINp": 0.0804989984300029,
    "Mp": 6.744148576196687e-06,
    "VmaxICp": 2.351971550284212e-05,
    "VmaxINp": 3.084494144824905e-05,
    "gammaDp": 0.1008837441095933
}