{
    "KICp": 67.61488334563849,
    "KINp": 0.0022784898084102,
    "Mp": 5.522699331088518e-06,
    "VmaxICp": 1.983027149413132e-05,
    "VmaxINp": 4.195099937305735e-05,
    "gammaDp": 0.1917486761472752
}