{
    "KICp": 130.14187552189108,
    "KINp": 0.0110720338278154,
    "Mp": 6.661492358241189e-06,
    "VmaxICp": 4.137669541012135e-05,
    "VmaxINp": 2.0155324802659167e-05,
    "gammaDp": 0.8940194535220017
}