{
    "KICp": 60.91070414256131,
    "KINp": 0.0051813255756005,
    "Mp": 2.3529006101758706e-06,
    "VmaxICp": 4.4688138934150856e-05,
    "VmaxINp": 1.7826081723771493e-05,
    "gammaDp": 0.2663343269610794
}