{
    "KICp": 342.04695765013093,
    "KINp": 0.0102352132374791,
    "Mp": 3.518947316230868e-06,
    "VmaxICp": 1.8626913763106204e-05,
    "VmaxINp": 2.8778691105999016e-05,
    "gammaDp": 0.1519404279934197
}