{
    "KICp": 12.69399463084897,
    "KINp": 0.0091122540717346,
    "Mp": 3.893976211255015e-06,
    "VmaxICp": 3.30711850491788e-05,
    "VmaxINp": 2.3242843007903778e-05,
    "gammaDp": 0.1418037690962904
}