{
    "KICp": 52.91090368128979,
    "KINp": 0.0051792887887315,
    "Mp": 3.21332217319263e-06,
    "VmaxICp": 2.423764587905837e-05,
    "VmaxINp": 4.2382004320637335e-05,
    "gammaDp": 0.2934795175989959
}