{
    "KICp": 38.74314915682332,
    "KINp": 0.0037182489082758,
    "Mp": 3.302536071051153e-06,
    "VmaxICp": 4.067463763115686e-05,
    "VmaxINp": 2.34310881001982e-05,
    "gammaDp": 0.8
}