{
    "KICp": 27.91558379722576,
    "KINp": 0.0206056646972253,
    "Mp": 7.721819592013283e-06,
    "VmaxICp": 3.569472128889814e-05,
    "VmaxINp": 1.952825494155397e-05,
    "gammaDp": 0.2099551131736902
}