{
    "KICp": 29.73984899046178,
    "KINp": 0.0037281307925779,
    "Mp": 3.654588128358197e-06,
    "VmaxICp": 2.4606629030707867e-05,
    "VmaxINp": 5.227502598134498e-05,
    "gammaDp": 0.2264296120511157
}