{
    "KICp": 5.298630296343198,
    "KINp": 0.160074128282382,
    "Mp": 3.518248820564506e-06,
    "VmaxICp": 2.6738237697573217e-05,
    "VmaxINp": 2.19554627338168e-05,
    "gammaDp": 0.2313447936081157
}