{
    "KICp": 12.955277988360075,
    "KINp": 0.005475597396074,
    "Mp": 3.3681411096665145e-06,
    "VmaxICp": 2.759529526157747e-05,
    "VmaxINp": 4.991476142250099e-05,
    "gammaDp": 0.3089094417055112
}