{
    "KICp": 57.53986227275809,
    "KINp": 0.0030607966623566,
    "Mp": 4.268012938337751e-06,
    "VmaxICp": 2.2880656902374176e-05,
    "VmaxINp": 2.597258418007265e-05,
    "gammaDp": 0.7277149237643972
}