{
    "KICp": 90.9525303290866,
    "KINp": 0.0067415838359867,
    "Mp": 2.908034049786764e-06,
    "VmaxICp": 1.6313263928675184e-05,
    "VmaxINp": 3.449900573324673e-05,
    "gammaDp": 0.2546613217406686
}