{
    "KICp": 13.55037527169366,
    "KINp": 0.0741597495648218,
    "Mp": 3.675343728214321e-06,
    "VmaxICp": 4.137669541012135e-05,
    "VmaxINp": 2.0155324802659167e-05,
    "gammaDp": 0.5438156919839061
}