{
    "KICp": 42.41928938951639,
    "KINp": 0.014626205970019,
    "Mp": 8.451879305317522e-06,
    "VmaxICp": 2.588218594104397e-05,
    "VmaxINp": 4.195099937305735e-05,
    "gammaDp": 0.1399506260110062
}