{
    "KICp": 36.795715962454494,
    "KINp": 0.0135690187996529,
    "Mp": 6.0684817516783e-06,
    "VmaxICp": 2.304416777664873e-05,
    "VmaxINp": 4.2138999473802375e-05,
    "gammaDp": 0.826644045994033
}