{
    "KICp": 21.55235944960728,
    "KINp": 0.0037225605839333,
    "Mp": 9.774878676158977e-06,
    "VmaxICp": 3.09240275782351e-05,
    "VmaxINp": 5.04396005185087e-05,
    "gammaDp": 0.8
}