{
    "KICp": 11.349138920615523,
    "KINp": 0.0907582785820292,
    "Mp": 5.360057869707186e-06,
    "VmaxICp": 2.8250627967571493e-05,
    "VmaxINp": 1.5296155815853422e-05,
    "gammaDp": 0.3525161288781817
}