{
    "KICp": 39.14054503941686,
    "KINp": 0.1233176566199117,
    "Mp": 5.88402821978133e-06,
    "VmaxICp": 5.014584678061313e-05,
    "VmaxINp": 3.0340423565465367e-05,
    "gammaDp": 0.1559701002605605
}