{
    "KICp": 17.527387206494883,
    "KINp": 0.0054938826345322,
    "Mp": 4.635466345373933e-06,
    "VmaxICp": 2.3573598364532527e-05,
    "VmaxINp": 1.75921944612527e-05,
    "gammaDp": 0.132014524600225
}