{
    "KICp": 112.59691797755248,
    "KINp": 0.02,
    "Mp": 2.8911055617134418e-06,
    "VmaxICp": 2.510365995583612e-05,
    "VmaxINp": 1.75921944612527e-05,
    "gammaDp": 0.1829159741677779
}