{
    "KICp": 141.26216982581303,
    "KINp": 0.0374547231015123,
    "Mp": 4.844371583111047e-06,
    "VmaxICp": 5.127255210061541e-05,
    "VmaxINp": 2.655236684048627e-05,
    "gammaDp": 0.1968689076670193
}