{
    "KICp": 153.09322995648068,
    "KINp": 0.0172379608477864,
    "Mp": 5.4517363646194725e-06,
    "VmaxICp": 5.141900421579225e-05,
    "VmaxINp": 2.8778691105999016e-05,
    "gammaDp": 0.565254394594968
}