{
    "KICp": 6.103809375392269,
    "KINp": 0.0192422748958387,
    "Mp": 9.102018647016582e-06,
    "VmaxICp": 2.670387942202607e-05,
    "VmaxINp": 3.986106151098138e-05,
    "gammaDp": 0.8599153856281337
}