{
    "KICp": 65.1194468790632,
    "KINp": 0.0040571640592416,
    "Mp": 2.80663247078966e-06,
    "VmaxICp": 2.9615356145935707e-05,
    "VmaxINp": 1.8171092530851148e-05,
    "gammaDp": 0.1350020944298719
}