{
    "KICp": 63.151034417980455,
    "KINp": 0.0865362968881388,
    "Mp": 5.922988815674319e-06,
    "VmaxICp": 4.069354158541909e-05,
    "VmaxINp": 2.3224412782780044e-05,
    "gammaDp": 0.6129597044000239
}