{
    "KICp": 160.48719733109763,
    "KINp": 0.1743048249119007,
    "Mp": 4.487490221461944e-06,
    "VmaxICp": 2.03071043203458e-05,
    "VmaxINp": 4.136870556432192e-05,
    "gammaDp": 0.8
}