{
    "KICp": 201.1921717074459,
    "KINp": 0.0478564227652991,
    "Mp": 2.3125929991049624e-06,
    "VmaxICp": 2.2780093124786334e-05,
    "VmaxINp": 1.8171092530851148e-05,
    "gammaDp": 0.7037210564597798
}