{
    "KICp": 13.55037527169366,
    "KINp": 0.0023298944976578,
    "Mp": 6.661492358241189e-06,
    "VmaxICp": 4.137669541012135e-05,
    "VmaxINp": 2.202151950281465e-05,
    "gammaDp": 0.3543170453889023
}