{
    "KICp": 11.04082293541916,
    "KINp": 0.1965288937565777,
    "Mp": 4.480863664925122e-06,
    "VmaxICp": 2.8204128573505903e-05,
    "VmaxINp": 4.286537807077952e-05,
    "gammaDp": 0.1979351329417059
}