{
    "KICp": 152.82429248702195,
    "KINp": 0.0082255035959568,
    "Mp": 3.880593613156226e-06,
    "VmaxICp": 2.4606629030707867e-05,
    "VmaxINp": 5.227502598134498e-05,
    "gammaDp": 0.1017218188815313
}