{
    "KICp": 67.61488334563849,
    "KINp": 0.0998453069089992,
    "Mp": 8.451879305317522e-06,
    "VmaxICp": 4.066585913428618e-05,
    "VmaxINp": 4.195099937305735e-05,
    "gammaDp": 0.1828640290833223
}