{
    "KICp": 13.383107913515596,
    "KINp": 0.0053420157776063,
    "Mp": 5.115672678465303e-06,
    "VmaxICp": 2.6019365036459416e-05,
    "VmaxINp": 1.5247602162028363e-05,
    "gammaDp": 0.1151032694345479
}