{
    "KICp": 65.54336889927559,
    "KINp": 0.1142712950410821,
    "Mp": 3.302536071051153e-06,
    "VmaxICp": 1.817545103558739e-05,
    "VmaxINp": 2.9340552735493423e-05,
    "gammaDp": 0.8
}