{
    "KICp": 71.84931035854251,
    "KINp": 0.0020568892602292,
    "Mp": 7.131551741924272e-06,
    "VmaxICp": 4.581421393228392e-05,
    "VmaxINp": 2.693314961111041e-05,
    "gammaDp": 0.2268065047128278
}