{
    "KICp": 12.69399463084897,
    "KINp": 0.011641118468155,
    "Mp": 3.893976211255015e-06,
    "VmaxICp": 4.46181681274202e-05,
    "VmaxINp": 2.051100058106668e-05,
    "gammaDp": 0.3260774823689711
}