{
    "KICp": 72.8974688986784,
    "KINp": 0.0420306333364207,
    "Mp": 2.80663247078966e-06,
    "VmaxICp": 3.469367459818817e-05,
    "VmaxINp": 1.8171092530851148e-05,
    "gammaDp": 0.2126461296149621
}