{
    "KICp": 6.0516349948584125,
    "KINp": 0.0356183061958731,
    "Mp": 6.200996003959794e-06,
    "VmaxICp": 2.6019365036459416e-05,
    "VmaxINp": 3.122544463983517e-05,
    "gammaDp": 0.1151032694345479
}