{
    "KICp": 60.91070414256131,
    "KINp": 0.0394439063214798,
    "Mp": 2.916386071424104e-06,
    "VmaxICp": 4.4688138934150856e-05,
    "VmaxINp": 1.7826081723771493e-05,
    "gammaDp": 0.3230991082116887
}