{
    "KICp": 132.50453980981774,
    "KINp": 0.008164252476536,
    "Mp": 9.483375024787263e-06,
    "VmaxICp": 3.7920430567779926e-05,
    "VmaxINp": 3.239947722401467e-05,
    "gammaDp": 0.3089094417055112
}