{
    "KICp": 4.400875566810508,
    "KINp": 0.1286229137376114,
    "Mp": 3.301103579354983e-06,
    "VmaxICp": 5.430696748962073e-05,
    "VmaxINp": 2.3233761258725805e-05,
    "gammaDp": 0.7739970332982963
}