{
    "KICp": 119.94226042481657,
    "KINp": 0.02,
    "Mp": 4.448070390587123e-06,
    "VmaxICp": 2.447859849143831e-05,
    "VmaxINp": 1.75921944612527e-05,
    "gammaDp": 0.1504128678078504
}