{
    "KICp": 114.49183098749286,
    "KINp": 0.0080196620645299,
    "Mp": 7.224435271323038e-06,
    "VmaxICp": 2.423764587905837e-05,
    "VmaxINp": 3.406382069336645e-05,
    "gammaDp": 0.174421406241315
}