{
    "KICp": 14.21526342152046,
    "KINp": 0.019731364543947,
    "Mp": 5.568527697936799e-06,
    "VmaxICp": 1.9256373316073733e-05,
    "VmaxINp": 2.597432790633848e-05,
    "gammaDp": 0.1595623896562206
}