{
    "KICp": 132.50453980981774,
    "KINp": 0.02,
    "Mp": 1.0118930250291832e-05,
    "VmaxICp": 3.7920430567779926e-05,
    "VmaxINp": 2.728717749521413e-05,
    "gammaDp": 0.7534626796331462
}