{
    "KICp": 7.118742245918198,
    "KINp": 0.0675924089871047,
    "Mp": 6.661492358241189e-06,
    "VmaxICp": 4.137669541012135e-05,
    "VmaxINp": 1.63785165661619e-05,
    "gammaDp": 0.3770893183691075
}