{
    "KICp": 11.254397949926654,
    "KINp": 0.0204282860395315,
    "Mp": 6.744148576196687e-06,
    "VmaxICp": 2.03071043203458e-05,
    "VmaxINp": 3.559000305870749e-05,
    "gammaDp": 0.4810851028076501
}