{
    "KICp": 185.8123776998676,
    "KINp": 0.1262263774511116,
    "Mp": 5.568527697936799e-06,
    "VmaxICp": 5.162941153997703e-05,
    "VmaxINp": 2.597432790633848e-05,
    "gammaDp": 0.8
}