{
    "KICp": 8.095666004278524,
    "KINp": 0.0506182642679631,
    "Mp": 2.5471986301683514e-06,
    "VmaxICp": 2.6485449908993807e-05,
    "VmaxINp": 3.084494144824905e-05,
    "gammaDp": 0.8
}