{
    "KICp": 4.471263106669871,
    "KINp": 0.004845931390827,
    "Mp": 4.599735441528976e-06,
    "VmaxICp": 2.141835617709868e-05,
    "VmaxINp": 1.7707799022095096e-05,
    "gammaDp": 0.3793798539806187
}