{
    "KICp": 5.331333347151433,
    "KINp": 0.0381639190163098,
    "Mp": 3.9329666375086055e-06,
    "VmaxICp": 2.325601408671152e-05,
    "VmaxINp": 1.5927416065144467e-05,
    "gammaDp": 0.8
}