{
    "KICp": 63.39336225225597,
    "KINp": 0.02,
    "Mp": 7.721819592013283e-06,
    "VmaxICp": 2.183626345494956e-05,
    "VmaxINp": 4.394578062074155e-05,
    "gammaDp": 0.1335896838857682
}