{
    "KICp": 3.830915279164235,
    "KINp": 0.046685927443183,
    "Mp": 3.3849423332570467e-06,
    "VmaxICp": 2.2694399981177777e-05,
    "VmaxINp": 3.986106151098138e-05,
    "gammaDp": 0.2679457596773167
}