{
    "KICp": 125.1508782992474,
    "KINp": 0.1849403635484299,
    "Mp": 5.04350836805268e-06,
    "VmaxICp": 3.8061470757910586e-05,
    "VmaxINp": 2.655236684048627e-05,
    "gammaDp": 0.1365095507028303
}