{
    "KICp": 5.030658037621929,
    "KINp": 0.02,
    "Mp": 2.586136167623591e-06,
    "VmaxICp": 2.205721897630594e-05,
    "VmaxINp": 1.5864599160732096e-05,
    "gammaDp": 0.6120934540678243
}