{
    "KICp": 80.62001309989216,
    "KINp": 0.0136815175898133,
    "Mp": 6.661492358241189e-06,
    "VmaxICp": 4.137669541012135e-05,
    "VmaxINp": 2.0155324802659167e-05,
    "gammaDp": 0.4715609375386718
}