{
    "KICp": 37.0,
    "KINp": 0.19848213711443,
    "Mp": 3.492856631255816e-06,
    "VmaxICp": 4.581421393228392e-05,
    "VmaxINp": 2.693314961111041e-05,
    "gammaDp": 0.5603832349456189
}