{
    "KICp": 260.1556356386727,
    "KINp": 0.1885853105096349,
    "Mp": 4.268012938337751e-06,
    "VmaxICp": 4.52796284587261e-05,
    "VmaxINp": 2.597258418007265e-05,
    "gammaDp": 0.1416023899390505
}