{
    "KICp": 309.58473757558016,
    "KINp": 0.02,
    "Mp": 5.360057869707186e-06,
    "VmaxICp": 2.8250627967571493e-05,
    "VmaxINp": 2.4933191021001324e-05,
    "gammaDp": 0.3359870995548477
}