{
    "KICp": 35.71762605652796,
    "KINp": 0.0286424076622928,
    "Mp": 8.097675766555934e-06,
    "VmaxICp": 5.12257611302386e-05,
    "VmaxINp": 2.025072680279931e-05,
    "gammaDp": 0.6504055547384685
}