{
    "KICp": 250.8568219039421,
    "KINp": 0.0387085156992922,
    "Mp": 1.0831778640942836e-05,
    "VmaxICp": 4.6522685275805806e-05,
    "VmaxINp": 4.964783947236952e-05,
    "gammaDp": 0.378117032509053
}