{
    "KICp": 21.55788310137107,
    "KINp": 0.0054753393171284,
    "Mp": 3.302536071051153e-06,
    "VmaxICp": 2.4721483296746355e-05,
    "VmaxINp": 2.34310881001982e-05,
    "gammaDp": 0.4499973225379944
}