{
    "KICp": 36.92730797189717,
    "KINp": 0.0064496209263682,
    "KlossROSp": 3.31651123837375e-07,
    "KprodROSp": 3.023700158929519e-08,
    "Mp": 1.856358466340647e-07,
    "VmaxICp": 3.2798811559305774e-05,
    "VmaxINp": 2.2898429844709275e-05,
    "gammaDp": 0.6774063833947574,
    "omegaP": 3.92056222025397e-05
}