{
    "KICp": 6.322504881719448,
    "KINp": 0.0189049796783876,
    "KlossROSp": 3.31651123837375e-07,
    "KprodROSp": 4.663999873591355e-08,
    "Mp": 1.856358466340647e-07,
    "VmaxICp": 3.2798811559305774e-05,
    "VmaxINp": 2.2898429844709275e-05,
    "gammaDp": 0.2248955182171359,
    "omegaP": 3.405555555555556e-05
}