{
    "KICp": 186.98770337591125,
    "KINp": 0.0420643190783273,
    "KlossROSp": 4.727797734483284e-07,
    "KprodROSp": 3.023700158929519e-08,
    "Mp": 1.1682607172018785e-07,
    "VmaxICp": 3.2798811559305774e-05,
    "VmaxINp": 2.08414280574227e-05,
    "gammaDp": 0.1281367518579173,
    "omegaP": 3.405555555555556e-05
}