{
    "KICp": 5.690940282094742,
    "KINp": 0.0133183300343945,
    "KlossROSp": 3.31651123837375e-07,
    "KprodROSp": 4.2258742551109777e-08,
    "Mp": 1.856358466340647e-07,
    "VmaxICp": 3.2798811559305774e-05,
    "VmaxINp": 2.2898429844709275e-05,
    "gammaDp": 0.1346098031187249,
    "omegaP": 5.2269712970680416e-05
}