{
    "KICp": 8.627346777455264,
    "KINp": 0.0029482263582558,
    "KlossROSp": 3.31651123837375e-07,
    "KprodROSp": 3.735446233773744e-08,
    "Mp": 1.7763085331265075e-06,
    "VmaxICp": 3.2798811559305774e-05,
    "VmaxINp": 2.2898429844709275e-05,
    "gammaDp": 0.2158367271939079,
    "omegaP": 3.405555555555556e-05
}