{
    "KICp": 58.623836548904094,
    "KINp": 0.0420259778428366,
    "KlossROSp": 3.3268891263660044e-07,
    "KprodROSp": 3.023700158929519e-08,
    "Mp": 4.376444878700484e-07,
    "VmaxICp": 4.416051154994974e-05,
    "VmaxINp": 2.2898429844709275e-05,
    "gammaDp": 0.7758465142681337,
    "omegaP": 3.405555555555556e-05
}