{
    "KICp": 35.527368141179025,
    "KINp": 0.00675584479386,
    "KlossROSp": 3.31651123837375e-07,
    "KprodROSp": 3.023700158929519e-08,
    "Mp": 2.742735953340596e-07,
    "VmaxICp": 1.998517357703801e-05,
    "VmaxINp": 2.2898429844709275e-05,
    "gammaDp": 0.7872305777848839,
    "omegaP": 3.405555555555556e-05
}