{
    "KICp": 202.94531634093343,
    "KINp": 0.0039896337853538,
    "KlossROSp": 3.31651123837375e-07,
    "KprodROSp": 3.023700158929519e-08,
    "Mp": 1.6065058041075345e-07,
    "VmaxICp": 2.082447945283689e-05,
    "VmaxINp": 2.2898429844709275e-05,
    "gammaDp": 0.5596529733670564,
    "omegaP": 3.405555555555556e-05
}