{
    "KICp": 98.8222031586767,
    "KINp": 0.0942730633904697,
    "KlossROSp": 3.3387007886798746e-07,
    "KprodROSp": 3.656707047858364e-08,
    "Mp": 3.131053021457929e-07,
    "VmaxICp": 3.2798811559305774e-05,
    "VmaxINp": 2.2898429844709275e-05,
    "gammaDp": 0.8,
    "omegaP": 8.922333321631199e-05
}