{
    "KICp": 37.0,
    "KINp": 0.0020089492583445,
    "KlossROSp": 3.31651123837375e-07,
    "KprodROSp": 3.023700158929519e-08,
    "Mp": 9.445999327107202e-07,
    "VmaxICp": 3.2798811559305774e-05,
    "VmaxINp": 2.2898429844709275e-05,
    "gammaDp": 0.6205740762868304,
    "omegaP": 3.405555555555556e-05
}