{
    "KICp": 155.72299658359253,
    "KINp": 0.0061275403482103,
    "KlossROSp": 2.502139354742244e-07,
    "KprodROSp": 3.023700158929519e-08,
    "Mp": 2.47985021142792e-07,
    "VmaxICp": 3.2798811559305774e-05,
    "VmaxINp": 2.2898429844709275e-05,
    "gammaDp": 0.8,
    "omegaP": 4.817944042425668e-05
}