{
    "KICp": 263.2770075601417,
    "KINp": 0.0034617446234956,
    "KlossROSp": 3.31651123837375e-07,
    "KprodROSp": 3.023700158929519e-08,
    "Mp": 8.401376622089893e-07,
    "VmaxICp": 3.2798811559305774e-05,
    "VmaxINp": 2.2898429844709275e-05,
    "gammaDp": 0.5976169464524022,
    "omegaP": 3.5440047827004645e-05
}