{
    "KICp": 175.3638197179337,
    "KINp": 0.0057426227232384,
    "KlossROSp": 2.3893212751372026e-07,
    "KprodROSp": 2.0520029019667768e-08,
    "Mp": 1.856358466340647e-07,
    "VmaxICp": 3.2798811559305774e-05,
    "VmaxINp": 2.2898429844709275e-05,
    "gammaDp": 0.2894284128044848,
    "omegaP": 3.405555555555556e-05
}