{
    "KICp": 96.386585111231,
    "KINp": 0.0039883117965958,
    "KlossROSp": 3.31651123837375e-07,
    "KprodROSp": 3.023700158929519e-08,
    "Mp": 1.941378107507435e-07,
    "VmaxICp": 3.2798811559305774e-05,
    "VmaxINp": 2.2898429844709275e-05,
    "gammaDp": 0.8148971504037397,
    "omegaP": 3.405555555555556e-05
}