{
    "KICp": 25.056371879333565,
    "KINp": 0.075054029775163,
    "KlossROSp": 5.120194603547091e-07,
    "KprodROSp": 3.023700158929519e-08,
    "Mp": 8.956268378678417e-07,
    "VmaxICp": 3.2798811559305774e-05,
    "VmaxINp": 1.963825463284519e-05,
    "gammaDp": 0.3914018944818738,
    "omegaP": 3.405555555555556e-05
}