{
    "KICp": 70.13571141857875,
    "KINp": 0.0057393244115954,
    "KlossROSp": 3.31651123837375e-07,
    "KprodROSp": 3.023700158929519e-08,
    "Mp": 2.306434585740313e-07,
    "VmaxICp": 3.2798811559305774e-05,
    "VmaxINp": 2.2898429844709275e-05,
    "gammaDp": 0.174512509389048,
    "omegaP": 3.405555555555556e-05
}