{
    "KICp": 9.518399989946095,
    "KINp": 0.0026701320263598,
    "KlossROSp": 6.617547272323814e-07,
    "KprodROSp": 4.267149098473307e-08,
    "Mp": 1.0664056948465906e-06,
    "VmaxICp": 3.2798811559305774e-05,
    "VmaxINp": 2.2898429844709275e-05,
    "gammaDp": 0.1547754225812663,
    "omegaP": 2.335439032426764e-05
}