{
    "KICp": 10.527710167873702,
    "KINp": 0.0023354363321272,
    "KlossROSp": 2.0371777435473179e-07,
    "KprodROSp": 3.023700158929519e-08,
    "Mp": 5.667796112971823e-07,
    "VmaxICp": 3.2798811559305774e-05,
    "VmaxINp": 2.2898429844709275e-05,
    "gammaDp": 0.1590017042577661,
    "omegaP": 3.405555555555556e-05
}