{
    "KICp": 37.0,
    "KINp": 0.0130818677336465,
    "KlossROSp": 2.5954848746953745e-07,
    "KprodROSp": 3.023700158929519e-08,
    "Mp": 1.171027943678323e-07,
    "VmaxICp": 3.2798811559305774e-05,
    "VmaxINp": 1.8662274018631457e-05,
    "gammaDp": 0.3643368919192992,
    "omegaP": 6.166936330512879e-05
}