{
    "KICp": 35.15890454567383,
    "KINp": 0.0055826704205544,
    "KlossROSp": 1.6744961871358273e-06,
    "KprodROSp": 3.023700158929519e-08,
    "Mp": 3.4020041706809064e-06,
    "VmaxICp": 2.7011367421009226e-05,
    "VmaxINp": 2.113998038637352e-05,
    "gammaDp": 0.8,
    "omegaP": 3.405555555555556e-05
}