{
    "KICp": 68.16822948393687,
    "KINp": 0.0034617446234956,
    "KlossROSp": 2.5954848746953745e-07,
    "KprodROSp": 3.023700158929519e-08,
    "Mp": 2.943469371252011e-07,
    "VmaxICp": 3.2798811559305774e-05,
    "VmaxINp": 5.005254011402107e-05,
    "gammaDp": 0.8,
    "omegaP": 3.405555555555556e-05
}