{
    "KICp": 289.7619539695232,
    "KINp": 0.0150073801058242,
    "KlossROSp": 3.31651123837375e-07,
    "KprodROSp": 3.0304700351960284e-08,
    "Mp": 4.772971243368016e-07,
    "VmaxICp": 3.2798811559305774e-05,
    "VmaxINp": 2.2898429844709275e-05,
    "gammaDp": 0.2552195614131002,
    "omegaP": 3.405708469944368e-05
}