{
    "KICp": 37.0,
    "KINp": 0.036421240572621,
    "KlossROSp": 3.31651123837375e-07,
    "KprodROSp": 3.023700158929519e-08,
    "Mp": 1.856358466340647e-07,
    "VmaxICp": 3.2798811559305774e-05,
    "VmaxINp": 3.4868981723401484e-05,
    "gammaDp": 0.1138677003576333,
    "omegaP": 0.0001209184566837
}