{
    "KICp": 48.79712781107866,
    "KINp": 0.1049644100342631,
    "KlossROSp": 3.31651123837375e-07,
    "KprodROSp": 3.023700158929519e-08,
    "Mp": 8.000812020806702e-07,
    "VmaxICp": 3.2798811559305774e-05,
    "VmaxINp": 2.7925885298047755e-05,
    "gammaDp": 0.4343567490635607,
    "omegaP": 3.405555555555556e-05
}