{
    "KICp": 7.314198265613909,
    "KINp": 0.0184112383516997,
    "KlossROSp": 3.31651123837375e-07,
    "KprodROSp": 3.023700158929519e-08,
    "Mp": 3.182149990551813e-07,
    "VmaxICp": 3.2798811559305774e-05,
    "VmaxINp": 2.2898429844709275e-05,
    "gammaDp": 0.1006152121737383,
    "omegaP": 3.405555555555556e-05
}