{
    "KICp": 14.824578857109127,
    "KINp": 0.1117434901788596,
    "KlossROSp": 3.431564266637482e-07,
    "KprodROSp": 2.0174554126968413e-08,
    "Mp": 1.856358466340647e-07,
    "VmaxICp": 2.890860635875408e-05,
    "VmaxINp": 4.850693803475336e-05,
    "gammaDp": 0.8,
    "omegaP": 4.31795895190201e-05
}