{
    "KICp": 139.76287099647695,
    "KINp": 0.0045731442847649,
    "KlossROSp": 3.31651123837375e-07,
    "KprodROSp": 3.3063131772871184e-08,
    "Mp": 9.904392899198195e-07,
    "VmaxICp": 2.282233004783605e-05,
    "VmaxINp": 2.2898429844709275e-05,
    "gammaDp": 0.8,
    "omegaP": 3.405555555555556e-05
}