{
    "KICp": 210.98731858367464,
    "KINp": 0.0034617446234956,
    "KlossROSp": 9.384618565827656e-07,
    "KprodROSp": 3.023700158929519e-08,
    "Mp": 3.82486065984079e-06,
    "VmaxICp": 3.2798811559305774e-05,
    "VmaxINp": 2.2898429844709275e-05,
    "gammaDp": 0.8,
    "omegaP": 2.955102707211888e-05
}