{
    "KICp": 54.42458720083152,
    "KINp": 0.0086357748788296,
    "KlossROSp": 3.31651123837375e-07,
    "KprodROSp": 4.6676298853181576e-08,
    "Mp": 2.540378106532007e-07,
    "VmaxICp": 3.2798811559305774e-05,
    "VmaxINp": 3.561906470024402e-05,
    "gammaDp": 0.8,
    "omegaP": 3.3624553855463786e-05
}