{
    "KICp": 121.3812363129695,
    "KINp": 0.1575809647981292,
    "KlossROSp": 2.732102748154973e-07,
    "KprodROSp": 3.023700158929519e-08,
    "Mp": 1.995283304936824e-06,
    "VmaxICp": 3.764345025347911e-05,
    "VmaxINp": 2.2898429844709275e-05,
    "gammaDp": 0.7538693072244912,
    "omegaP": 3.405555555555556e-05
}