{
    "KICp": 7.3032632001654205,
    "KINp": 0.0251744198785661,
    "KlossROSp": 3.31651123837375e-07,
    "KprodROSp": 3.023700158929519e-08,
    "Mp": 6.1372139491440015e-06,
    "VmaxICp": 3.2798811559305774e-05,
    "VmaxINp": 2.2898429844709275e-05,
    "gammaDp": 0.381755412582368,
    "omegaP": 3.405555555555556e-05
}