{
    "KICp": 89.71791352607782,
    "KINp": 0.0043915526485408,
    "KlossROSp": 3.31651123837375e-07,
    "KprodROSp": 3.023700158929519e-08,
    "Mp": 1.856358466340647e-07,
    "VmaxICp": 3.2798811559305774e-05,
    "VmaxINp": 2.2898429844709275e-05,
    "gammaDp": 0.3933714151179073,
    "omegaP": 8.53110262948945e-05
}