{
    "KICp": 91.21442676095263,
    "KINp": 0.0031768945932718,
    "KlossROSp": 3.7247441323952913e-07,
    "KprodROSp": 3.023700158929519e-08,
    "Mp": 1.982740016266455e-07,
    "VmaxICp": 3.2798811559305774e-05,
    "VmaxINp": 2.2898429844709275e-05,
    "gammaDp": 0.2545317657123764,
    "omegaP": 4.784556143039325e-05
}