{
    "KICp": 34.24587831306008,
    "KINp": 0.0034617446234956,
    "KlossROSp": 3.31651123837375e-07,
    "KprodROSp": 2.6146927808142424e-08,
    "Mp": 2.624198058138422e-06,
    "VmaxICp": 3.2798811559305774e-05,
    "VmaxINp": 2.2898429844709275e-05,
    "gammaDp": 0.1098740257944341,
    "omegaP": 3.405555555555556e-05
}