{
    "KICp": 330.14491986573097,
    "KINp": 0.0417407669483514,
    "KlossROSp": 3.554905190400292e-06,
    "KprodROSp": 3.023700158929519e-08,
    "Mp": 2.1863320791565462e-06,
    "VmaxICp": 3.214454500413669e-05,
    "VmaxINp": 1.9006778569814e-05,
    "gammaDp": 0.8,
    "omegaP": 3.405555555555556e-05
}