{
    "KICp": 16.07337079290476,
    "KINp": 0.0423735425703978,
    "KlossROSp": 3.0125637226658584e-07,
    "KprodROSp": 3.023700158929519e-08,
    "Mp": 1.1809983902094877e-07,
    "VmaxICp": 3.76262386286698e-05,
    "VmaxINp": 2.2898429844709275e-05,
    "gammaDp": 0.8,
    "omegaP": 3.405555555555556e-05
}