{
    "KICp": 6.322504881719448,
    "KINp": 0.0107380502999852,
    "KlossROSp": 3.31651123837375e-07,
    "KprodROSp": 6.917521897813381e-10,
    "Mp": 5.90199789488871e-06,
    "VmaxICp": 3.2798811559305774e-05,
    "VmaxINp": 2.870503899844784e-05,
    "gammaDp": 0.4142650070390125,
    "omegaP": 3.405555555555556e-05
}