{
    "KICp": 9.518399989946095,
    "KINp": 0.0294107558067087,
    "KlossROSp": 3.31651123837375e-07,
    "KprodROSp": 3.023700158929519e-08,
    "Mp": 1.3344742156335932e-07,
    "VmaxICp": 3.098111618957045e-05,
    "VmaxINp": 2.2898429844709275e-05,
    "gammaDp": 0.1547754225812663,
    "omegaP": 3.405555555555556e-05
}