{
    "KICp": 316.1464865895329,
    "KINp": 0.0034617446234956,
    "KlossROSp": 3.31651123837375e-07,
    "KprodROSp": 3.023700158929519e-08,
    "Mp": 3.027740905236956e-07,
    "VmaxICp": 3.2798811559305774e-05,
    "VmaxINp": 2.479474713376233e-05,
    "gammaDp": 0.7091649173123643,
    "omegaP": 3.405555555555556e-05
}