{
    "KICp": 25.008235396635136,
    "KINp": 0.1803649942100574,
    "KlossROSp": 3.31651123837375e-07,
    "KprodROSp": 1.0324294826929464e-08,
    "Mp": 2.3552621834987807e-06,
    "VmaxICp": 3.2798811559305774e-05,
    "VmaxINp": 2.690710133014103e-05,
    "gammaDp": 0.2397318656625485,
    "omegaP": 3.405555555555556e-05
}