{
    "KICp": 112.8270134199578,
    "KINp": 0.0055826704205544,
    "KlossROSp": 3.31651123837375e-07,
    "KprodROSp": 2.4557106457217532e-08,
    "Mp": 1.3309943987512148e-07,
    "VmaxICp": 3.2798811559305774e-05,
    "VmaxINp": 2.113998038637352e-05,
    "gammaDp": 0.8,
    "omegaP": 3.405555555555556e-05
}