{
    "KICp": 37.0,
    "KINp": 0.0029482263582558,
    "KlossROSp": 3.31651123837375e-07,
    "KprodROSp": 3.023700158929519e-08,
    "Mp": 1.796291555111218e-07,
    "VmaxICp": 2.6446002327274543e-05,
    "VmaxINp": 2.2898429844709275e-05,
    "gammaDp": 0.2011957283246556,
    "omegaP": 3.405555555555556e-05
}