{
    "KICp": 11.95953782580512,
    "KINp": 0.0323481850855987,
    "KlossROSp": 3.31651123837375e-07,
    "KprodROSp": 3.023700158929519e-08,
    "Mp": 1.856358466340647e-07,
    "VmaxICp": 3.1328707645983026e-05,
    "VmaxINp": 4.041768401363469e-05,
    "gammaDp": 0.2957022934810363,
    "omegaP": 4.3926599727986855e-05
}