{
    "KICp": 37.0,
    "KINp": 0.0820027504540873,
    "KlossROSp": 3.31651123837375e-07,
    "KprodROSp": 1.9137909616800406e-09,
    "Mp": 5.287391033663482e-06,
    "VmaxICp": 3.2798811559305774e-05,
    "VmaxINp": 2.2898429844709275e-05,
    "gammaDp": 0.1560804750946715,
    "omegaP": 2.3929089961585925e-05
}