{
    "KICp": 49.06972786732016,
    "KINp": 0.0021090079780544,
    "KlossROSp": 3.304343953203244e-07,
    "KprodROSp": 3.023700158929519e-08,
    "Mp": 1.856358466340647e-07,
    "VmaxICp": 3.2798811559305774e-05,
    "VmaxINp": 2.2597254770011363e-05,
    "gammaDp": 0.1852438126531866,
    "omegaP": 3.405555555555556e-05
}