{
    "KICp": 186.98770337591125,
    "KINp": 0.0034617446234956,
    "KlossROSp": 4.727797734483284e-07,
    "KprodROSp": 3.941291341689835e-08,
    "Mp": 1.856358466340647e-07,
    "VmaxICp": 3.2798811559305774e-05,
    "VmaxINp": 2.08414280574227e-05,
    "gammaDp": 0.5231070197648398,
    "omegaP": 0.000110329671862
}