{
    "KICp": 98.8222031586767,
    "KINp": 0.004433046839913,
    "KlossROSp": 3.31651123837375e-07,
    "KprodROSp": 1.2848629364518234e-08,
    "Mp": 1.401913019246043e-06,
    "VmaxICp": 3.2798811559305774e-05,
    "VmaxINp": 3.158696755007057e-05,
    "gammaDp": 0.6634342982136825,
    "omegaP": 3.405555555555556e-05
}