{
    "KICp": 67.92524530901201,
    "KINp": 0.1494426044062014,
    "KlossROSp": 3.31651123837375e-07,
    "KprodROSp": 4.59132654087797e-08,
    "Mp": 4.950101971526364e-06,
    "VmaxICp": 3.2798811559305774e-05,
    "VmaxINp": 2.2898429844709275e-05,
    "gammaDp": 0.5692718366265684,
    "omegaP": 3.405555555555556e-05
}