{
    "KICp": 36.22798442990592,
    "KINp": 0.134637396086737,
    "KlossROSp": 2.502139354742244e-07,
    "KprodROSp": 3.023700158929519e-08,
    "Mp": 1.856358466340647e-07,
    "VmaxICp": 3.2798811559305774e-05,
    "VmaxINp": 2.2898429844709275e-05,
    "gammaDp": 0.7797019786375525,
    "omegaP": 4.817944042425668e-05
}