{
    "KICp": 37.0,
    "KINp": 0.1117434901788596,
    "KlossROSp": 3.286831444959854e-07,
    "KprodROSp": 3.023700158929519e-08,
    "Mp": 1.856358466340647e-07,
    "VmaxICp": 2.890860635875408e-05,
    "VmaxINp": 5.485170379478278e-05,
    "gammaDp": 0.194334339377244,
    "omegaP": 9.83638300392715e-05
}