{
    "KICp": 360.1510274388587,
    "KINp": 0.0076083439857878,
    "KlossROSp": 3.31651123837375e-07,
    "KprodROSp": 3.023700158929519e-08,
    "Mp": 7.940963864647435e-07,
    "VmaxICp": 3.2798811559305774e-05,
    "VmaxINp": 2.2898429844709275e-05,
    "gammaDp": 0.4187652029180456,
    "omegaP": 4.349618857703299e-05
}