{
    "KICp": 11.275491986877162,
    "KINp": 0.0846822283064173,
    "KlossROSp": 3.31651123837375e-07,
    "KprodROSp": 3.023700158929519e-08,
    "Mp": 1.941378107507435e-07,
    "VmaxICp": 3.2798811559305774e-05,
    "VmaxINp": 4.098322792253845e-05,
    "gammaDp": 0.1472234494271003,
    "omegaP": 0.0001027153186472
}