{
    "KICp": 7.664833436800495,
    "KINp": 0.0114061775783473,
    "KlossROSp": 3.31651123837375e-07,
    "KprodROSp": 3.023700158929519e-08,
    "Mp": 1.4479077243691893e-06,
    "VmaxICp": 3.2798811559305774e-05,
    "VmaxINp": 2.485780704586488e-05,
    "gammaDp": 0.3801175244250426,
    "omegaP": 3.277164275871568e-05
}