{
    "KICp": 223.88385365761988,
    "KINp": 0.0029482263582558,
    "KlossROSp": 1.6831405494800276e-06,
    "KprodROSp": 3.023700158929519e-08,
    "Mp": 2.560019508131284e-06,
    "VmaxICp": 3.2798811559305774e-05,
    "VmaxINp": 2.2898429844709275e-05,
    "gammaDp": 0.2544341783472899,
    "omegaP": 3.405555555555556e-05
}