{
    "KICp": 15.09214920604994,
    "KINp": 0.012001284839798,
    "KlossROSp": 3.31651123837375e-07,
    "KprodROSp": 3.023700158929519e-08,
    "Mp": 2.642920340320607e-07,
    "VmaxICp": 3.2798811559305774e-05,
    "VmaxINp": 2.2898429844709275e-05,
    "gammaDp": 0.5140896966820035,
    "omegaP": 7.091206808914205e-05
}