{
    "KICp": 220.89826011297623,
    "KINp": 0.0039037056564957,
    "KlossROSp": 3.31651123837375e-07,
    "KprodROSp": 3.023700158929519e-08,
    "Mp": 2.229311872979221e-07,
    "VmaxICp": 1.668815556974604e-05,
    "VmaxINp": 4.2852743977029765e-05,
    "gammaDp": 0.8,
    "omegaP": 3.405555555555556e-05
}