{
    "KICp": 14.296821893483257,
    "KINp": 0.0075460570353597,
    "KlossROSp": 3.31651123837375e-07,
    "KprodROSp": 5.738717062005306e-10,
    "Mp": 3.0601487989491173e-06,
    "VmaxICp": 3.2798811559305774e-05,
    "VmaxINp": 2.2597254770011363e-05,
    "gammaDp": 0.3334618783160283,
    "omegaP": 3.405555555555556e-05
}