{
    "KICp": 161.30496282039857,
    "KINp": 0.0034617446234956,
    "KlossROSp": 3.31651123837375e-07,
    "KprodROSp": 3.023700158929519e-08,
    "Mp": 2.2212223606694087e-06,
    "VmaxICp": 3.2798811559305774e-05,
    "VmaxINp": 1.488933249703798e-05,
    "gammaDp": 0.3427981359088115,
    "omegaP": 3.405555555555556e-05
}