{
    "KICp": 37.0,
    "KINp": 0.0820027504540873,
    "KlossROSp": 3.612369912945946e-07,
    "KprodROSp": 3.023700158929519e-08,
    "Mp": 5.979429683840408e-06,
    "VmaxICp": 3.2798811559305774e-05,
    "VmaxINp": 2.2898429844709275e-05,
    "gammaDp": 0.1817389056309578,
    "omegaP": 3.405555555555556e-05
}