{
    "KICp": 109.19546599968344,
    "KINp": 0.0233336788056107,
    "KlossROSp": 3.31651123837375e-07,
    "KprodROSp": 3.023700158929519e-08,
    "Mp": 1.856358466340647e-07,
    "VmaxICp": 2.9921436111531427e-05,
    "VmaxINp": 2.2898429844709275e-05,
    "gammaDp": 0.5540649387517118,
    "omegaP": 2.458819774342821e-05
}