{
    "KICp": 9.255121515813002,
    "KINp": 0.0033741592491521,
    "KlossROSp": 3.31651123837375e-07,
    "KprodROSp": 3.023700158929519e-08,
    "Mp": 1.2214458366251686e-07,
    "VmaxICp": 2.678697671506001e-05,
    "VmaxINp": 2.2898429844709275e-05,
    "gammaDp": 0.1501547452627543,
    "omegaP": 3.405555555555556e-05
}