{
    "KICp": 8.30136981676274,
    "KINp": 0.0044870214355184,
    "KlossROSp": 3.31651123837375e-07,
    "KprodROSp": 3.023700158929519e-08,
    "Mp": 2.716049131246818e-07,
    "VmaxICp": 2.8585680542679364e-05,
    "VmaxINp": 3.034958986907117e-05,
    "gammaDp": 0.11322198996533,
    "omegaP": 3.405555555555556e-05
}