{
    "KICp": 4.736238703694597,
    "KINp": 0.0228770249913485,
    "KlossROSp": 2.767584712001708e-07,
    "KprodROSp": 3.023700158929519e-08,
    "Mp": 3.95053137164878e-07,
    "VmaxICp": 3.2798811559305774e-05,
    "VmaxINp": 2.2898429844709275e-05,
    "gammaDp": 0.1271873625367336,
    "omegaP": 3.405555555555556e-05
}