{
    "KICp": 113.6690465325596,
    "KINp": 0.0609197914803986,
    "KlossROSp": 2.0864823122434562e-07,
    "KprodROSp": 1.4593483207309789e-08,
    "Mp": 1.0163708348984718e-06,
    "VmaxICp": 3.2798811559305774e-05,
    "VmaxINp": 4.3675471017888624e-05,
    "gammaDp": 0.8,
    "omegaP": 3.405555555555556e-05
}