{
    "KICp": 37.0,
    "KINp": 0.096100130619276,
    "KlossROSp": 3.31651123837375e-07,
    "KprodROSp": 3.2385723099590366e-08,
    "Mp": 1.732161398106908e-07,
    "VmaxICp": 3.2798811559305774e-05,
    "VmaxINp": 2.2898429844709275e-05,
    "gammaDp": 0.2544341783472899,
    "omegaP": 7.58739911109087e-05
}