{
    "KICp": 19.71115243541781,
    "KINp": 0.0358048063103876,
    "KlossROSp": 3.31651123837375e-07,
    "KprodROSp": 1.8439476610181472e-08,
    "Mp": 1.520389123135853e-07,
    "VmaxICp": 3.2798811559305774e-05,
    "VmaxINp": 4.172235286654159e-05,
    "gammaDp": 0.8,
    "omegaP": 5.606495815941487e-05
}