{
    "KICp": 63.70135525763929,
    "KINp": 0.0034617446234956,
    "KlossROSp": 2.8124891403617655e-07,
    "KprodROSp": 3.023700158929519e-08,
    "Mp": 7.64977044455478e-07,
    "VmaxICp": 3.2798811559305774e-05,
    "VmaxINp": 2.2898429844709275e-05,
    "gammaDp": 0.4025462654121486,
    "omegaP": 3.405555555555556e-05
}