{
    "KICp": 78.58026604665173,
    "KINp": 0.0064164139179353,
    "KlossROSp": 3.31651123837375e-07,
    "KprodROSp": 3.1315808286313685e-08,
    "Mp": 1.3224345361384888e-07,
    "VmaxICp": 3.2798811559305774e-05,
    "VmaxINp": 2.2898429844709275e-05,
    "gammaDp": 0.8,
    "omegaP": 3.405555555555556e-05
}