{
    "KICp": 290.81189520021576,
    "KINp": 0.0055025400914949,
    "KlossROSp": 3.31651123837375e-07,
    "KprodROSp": 2.5648426628072852e-08,
    "Mp": 3.577193337250269e-06,
    "VmaxICp": 3.2798811559305774e-05,
    "VmaxINp": 2.014442392615517e-05,
    "gammaDp": 0.2397318656625485,
    "omegaP": 3.405555555555556e-05
}