{
    "KICp": 4.308499113450042,
    "KINp": 0.036421240572621,
    "KlossROSp": 1.241444432301288e-06,
    "KprodROSp": 3.023700158929519e-08,
    "Mp": 3.6786461246862456e-06,
    "VmaxICp": 3.2798811559305774e-05,
    "VmaxINp": 1.813741068143424e-05,
    "gammaDp": 0.2281431217511685,
    "omegaP": 2.8919520005862767e-05
}