{
    "KICp": 41.35862906121042,
    "KINp": 0.012336355851295,
    "KlossROSp": 3.31651123837375e-07,
    "KprodROSp": 3.023700158929519e-08,
    "Mp": 2.163102951511708e-06,
    "VmaxICp": 2.97590227831018e-05,
    "VmaxINp": 2.2898429844709275e-05,
    "gammaDp": 0.2829739422544637,
    "omegaP": 5.097608942734841e-05
}