{
    "KICp": 37.0,
    "KINp": 0.0044235540463555,
    "KlossROSp": 3.31651123837375e-07,
    "KprodROSp": 3.023700158929519e-08,
    "Mp": 3.503275296664296e-06,
    "VmaxICp": 2.97590227831018e-05,
    "VmaxINp": 1.9559685891195376e-05,
    "gammaDp": 0.2829739422544637,
    "omegaP": 3.405555555555556e-05
}