{
    "KICp": 5.051180163903365,
    "KINp": 0.0034617446234956,
    "KlossROSp": 3.31651123837375e-07,
    "KprodROSp": 2.1102230612377e-08,
    "Mp": 2.8287981335776246e-06,
    "VmaxICp": 3.2798811559305774e-05,
    "VmaxINp": 2.2898429844709275e-05,
    "gammaDp": 0.1114890753934694,
    "omegaP": 3.405555555555556e-05
}