{
    "KICp": 37.0,
    "KINp": 0.0034617446234956,
    "KlossROSp": 1.1259207838159038e-06,
    "KprodROSp": 3.0963586956468094e-08,
    "Mp": 2.2015324522324114e-06,
    "VmaxICp": 3.2798811559305774e-05,
    "VmaxINp": 2.2898429844709275e-05,
    "gammaDp": 0.2067306891112631,
    "omegaP": 3.405555555555556e-05
}