{
    "KICp": 137.81220788278873,
    "KINp": 0.0022947281630312,
    "KlossROSp": 3.31651123837375e-07,
    "KprodROSp": 3.023700158929519e-08,
    "Mp": 1.856358466340647e-07,
    "VmaxICp": 3.2798811559305774e-05,
    "VmaxINp": 1.964048544960946e-05,
    "gammaDp": 0.2454002725321722,
    "omegaP": 3.405555555555556e-05
}