{
    "KICp": 11.69046490842046,
    "KINp": 0.1021681027621747,
    "KlossROSp": 3.31651123837375e-07,
    "KprodROSp": 3.023700158929519e-08,
    "Mp": 2.605275539508295e-06,
    "VmaxICp": 3.2798811559305774e-05,
    "VmaxINp": 2.2898429844709275e-05,
    "gammaDp": 0.3012436742674892,
    "omegaP": 3.405555555555556e-05
}