{
    "KICp": 14.138852157037157,
    "KINp": 0.0210182586126088,
    "KlossROSp": 3.31651123837375e-07,
    "KprodROSp": 3.023700158929519e-08,
    "Mp": 1.856358466340647e-07,
    "VmaxICp": 3.2798811559305774e-05,
    "VmaxINp": 1.9300652425535995e-05,
    "gammaDp": 0.141775828320525,
    "omegaP": 3.405555555555556e-05
}