{
    "KICp": 235.76154001261483,
    "KINp": 0.0417407669483514,
    "KlossROSp": 3.979210600618108e-07,
    "KprodROSp": 3.023700158929519e-08,
    "Mp": 1.856358466340647e-07,
    "VmaxICp": 3.214454500413669e-05,
    "VmaxINp": 2.2898429844709275e-05,
    "gammaDp": 0.3136205429756831,
    "omegaP": 3.405555555555556e-05
}