{
    "KICp": 37.0,
    "KINp": 0.0053751226071115,
    "KlossROSp": 3.31651123837375e-07,
    "KprodROSp": 5.2948421835515604e-09,
    "Mp": 2.4333106883383616e-06,
    "VmaxICp": 3.2798811559305774e-05,
    "VmaxINp": 2.2898429844709275e-05,
    "gammaDp": 0.1114376489078304,
    "omegaP": 2.4809280413133485e-05
}