{
    "KICp": 4.469046672579755,
    "KINp": 0.075054029775163,
    "KlossROSp": 5.601201445682369e-07,
    "KprodROSp": 3.023700158929519e-08,
    "Mp": 2.877454979910428e-06,
    "VmaxICp": 3.2798811559305774e-05,
    "VmaxINp": 1.963825463284519e-05,
    "gammaDp": 0.1170097633716905,
    "omegaP": 4.44809131324203e-06
}