{
    "KICp": 97.93512042519976,
    "KINp": 0.0137261636235113,
    "KlossROSp": 3.014444092142383e-07,
    "KprodROSp": 3.023700158929519e-08,
    "Mp": 2.2532071737707775e-07,
    "VmaxICp": 3.2798811559305774e-05,
    "VmaxINp": 2.2898429844709275e-05,
    "gammaDp": 0.8,
    "omegaP": 3.25928218918529e-05
}