{
    "KICp": 10.434568308313546,
    "KINp": 0.0425554405118268,
    "KlossROSp": 3.31651123837375e-07,
    "KprodROSp": 3.023700158929519e-08,
    "Mp": 1.856358466340647e-07,
    "VmaxICp": 3.2798811559305774e-05,
    "VmaxINp": 2.2898429844709275e-05,
    "gammaDp": 0.1606847203420664,
    "omegaP": 8.444742662872691e-05
}