{
    "KICp": 6.632785175700399,
    "KINp": 0.0110458696826476,
    "KlossROSp": 6.460916970329889e-06,
    "KprodROSp": 3.023700158929519e-08,
    "Mp": 5.62507172239342e-06,
    "VmaxICp": 3.2798811559305774e-05,
    "VmaxINp": 4.2852743977029765e-05,
    "gammaDp": 0.8,
    "omegaP": 3.405555555555556e-05
}