{
    "KICp": 37.0,
    "KINp": 0.0066428607585973,
    "KlossROSp": 3.31651123837375e-07,
    "KprodROSp": 3.023700158929519e-08,
    "Mp": 1.856358466340647e-07,
    "VmaxICp": 3.2798811559305774e-05,
    "VmaxINp": 4.259022220318884e-05,
    "gammaDp": 0.1225987940509699,
    "omegaP": 4.021142084014114e-05
}