{
    "KICp": 321.6823193209456,
    "KINp": 0.1340338663305984,
    "KlossROSp": 4.383005056480198e-07,
    "KprodROSp": 4.174831893922298e-08,
    "Mp": 4.505354730069243e-06,
    "VmaxICp": 3.2798811559305774e-05,
    "VmaxINp": 2.2898429844709275e-05,
    "gammaDp": 0.8,
    "omegaP": 4.737608416723144e-06
}