{
    "KICp": 16.94569794449938,
    "KINp": 0.0228770249913485,
    "KlossROSp": 3.31651123837375e-07,
    "KprodROSp": 3.023700158929519e-08,
    "Mp": 3.95053137164878e-07,
    "VmaxICp": 3.0506171777518383e-05,
    "VmaxINp": 2.2898429844709275e-05,
    "gammaDp": 0.3419165933740248,
    "omegaP": 3.550030798465884e-05
}