{
    "KICp": 195.19070404280225,
    "KINp": 0.0397511262369874,
    "KlossROSp": 2.359541785801498e-07,
    "KprodROSp": 3.023700158929519e-08,
    "Mp": 2.789444552467445e-07,
    "VmaxICp": 3.2798811559305774e-05,
    "VmaxINp": 4.5674060481333554e-05,
    "gammaDp": 0.6816027320085878,
    "omegaP": 3.405555555555556e-05
}