{
    "KICp": 11.307355843214252,
    "KINp": 0.0034617446234956,
    "KlossROSp": 3.31651123837375e-07,
    "KprodROSp": 1.4806216951846232e-08,
    "Mp": 1.520389123135853e-07,
    "VmaxICp": 3.2798811559305774e-05,
    "VmaxINp": 2.2898429844709275e-05,
    "gammaDp": 0.8,
    "omegaP": 6.988962889415078e-05
}