{
    "KICp": 330.14491986573097,
    "KINp": 0.0417407669483514,
    "KlossROSp": 9.282064157385378e-07,
    "KprodROSp": 3.023700158929519e-08,
    "Mp": 3.852339514805042e-06,
    "VmaxICp": 3.214454500413669e-05,
    "VmaxINp": 2.758148412509974e-05,
    "gammaDp": 0.8,
    "omegaP": 3.980589904892405e-05
}