{
    "KICp": 5.791134447361626,
    "KINp": 0.0034617446234956,
    "KlossROSp": 3.31651123837375e-07,
    "KprodROSp": 3.023700158929519e-08,
    "Mp": 3.094157683875733e-07,
    "VmaxICp": 3.671054954497132e-05,
    "VmaxINp": 2.915167564074245e-05,
    "gammaDp": 0.287908274498835,
    "omegaP": 3.405555555555556e-05
}