{
    "KICp": 11.056744295828429,
    "KINp": 0.0395251273836028,
    "KlossROSp": 3.31651123837375e-07,
    "KprodROSp": 3.023700158929519e-08,
    "Mp": 3.00663573592155e-06,
    "VmaxICp": 3.2798811559305774e-05,
    "VmaxINp": 2.232637426864987e-05,
    "gammaDp": 0.8,
    "omegaP": 3.405555555555556e-05
}