{
    "KICp": 4.908741775757307,
    "KINp": 0.0555379683467665,
    "KlossROSp": 3.31651123837375e-07,
    "KprodROSp": 2.3214625320876657e-08,
    "Mp": 4.654400469116721e-06,
    "VmaxICp": 3.2798811559305774e-05,
    "VmaxINp": 4.654667943306461e-05,
    "gammaDp": 0.8847315364700196,
    "omegaP": 4.144709198242599e-05
}