{
    "KICp": 73.3166148457297,
    "KINp": 0.0187453076288271,
    "KlossROSp": 3.31651123837375e-07,
    "KprodROSp": 3.7085810443571234e-08,
    "Mp": 1.856358466340647e-07,
    "VmaxICp": 3.2798811559305774e-05,
    "VmaxINp": 2.2898429844709275e-05,
    "gammaDp": 0.1527633740828979,
    "omegaP": 2.994049038575519e-05
}