{
    "KICp": 7.633141729553414,
    "KINp": 0.0105259885142714,
    "KlossROSp": 3.31651123837375e-07,
    "KprodROSp": 3.023700158929519e-08,
    "Mp": 1.856358466340647e-07,
    "VmaxICp": 2.890860635875408e-05,
    "VmaxINp": 3.022609201162788e-05,
    "gammaDp": 0.2244295076507174,
    "omegaP": 3.405555555555556e-05
}