{
    "KICp": 39.56400064632064,
    "KINp": 0.0060338184883669,
    "KlossROSp": 3.31651123837375e-07,
    "KprodROSp": 3.023700158929519e-08,
    "Mp": 1.1754610156852663e-06,
    "VmaxICp": 3.2798811559305774e-05,
    "VmaxINp": 2.198061918754885e-05,
    "gammaDp": 0.1239807219999497,
    "omegaP": 3.3624553855463786e-05
}