{
    "KICp": 289.7619539695232,
    "KINp": 0.0150262423356027,
    "KlossROSp": 2.607369191757168e-06,
    "KprodROSp": 1.921701044872786e-09,
    "Mp": 4.652903580240927e-06,
    "VmaxICp": 3.2798811559305774e-05,
    "VmaxINp": 2.2898429844709275e-05,
    "gammaDp": 0.2552195614131002,
    "omegaP": 3.405555555555556e-05
}