{
    "KICp": 33.23097206561033,
    "KINp": 0.0084908169939982,
    "KlossROSp": 3.31651123837375e-07,
    "KprodROSp": 3.023700158929519e-08,
    "Mp": 5.724967401402019e-06,
    "VmaxICp": 2.4761776658599696e-05,
    "VmaxINp": 2.2898429844709275e-05,
    "gammaDp": 0.2664561151129719,
    "omegaP": 1.27525469030269e-05
}