{
    "KICp": 22.314835506811672,
    "KINp": 0.0045731442847649,
    "KlossROSp": 3.31651123837375e-07,
    "KprodROSp": 3.023700158929519e-08,
    "Mp": 1.712422632110597e-07,
    "VmaxICp": 2.282233004783605e-05,
    "VmaxINp": 2.2898429844709275e-05,
    "gammaDp": 0.5952266213337039,
    "omegaP": 3.405555555555556e-05
}