{
    "KICp": 37.0,
    "KINp": 0.0034617446234956,
    "KlossROSp": 3.111014925669143e-07,
    "KprodROSp": 3.023700158929519e-08,
    "Mp": 1.856358466340647e-07,
    "VmaxICp": 4.893566201241719e-05,
    "VmaxINp": 2.9201363950932885e-05,
    "gammaDp": 0.1053580073225129,
    "omegaP": 3.8715705082006965e-05
}