{
    "KICp": 150.7830210918919,
    "KINp": 0.0139313579371892,
    "KlossROSp": 3.31651123837375e-07,
    "KprodROSp": 3.023700158929519e-08,
    "Mp": 1.3862469708004325e-06,
    "VmaxICp": 3.2798811559305774e-05,
    "VmaxINp": 2.2898429844709275e-05,
    "gammaDp": 0.2544341783472899,
    "omegaP": 3.405555555555556e-05
}