{
    "KICp": 22.90037298898712,
    "KINp": 0.0693311759261698,
    "KlossROSp": 3.31651123837375e-07,
    "KprodROSp": 3.023700158929519e-08,
    "Mp": 7.302454441726395e-07,
    "VmaxICp": 2.8585680542679364e-05,
    "VmaxINp": 2.2898429844709275e-05,
    "gammaDp": 0.3505679394672508,
    "omegaP": 6.19362974719138e-05
}