{
    "KICp": 37.0,
    "KINp": 0.012001284839798,
    "KlossROSp": 7.967767641597585e-07,
    "KprodROSp": 3.023700158929519e-08,
    "Mp": 7.08540906994275e-06,
    "VmaxICp": 3.2798811559305774e-05,
    "VmaxINp": 2.2898429844709275e-05,
    "gammaDp": 0.5140896966820035,
    "omegaP": 3.663652126736128e-06
}