{
    "KICp": 113.6690465325596,
    "KINp": 0.0342437957365022,
    "KlossROSp": 2.0864823122434562e-07,
    "KprodROSp": 3.049503812556275e-08,
    "Mp": 1.0150285989536263e-06,
    "VmaxICp": 3.2798811559305774e-05,
    "VmaxINp": 4.3675471017888624e-05,
    "gammaDp": 0.128649003289796,
    "omegaP": 3.405555555555556e-05
}