{
    "KICp": 248.40571222505287,
    "KINp": 0.0027088032790457,
    "KlossROSp": 3.31651123837375e-07,
    "KprodROSp": 3.023700158929519e-08,
    "Mp": 1.856358466340647e-07,
    "VmaxICp": 3.2798811559305774e-05,
    "VmaxINp": 2.2898429844709275e-05,
    "gammaDp": 0.4862956074290929,
    "omegaP": 6.431643281118647e-05
}