{
    "KICp": 266.1922846733823,
    "KINp": 0.0221398090310596,
    "KlossROSp": 3.31651123837375e-07,
    "KprodROSp": 3.023700158929519e-08,
    "Mp": 2.474892811339706e-06,
    "VmaxICp": 3.2798811559305774e-05,
    "VmaxINp": 4.259022220318884e-05,
    "gammaDp": 0.3251315189548514,
    "omegaP": 3.405555555555556e-05
}