{
    "KICp": 162.4867572647246,
    "KINp": 0.0034617446234956,
    "KlossROSp": 2.8124891403617655e-07,
    "KprodROSp": 3.023700158929519e-08,
    "Mp": 1.830288861897873e-07,
    "VmaxICp": 5.139992472847269e-05,
    "VmaxINp": 2.2898429844709275e-05,
    "gammaDp": 0.4039908935193428,
    "omegaP": 3.405555555555556e-05
}