{
    "KICp": 37.0,
    "KINp": 0.0137071993113871,
    "KlossROSp": 2.502139354742244e-07,
    "KprodROSp": 3.023700158929519e-08,
    "Mp": 4.870906390444809e-07,
    "VmaxICp": 3.2798811559305774e-05,
    "VmaxINp": 2.0392268550837208e-05,
    "gammaDp": 0.8,
    "omegaP": 1.774845909503961e-05
}