{
    "KICp": 122.61350934341732,
    "KINp": 0.0597674372912505,
    "KlossROSp": 3.31651123837375e-07,
    "KprodROSp": 3.023700158929519e-08,
    "Mp": 1.2104218594361043e-06,
    "VmaxICp": 3.2798811559305774e-05,
    "VmaxINp": 2.2898429844709275e-05,
    "gammaDp": 0.1264026819560968,
    "omegaP": 3.405555555555556e-05
}