{
    "KICp": 6.893215916047891,
    "KINp": 0.0037809291570414,
    "KlossROSp": 3.671868181771949e-07,
    "KprodROSp": 3.023700158929519e-08,
    "Mp": 2.742735953340596e-07,
    "VmaxICp": 1.998517357703801e-05,
    "VmaxINp": 2.4781853247868595e-05,
    "gammaDp": 0.8,
    "omegaP": 3.405555555555556e-05
}