{
    "KICp": 135.31239650601609,
    "KINp": 0.0060338184883669,
    "KlossROSp": 3.31651123837375e-07,
    "KprodROSp": 3.023700158929519e-08,
    "Mp": 1.856358466340647e-07,
    "VmaxICp": 2.2952549208437744e-05,
    "VmaxINp": 2.8217989998906263e-05,
    "gammaDp": 0.8,
    "omegaP": 3.3624553855463786e-05
}