{
    "KICp": 6.322504881719448,
    "KINp": 0.0148050845355737,
    "KlossROSp": 3.31651123837375e-07,
    "KprodROSp": 3.023700158929519e-08,
    "Mp": 3.407777215263605e-07,
    "VmaxICp": 3.2798811559305774e-05,
    "VmaxINp": 2.2898429844709275e-05,
    "gammaDp": 0.6556446549843904,
    "omegaP": 3.405555555555556e-05
}