{
    "KICp": 289.7619539695232,
    "KINp": 0.0044411240356049,
    "KlossROSp": 4.182612873100037e-07,
    "KprodROSp": 3.0304700351960284e-08,
    "Mp": 5.467760130381121e-07,
    "VmaxICp": 3.2798811559305774e-05,
    "VmaxINp": 2.2898429844709275e-05,
    "gammaDp": 0.2552195614131002,
    "omegaP": 3.405555555555556e-05
}