{
    "KICp": 37.0,
    "KINp": 0.0555379683467665,
    "KlossROSp": 4.968699845685919e-07,
    "KprodROSp": 2.8056377379412763e-08,
    "Mp": 3.603224508126729e-06,
    "VmaxICp": 3.2798811559305774e-05,
    "VmaxINp": 4.654667943306461e-05,
    "gammaDp": 0.8,
    "omegaP": 4.144709198242599e-05
}