{
    "KICp": 6.5838347038066045,
    "KINp": 0.0034617446234956,
    "KlossROSp": 3.31651123837375e-07,
    "KprodROSp": 3.42622965680206e-08,
    "Mp": 6.64891571944254e-06,
    "VmaxICp": 3.2798811559305774e-05,
    "VmaxINp": 2.2898429844709275e-05,
    "gammaDp": 0.8,
    "omegaP": 7.211801940254677e-06
}