{
    "KICp": 7.966586650594502,
    "KINp": 0.0034617446234956,
    "KlossROSp": 3.5645239613212777e-07,
    "KprodROSp": 2.0371790866876608e-08,
    "Mp": 1.570116267128264e-06,
    "VmaxICp": 3.2913379211855854e-05,
    "VmaxINp": 2.2898429844709275e-05,
    "gammaDp": 0.5232456240656654,
    "omegaP": 3.405555555555556e-05
}