{
    "KICp": 10.434568308313546,
    "KINp": 0.0064496209263682,
    "KlossROSp": 2.36390266550444e-06,
    "KprodROSp": 3.023700158929519e-08,
    "Mp": 5.954016635436394e-06,
    "VmaxICp": 3.0401185819734497e-05,
    "VmaxINp": 2.2898429844709275e-05,
    "gammaDp": 0.8,
    "omegaP": 3.65486438582455e-05
}