{
    "KICp": 11.272068512873956,
    "KINp": 0.0034617446234956,
    "KlossROSp": 5.357228066769984e-07,
    "KprodROSp": 3.023700158929519e-08,
    "Mp": 3.7222462153978655e-06,
    "VmaxICp": 3.2798811559305774e-05,
    "VmaxINp": 2.08414280574227e-05,
    "gammaDp": 0.8,
    "omegaP": 3.405555555555556e-05
}