{
    "KICp": 25.4778980411146,
    "KINp": 0.012336355851295,
    "KlossROSp": 3.31651123837375e-07,
    "KprodROSp": 3.46729727406459e-08,
    "Mp": 6.304278748707713e-07,
    "VmaxICp": 2.97590227831018e-05,
    "VmaxINp": 2.2898429844709275e-05,
    "gammaDp": 0.2829739422544637,
    "omegaP": 3.405555555555556e-05
}