{
    "KICp": 10.67383657259022,
    "KINp": 0.0234566897199986,
    "KlossROSp": 3.31651123837375e-07,
    "KprodROSp": 3.023700158929519e-08,
    "Mp": 4.001513549633095e-07,
    "VmaxICp": 3.2798811559305774e-05,
    "VmaxINp": 2.2898429844709275e-05,
    "gammaDp": 0.7310303080591275,
    "omegaP": 3.405555555555556e-05
}