{
    "KICp": 96.5313974599922,
    "KINp": 0.0224173711433287,
    "KlossROSp": 3.31651123837375e-07,
    "KprodROSp": 3.023700158929519e-08,
    "Mp": 5.593342070282476e-07,
    "VmaxICp": 2.8585680542679364e-05,
    "VmaxINp": 2.2898429844709275e-05,
    "gammaDp": 0.3505679394672508,
    "omegaP": 5.4164327583197607e-05
}