{
    "KICp": 332.0806432941581,
    "KINp": 0.0709214499923384,
    "KlossROSp": 3.31651123837375e-07,
    "KprodROSp": 3.097169801434004e-08,
    "Mp": 1.856358466340647e-07,
    "VmaxICp": 3.2798811559305774e-05,
    "VmaxINp": 3.784531071669004e-05,
    "gammaDp": 0.3063931358658131,
    "omegaP": 3.405555555555556e-05
}