{
    "KICp": 210.98731858367464,
    "KINp": 0.1561695590892677,
    "KlossROSp": 3.31651123837375e-07,
    "KprodROSp": 3.2398197324528905e-08,
    "Mp": 1.520389123135853e-07,
    "VmaxICp": 3.2798811559305774e-05,
    "VmaxINp": 1.93398451649102e-05,
    "gammaDp": 0.8,
    "omegaP": 5.606495815941487e-05
}