{
    "KICp": 54.685244176426586,
    "KINp": 0.0034617446234956,
    "KlossROSp": 2.0864823122434562e-07,
    "KprodROSp": 3.023700158929519e-08,
    "Mp": 5.913005790784891e-07,
    "VmaxICp": 2.8154861423953763e-05,
    "VmaxINp": 4.3675471017888624e-05,
    "gammaDp": 0.8,
    "omegaP": 3.405555555555556e-05
}