{
    "KICp": 7.314198265613909,
    "KINp": 0.0423735425703978,
    "KlossROSp": 3.31651123837375e-07,
    "KprodROSp": 2.9067291740822664e-08,
    "Mp": 3.198318173850437e-06,
    "VmaxICp": 3.2798811559305774e-05,
    "VmaxINp": 2.2898429844709275e-05,
    "gammaDp": 0.8,
    "omegaP": 4.226692766061267e-06
}