{
    "KICp": 125.79049551429593,
    "KINp": 0.0055826704205544,
    "KlossROSp": 3.31651123837375e-07,
    "KprodROSp": 3.023700158929519e-08,
    "Mp": 4.823374905527036e-07,
    "VmaxICp": 3.2798811559305774e-05,
    "VmaxINp": 2.113998038637352e-05,
    "gammaDp": 0.8,
    "omegaP": 2.4213243280779528e-05
}