{
    "KICp": 50.35682345194187,
    "KINp": 0.0026221822786328,
    "KlossROSp": 3.31651123837375e-07,
    "KprodROSp": 1.062826011890368e-08,
    "Mp": 2.0568926554959025e-06,
    "VmaxICp": 3.2798811559305774e-05,
    "VmaxINp": 2.2898429844709275e-05,
    "gammaDp": 0.1108171715387946,
    "omegaP": 3.405555555555556e-05
}