{
    "KICp": 5.083723877228732,
    "KINp": 0.074851434715096,
    "KlossROSp": 3.31651123837375e-07,
    "KprodROSp": 3.023700158929519e-08,
    "Mp": 1.6480654263871e-07,
    "VmaxICp": 2.992544106251793e-05,
    "VmaxINp": 2.2898429844709275e-05,
    "gammaDp": 0.6883685671460967,
    "omegaP": 3.405555555555556e-05
}