{
    "KICp": 75.58868286372984,
    "KINp": 0.0034617446234956,
    "KlossROSp": 1.5509475515964356e-05,
    "KprodROSp": 3.0963586956468094e-08,
    "Mp": 3.214830141754729e-06,
    "VmaxICp": 3.2798811559305774e-05,
    "VmaxINp": 2.2898429844709275e-05,
    "gammaDp": 0.4754745394438023,
    "omegaP": 3.405555555555556e-05
}