{
    "KICp": 84.01745322603043,
    "KINp": 0.075054029775163,
    "KlossROSp": 2.833384378652089e-07,
    "KprodROSp": 3.023700158929519e-08,
    "Mp": 1.856358466340647e-07,
    "VmaxICp": 3.2798811559305774e-05,
    "VmaxINp": 1.963825463284519e-05,
    "gammaDp": 0.2587022614251602,
    "omegaP": 3.405555555555556e-05
}