{
    "KICp": 16.239469474470894,
    "KINp": 0.0304079046718348,
    "KlossROSp": 3.4874985446479928e-06,
    "KprodROSp": 3.023700158929519e-08,
    "Mp": 3.790498468299424e-06,
    "VmaxICp": 3.2798811559305774e-05,
    "VmaxINp": 2.2898429844709275e-05,
    "gammaDp": 0.2957022934810363,
    "omegaP": 4.3926599727986855e-05
}