{
    "KICp": 68.82051060960383,
    "KINp": 0.0067213718519032,
    "KlossROSp": 3.31651123837375e-07,
    "KprodROSp": 3.023700158929519e-08,
    "Mp": 7.241308577921034e-06,
    "VmaxICp": 3.2798811559305774e-05,
    "VmaxINp": 3.1348361079632704e-05,
    "gammaDp": 0.2454002725321722,
    "omegaP": 3.405555555555556e-05
}