{
    "KICp": 18.65812387795591,
    "KINp": 0.0034617446234956,
    "KlossROSp": 3.443276592056488e-07,
    "KprodROSp": 2.628600056062213e-08,
    "Mp": 1.856358466340647e-07,
    "VmaxICp": 3.885821562645101e-05,
    "VmaxINp": 1.4781338141569354e-05,
    "gammaDp": 0.8,
    "omegaP": 3.405555555555556e-05
}