{
    "KICp": 3.7493092108239208,
    "KINp": 0.0027482987952199,
    "KlossROSp": 3.31651123837375e-07,
    "KprodROSp": 3.023700158929519e-08,
    "Mp": 1.856358466340647e-07,
    "VmaxICp": 3.2798811559305774e-05,
    "VmaxINp": 3.5964940048123765e-05,
    "gammaDp": 0.1372751600388499,
    "omegaP": 5.609457583378605e-05
}