{
    "KICp": 207.5472368367376,
    "KINp": 0.0055324813406943,
    "KlossROSp": 3.31651123837375e-07,
    "KprodROSp": 3.023700158929519e-08,
    "Mp": 6.480116461479185e-07,
    "VmaxICp": 3.2798811559305774e-05,
    "VmaxINp": 2.2898429844709275e-05,
    "gammaDp": 0.2394695018686911,
    "omegaP": 3.405555555555556e-05
}