{
    "KICp": 64.60873424750824,
    "KINp": 0.002769493167561,
    "KlossROSp": 3.31651123837375e-07,
    "KprodROSp": 3.023700158929519e-08,
    "Mp": 3.39321266514705e-07,
    "VmaxICp": 3.2798811559305774e-05,
    "VmaxINp": 2.2898429844709275e-05,
    "gammaDp": 0.2415897678376267,
    "omegaP": 0.0001097982817108
}