{
    "KICp": 23.47536183007223,
    "KINp": 0.1192183531178974,
    "KlossROSp": 3.31651123837375e-07,
    "KprodROSp": 3.42622965680206e-08,
    "Mp": 2.644967693725893e-07,
    "VmaxICp": 3.2798811559305774e-05,
    "VmaxINp": 2.2898429844709275e-05,
    "gammaDp": 0.8,
    "omegaP": 3.46396263532939e-05
}