{
    "KICp": 10.434568308313546,
    "KINp": 0.0064496209263682,
    "KlossROSp": 3.31651123837375e-07,
    "KprodROSp": 1.301143288804342e-08,
    "Mp": 4.724629806349649e-06,
    "VmaxICp": 3.2798811559305774e-05,
    "VmaxINp": 2.2898429844709275e-05,
    "gammaDp": 0.1033279348416256,
    "omegaP": 3.65486438582455e-05
}