{
    "KICp": 37.0,
    "KINp": 0.0877437100284748,
    "KlossROSp": 3.31651123837375e-07,
    "KprodROSp": 3.023700158929519e-08,
    "Mp": 1.856358466340647e-07,
    "VmaxICp": 3.424655837557143e-05,
    "VmaxINp": 1.813741068143424e-05,
    "gammaDp": 0.2802317742665641,
    "omegaP": 3.405555555555556e-05
}