{
    "KICp": 3.7493092108239208,
    "KINp": 0.0102872881689731,
    "KlossROSp": 3.867815659276978e-07,
    "KprodROSp": 3.023700158929519e-08,
    "Mp": 3.3916741327818007e-06,
    "VmaxICp": 3.2798811559305774e-05,
    "VmaxINp": 3.784531071669004e-05,
    "gammaDp": 0.8,
    "omegaP": 9.454463021484614e-05
}