{
    "KICp": 37.0,
    "KINp": 0.0139778394942961,
    "KlossROSp": 3.31651123837375e-07,
    "KprodROSp": 3.023700158929519e-08,
    "Mp": 3.472418219942543e-06,
    "VmaxICp": 2.97590227831018e-05,
    "VmaxINp": 2.2898429844709275e-05,
    "gammaDp": 0.45414811139766,
    "omegaP": 3.405555555555556e-05
}