{
    "KICp": 37.0,
    "KINp": 0.012336355851295,
    "KlossROSp": 5.679937783168348e-06,
    "KprodROSp": 2.257166451785316e-09,
    "Mp": 2.150745417468016e-06,
    "VmaxICp": 2.97590227831018e-05,
    "VmaxINp": 2.2898429844709275e-05,
    "gammaDp": 0.2829739422544637,
    "omegaP": 3.405555555555556e-05
}