{
    "KICp": 14.806992969698062,
    "KINp": 0.0866747229400351,
    "KlossROSp": 1.2725179645772604e-05,
    "KprodROSp": 2.5510848352705863e-08,
    "Mp": 6.664735643807212e-06,
    "VmaxICp": 3.2798811559305774e-05,
    "VmaxINp": 2.2898429844709275e-05,
    "gammaDp": 0.8,
    "omegaP": 3.405555555555556e-05
}