{
    "KICp": 42.4127600379101,
    "KINp": 0.0484164966116605,
    "KlossROSp": 2.1251705864474906e-07,
    "KprodROSp": 3.023700158929519e-08,
    "Mp": 7.52100488257156e-07,
    "VmaxICp": 3.2798811559305774e-05,
    "VmaxINp": 2.2898429844709275e-05,
    "gammaDp": 0.5692718366265684,
    "omegaP": 3.405555555555556e-05
}