{
    "KICp": 137.83797755702668,
    "KINp": 0.0034617446234956,
    "KlossROSp": 4.022289824717952e-07,
    "KprodROSp": 3.023700158929519e-08,
    "Mp": 1.1533980150878464e-05,
    "VmaxICp": 3.2798811559305774e-05,
    "VmaxINp": 4.969641017614334e-05,
    "gammaDp": 0.134498967187802,
    "omegaP": 5.034355258722815e-06
}