{
    "KICp": 37.0,
    "KINp": 0.036421240572621,
    "KlossROSp": 3.31651123837375e-07,
    "KprodROSp": 3.023700158929519e-08,
    "Mp": 8.771052387427359e-07,
    "VmaxICp": 3.2798811559305774e-05,
    "VmaxINp": 4.612774109912389e-05,
    "gammaDp": 0.2281431217511685,
    "omegaP": 5.3332490770276527e-05
}