{
    "KICp": 318.2194548018482,
    "KINp": 0.0167371968670327,
    "KlossROSp": 4.727797734483284e-07,
    "KprodROSp": 3.023700158929519e-08,
    "Mp": 1.856358466340647e-07,
    "VmaxICp": 3.2798811559305774e-05,
    "VmaxINp": 2.08414280574227e-05,
    "gammaDp": 0.6083005091461796,
    "omegaP": 3.405555555555556e-05
}