{
    "KICp": 128.49126693158155,
    "KINp": 0.056834784785633,
    "KlossROSp": 3.31651123837375e-07,
    "KprodROSp": 2.0037755622173005e-08,
    "Mp": 2.4003178415850377e-07,
    "VmaxICp": 2.282233004783605e-05,
    "VmaxINp": 3.750701426257172e-05,
    "gammaDp": 0.8,
    "omegaP": 3.405555555555556e-05
}