{
    "KICp": 9.441054034176537,
    "KINp": 0.1117434901788596,
    "KlossROSp": 1.3255204018010594e-05,
    "KprodROSp": 3.023700158929519e-08,
    "Mp": 9.50635589706187e-06,
    "VmaxICp": 2.890860635875408e-05,
    "VmaxINp": 4.850693803475336e-05,
    "gammaDp": 0.8,
    "omegaP": 2.866570044609948e-05
}