{
    "KICp": 37.0,
    "KINp": 0.0053751226071115,
    "KlossROSp": 1.423040156253106e-05,
    "KprodROSp": 3.023700158929519e-08,
    "Mp": 6.200857489016971e-06,
    "VmaxICp": 3.2798811559305774e-05,
    "VmaxINp": 2.2898429844709275e-05,
    "gammaDp": 0.3647194071318819,
    "omegaP": 3.405555555555556e-05
}