{
    "KICp": 94.65431539835872,
    "KINp": 0.0516483820377397,
    "KlossROSp": 3.075957645207585e-07,
    "KprodROSp": 3.023700158929519e-08,
    "Mp": 5.607314123984909e-07,
    "VmaxICp": 3.2798811559305774e-05,
    "VmaxINp": 2.2898429844709275e-05,
    "gammaDp": 0.8,
    "omegaP": 3.405555555555556e-05
}