{
    "KICp": 16.9896102016067,
    "KINp": 0.0353587927568525,
    "KlossROSp": 1.999694849480248e-07,
    "KprodROSp": 3.023700158929519e-08,
    "Mp": 4.376444878700484e-07,
    "VmaxICp": 3.2798811559305774e-05,
    "VmaxINp": 2.2898429844709275e-05,
    "gammaDp": 0.5328956860578362,
    "omegaP": 3.405555555555556e-05
}