{
    "KICp": 99.78254600592328,
    "KINp": 0.0060338184883669,
    "KlossROSp": 3.31651123837375e-07,
    "KprodROSp": 3.023700158929519e-08,
    "Mp": 1.856358466340647e-07,
    "VmaxICp": 3.2798811559305774e-05,
    "VmaxINp": 3.561906470024402e-05,
    "gammaDp": 0.1154237530472363,
    "omegaP": 7.372253603987341e-05
}