{
    "KICp": 150.7061351221278,
    "KINp": 0.0034617446234956,
    "KlossROSp": 3.31651123837375e-07,
    "KprodROSp": 2.0162317212781552e-08,
    "Mp": 6.759966530649629e-06,
    "VmaxICp": 3.2798811559305774e-05,
    "VmaxINp": 2.2898429844709275e-05,
    "gammaDp": 0.2081638521449245,
    "omegaP": 8.23572820491236e-06
}