{
    "KICp": 37.83179833287184,
    "KINp": 0.0101182866534639,
    "KlossROSp": 3.31651123837375e-07,
    "KprodROSp": 3.023700158929519e-08,
    "Mp": 4.282991671964253e-06,
    "VmaxICp": 3.2798811559305774e-05,
    "VmaxINp": 2.2898429844709275e-05,
    "gammaDp": 0.2269438686177537,
    "omegaP": 3.405555555555556e-05
}