{
    "KICp": 11.275491986877162,
    "KINp": 0.0194534338250043,
    "KlossROSp": 3.31651123837375e-07,
    "KprodROSp": 4.18801818691096e-08,
    "Mp": 1.941378107507435e-07,
    "VmaxICp": 3.2798811559305774e-05,
    "VmaxINp": 2.2898429844709275e-05,
    "gammaDp": 0.174512509389048,
    "omegaP": 2.6586374957259912e-05
}