{
    "KICp": 11.275491986877162,
    "KINp": 0.0107785268888108,
    "KlossROSp": 6.282737723201327e-07,
    "KprodROSp": 3.023700158929519e-08,
    "Mp": 7.389761607186191e-06,
    "VmaxICp": 3.2798811559305774e-05,
    "VmaxINp": 2.2898429844709275e-05,
    "gammaDp": 0.174512509389048,
    "omegaP": 4.200700558037333e-06
}