{
    "KICp": 37.0,
    "KINp": 0.0160376933733773,
    "KlossROSp": 2.230008535284374e-07,
    "KprodROSp": 2.1054816180259563e-08,
    "Mp": 1.856358466340647e-07,
    "VmaxICp": 2.890860635875408e-05,
    "VmaxINp": 4.850693803475336e-05,
    "gammaDp": 0.8,
    "omegaP": 3.405555555555556e-05
}