{
    "KICp": 6.410978767390274,
    "KINp": 0.0141306804982368,
    "KlossROSp": 3.31651123837375e-07,
    "KprodROSp": 3.023700158929519e-08,
    "Mp": 2.8363035079622853e-06,
    "VmaxICp": 3.2798811559305774e-05,
    "VmaxINp": 2.2898429844709275e-05,
    "gammaDp": 0.1560804750946715,
    "omegaP": 3.405555555555556e-05
}