{
    "KICp": 284.06541701621614,
    "KINp": 0.0034617446234956,
    "KlossROSp": 2.8124891403617655e-07,
    "KprodROSp": 3.023700158929519e-08,
    "Mp": 3.479886786758586e-06,
    "VmaxICp": 3.2798811559305774e-05,
    "VmaxINp": 2.2898429844709275e-05,
    "gammaDp": 0.4039908935193428,
    "omegaP": 4.7860751300609084e-06
}