{
    "KICp": 18.04631953002814,
    "KINp": 0.0034617446234956,
    "KlossROSp": 3.31651123837375e-07,
    "KprodROSp": 3.023700158929519e-08,
    "Mp": 3.027740905236956e-07,
    "VmaxICp": 2.179240089052696e-05,
    "VmaxINp": 2.2898429844709275e-05,
    "gammaDp": 0.1719394421145024,
    "omegaP": 3.221237504672424e-05
}