{
    "KICp": 34.60072470741174,
    "KINp": 0.0039896337853538,
    "KlossROSp": 3.31651123837375e-07,
    "KprodROSp": 3.023700158929519e-08,
    "Mp": 5.674423278765773e-06,
    "VmaxICp": 3.2798811559305774e-05,
    "VmaxINp": 5.184241983772089e-05,
    "gammaDp": 0.3346060644007645,
    "omegaP": 3.405555555555556e-05
}