{
    "KICp": 64.60873424750824,
    "KINp": 0.0042348007891901,
    "KlossROSp": 3.31651123837375e-07,
    "KprodROSp": 3.882787879696773e-08,
    "Mp": 1.953673964962901e-07,
    "VmaxICp": 3.2798811559305774e-05,
    "VmaxINp": 2.2898429844709275e-05,
    "gammaDp": 0.7926165223340882,
    "omegaP": 0.0001097982817108
}