{
    "KICp": 7.335481529796697,
    "KINp": 0.0034617446234956,
    "KlossROSp": 3.31651123837375e-07,
    "KprodROSp": 3.094396257637254e-09,
    "Mp": 2.479926042665888e-06,
    "VmaxICp": 3.2798811559305774e-05,
    "VmaxINp": 2.2898429844709275e-05,
    "gammaDp": 0.2081638521449245,
    "omegaP": 3.405555555555556e-05
}