{
    "KICp": 10.527710167873702,
    "KINp": 0.0397844695283063,
    "KlossROSp": 6.749162974368127e-07,
    "KprodROSp": 1.1275333962664783e-08,
    "Mp": 2.7747125074289125e-06,
    "VmaxICp": 3.2798811559305774e-05,
    "VmaxINp": 2.2898429844709275e-05,
    "gammaDp": 0.1590017042577661,
    "omegaP": 3.405555555555556e-05
}