{
    "KICp": 98.8222031586767,
    "KINp": 0.004433046839913,
    "KlossROSp": 3.31651123837375e-07,
    "KprodROSp": 4.2673186562810745e-09,
    "Mp": 1.830615104603046e-06,
    "VmaxICp": 3.2798811559305774e-05,
    "VmaxINp": 2.2898429844709275e-05,
    "gammaDp": 0.1034529974003678,
    "omegaP": 3.405555555555556e-05
}