{
    "KICp": 192.5107873014984,
    "KINp": 0.0034617446234956,
    "KlossROSp": 3.31651123837375e-07,
    "KprodROSp": 1.610025254515304e-09,
    "Mp": 3.014390360064558e-06,
    "VmaxICp": 3.2798811559305774e-05,
    "VmaxINp": 3.1348361079632704e-05,
    "gammaDp": 0.3010609138045059,
    "omegaP": 3.405555555555556e-05
}