{
    "KICp": 4.391205489337374,
    "KINp": 0.0034617446234956,
    "KlossROSp": 4.737034377904243e-07,
    "KprodROSp": 4.174831893922298e-08,
    "Mp": 1.856358466340647e-07,
    "VmaxICp": 3.2798811559305774e-05,
    "VmaxINp": 2.2898429844709275e-05,
    "gammaDp": 0.5843420413139533,
    "omegaP": 7.55966503682703e-05
}