{
    "KICp": 7.560026518723755,
    "KINp": 0.0210632616095616,
    "KlossROSp": 9.744164919080887e-07,
    "KprodROSp": 3.023700158929519e-08,
    "Mp": 1.7590801178253913e-06,
    "VmaxICp": 3.2798811559305774e-05,
    "VmaxINp": 3.784531071669004e-05,
    "gammaDp": 0.8,
    "omegaP": 3.405555555555556e-05
}