{
    "KICp": 10.900865363789428,
    "KINp": 0.0077689838148145,
    "KlossROSp": 3.31651123837375e-07,
    "KprodROSp": 6.942184205798552e-10,
    "Mp": 4.024240577279025e-06,
    "VmaxICp": 3.2798811559305774e-05,
    "VmaxINp": 2.2898429844709275e-05,
    "gammaDp": 0.8,
    "omegaP": 3.405555555555556e-05
}