{
    "KICp": 213.69344458418345,
    "KINp": 0.0150262423356027,
    "KlossROSp": 2.0766165537847655e-07,
    "KprodROSp": 3.0304700351960284e-08,
    "Mp": 4.048355552988123e-06,
    "VmaxICp": 3.2798811559305774e-05,
    "VmaxINp": 2.2898429844709275e-05,
    "gammaDp": 0.2552195614131002,
    "omegaP": 3.405555555555556e-05
}