{
    "KICp": 304.49898341945965,
    "KINp": 0.0034617446234956,
    "KlossROSp": 3.111014925669143e-07,
    "KprodROSp": 3.023700158929519e-08,
    "Mp": 2.117588735685602e-06,
    "VmaxICp": 3.2798811559305774e-05,
    "VmaxINp": 2.2898429844709275e-05,
    "gammaDp": 0.1599705860627937,
    "omegaP": 7.680743957732602e-05
}