{
    "KICp": 150.7061351221278,
    "KINp": 0.0034617446234956,
    "KlossROSp": 3.31651123837375e-07,
    "KprodROSp": 2.1102230612377e-08,
    "Mp": 4.2202304500236354e-07,
    "VmaxICp": 3.2798811559305774e-05,
    "VmaxINp": 2.2898429844709275e-05,
    "gammaDp": 0.7538351334957872,
    "omegaP": 6.796744194348843e-05
}