{
    "KICp": 90.1143903044017,
    "KINp": 0.0039896337853538,
    "KlossROSp": 8.261099631780752e-07,
    "KprodROSp": 2.1680917426292883e-09,
    "Mp": 1.9804519438531326e-06,
    "VmaxICp": 3.2798811559305774e-05,
    "VmaxINp": 2.2898429844709275e-05,
    "gammaDp": 0.1289258264098181,
    "omegaP": 3.405555555555556e-05
}