{
    "KICp": 37.0,
    "KINp": 0.0034617446234956,
    "KlossROSp": 1.0524472966125313e-05,
    "KprodROSp": 1.6673347966285258e-08,
    "Mp": 2.292382614920352e-06,
    "VmaxICp": 3.2798811559305774e-05,
    "VmaxINp": 2.2898429844709275e-05,
    "gammaDp": 0.3694705224993329,
    "omegaP": 7.680743957732602e-05
}