{
    "KICp": 32.84781787385963,
    "KINp": 0.011941787038072,
    "KlossROSp": 3.3268891263660044e-07,
    "KprodROSp": 3.023700158929519e-08,
    "Mp": 3.040635019917441e-06,
    "VmaxICp": 3.2798811559305774e-05,
    "VmaxINp": 2.2898429844709275e-05,
    "gammaDp": 0.1302686746155359,
    "omegaP": 3.405555555555556e-05
}