{
    "KICp": 330.14491986573097,
    "KINp": 0.002287479808211,
    "KlossROSp": 4.17519625147991e-07,
    "KprodROSp": 3.023700158929519e-08,
    "Mp": 1.856358466340647e-07,
    "VmaxICp": 3.214454500413669e-05,
    "VmaxINp": 2.2898429844709275e-05,
    "gammaDp": 0.8,
    "omegaP": 5.655983122804989e-05
}