{
    "KICp": 21.18206141592828,
    "KINp": 0.0149272984497638,
    "KlossROSp": 3.31651123837375e-07,
    "KprodROSp": 3.023700158929519e-08,
    "Mp": 1.0067746980348202e-06,
    "VmaxICp": 3.2798811559305774e-05,
    "VmaxINp": 4.248123927233086e-05,
    "gammaDp": 0.8,
    "omegaP": 3.405555555555556e-05
}