{
    "KICp": 37.0,
    "KINp": 0.0138013419566664,
    "KlossROSp": 3.31651123837375e-07,
    "KprodROSp": 3.023700158929519e-08,
    "Mp": 1.331885851803058e-06,
    "VmaxICp": 2.417314954731597e-05,
    "VmaxINp": 2.2898429844709275e-05,
    "gammaDp": 0.2538871930633977,
    "omegaP": 3.405555555555556e-05
}