{
    "KICp": 3.7493092108239208,
    "KINp": 0.0709214499923384,
    "KlossROSp": 3.0270748370729656e-07,
    "KprodROSp": 3.023700158929519e-08,
    "Mp": 2.3050613491622246e-07,
    "VmaxICp": 3.2798811559305774e-05,
    "VmaxINp": 3.784531071669004e-05,
    "gammaDp": 0.6564294057147925,
    "omegaP": 3.405555555555556e-05
}