{
    "KICp": 37.0,
    "KINp": 0.0065333723859351,
    "KlossROSp": 2.174829944739407e-07,
    "KprodROSp": 2.0358558808509732e-08,
    "Mp": 5.053712904798884e-07,
    "VmaxICp": 3.2798811559305774e-05,
    "VmaxINp": 2.2898429844709275e-05,
    "gammaDp": 0.1508643810129926,
    "omegaP": 3.405555555555556e-05
}