{
    "KICp": 9.004575975150786,
    "KINp": 0.0137071993113871,
    "KlossROSp": 2.502139354742244e-07,
    "KprodROSp": 3.023700158929519e-08,
    "Mp": 2.70232059513632e-07,
    "VmaxICp": 3.2798811559305774e-05,
    "VmaxINp": 2.2898429844709275e-05,
    "gammaDp": 0.1023104606578736,
    "omegaP": 4.817944042425668e-05
}