{
    "KICp": 88.65969962926415,
    "KINp": 0.0085274811508213,
    "KlossROSp": 3.31651123837375e-07,
    "KprodROSp": 3.426710823412686e-08,
    "Mp": 1.123295048652083e-06,
    "VmaxICp": 3.2798811559305774e-05,
    "VmaxINp": 2.485780704586488e-05,
    "gammaDp": 0.8,
    "omegaP": 3.277164275871568e-05
}