{
    "KICp": 37.0,
    "KINp": 0.0034617446234956,
    "KlossROSp": 3.31651123837375e-07,
    "KprodROSp": 9.8806341043602e-10,
    "Mp": 3.2131898537863468e-06,
    "VmaxICp": 2.8585680542679364e-05,
    "VmaxINp": 2.2898429844709275e-05,
    "gammaDp": 0.2468448934531508,
    "omegaP": 3.405555555555556e-05
}