{
    "KICp": 9.939079456347717,
    "KINp": 0.020916122869156,
    "KlossROSp": 3.31651123837375e-07,
    "KprodROSp": 3.649397188921705e-08,
    "Mp": 2.229311872979221e-07,
    "VmaxICp": 1.7671135695545546e-05,
    "VmaxINp": 4.2852743977029765e-05,
    "gammaDp": 0.8,
    "omegaP": 3.405555555555556e-05
}