{
    "KICp": 37.0,
    "KINp": 0.0034617446234956,
    "KlossROSp": 3.83789658329888e-07,
    "KprodROSp": 2.6146927808142424e-08,
    "Mp": 3.7805365807085617e-07,
    "VmaxICp": 3.2798811559305774e-05,
    "VmaxINp": 4.954207956688253e-05,
    "gammaDp": 0.1748614142445659,
    "omegaP": 0.0001245833712351
}