{
    "KICp": 18.3989328361662,
    "KINp": 0.0417407669483514,
    "KlossROSp": 2.9335914017885416e-07,
    "KprodROSp": 3.023700158929519e-08,
    "Mp": 6.212683745365237e-07,
    "VmaxICp": 3.214454500413669e-05,
    "VmaxINp": 2.2898429844709275e-05,
    "gammaDp": 0.3210338444202021,
    "omegaP": 3.405555555555556e-05
}