{
    "KICp": 190.9285859829615,
    "KINp": 0.104992826702399,
    "KlossROSp": 3.31651123837375e-07,
    "KprodROSp": 2.6146927808142424e-08,
    "Mp": 3.7805365807085617e-07,
    "VmaxICp": 3.2798811559305774e-05,
    "VmaxINp": 4.127604087383133e-05,
    "gammaDp": 0.1748614142445659,
    "omegaP": 3.405555555555556e-05
}