{
    "KICp": 26.77293486816962,
    "KINp": 0.1013648924638548,
    "KlossROSp": 2.6265574646110364e-07,
    "KprodROSp": 3.023700158929519e-08,
    "Mp": 4.396235627713097e-07,
    "VmaxICp": 3.2798811559305774e-05,
    "VmaxINp": 2.2898429844709275e-05,
    "gammaDp": 0.1044396981245752,
    "omegaP": 3.405555555555556e-05
}