{
    "KICp": 37.0,
    "KINp": 0.06538606323771,
    "KlossROSp": 3.31651123837375e-07,
    "KprodROSp": 3.023700158929519e-08,
    "Mp": 1.3024537998192054e-06,
    "VmaxICp": 3.2798811559305774e-05,
    "VmaxINp": 2.1729360813962843e-05,
    "gammaDp": 0.1501547452627543,
    "omegaP": 6.078223967197416e-05
}