{
    "KICp": 37.0,
    "KINp": 0.133890082396578,
    "KlossROSp": 3.31651123837375e-07,
    "KprodROSp": 3.023700158929519e-08,
    "Mp": 2.175642619913185e-06,
    "VmaxICp": 3.2798811559305774e-05,
    "VmaxINp": 4.654667943306461e-05,
    "gammaDp": 0.7053516172625071,
    "omegaP": 7.275475582832098e-05
}