{
    "KICp": 58.623836548904094,
    "KINp": 0.0034617446234956,
    "KlossROSp": 3.3268891263660044e-07,
    "KprodROSp": 3.023700158929519e-08,
    "Mp": 7.740556239420327e-07,
    "VmaxICp": 3.2798811559305774e-05,
    "VmaxINp": 3.1010806300012234e-05,
    "gammaDp": 0.8704993865492797,
    "omegaP": 3.405555555555556e-05
}