{
    "KICp": 4.511196925344214,
    "KINp": 0.1929787791267438,
    "KlossROSp": 3.31651123837375e-07,
    "KprodROSp": 6.784882381378996e-10,
    "Mp": 2.29947395031008e-06,
    "VmaxICp": 2.9921436111531427e-05,
    "VmaxINp": 2.2898429844709275e-05,
    "gammaDp": 0.8,
    "omegaP": 3.224355735596117e-05
}