{
    "KICp": 11.95953782580512,
    "KINp": 0.0304079046718348,
    "KlossROSp": 1.2615033577913512e-06,
    "KprodROSp": 9.854646457447075e-10,
    "Mp": 6.563751982444908e-06,
    "VmaxICp": 3.2798811559305774e-05,
    "VmaxINp": 2.2898429844709275e-05,
    "gammaDp": 0.2957022934810363,
    "omegaP": 1.921554262604279e-05
}