{
    "KICp": 67.92524530901201,
    "KINp": 0.0484164966116605,
    "KlossROSp": 3.31651123837375e-07,
    "KprodROSp": 1.446527688573531e-09,
    "Mp": 5.28899412911548e-06,
    "VmaxICp": 3.2798811559305774e-05,
    "VmaxINp": 2.2898429844709275e-05,
    "gammaDp": 0.5692718366265684,
    "omegaP": 1.349103921323392e-05
}