{
    "KICp": 105.2162111183568,
    "KINp": 0.1144198300344653,
    "KlossROSp": 3.31651123837375e-07,
    "KprodROSp": 3.023700158929519e-08,
    "Mp": 1.4291885632872356e-06,
    "VmaxICp": 3.2798811559305774e-05,
    "VmaxINp": 2.2898429844709275e-05,
    "gammaDp": 0.2308861550587676,
    "omegaP": 3.286178236608804e-05
}