{
    "KICp": 6.632785175700399,
    "KINp": 0.0034617446234956,
    "KlossROSp": 2.009992665644728e-06,
    "KprodROSp": 3.023700158929519e-08,
    "Mp": 2.2585767028456568e-06,
    "VmaxICp": 3.2798811559305774e-05,
    "VmaxINp": 4.2852743977029765e-05,
    "gammaDp": 0.8,
    "omegaP": 6.22621071862009e-05
}