{
    "KICp": 37.0,
    "KINp": 0.0028977078890991,
    "KlossROSp": 3.31651123837375e-07,
    "KprodROSp": 3.023700158929519e-08,
    "Mp": 4.672284650252395e-07,
    "VmaxICp": 2.890860635875408e-05,
    "VmaxINp": 4.850693803475336e-05,
    "gammaDp": 0.2096040089690826,
    "omegaP": 3.405555555555556e-05
}