{
    "KICp": 237.29603785189417,
    "KINp": 0.0034617446234956,
    "KlossROSp": 3.31651123837375e-07,
    "KprodROSp": 2.151389252639684e-09,
    "Mp": 3.904719678655951e-06,
    "VmaxICp": 3.2798811559305774e-05,
    "VmaxINp": 2.7925885298047755e-05,
    "gammaDp": 0.3063288345592813,
    "omegaP": 3.405555555555556e-05
}