{
    "KICp": 7.966586650594502,
    "KINp": 0.0117429050701835,
    "KlossROSp": 3.31651123837375e-07,
    "KprodROSp": 3.023700158929519e-08,
    "Mp": 3.155280862599153e-07,
    "VmaxICp": 1.9085099075749528e-05,
    "VmaxINp": 2.2898429844709275e-05,
    "gammaDp": 0.2220600971551008,
    "omegaP": 3.405555555555556e-05
}