{
    "KICp": 36.33159544028563,
    "KINp": 0.0034617446234956,
    "KlossROSp": 3.31651123837375e-07,
    "KprodROSp": 1.780983289464347e-09,
    "Mp": 3.1717701906603544e-06,
    "VmaxICp": 3.2798811559305774e-05,
    "VmaxINp": 2.2898429844709275e-05,
    "gammaDp": 0.8426292603708996,
    "omegaP": 4.639083480610428e-06
}