{
    "KICp": 43.79883907651972,
    "KINp": 0.0061831542772938,
    "KlossROSp": 3.31651123837375e-07,
    "KprodROSp": 3.023700158929519e-08,
    "Mp": 2.398284793829925e-07,
    "VmaxICp": 3.2798811559305774e-05,
    "VmaxINp": 2.014442392615517e-05,
    "gammaDp": 0.2397318656625485,
    "omegaP": 3.405555555555556e-05
}