{
    "KICp": 71.6530217683629,
    "KINp": 0.1757863866913245,
    "KlossROSp": 3.31651123837375e-07,
    "KprodROSp": 3.023700158929519e-08,
    "Mp": 1.856358466340647e-07,
    "VmaxICp": 3.2798811559305774e-05,
    "VmaxINp": 2.2898429844709275e-05,
    "gammaDp": 0.2503816374029846,
    "omegaP": 7.542707113002485e-05
}