{
    "KICp": 141.6501148906135,
    "KINp": 0.036421240572621,
    "KlossROSp": 3.31651123837375e-07,
    "KprodROSp": 3.023700158929519e-08,
    "Mp": 1.6054588229025409e-07,
    "VmaxICp": 3.2798811559305774e-05,
    "VmaxINp": 1.813741068143424e-05,
    "gammaDp": 0.265924178349414,
    "omegaP": 3.405555555555556e-05
}