{
    "KICp": 10.6348983790734,
    "KINp": 0.006346338847146,
    "KlossROSp": 3.31651123837375e-07,
    "KprodROSp": 3.023700158929519e-08,
    "Mp": 2.6493956167294214e-07,
    "VmaxICp": 3.2798811559305774e-05,
    "VmaxINp": 2.7644250059016704e-05,
    "gammaDp": 0.1560804750946715,
    "omegaP": 3.405555555555556e-05
}