{
    "KICp": 4.276693552636214,
    "KINp": 0.0034617446234956,
    "KlossROSp": 4.194064307280895e-07,
    "KprodROSp": 3.023700158929519e-08,
    "Mp": 1.856358466340647e-07,
    "VmaxICp": 3.2798811559305774e-05,
    "VmaxINp": 2.7925885298047755e-05,
    "gammaDp": 0.1382704036944824,
    "omegaP": 3.405555555555556e-05
}