{
    "KICp": 113.6690465325596,
    "KINp": 0.1138746737137147,
    "KlossROSp": 2.0864823122434562e-07,
    "KprodROSp": 3.023700158929519e-08,
    "Mp": 1.856358466340647e-07,
    "VmaxICp": 3.2798811559305774e-05,
    "VmaxINp": 2.997362634571788e-05,
    "gammaDp": 0.4040057847735898,
    "omegaP": 3.405555555555556e-05
}