{
    "KICp": 9.518399989946095,
    "KINp": 0.0026701320263598,
    "KlossROSp": 4.2974916114651083e-07,
    "KprodROSp": 4.0966190824756343e-08,
    "Mp": 1.6065358913808392e-06,
    "VmaxICp": 3.2798811559305774e-05,
    "VmaxINp": 2.2898429844709275e-05,
    "gammaDp": 0.1547754225812663,
    "omegaP": 3.405555555555556e-05
}