{
    "KICp": 35.15890454567383,
    "KINp": 0.0101289338826674,
    "KlossROSp": 1.4693179232796156e-05,
    "KprodROSp": 3.023700158929519e-08,
    "Mp": 7.79149517274125e-06,
    "VmaxICp": 3.2798811559305774e-05,
    "VmaxINp": 2.113998038637352e-05,
    "gammaDp": 0.8,
    "omegaP": 1.6755728753516864e-05
}