{
    "KICp": 207.5472368367376,
    "KINp": 0.0608238331035977,
    "KlossROSp": 3.31651123837375e-07,
    "KprodROSp": 2.141494451971393e-08,
    "Mp": 1.8234842406520828e-06,
    "VmaxICp": 3.2798811559305774e-05,
    "VmaxINp": 2.2898429844709275e-05,
    "gammaDp": 0.8,
    "omegaP": 6.631442497788284e-05
}