{
    "KICp": 36.359406136267104,
    "KINp": 0.0034617446234956,
    "KlossROSp": 2.790027896422194e-07,
    "KprodROSp": 9.543670091377324e-09,
    "Mp": 2.5263819244163863e-06,
    "VmaxICp": 3.2798811559305774e-05,
    "VmaxINp": 2.2898429844709275e-05,
    "gammaDp": 0.1041740091781751,
    "omegaP": 3.405555555555556e-05
}