{
    "KICp": 48.79712781107866,
    "KINp": 0.1785133150831155,
    "KlossROSp": 3.31651123837375e-07,
    "KprodROSp": 3.023700158929519e-08,
    "Mp": 1.856358466340647e-07,
    "VmaxICp": 3.2798811559305774e-05,
    "VmaxINp": 2.7925885298047755e-05,
    "gammaDp": 0.1370507044246192,
    "omegaP": 0.0001012624470849
}