{
    "KICp": 6.322504881719448,
    "KINp": 0.0131263238006723,
    "KlossROSp": 3.31651123837375e-07,
    "KprodROSp": 3.969664535854308e-08,
    "Mp": 1.856358466340647e-07,
    "VmaxICp": 1.7268938649233163e-05,
    "VmaxINp": 2.2898429844709275e-05,
    "gammaDp": 0.6681132239693528,
    "omegaP": 3.405555555555556e-05
}