{
    "KICp": 16.127910774028617,
    "KINp": 0.0205418735758678,
    "KlossROSp": 3.31651123837375e-07,
    "KprodROSp": 3.7085810443571234e-08,
    "Mp": 6.609377516986876e-06,
    "VmaxICp": 3.2798811559305774e-05,
    "VmaxINp": 2.2898429844709275e-05,
    "gammaDp": 0.1309255073954251,
    "omegaP": 3.405555555555556e-05
}