{
    "KICp": 8.438842551255316,
    "KINp": 0.0034830587090014,
    "KlossROSp": 3.31651123837375e-07,
    "KprodROSp": 3.023700158929519e-08,
    "Mp": 4.001513549633095e-07,
    "VmaxICp": 2.570843601975825e-05,
    "VmaxINp": 2.2898429844709275e-05,
    "gammaDp": 0.2535694113490512,
    "omegaP": 3.405555555555556e-05
}