{
    "KICp": 37.0,
    "KINp": 0.0408073173570778,
    "KlossROSp": 3.31651123837375e-07,
    "KprodROSp": 3.023700158929519e-08,
    "Mp": 4.001513549633095e-07,
    "VmaxICp": 3.2798811559305774e-05,
    "VmaxINp": 2.2898429844709275e-05,
    "gammaDp": 0.4189400358263512,
    "omegaP": 3.771344349392957e-05
}