{
    "KICp": 4.9000639922852,
    "KINp": 0.036421240572621,
    "KlossROSp": 3.31651123837375e-07,
    "KprodROSp": 2.205710887542849e-08,
    "Mp": 3.80464671814404e-07,
    "VmaxICp": 3.2798811559305774e-05,
    "VmaxINp": 1.813741068143424e-05,
    "gammaDp": 0.2281431217511685,
    "omegaP": 3.405555555555556e-05
}