{
    "KICp": 30.870554836375742,
    "KINp": 0.0609651305445159,
    "KlossROSp": 2.8124891403617655e-07,
    "KprodROSp": 3.023700158929519e-08,
    "Mp": 1.856358466340647e-07,
    "VmaxICp": 3.2798811559305774e-05,
    "VmaxINp": 3.869358601013461e-05,
    "gammaDp": 0.4039908935193428,
    "omegaP": 3.405555555555556e-05
}