{
    "KICp": 7.674255558491449,
    "KINp": 0.0034617446234956,
    "KlossROSp": 3.31651123837375e-07,
    "KprodROSp": 3.023700158929519e-08,
    "Mp": 1.856358466340647e-07,
    "VmaxICp": 2.5686489344835992e-05,
    "VmaxINp": 3.1348361079632704e-05,
    "gammaDp": 0.1744423742221865,
    "omegaP": 3.405555555555556e-05
}