{
    "KICp": 151.7198162200066,
    "KINp": 0.0034617446234956,
    "KlossROSp": 3.31651123837375e-07,
    "KprodROSp": 3.023700158929519e-08,
    "Mp": 1.4375570824052978e-06,
    "VmaxICp": 3.764345025347911e-05,
    "VmaxINp": 3.4919488599262404e-05,
    "gammaDp": 0.7538693072244912,
    "omegaP": 3.405555555555556e-05
}