{
    "KICp": 15.86394651065924,
    "KINp": 0.0133183300343945,
    "KlossROSp": 3.31651123837375e-07,
    "KprodROSp": 2.5529295752371683e-08,
    "Mp": 1.856358466340647e-07,
    "VmaxICp": 3.2798811559305774e-05,
    "VmaxINp": 2.2898429844709275e-05,
    "gammaDp": 0.1734421312216315,
    "omegaP": 5.0627558504029626e-05
}