{
    "KICp": 187.011180020424,
    "KINp": 0.0034617446234956,
    "KlossROSp": 3.283836109676773e-07,
    "KprodROSp": 4.184143306943344e-08,
    "Mp": 1.856358466340647e-07,
    "VmaxICp": 3.2798811559305774e-05,
    "VmaxINp": 2.2898429844709275e-05,
    "gammaDp": 0.2178474119152708,
    "omegaP": 7.680743957732602e-05
}