{
    "KICp": 28.92002722782521,
    "KINp": 0.0228770249913485,
    "KlossROSp": 3.31651123837375e-07,
    "KprodROSp": 1.1536798108164317e-08,
    "Mp": 3.813019030273136e-06,
    "VmaxICp": 3.2798811559305774e-05,
    "VmaxINp": 2.2898429844709275e-05,
    "gammaDp": 0.1508643810129926,
    "omegaP": 3.405555555555556e-05
}