{
    "KICp": 3.9422624948665184,
    "KINp": 0.1929787791267438,
    "KlossROSp": 3.31651123837375e-07,
    "KprodROSp": 6.242193951998891e-09,
    "Mp": 4.232851840669245e-06,
    "VmaxICp": 2.9921436111531427e-05,
    "VmaxINp": 2.2898429844709275e-05,
    "gammaDp": 0.1724004034214713,
    "omegaP": 3.224355735596117e-05
}