{
    "KICp": 37.0,
    "KINp": 0.0355295096947909,
    "KlossROSp": 9.309958209653592e-07,
    "KprodROSp": 3.42622965680206e-08,
    "Mp": 2.202828060656194e-06,
    "VmaxICp": 3.2798811559305774e-05,
    "VmaxINp": 2.2898429844709275e-05,
    "gammaDp": 0.8,
    "omegaP": 3.46396263532939e-05
}