{
    "KICp": 37.0,
    "KINp": 0.167891713417522,
    "KlossROSp": 1.1683880204216882e-06,
    "KprodROSp": 3.023700158929519e-08,
    "Mp": 1.4614803754876805e-06,
    "VmaxICp": 3.2798811559305774e-05,
    "VmaxINp": 2.014442392615517e-05,
    "gammaDp": 0.2629059681606593,
    "omegaP": 3.405555555555556e-05
}