{
    "KICp": 341.0854104974902,
    "KINp": 0.0034617446234956,
    "KlossROSp": 3.2649804332589733e-06,
    "KprodROSp": 1.313912397425852e-09,
    "Mp": 4.9158091187105775e-06,
    "VmaxICp": 3.2798811559305774e-05,
    "VmaxINp": 2.915167564074245e-05,
    "gammaDp": 0.3427981359088115,
    "omegaP": 3.405555555555556e-05
}