{
    "KICp": 3.7493092108239208,
    "KINp": 0.0030720181857446,
    "KlossROSp": 5.9302497190011215e-06,
    "KprodROSp": 3.023700158929519e-08,
    "Mp": 7.367424567671894e-06,
    "VmaxICp": 3.2798811559305774e-05,
    "VmaxINp": 3.784531071669004e-05,
    "gammaDp": 0.8,
    "omegaP": 1.6133037585497245e-05
}