{
    "KICp": 122.61350934341732,
    "KINp": 0.0136861924369433,
    "KlossROSp": 3.31651123837375e-07,
    "KprodROSp": 3.023700158929519e-08,
    "Mp": 2.510384095328337e-06,
    "VmaxICp": 3.2798811559305774e-05,
    "VmaxINp": 2.2898429844709275e-05,
    "gammaDp": 0.4187652029180456,
    "omegaP": 4.766710305258439e-06
}