{
    "KICp": 37.0,
    "KINp": 0.0029482263582558,
    "KlossROSp": 3.31651123837375e-07,
    "KprodROSp": 2.437242098305307e-09,
    "Mp": 2.8154558570741186e-06,
    "VmaxICp": 3.2798811559305774e-05,
    "VmaxINp": 2.2898429844709275e-05,
    "gammaDp": 0.2544341783472899,
    "omegaP": 3.737650813940145e-05
}