{
    "KICp": 10.527710167873702,
    "KINp": 0.0253307944411182,
    "KlossROSp": 2.752359601671921e-07,
    "KprodROSp": 3.023700158929519e-08,
    "Mp": 1.856358466340647e-07,
    "VmaxICp": 3.2798811559305774e-05,
    "VmaxINp": 2.2898429844709275e-05,
    "gammaDp": 0.7589900078238084,
    "omegaP": 3.405555555555556e-05
}