{
    "KICp": 23.258341343778486,
    "KINp": 0.0034617446234956,
    "KlossROSp": 2.5954848746953745e-07,
    "KprodROSp": 3.023700158929519e-08,
    "Mp": 3.226122219015434e-06,
    "VmaxICp": 3.2798811559305774e-05,
    "VmaxINp": 4.19640511775796e-05,
    "gammaDp": 0.8,
    "omegaP": 9.63891353582998e-06
}