{
    "KICp": 15.198315220854186,
    "KINp": 0.0111680126675989,
    "KlossROSp": 3.31651123837375e-07,
    "KprodROSp": 3.023700158929519e-08,
    "Mp": 4.396235627713097e-07,
    "VmaxICp": 3.2798811559305774e-05,
    "VmaxINp": 2.2898429844709275e-05,
    "gammaDp": 0.1557109380094529,
    "omegaP": 3.405555555555556e-05
}