{
    "KICp": 283.7028021019481,
    "KINp": 0.0031776922948924,
    "KlossROSp": 6.31200500132042e-06,
    "KprodROSp": 3.023700158929519e-08,
    "Mp": 2.6985163154821376e-06,
    "VmaxICp": 3.2798811559305774e-05,
    "VmaxINp": 2.2898429844709275e-05,
    "gammaDp": 0.5140896966820035,
    "omegaP": 2.968971658897997e-05
}