{
    "KICp": 7.843259182926483,
    "KINp": 0.012336355851295,
    "KlossROSp": 3.31651123837375e-07,
    "KprodROSp": 6.931844654992221e-09,
    "Mp": 4.164232402714402e-06,
    "VmaxICp": 3.145028707206611e-05,
    "VmaxINp": 2.2898429844709275e-05,
    "gammaDp": 0.2829739422544637,
    "omegaP": 3.405555555555556e-05
}