{
    "KICp": 37.0,
    "KINp": 0.0029482263582558,
    "KlossROSp": 3.221951253938399e-07,
    "KprodROSp": 3.023700158929519e-08,
    "Mp": 1.732161398106908e-07,
    "VmaxICp": 3.518604405410198e-05,
    "VmaxINp": 3.667659790556526e-05,
    "gammaDp": 0.2544341783472899,
    "omegaP": 3.405555555555556e-05
}