{
    "KICp": 40.83559680682034,
    "KINp": 0.0034617446234956,
    "KlossROSp": 3.31651123837375e-07,
    "KprodROSp": 1.2057001004474114e-08,
    "Mp": 1.87703344463104e-06,
    "VmaxICp": 3.2798811559305774e-05,
    "VmaxINp": 2.2898429844709275e-05,
    "gammaDp": 0.8,
    "omegaP": 2.84294840171325e-05
}