{
    "KICp": 59.53080068918124,
    "KINp": 0.0147970568906344,
    "KlossROSp": 3.31651123837375e-07,
    "KprodROSp": 2.6954518220730934e-08,
    "Mp": 2.75527464139112e-07,
    "VmaxICp": 3.2798811559305774e-05,
    "VmaxINp": 2.2898429844709275e-05,
    "gammaDp": 0.8,
    "omegaP": 3.405555555555556e-05
}