{
    "KICp": 37.0,
    "KINp": 0.0299065494949508,
    "KlossROSp": 5.973442286682127e-07,
    "KprodROSp": 3.023700158929519e-08,
    "Mp": 2.424187073445393e-06,
    "VmaxICp": 3.673522754613745e-05,
    "VmaxINp": 2.2898429844709275e-05,
    "gammaDp": 0.8,
    "omegaP": 1.807773338425225e-05
}