{
    "KICp": 16.447251304461716,
    "KINp": 0.004433046839913,
    "KlossROSp": 1.5736938253047872e-06,
    "KprodROSp": 6.363734040768279e-10,
    "Mp": 2.6051449246793e-06,
    "VmaxICp": 3.2798811559305774e-05,
    "VmaxINp": 2.2898429844709275e-05,
    "gammaDp": 0.8,
    "omegaP": 3.405555555555556e-05
}