{
    "KICp": 3.763534886909445,
    "KINp": 0.0026719442465206,
    "KlossROSp": 1.6414735420798968e-05,
    "KprodROSp": 1.4213500890786112e-08,
    "Mp": 3.12461590584564e-06,
    "VmaxICp": 3.2798811559305774e-05,
    "VmaxINp": 1.8090084518148707e-05,
    "gammaDp": 0.8,
    "omegaP": 8.846995563727313e-05
}