{
    "KICp": 9.755848561379146,
    "KINp": 0.0028387862086122,
    "KlossROSp": 3.056163033514784e-07,
    "KprodROSp": 2.8108467308064764e-08,
    "Mp": 1.856358466340647e-07,
    "VmaxICp": 3.2798811559305774e-05,
    "VmaxINp": 2.08414280574227e-05,
    "gammaDp": 0.8,
    "omegaP": 3.405555555555556e-05
}