{
    "KICp": 7.966586650594502,
    "KINp": 0.0034617446234956,
    "KlossROSp": 2.394058312556512e-07,
    "KprodROSp": 3.023700158929519e-08,
    "Mp": 3.155280862599153e-07,
    "VmaxICp": 2.6024166926676542e-05,
    "VmaxINp": 1.518942767955912e-05,
    "gammaDp": 0.1611763687115484,
    "omegaP": 2.9953899726964e-05
}