{
    "KICp": 37.0,
    "KINp": 0.1929787791267438,
    "KlossROSp": 3.31651123837375e-07,
    "KprodROSp": 2.475742496004276e-08,
    "Mp": 2.3703993966985025e-07,
    "VmaxICp": 2.9921436111531427e-05,
    "VmaxINp": 2.2898429844709275e-05,
    "gammaDp": 0.4694462179281594,
    "omegaP": 3.224355735596117e-05
}