{
    "KICp": 13.125959800052035,
    "KINp": 0.0089559280292737,
    "KlossROSp": 3.31651123837375e-07,
    "KprodROSp": 3.023700158929519e-08,
    "Mp": 1.856358466340647e-07,
    "VmaxICp": 3.2798811559305774e-05,
    "VmaxINp": 4.259022220318884e-05,
    "gammaDp": 0.2040483398814326,
    "omegaP": 8.92308667406578e-05
}