{
    "KICp": 62.26681751810083,
    "KINp": 0.0045731442847649,
    "KlossROSp": 3.31651123837375e-07,
    "KprodROSp": 3.023700158929519e-08,
    "Mp": 1.3191833175890853e-07,
    "VmaxICp": 4.7079748861130605e-05,
    "VmaxINp": 2.2898429844709275e-05,
    "gammaDp": 0.8,
    "omegaP": 3.405555555555556e-05
}