{
    "KICp": 59.05357897375522,
    "KINp": 0.0107380502999852,
    "KlossROSp": 3.31651123837375e-07,
    "KprodROSp": 3.023700158929519e-08,
    "Mp": 1.856358466340647e-07,
    "VmaxICp": 1.921644267177173e-05,
    "VmaxINp": 2.2898429844709275e-05,
    "gammaDp": 0.114577012407451,
    "omegaP": 3.405555555555556e-05
}