{
    "KICp": 207.5472368367376,
    "KINp": 0.0078928822045738,
    "KlossROSp": 3.31651123837375e-07,
    "KprodROSp": 3.023700158929519e-08,
    "Mp": 4.541838789334645e-07,
    "VmaxICp": 2.3575265304071152e-05,
    "VmaxINp": 2.2898429844709275e-05,
    "gammaDp": 0.581777896335463,
    "omegaP": 3.405555555555556e-05
}