{
    "KICp": 6.175604933538111,
    "KINp": 0.0034617446234956,
    "KlossROSp": 2.0795712947199802e-07,
    "KprodROSp": 3.023700158929519e-08,
    "Mp": 3.027740905236956e-07,
    "VmaxICp": 3.2798811559305774e-05,
    "VmaxINp": 2.2898429844709275e-05,
    "gammaDp": 0.4750590530436934,
    "omegaP": 3.405555555555556e-05
}