{
    "KICp": 38.70688508249816,
    "KINp": 0.0034617446234956,
    "KlossROSp": 5.08636632933678e-07,
    "KprodROSp": 2.628600056062213e-08,
    "Mp": 6.388409102672205e-06,
    "VmaxICp": 3.2798811559305774e-05,
    "VmaxINp": 2.2898429844709275e-05,
    "gammaDp": 0.8,
    "omegaP": 3.405555555555556e-05
}