{
    "KICp": 88.1195198699266,
    "KINp": 0.0921737725993897,
    "KlossROSp": 2.595798239283646e-07,
    "KprodROSp": 3.023700158929519e-08,
    "Mp": 1.856358466340647e-07,
    "VmaxICp": 3.2798811559305774e-05,
    "VmaxINp": 2.2898429844709275e-05,
    "gammaDp": 0.5660520272412715,
    "omegaP": 2.587140807160936e-05
}