{
    "KICp": 82.64689011322376,
    "KINp": 0.0073136954779882,
    "KlossROSp": 2.4144153730871094e-07,
    "KprodROSp": 3.023700158929519e-08,
    "Mp": 4.825768774680784e-07,
    "VmaxICp": 3.2798811559305774e-05,
    "VmaxINp": 2.2898429844709275e-05,
    "gammaDp": 0.2654667918856898,
    "omegaP": 2.262929021213027e-05
}