{
    "KICp": 53.87263594232099,
    "KINp": 0.0074266404345612,
    "KlossROSp": 3.31651123837375e-07,
    "KprodROSp": 2.5510848352705863e-08,
    "Mp": 1.6092436876896245e-07,
    "VmaxICp": 4.578479396931187e-05,
    "VmaxINp": 2.2898429844709275e-05,
    "gammaDp": 0.6396397983554065,
    "omegaP": 3.405555555555556e-05
}