{
    "KICp": 37.0,
    "KINp": 0.0073116447308502,
    "KlossROSp": 4.471474786572808e-06,
    "KprodROSp": 3.023700158929519e-08,
    "Mp": 1.7199383331317863e-06,
    "VmaxICp": 3.2798811559305774e-05,
    "VmaxINp": 2.2898429844709275e-05,
    "gammaDp": 0.1501547452627543,
    "omegaP": 6.502226277789005e-05
}