{
    "KICp": 216.5667293262441,
    "KINp": 0.0147246461443692,
    "KlossROSp": 3.7247441323952913e-07,
    "KprodROSp": 6.632571364502231e-10,
    "Mp": 4.173353031624285e-06,
    "VmaxICp": 3.2798811559305774e-05,
    "VmaxINp": 2.2898429844709275e-05,
    "gammaDp": 0.8,
    "omegaP": 3.405555555555556e-05
}