{
    "KICp": 18.84422391600533,
    "KINp": 0.0047396558010037,
    "KlossROSp": 3.111014925669143e-07,
    "KprodROSp": 3.023700158929519e-08,
    "Mp": 9.238490917072492e-07,
    "VmaxICp": 3.2798811559305774e-05,
    "VmaxINp": 2.2898429844709275e-05,
    "gammaDp": 0.8528449218962907,
    "omegaP": 7.680743957732602e-05
}