{
    "KICp": 37.0,
    "KINp": 0.0026200144667668,
    "KlossROSp": 3.31651123837375e-07,
    "KprodROSp": 3.023700158929519e-08,
    "Mp": 5.748482278012332e-06,
    "VmaxICp": 3.2798811559305774e-05,
    "VmaxINp": 3.850028858826058e-05,
    "gammaDp": 0.2544341783472899,
    "omegaP": 3.405555555555556e-05
}