{
    "KICp": 22.127156148570347,
    "KINp": 0.004405001707036,
    "KlossROSp": 1.6790965349865925e-05,
    "KprodROSp": 3.023700158929519e-08,
    "Mp": 3.0047781793144506e-06,
    "VmaxICp": 3.2798811559305774e-05,
    "VmaxINp": 2.2898429844709275e-05,
    "gammaDp": 0.8,
    "omegaP": 3.405555555555556e-05
}