{
    "KICp": 247.73429645304623,
    "KINp": 0.0034617446234956,
    "KlossROSp": 8.730490947713952e-07,
    "KprodROSp": 3.023700158929519e-08,
    "Mp": 3.873315741426235e-06,
    "VmaxICp": 3.764345025347911e-05,
    "VmaxINp": 2.2898429844709275e-05,
    "gammaDp": 0.4996707379461877,
    "omegaP": 3.405555555555556e-05
}