{
    "KICp": 9.518399989946095,
    "KINp": 0.0075343018812332,
    "KlossROSp": 3.31651123837375e-07,
    "KprodROSp": 3.023700158929519e-08,
    "Mp": 1.8295101915335605e-07,
    "VmaxICp": 3.2798811559305774e-05,
    "VmaxINp": 2.2898429844709275e-05,
    "gammaDp": 0.539293713629574,
    "omegaP": 3.405555555555556e-05
}