{
    "KICp": 310.2921512372367,
    "KINp": 0.0085274811508213,
    "KlossROSp": 3.31651123837375e-07,
    "KprodROSp": 3.023700158929519e-08,
    "Mp": 7.996269383211997e-07,
    "VmaxICp": 3.922104483437888e-05,
    "VmaxINp": 2.485780704586488e-05,
    "gammaDp": 0.8,
    "omegaP": 3.277164275871568e-05
}