{
    "KICp": 18.49558999043629,
    "KINp": 0.0034617446234956,
    "KlossROSp": 3.31651123837375e-07,
    "KprodROSp": 3.023700158929519e-08,
    "Mp": 1.5923736899890109e-06,
    "VmaxICp": 4.5248718897851646e-05,
    "VmaxINp": 2.2898429844709275e-05,
    "gammaDp": 0.5976169464524022,
    "omegaP": 4.174050995200376e-05
}