{
    "KICp": 3.7493092108239208,
    "KINp": 0.0709214499923384,
    "KlossROSp": 3.31651123837375e-07,
    "KprodROSp": 3.15041239107428e-08,
    "Mp": 1.856358466340647e-07,
    "VmaxICp": 3.211438977243327e-05,
    "VmaxINp": 4.708802611846235e-05,
    "gammaDp": 0.8,
    "omegaP": 3.405555555555556e-05
}