{
    "KICp": 46.21965708624482,
    "KINp": 0.0397511262369874,
    "KlossROSp": 3.31651123837375e-07,
    "KprodROSp": 1.7701758269094563e-08,
    "Mp": 4.397892870879738e-06,
    "VmaxICp": 3.2798811559305774e-05,
    "VmaxINp": 2.2898429844709275e-05,
    "gammaDp": 0.5788298462943663,
    "omegaP": 5.4116766455114825e-05
}