{
    "KICp": 37.0,
    "KINp": 0.0559565948549944,
    "KlossROSp": 9.833421838888484e-06,
    "KprodROSp": 3.132885180899522e-09,
    "Mp": 5.326332369452644e-06,
    "VmaxICp": 3.2798811559305774e-05,
    "VmaxINp": 2.2898429844709275e-05,
    "gammaDp": 0.1114376489078304,
    "omegaP": 3.405555555555556e-05
}