{
    "KICp": 14.91198948928652,
    "KINp": 0.1985362237548039,
    "KlossROSp": 1.977298642329339e-07,
    "KprodROSp": 3.023700158929519e-08,
    "Mp": 1.941378107507435e-07,
    "VmaxICp": 3.2798811559305774e-05,
    "VmaxINp": 2.2898429844709275e-05,
    "gammaDp": 0.6569778842126027,
    "omegaP": 3.405555555555556e-05
}