{
    "KICp": 15.77789920928037,
    "KINp": 0.0850401522291864,
    "KlossROSp": 3.31651123837375e-07,
    "KprodROSp": 3.023700158929519e-08,
    "Mp": 6.263411635815626e-06,
    "VmaxICp": 3.2798811559305774e-05,
    "VmaxINp": 2.2898429844709275e-05,
    "gammaDp": 0.1980900669157344,
    "omegaP": 2.8316913761120258e-05
}