{
    "KICp": 85.48878023018848,
    "KINp": 0.1118034281422695,
    "KlossROSp": 2.5954848746953745e-07,
    "KprodROSp": 3.023700158929519e-08,
    "Mp": 1.171027943678323e-07,
    "VmaxICp": 3.0120173529821588e-05,
    "VmaxINp": 1.8662274018631457e-05,
    "gammaDp": 0.8,
    "omegaP": 6.307597861755773e-05
}