{
    "KICp": 3.708428729919324,
    "KINp": 0.1930390703875419,
    "KlossROSp": 3.443276592056488e-07,
    "KprodROSp": 2.628600056062213e-08,
    "Mp": 6.622546767045427e-06,
    "VmaxICp": 3.2798811559305774e-05,
    "VmaxINp": 2.2898429844709275e-05,
    "gammaDp": 0.8,
    "omegaP": 3.1121539029364854e-05
}