{
    "KICp": 110.92769167072927,
    "KINp": 0.012336355851295,
    "KlossROSp": 3.31651123837375e-07,
    "KprodROSp": 3.023700158929519e-08,
    "Mp": 1.4754428389773458e-06,
    "VmaxICp": 2.97590227831018e-05,
    "VmaxINp": 2.2898429844709275e-05,
    "gammaDp": 0.1646052232855623,
    "omegaP": 3.405555555555556e-05
}