{
    "KICp": 37.0,
    "KINp": 0.012336355851295,
    "KlossROSp": 1.2259438873167128e-05,
    "KprodROSp": 3.023700158929519e-08,
    "Mp": 3.397824176016412e-06,
    "VmaxICp": 2.97590227831018e-05,
    "VmaxINp": 2.2898429844709275e-05,
    "gammaDp": 0.6028035200456814,
    "omegaP": 3.405555555555556e-05
}