{
    "KICp": 113.6690465325596,
    "KINp": 0.0034617446234956,
    "KlossROSp": 2.0864823122434562e-07,
    "KprodROSp": 1.753288552412334e-09,
    "Mp": 2.892693720270353e-06,
    "VmaxICp": 3.2798811559305774e-05,
    "VmaxINp": 4.3675471017888624e-05,
    "gammaDp": 0.379521969804191,
    "omegaP": 3.405555555555556e-05
}