{
    "KICp": 330.14491986573097,
    "KINp": 0.0379481841650634,
    "KlossROSp": 4.660803499320302e-07,
    "KprodROSp": 3.786447430960073e-08,
    "Mp": 1.856358466340647e-07,
    "VmaxICp": 3.214454500413669e-05,
    "VmaxINp": 2.2898429844709275e-05,
    "gammaDp": 0.8,
    "omegaP": 3.405555555555556e-05
}