{
    "KICp": 37.0,
    "KINp": 0.0089103482323253,
    "KlossROSp": 4.744811918029994e-07,
    "KprodROSp": 6.97976891110814e-10,
    "Mp": 7.584484752091789e-06,
    "VmaxICp": 3.2798811559305774e-05,
    "VmaxINp": 2.2898429844709275e-05,
    "gammaDp": 0.4754745394438023,
    "omegaP": 1.0148248434257046e-05
}