{
    "KICp": 25.958773642520857,
    "KINp": 0.0153738835539127,
    "KlossROSp": 3.7247441323952913e-07,
    "KprodROSp": 3.023700158929519e-08,
    "Mp": 1.982740016266455e-07,
    "VmaxICp": 3.2798811559305774e-05,
    "VmaxINp": 2.7254752707644908e-05,
    "gammaDp": 0.1476892770845307,
    "omegaP": 3.405555555555556e-05
}