{
    "KICp": 178.35639495317193,
    "KINp": 0.0921737725993897,
    "KlossROSp": 3.31651123837375e-07,
    "KprodROSp": 3.784477885493045e-08,
    "Mp": 1.856358466340647e-07,
    "VmaxICp": 3.2798811559305774e-05,
    "VmaxINp": 4.2803837191177e-05,
    "gammaDp": 0.4862956074290929,
    "omegaP": 3.405555555555556e-05
}