{
    "KICp": 37.0,
    "KINp": 0.0579040274198347,
    "KlossROSp": 2.999134300728543e-07,
    "KprodROSp": 3.0963586956468094e-08,
    "Mp": 1.856358466340647e-07,
    "VmaxICp": 2.151020166566505e-05,
    "VmaxINp": 2.2898429844709275e-05,
    "gammaDp": 0.3750466572972896,
    "omegaP": 3.405555555555556e-05
}