{
    "KICp": 36.33159544028563,
    "KINp": 0.0020627218594225,
    "KlossROSp": 3.31651123837375e-07,
    "KprodROSp": 3.023700158929519e-08,
    "Mp": 1.6227922515140197e-07,
    "VmaxICp": 3.2798811559305774e-05,
    "VmaxINp": 2.2898429844709275e-05,
    "gammaDp": 0.7007047011552059,
    "omegaP": 0.0001159537728478
}