{
    "KICp": 10.87142283332864,
    "KINp": 0.0034617446234956,
    "KlossROSp": 2.3994631227631897e-07,
    "KprodROSp": 3.023700158929519e-08,
    "Mp": 1.2994401283195182e-07,
    "VmaxICp": 3.2798811559305774e-05,
    "VmaxINp": 3.145988562063447e-05,
    "gammaDp": 0.8,
    "omegaP": 7.22481428137564e-05
}