{
    "KICp": 124.70002661527516,
    "KINp": 0.0029201148175516,
    "KlossROSp": 3.346268134104132e-07,
    "KprodROSp": 3.023700158929519e-08,
    "Mp": 3.328831544066965e-06,
    "VmaxICp": 4.909252950965392e-05,
    "VmaxINp": 2.2898429844709275e-05,
    "gammaDp": 0.5790700096421978,
    "omegaP": 3.405555555555556e-05
}