{
    "KICp": 37.0,
    "KINp": 0.0062052957569415,
    "KlossROSp": 3.31651123837375e-07,
    "KprodROSp": 4.611627150762733e-08,
    "Mp": 1.856358466340647e-07,
    "VmaxICp": 2.890860635875408e-05,
    "VmaxINp": 4.850693803475336e-05,
    "gammaDp": 0.2106701043260165,
    "omegaP": 3.405555555555556e-05
}