{
    "KICp": 210.98731858367464,
    "KINp": 0.0042929253649688,
    "KlossROSp": 3.31651123837375e-07,
    "KprodROSp": 3.023700158929519e-08,
    "Mp": 1.520389123135853e-07,
    "VmaxICp": 3.2798811559305774e-05,
    "VmaxINp": 2.2898429844709275e-05,
    "gammaDp": 0.4343847173595447,
    "omegaP": 3.795962228439032e-05
}