{
    "KICp": 210.98731858367464,
    "KINp": 0.0211234769566409,
    "KlossROSp": 3.31651123837375e-07,
    "KprodROSp": 3.023700158929519e-08,
    "Mp": 1.3049188646142836e-06,
    "VmaxICp": 3.2798811559305774e-05,
    "VmaxINp": 2.2898429844709275e-05,
    "gammaDp": 0.4573045215012685,
    "omegaP": 5.606495815941487e-05
}