{
    "KICp": 48.79712781107866,
    "KINp": 0.0034617446234956,
    "KlossROSp": 3.31651123837375e-07,
    "KprodROSp": 1.05389754532945e-08,
    "Mp": 1.856358466340647e-07,
    "VmaxICp": 3.2798811559305774e-05,
    "VmaxINp": 4.318209588041158e-05,
    "gammaDp": 0.3063288345592813,
    "omegaP": 9.215976643837858e-05
}