{
    "KICp": 37.0,
    "KINp": 0.0122311455341018,
    "KlossROSp": 3.31651123837375e-07,
    "KprodROSp": 3.023700158929519e-08,
    "Mp": 2.1965932634988005e-07,
    "VmaxICp": 3.2798811559305774e-05,
    "VmaxINp": 4.654667943306461e-05,
    "gammaDp": 0.3514153143596315,
    "omegaP": 4.144709198242599e-05
}