{
    "KICp": 51.49322934023216,
    "KINp": 0.0218922137585819,
    "KlossROSp": 2.749122216737063e-07,
    "KprodROSp": 3.023700158929519e-08,
    "Mp": 5.943466847121522e-07,
    "VmaxICp": 3.2798811559305774e-05,
    "VmaxINp": 3.561906470024402e-05,
    "gammaDp": 0.2651897033421029,
    "omegaP": 3.3624553855463786e-05
}