{
    "KICp": 37.0,
    "KINp": 0.0034617446234956,
    "KlossROSp": 1.2615228058613e-05,
    "KprodROSp": 6.395933889621621e-10,
    "Mp": 3.12345724198136e-06,
    "VmaxICp": 3.2798811559305774e-05,
    "VmaxINp": 1.8662274018631457e-05,
    "gammaDp": 0.8,
    "omegaP": 1.6589578794976086e-05
}