{
    "KICp": 3.763534886909445,
    "KINp": 0.0175358721809598,
    "KlossROSp": 4.565210201290511e-07,
    "KprodROSp": 4.694429531663525e-08,
    "Mp": 1.856358466340647e-07,
    "VmaxICp": 2.644008386130992e-05,
    "VmaxINp": 2.2898429844709275e-05,
    "gammaDp": 0.8,
    "omegaP": 8.846995563727313e-05
}