{
    "KICp": 37.0,
    "KINp": 0.0025825153764234,
    "KlossROSp": 3.31651123837375e-07,
    "KprodROSp": 3.023700158929519e-08,
    "Mp": 6.340113170946305e-07,
    "VmaxICp": 3.2798811559305774e-05,
    "VmaxINp": 2.2597254770011363e-05,
    "gammaDp": 0.4538250299130891,
    "omegaP": 3.405555555555556e-05
}