{
    "KICp": 207.5472368367376,
    "KINp": 0.0101182866534639,
    "KlossROSp": 3.31651123837375e-07,
    "KprodROSp": 3.023700158929519e-08,
    "Mp": 5.443324265348536e-07,
    "VmaxICp": 3.2798811559305774e-05,
    "VmaxINp": 5.019163525026667e-05,
    "gammaDp": 0.8,
    "omegaP": 0.0001103781840396
}