{
    "KICp": 37.0,
    "KINp": 0.0045731442847649,
    "KlossROSp": 3.31651123837375e-07,
    "KprodROSp": 3.023700158929519e-08,
    "Mp": 2.4003178415850377e-07,
    "VmaxICp": 2.282233004783605e-05,
    "VmaxINp": 2.1695356022750324e-05,
    "gammaDp": 0.8904653231149475,
    "omegaP": 2.8610864500799603e-05
}