{
    "KICp": 11.95953782580512,
    "KINp": 0.0304079046718348,
    "KlossROSp": 3.31651123837375e-07,
    "KprodROSp": 3.023700158929519e-08,
    "Mp": 5.434527769332989e-06,
    "VmaxICp": 4.171649168445712e-05,
    "VmaxINp": 2.2898429844709275e-05,
    "gammaDp": 0.2957022934810363,
    "omegaP": 5.122474476357725e-05
}