{
    "KICp": 7.309680736734013,
    "KINp": 0.0061248857909822,
    "KlossROSp": 3.31651123837375e-07,
    "KprodROSp": 3.023700158929519e-08,
    "Mp": 4.067371828533972e-06,
    "VmaxICp": 3.2798811559305774e-05,
    "VmaxINp": 1.994015800957923e-05,
    "gammaDp": 0.8,
    "omegaP": 8.314531378405692e-06
}