{
    "KICp": 5.26143842955522,
    "KINp": 0.0024617178095638,
    "KlossROSp": 3.31651123837375e-07,
    "KprodROSp": 2.9448112823956212e-08,
    "Mp": 5.945470073087512e-07,
    "VmaxICp": 3.2798811559305774e-05,
    "VmaxINp": 2.2898429844709275e-05,
    "gammaDp": 0.7491474224767984,
    "omegaP": 3.405555555555556e-05
}