{
    "KICp": 7.314198265613909,
    "KINp": 0.0861243180595736,
    "KlossROSp": 3.31651123837375e-07,
    "KprodROSp": 3.023700158929519e-08,
    "Mp": 1.3224345361384888e-07,
    "VmaxICp": 5.478205666599716e-05,
    "VmaxINp": 2.2898429844709275e-05,
    "gammaDp": 0.3009741294369302,
    "omegaP": 3.405555555555556e-05
}