{
    "KICp": 49.69350806324528,
    "KINp": 0.1927595071739206,
    "KlossROSp": 2.982740100167218e-07,
    "KprodROSp": 3.023700158929519e-08,
    "Mp": 1.628675132262204e-07,
    "VmaxICp": 3.2798811559305774e-05,
    "VmaxINp": 1.7556080188070145e-05,
    "gammaDp": 0.517327241534237,
    "omegaP": 3.405555555555556e-05
}