{
    "KICp": 364.4469301938844,
    "KINp": 0.0217584575219416,
    "KlossROSp": 3.31651123837375e-07,
    "KprodROSp": 3.023700158929519e-08,
    "Mp": 1.1872907519015848e-07,
    "VmaxICp": 3.2798811559305774e-05,
    "VmaxINp": 2.2898429844709275e-05,
    "gammaDp": 0.3205536607978945,
    "omegaP": 3.405555555555556e-05
}