{
    "KICp": 286.8757228044334,
    "KINp": 0.0034617446234956,
    "KlossROSp": 3.31651123837375e-07,
    "KprodROSp": 3.742219454920076e-08,
    "Mp": 3.155280862599153e-07,
    "VmaxICp": 4.156049187151231e-05,
    "VmaxINp": 2.2898429844709275e-05,
    "gammaDp": 0.1197119097542866,
    "omegaP": 3.405555555555556e-05
}