{
    "KICp": 313.5480899993387,
    "KINp": 0.0107223723063886,
    "KlossROSp": 3.31651123837375e-07,
    "KprodROSp": 3.023700158929519e-08,
    "Mp": 1.856358466340647e-07,
    "VmaxICp": 2.135248583118057e-05,
    "VmaxINp": 3.274146235708659e-05,
    "gammaDp": 0.3123800112222288,
    "omegaP": 3.405555555555556e-05
}