{
    "KICp": 8.814721999089421,
    "KINp": 0.0695233184790987,
    "KlossROSp": 3.31651123837375e-07,
    "KprodROSp": 3.023700158929519e-08,
    "Mp": 1.856358466340647e-07,
    "VmaxICp": 2.9921436111531427e-05,
    "VmaxINp": 2.2898429844709275e-05,
    "gammaDp": 0.1675279409777542,
    "omegaP": 0.0001010367777577
}