{
    "KICp": 12.9917948799506,
    "KINp": 0.0818115655117679,
    "KlossROSp": 3.31651123837375e-07,
    "KprodROSp": 1.4234452621949296e-08,
    "Mp": 2.5713059569389414e-06,
    "VmaxICp": 3.2798811559305774e-05,
    "VmaxINp": 2.2898429844709275e-05,
    "gammaDp": 0.1318547415892504,
    "omegaP": 3.405555555555556e-05
}