{
    "KICp": 192.5107873014984,
    "KINp": 0.0195512409957289,
    "KlossROSp": 3.31651123837375e-07,
    "KprodROSp": 3.023700158929519e-08,
    "Mp": 1.856358466340647e-07,
    "VmaxICp": 3.2798811559305774e-05,
    "VmaxINp": 3.1348361079632704e-05,
    "gammaDp": 0.1736310977142096,
    "omegaP": 4.820015005544824e-05
}