{
    "KICp": 37.0,
    "KINp": 0.0524785444709299,
    "KlossROSp": 7.037179544615438e-06,
    "KprodROSp": 9.00941391531566e-09,
    "Mp": 4.86311805919107e-06,
    "VmaxICp": 2.135248583118057e-05,
    "VmaxINp": 2.2898429844709275e-05,
    "gammaDp": 0.3123800112222288,
    "omegaP": 5.759530803186479e-06
}