{
    "KICp": 4.06299275495486,
    "KINp": 0.0077689838148145,
    "KlossROSp": 4.425664026300786e-07,
    "KprodROSp": 3.023700158929519e-08,
    "Mp": 1.4232642136344957e-07,
    "VmaxICp": 2.3625816084405102e-05,
    "VmaxINp": 2.2898429844709275e-05,
    "gammaDp": 0.8,
    "omegaP": 3.405555555555556e-05
}