{
    "KICp": 37.0,
    "KINp": 0.0034617446234956,
    "KlossROSp": 1.399355041426932e-06,
    "KprodROSp": 3.9209015302081256e-08,
    "Mp": 2.223773902490486e-06,
    "VmaxICp": 3.2798811559305774e-05,
    "VmaxINp": 2.2505077966422444e-05,
    "gammaDp": 0.8,
    "omegaP": 3.405555555555556e-05
}