{
    "KICp": 25.36425888407937,
    "KINp": 0.0022558017779907,
    "KlossROSp": 3.31651123837375e-07,
    "KprodROSp": 2.1102230612377e-08,
    "Mp": 1.856358466340647e-07,
    "VmaxICp": 3.2798811559305774e-05,
    "VmaxINp": 2.2898429844709275e-05,
    "gammaDp": 0.2081638521449245,
    "omegaP": 3.772415090090999e-05
}