{
    "KICp": 3.7493092108239208,
    "KINp": 0.0709214499923384,
    "KlossROSp": 3.31651123837375e-07,
    "KprodROSp": 3.023700158929519e-08,
    "Mp": 2.296239870818587e-07,
    "VmaxICp": 3.290677612233958e-05,
    "VmaxINp": 3.784531071669004e-05,
    "gammaDp": 0.8186865436443023,
    "omegaP": 3.405555555555556e-05
}