{
    "KICp": 10.527710167873702,
    "KINp": 0.0216398304921037,
    "KlossROSp": 2.6280547280215184e-07,
    "KprodROSp": 3.023700158929519e-08,
    "Mp": 1.856358466340647e-07,
    "VmaxICp": 3.2798811559305774e-05,
    "VmaxINp": 2.2898429844709275e-05,
    "gammaDp": 0.1369188610654095,
    "omegaP": 9.790066697423636e-05
}