{
    "KICp": 88.1195198699266,
    "KINp": 0.0103120405087515,
    "KlossROSp": 6.407627661949622e-07,
    "KprodROSp": 3.023700158929519e-08,
    "Mp": 1.856358466340647e-07,
    "VmaxICp": 3.2798811559305774e-05,
    "VmaxINp": 2.2898429844709275e-05,
    "gammaDp": 0.4862956074290929,
    "omegaP": 4.282124446996855e-05
}