{
    "KICp": 36.359406136267104,
    "KINp": 0.0034617446234956,
    "KlossROSp": 3.2215519398013017e-06,
    "KprodROSp": 3.023700158929519e-08,
    "Mp": 6.970735493799195e-06,
    "VmaxICp": 3.2798811559305774e-05,
    "VmaxINp": 2.2898429844709275e-05,
    "gammaDp": 0.1914184206821395,
    "omegaP": 3.405555555555556e-05
}