{
    "KICp": 207.5472368367376,
    "KINp": 0.0101182866534639,
    "KlossROSp": 2.680835621348477e-07,
    "KprodROSp": 3.5837449025136344e-08,
    "Mp": 4.541838789334645e-07,
    "VmaxICp": 3.2798811559305774e-05,
    "VmaxINp": 2.2898429844709275e-05,
    "gammaDp": 0.1073975892550537,
    "omegaP": 2.4766642740665737e-05
}