{
    "KICp": 18.42049626332171,
    "KINp": 0.0076083439857878,
    "KlossROSp": 3.31651123837375e-07,
    "KprodROSp": 3.023700158929519e-08,
    "Mp": 1.856358466340647e-07,
    "VmaxICp": 3.2798811559305774e-05,
    "VmaxINp": 1.8836080771196755e-05,
    "gammaDp": 0.1598585704370924,
    "omegaP": 3.405555555555556e-05
}