{
    "KICp": 37.0,
    "KINp": 0.009435968069998,
    "KlossROSp": 3.111014925669143e-07,
    "KprodROSp": 3.023700158929519e-08,
    "Mp": 8.643307137544961e-07,
    "VmaxICp": 3.2798811559305774e-05,
    "VmaxINp": 3.3930075969867525e-05,
    "gammaDp": 0.8528449218962907,
    "omegaP": 7.680743957732602e-05
}