{
    "KICp": 6.632785175700399,
    "KINp": 0.0029534974981768,
    "KlossROSp": 3.31651123837375e-07,
    "KprodROSp": 3.023700158929519e-08,
    "Mp": 2.525029946185184e-06,
    "VmaxICp": 3.2798811559305774e-05,
    "VmaxINp": 4.2852743977029765e-05,
    "gammaDp": 0.1459653573774765,
    "omegaP": 3.405555555555556e-05
}