{
    "KICp": 37.0,
    "KINp": 0.0075213459917601,
    "KlossROSp": 4.315441261021764e-06,
    "KprodROSp": 1.3326809937313958e-08,
    "Mp": 8.851055150795127e-06,
    "VmaxICp": 3.2798811559305774e-05,
    "VmaxINp": 4.259022220318884e-05,
    "gammaDp": 0.3251315189548514,
    "omegaP": 3.405555555555556e-05
}