{
    "KICp": 47.225113300646335,
    "KINp": 0.0076483712562111,
    "KlossROSp": 3.31651123837375e-07,
    "KprodROSp": 2.817679454928473e-08,
    "Mp": 1.3716971805881912e-06,
    "VmaxICp": 2.6024166926676542e-05,
    "VmaxINp": 2.2898429844709275e-05,
    "gammaDp": 0.5232456240656654,
    "omegaP": 3.405555555555556e-05
}