{
    "KICp": 37.0,
    "KINp": 0.0065832271659951,
    "KlossROSp": 3.31651123837375e-07,
    "KprodROSp": 3.023700158929519e-08,
    "Mp": 1.856358466340647e-07,
    "VmaxICp": 5.4248615317011576e-05,
    "VmaxINp": 2.2898429844709275e-05,
    "gammaDp": 0.4727835855070146,
    "omegaP": 3.405555555555556e-05
}