{
    "KICp": 33.28383340740985,
    "KINp": 0.0034617446234956,
    "KlossROSp": 3.31651123837375e-07,
    "KprodROSp": 3.023700158929519e-08,
    "Mp": 1.941378107507435e-07,
    "VmaxICp": 3.2798811559305774e-05,
    "VmaxINp": 3.254810962210218e-05,
    "gammaDp": 0.2190463364113218,
    "omegaP": 3.405555555555556e-05
}