{
    "KICp": 206.69687998994127,
    "KINp": 0.0653839719726607,
    "KlossROSp": 3.31651123837375e-07,
    "KprodROSp": 2.4621771334849588e-08,
    "Mp": 4.947625410058682e-06,
    "VmaxICp": 3.214454500413669e-05,
    "VmaxINp": 2.2898429844709275e-05,
    "gammaDp": 0.8,
    "omegaP": 3.405555555555556e-05
}