{
    "KICp": 37.0,
    "KINp": 0.0117728174094619,
    "KlossROSp": 3.31651123837375e-07,
    "KprodROSp": 1.044264673250085e-09,
    "Mp": 1.983841895535642e-06,
    "VmaxICp": 3.2798811559305774e-05,
    "VmaxINp": 2.2597254770011363e-05,
    "gammaDp": 0.1852438126531866,
    "omegaP": 2.922801983347678e-05
}