{
    "KICp": 5.581032187870292,
    "KINp": 0.0109223939840425,
    "KlossROSp": 4.2059646346862185e-07,
    "KprodROSp": 3.023700158929519e-08,
    "Mp": 2.789444552467445e-07,
    "VmaxICp": 3.2798811559305774e-05,
    "VmaxINp": 2.2898429844709275e-05,
    "gammaDp": 0.6816027320085878,
    "omegaP": 3.405555555555556e-05
}