{
    "KICp": 85.51523854599077,
    "KINp": 0.1117434901788596,
    "KlossROSp": 3.31651123837375e-07,
    "KprodROSp": 4.3143842627769074e-08,
    "Mp": 1.856358466340647e-07,
    "VmaxICp": 2.890860635875408e-05,
    "VmaxINp": 4.850693803475336e-05,
    "gammaDp": 0.1250240464278506,
    "omegaP": 3.405555555555556e-05
}