{
    "KICp": 37.0,
    "KINp": 0.0036576439187928,
    "KlossROSp": 5.715734769272564e-07,
    "KprodROSp": 3.023700158929519e-08,
    "Mp": 7.683566183839899e-07,
    "VmaxICp": 3.2798811559305774e-05,
    "VmaxINp": 2.2898429844709275e-05,
    "gammaDp": 0.1508643810129926,
    "omegaP": 3.165548242177132e-05
}