{
    "KICp": 84.90464301414232,
    "KINp": 0.0423735425703978,
    "KlossROSp": 3.525922245146525e-07,
    "KprodROSp": 3.023700158929519e-08,
    "Mp": 1.3224345361384888e-07,
    "VmaxICp": 3.2798811559305774e-05,
    "VmaxINp": 2.2898429844709275e-05,
    "gammaDp": 0.8,
    "omegaP": 8.606366959776442e-05
}