{
    "KICp": 90.73320018607404,
    "KINp": 0.1405949452853678,
    "KlossROSp": 3.31651123837375e-07,
    "KprodROSp": 3.182725308797668e-08,
    "Mp": 2.799032586215845e-07,
    "VmaxICp": 3.2798811559305774e-05,
    "VmaxINp": 2.2898429844709275e-05,
    "gammaDp": 0.1508643810129926,
    "omegaP": 3.405555555555556e-05
}