{
    "KICp": 289.7619539695232,
    "KINp": 0.1707973298308482,
    "KlossROSp": 3.31651123837375e-07,
    "KprodROSp": 2.0645577963865984e-08,
    "Mp": 3.58766459406055e-06,
    "VmaxICp": 3.2798811559305774e-05,
    "VmaxINp": 2.2898429844709275e-05,
    "gammaDp": 0.2552195614131002,
    "omegaP": 3.405555555555556e-05
}