{
    "KICp": 37.5951473127717,
    "KINp": 0.1929787791267438,
    "KlossROSp": 3.31651123837375e-07,
    "KprodROSp": 3.023700158929519e-08,
    "Mp": 7.670370260494793e-07,
    "VmaxICp": 2.9921436111531427e-05,
    "VmaxINp": 2.089260623901023e-05,
    "gammaDp": 0.3015324061900027,
    "omegaP": 3.224355735596117e-05
}