{
    "KICp": 160.51856421063238,
    "KINp": 0.0553720353259817,
    "KlossROSp": 2.936121184731819e-07,
    "KprodROSp": 3.023700158929519e-08,
    "Mp": 1.856358466340647e-07,
    "VmaxICp": 3.2798811559305774e-05,
    "VmaxINp": 2.2898429844709275e-05,
    "gammaDp": 0.8,
    "omegaP": 4.817944042425668e-05
}