{
    "KICp": 16.55689382574929,
    "KINp": 0.0034617446234956,
    "KlossROSp": 1.8577910059870868e-06,
    "KprodROSp": 3.023700158929519e-08,
    "Mp": 4.317182394582616e-06,
    "VmaxICp": 3.2798811559305774e-05,
    "VmaxINp": 2.915167564074245e-05,
    "gammaDp": 0.3427981359088115,
    "omegaP": 3.405555555555556e-05
}