{
    "KICp": 192.5107873014984,
    "KINp": 0.033990393890675,
    "KlossROSp": 4.205312663471344e-06,
    "KprodROSp": 3.023700158929519e-08,
    "Mp": 6.919863749050108e-06,
    "VmaxICp": 3.2798811559305774e-05,
    "VmaxINp": 3.1348361079632704e-05,
    "gammaDp": 0.2454002725321722,
    "omegaP": 1.28219009732996e-05
}