{
    "KICp": 319.37316651132915,
    "KINp": 0.0107380502999852,
    "KlossROSp": 3.31651123837375e-07,
    "KprodROSp": 6.3575804796035004e-09,
    "Mp": 3.462445142820521e-06,
    "VmaxICp": 3.2798811559305774e-05,
    "VmaxINp": 4.7429200722516736e-05,
    "gammaDp": 0.445022757002009,
    "omegaP": 3.405555555555556e-05
}