{
    "KICp": 239.20066075263824,
    "KINp": 0.0107206821046087,
    "KlossROSp": 3.31651123837375e-07,
    "KprodROSp": 3.023700158929519e-08,
    "Mp": 3.4508092522986493e-07,
    "VmaxICp": 3.2798811559305774e-05,
    "VmaxINp": 2.2898429844709275e-05,
    "gammaDp": 0.2528067227316428,
    "omegaP": 4.9652648210360366e-05
}