{
    "KICp": 3.763534886909445,
    "KINp": 0.0026719442465206,
    "KlossROSp": 3.31651123837375e-07,
    "KprodROSp": 3.023700158929519e-08,
    "Mp": 5.068365247517091e-06,
    "VmaxICp": 3.2798811559305774e-05,
    "VmaxINp": 1.713855461116906e-05,
    "gammaDp": 0.8,
    "omegaP": 1.216837560792348e-05
}