{
    "KICp": 6.322504881719448,
    "KINp": 0.0026473870325888,
    "KlossROSp": 3.31651123837375e-07,
    "KprodROSp": 3.023700158929519e-08,
    "Mp": 9.716513153171954e-06,
    "VmaxICp": 3.2798811559305774e-05,
    "VmaxINp": 4.831620055267922e-05,
    "gammaDp": 0.6390607467775644,
    "omegaP": 3.405555555555556e-05
}