{
    "KICp": 15.55011005732795,
    "KINp": 0.0158546243871947,
    "KlossROSp": 3.781871609394199e-07,
    "KprodROSp": 3.023700158929519e-08,
    "Mp": 2.742735953340596e-07,
    "VmaxICp": 1.998517357703801e-05,
    "VmaxINp": 2.2898429844709275e-05,
    "gammaDp": 0.8,
    "omegaP": 3.405555555555556e-05
}