{
    "KICp": 0.5923569359060554,
    "KINp": 0.0941247417543525,
    "Mp": 2.931539748100961e-06,
    "Mp_day": 0.253285034235923,
    "R* ICp": 0.005266506988877984,
    "R* INp": 0.0074668588031808845,
    "Vmax/K ICp": 0.0005615872890094058,
    "Vmax/K INp": 0.0004237520898252154,
    "Vmax/Vmax Ip": 8.340365759784339,
    "VmaxICp": 0.0003326601257614,
    "VmaxICp_day_cell": 2.5662352558736577e-08,
    "VmaxINp": 3.988555602266558e-05,
    "VmaxINp_day_cell": 3.0768857503199167e-09,
    "gammaDp": 0.2518468971974986
}