{
    "KICp": 0.0738861416800227,
    "KINp": 0.550003253470481,
    "Mp": 2.765325708699542e-06,
    "Mp_day": 0.23892414123164044,
    "R* ICp": 0.0010112522333084015,
    "R* INp": 0.04834410830052241,
    "Vmax/K ICp": 0.002771982700559349,
    "Vmax/K INp": 6.222871872234187e-05,
    "Vmax/Vmax Ip": 5.9840799384345225,
    "VmaxICp": 0.0002048111065481,
    "VmaxICp_day_cell": 1.5799713933710574e-08,
    "VmaxINp": 3.422599775658746e-05,
    "VmaxINp_day_cell": 2.640291255508176e-09,
    "gammaDp": 0.4170537731197813
}