{
    "KICp": 37.0,
    "KINp": 0.02,
    "Koverflowp": 1.6459405121589705e-06,
    "Mp": 2.827710274642974e-06,
    "VmaxICp": 2.6348961323380646e-05,
    "VmaxINp": 3.93472862129686e-05,
    "gammaDp": 0.8
}