{
    "KICp": 0.1318779904366857,
    "KINp": 0.1885565586462555,
    "Mp": 2.581755050217621e-06,
    "Mp_day": 0.22306363633880247,
    "R* ICp": 0.0012016853191098168,
    "R* INp": 0.012847738790740278,
    "Vmax/K ICp": 0.0021680220409444804,
    "Vmax/K INp": 0.00021464235599054775,
    "Vmax/Vmax Ip": 7.064459568271618,
    "VmaxICp": 0.0002859143899822,
    "VmaxICp_day_cell": 2.2056252941484003e-08,
    "VmaxINp": 4.047222398530217e-05,
    "VmaxINp_day_cell": 3.122142993151882e-09,
    "gammaDp": 0.2838848816560375
}