{
    "KICp": 0.0394794818405916,
    "KINp": 0.0662734946099752,
    "Mp": 2.715272644814545e-06,
    "Mp_day": 0.23459955651197667,
    "R* ICp": 0.0004190755173182283,
    "R* INp": 0.005586697960645498,
    "Vmax/K ICp": 0.0065479733527026,
    "Vmax/K INp": 0.0005269953183604981,
    "Vmax/Vmax Ip": 7.401704091015324,
    "VmaxICp": 0.0002585105950707,
    "VmaxICp_day_cell": 1.9942245905454004e-08,
    "VmaxINp": 3.492582139084663e-05,
    "VmaxINp_day_cell": 2.6942776501510262e-09,
    "gammaDp": 0.2191557454970014
}