{
    "KICp": 0.1869076432096195,
    "KINp": 0.3047755213023261,
    "Mp": 2.865040841363777e-06,
    "Mp_day": 0.2475395286938303,
    "R* ICp": 0.001734405061520644,
    "R* INp": 0.040135705952441696,
    "Vmax/K ICp": 0.001667215452923555,
    "Vmax/K INp": 8.078433598513707e-05,
    "Vmax/Vmax Ip": 12.656439455448833,
    "VmaxICp": 0.0003116153110286,
    "VmaxICp_day_cell": 2.403889542220629e-08,
    "VmaxINp": 2.462108811293241e-05,
    "VmaxINp_day_cell": 1.899341082997643e-09,
    "gammaDp": 0.13896964526166
}