{
    "KICp": 0.1020486603470995,
    "KINp": 0.071188664320482,
    "Mp": 1.884021690479116e-06,
    "Mp_day": 0.16277947405739562,
    "R* ICp": 0.0007931080561403573,
    "R* INp": 0.003663153417776193,
    "Vmax/K ICp": 0.002393953801693818,
    "Vmax/K INp": 0.0005407820869511742,
    "Vmax/Vmax Ip": 6.345851881554524,
    "VmaxICp": 0.0002442997783957,
    "VmaxICp_day_cell": 1.8845982904811145e-08,
    "VmaxINp": 3.849755445849685e-05,
    "VmaxINp_day_cell": 2.969811343941186e-09,
    "gammaDp": 0.7392847402870855
}