{
    "KICp": 0.0787113902756263,
    "KINp": 0.0506140891578365,
    "Mp": 2.001426525320507e-06,
    "Mp_day": 0.1729232517876918,
    "R* ICp": 0.0004399438726953144,
    "R* INp": 0.0005497349977454038,
    "Vmax/K ICp": 0.004574704370188243,
    "Vmax/K INp": 0.0036802543681902786,
    "Vmax/Vmax Ip": 1.9330867978358615,
    "VmaxICp": 0.0003600813410775,
    "VmaxICp_day_cell": 2.7777703454550007e-08,
    "VmaxINp": 0.0001862727227151,
    "VmaxINp_day_cell": 1.4369610038022e-08,
    "gammaDp": 0.1975484885748734
}