{
    "KICp": 0.3668940137006951,
    "KINp": 0.1935291159058611,
    "Mp": 1.97577021145935e-06,
    "Mp_day": 0.17070654627008786,
    "R* ICp": 0.0030678921573964193,
    "R* INp": 0.013268770617832732,
    "Vmax/K ICp": 0.0006494006610136976,
    "Vmax/K INp": 0.000159112950925264,
    "Vmax/Vmax Ip": 7.737515093849727,
    "VmaxICp": 0.0002382612150192,
    "VmaxICp_day_cell": 1.8380150872909716e-08,
    "VmaxINp": 3.079298872173901e-05,
    "VmaxINp_day_cell": 2.375459129962724e-09,
    "gammaDp": 0.5058624815285274
}