{
    "KICp": 0.6829697653950516,
    "KINp": 0.2863389385092247,
    "Mp": 4.143543678983552e-06,
    "Mp_day": 0.35800217386417893,
    "R* ICp": 0.007213790195583968,
    "R* INp": 0.014925188170988117,
    "Vmax/K ICp": 0.0005804589921022181,
    "Vmax/K INp": 0.0002920916325823383,
    "Vmax/Vmax Ip": 4.739947100550139,
    "VmaxICp": 0.0003964359416575,
    "VmaxICp_day_cell": 3.058220121357858e-08,
    "VmaxINp": 8.363720802105322e-05,
    "VmaxINp_day_cell": 6.452013190195535e-09,
    "gammaDp": 0.1148682320560253
}