{
    "KICp": 33.54975232248911,
    "KINp": 0.0329326680729939,
    "Koverflowp": 2.060512763129717e-07,
    "Mp": 6.694508921839299e-06,
    "VmaxICp": 2.397012511245326e-05,
    "VmaxINp": 3.531242268444222e-05,
    "gammaDp": 0.8
}