{
    "KICp": 37.0,
    "KINp": 0.1730246538697511,
    "Koverflowp": 6.929410814559977e-06,
    "Mp": 4.063418054177662e-06,
    "VmaxICp": 2.332858519388749e-05,
    "VmaxINp": 2.746742124144854e-05,
    "gammaDp": 0.4698374779141078
}