{
    "KICp": 141.9404114984901,
    "KINp": 0.02,
    "Koverflowp": 1.5065546191707789e-07,
    "Mp": 4.842658074300396e-06,
    "VmaxICp": 2.204272911957716e-05,
    "VmaxINp": 2.9537946398046454e-05,
    "gammaDp": 0.8
}