{
    "KICp": 5.815748974157872,
    "KINp": 0.0380556988965175,
    "Koverflowp": 1.157407407407407e-06,
    "Mp": 4.995160195507786e-06,
    "VmaxICp": 2.2202290565065405e-05,
    "VmaxINp": 2.431460708618776e-05,
    "gammaDp": 0.2854682463733268
}