{
    "KICp": 0.1826843294046214,
    "KINp": 0.34485483173658,
    "Mp": 3.278577777959737e-06,
    "Mp_day": 0.2832691200157213,
    "R* ICp": 0.0014244833961078824,
    "R* INp": 0.026741567657354134,
    "Vmax/K ICp": 0.002319537412063218,
    "Vmax/K INp": 0.0001321094272792761,
    "Vmax/Vmax Ip": 9.301062270296379,
    "VmaxICp": 0.0004237431366517,
    "VmaxICp_day_cell": 3.2688756255988296e-08,
    "VmaxINp": 4.555857431521071e-05,
    "VmaxINp_day_cell": 3.514518590030541e-09,
    "gammaDp": 0.1238323609690895
}