{
    "KICp": 0.0934046105705209,
    "KINp": 0.1280496792852828,
    "Mp": 4.23201624575143e-06,
    "Mp_day": 0.36564620363292355,
    "R* ICp": 0.0009819900266372337,
    "R* INp": 0.0076126465533363046,
    "Vmax/K ICp": 0.004354941044189523,
    "Vmax/K INp": 0.0005889689817778251,
    "Vmax/Vmax Ip": 5.393611683299024,
    "VmaxICp": 0.0004067715722901,
    "VmaxICp_day_cell": 3.137952129095058e-08,
    "VmaxINp": 7.541728922563007e-05,
    "VmaxINp_day_cell": 5.81790516883432e-09,
    "gammaDp": 0.2123809887743458
}