{
    "KICp": 0.6507166252528104,
    "KINp": 0.1199578347916307,
    "Mp": 2.2190612327520594e-06,
    "Mp_day": 0.19172689050977793,
    "R* ICp": 0.0051296884825513915,
    "R* INp": 0.003647235658087328,
    "Vmax/K ICp": 0.0004360019920652468,
    "Vmax/K INp": 0.0006269214499098104,
    "Vmax/Vmax Ip": 3.772581482257255,
    "VmaxICp": 0.0002837137448802,
    "VmaxICp_day_cell": 2.188648889075829e-08,
    "VmaxINp": 7.520413971561062e-05,
    "VmaxINp_day_cell": 5.80146220663282e-09,
    "gammaDp": 0.2325361005579713
}