{
    "KICp": 0.4565328017907543,
    "KINp": 0.3408610628388392,
    "Mp": 2.2091183365251496e-06,
    "Mp_day": 0.19086782427577292,
    "R* ICp": 0.000403432016071337,
    "R* INp": 0.01787725809753582,
    "Vmax/K ICp": 0.0054806520483831585,
    "Vmax/K INp": 0.0001300524228923118,
    "Vmax/Vmax Ip": 56.442777432009095,
    "VmaxICp": 0.0025020974352886,
    "VmaxICp_day_cell": 1.9301894500797773e-07,
    "VmaxINp": 4.4329807091839584e-05,
    "VmaxINp_day_cell": 3.419727975656197e-09,
    "gammaDp": 0.5981419042306811
}