{
    "KICp": 37.0,
    "KINp": 0.0028366483629137,
    "Koverflowp": 1.2154845927725484e-07,
    "Mp": 9.434971045498452e-06,
    "VmaxICp": 3.007117271223888e-05,
    "VmaxINp": 5.172019047569325e-05,
    "gammaDp": 0.2313298831966031
}