{
    "KICp": 0.1520196254664109,
    "KINp": 0.5663906798027754,
    "Mp": 3.015790727922111e-06,
    "Mp_day": 0.2605643188924704,
    "R* ICp": 0.000711151422064521,
    "R* INp": 0.06400907908079576,
    "Vmax/K ICp": 0.004260553483601419,
    "Vmax/K INp": 5.243962324951209e-05,
    "Vmax/Vmax Ip": 21.806703497702973,
    "VmaxICp": 0.0006476877448567,
    "VmaxICp_day_cell": 4.996448317465972e-08,
    "VmaxINp": 2.9701313860892577e-05,
    "VmaxINp_day_cell": 2.291244212125999e-09,
    "gammaDp": 0.241167912013525
}