{
    "KICp": 0.0316880733339227,
    "KINp": 0.0543595320895097,
    "Mp": 2.183025290108202e-06,
    "Mp_day": 0.18861338506534864,
    "R* ICp": 0.0002890426038564119,
    "R* INp": 0.004577876215732101,
    "Vmax/K ICp": 0.007621498405703264,
    "Vmax/K INp": 0.0005170232178275794,
    "Vmax/Vmax Ip": 8.593111390699725,
    "VmaxICp": 0.0002415106003943,
    "VmaxICp_day_cell": 1.8630817744703146e-08,
    "VmaxINp": 2.8105140200519864e-05,
    "VmaxINp_day_cell": 2.1681108154686755e-09,
    "gammaDp": 0.1806354487471163
}