{
    "KICp": 0.1039135346392458,
    "KINp": 0.6922592931317455,
    "Mp": 4.033693782282321e-06,
    "Mp_day": 0.34851114278919254,
    "R* ICp": 0.0013733681687509798,
    "R* INp": 0.046264305048349406,
    "Vmax/K ICp": 0.0029758989560567644,
    "Vmax/K INp": 9.301488751301088e-05,
    "Vmax/Vmax Ip": 4.802518416653628,
    "VmaxICp": 0.0003092361792531,
    "VmaxICp_day_cell": 2.385536239952486e-08,
    "VmaxINp": 6.439042028048573e-05,
    "VmaxINp_day_cell": 4.967260993066043e-09,
    "gammaDp": 0.6012989226465142
}