{
    "KICp": 0.0432291279521845,
    "KINp": 0.1584364866513458,
    "Mp": 2.67048313522591e-06,
    "Mp_day": 0.23072974288351863,
    "R* ICp": 0.00011880978712925096,
    "R* INp": 0.014053397085311928,
    "Vmax/K ICp": 0.022538737631399852,
    "Vmax/K INp": 0.00020687925717988566,
    "Vmax/Vmax Ip": 29.725824631299773,
    "VmaxICp": 0.0009743299729485,
    "VmaxICp_day_cell": 7.516259791317001e-08,
    "VmaxINp": 3.277722266862129e-05,
    "VmaxINp_day_cell": 2.5285286058650713e-09,
    "gammaDp": 0.1485281701556499
}