{
    "KICp": 37.0,
    "KINp": 0.02,
    "Koverflowp": 2.6716563620921425e-07,
    "Mp": 5.036156275088397e-06,
    "VmaxICp": 3.853951592077844e-05,
    "VmaxINp": 2.6334961104043298e-05,
    "gammaDp": 0.1708509701138103
}