{
    "KICp": 0.2792788548928028,
    "KINp": 0.4682407676152893,
    "Mp": 1.933558211233294e-06,
    "Mp_day": 0.16705942945055663,
    "R* ICp": 0.0009170232667678674,
    "R* INp": 0.036069737167009626,
    "Vmax/K ICp": 0.0021154393755247573,
    "Vmax/K INp": 5.773551780770597e-05,
    "Vmax/Vmax Ip": 21.853769124478468,
    "VmaxICp": 0.0005907974863917,
    "VmaxICp_day_cell": 4.557580609307401e-08,
    "VmaxINp": 2.703412317694645e-05,
    "VmaxINp_day_cell": 2.0854895022215836e-09,
    "gammaDp": 0.2262506299932194
}