{
    "KICp": 0.2068431124147206,
    "KINp": 0.2054762769211227,
    "Mp": 1.6955089369259285e-06,
    "Mp_day": 0.14649197215040022,
    "R* ICp": 0.0010456948742454245,
    "R* INp": 0.003844736448836586,
    "Vmax/K ICp": 0.001629615502941983,
    "Vmax/K INp": 0.00044924644480851396,
    "Vmax/Vmax Ip": 3.651572053861576,
    "VmaxICp": 0.0003370747426678,
    "VmaxICp_day_cell": 2.6002908720087433e-08,
    "VmaxINp": 9.230948689930408e-05,
    "VmaxINp_day_cell": 7.121017560803459e-09,
    "gammaDp": 0.1003899118755993
}