{
    "KICp": 37.0,
    "KINp": 0.0922123652110089,
    "Koverflowp": 1.5494997528260288e-06,
    "Mp": 4.543486189887338e-06,
    "VmaxICp": 1.5966414500097985e-05,
    "VmaxINp": 3.664494209268395e-05,
    "gammaDp": 0.8
}