{
    "KICp": 0.1129891381275783,
    "KINp": 0.2447331633950628,
    "Mp": 4.511958097023324e-06,
    "Mp_day": 0.3898331795828152,
    "R* ICp": 0.001233117584888878,
    "R* INp": 0.038291518338938006,
    "Vmax/K ICp": 0.0036989171445869287,
    "Vmax/K INp": 0.00013626802361285897,
    "Vmax/Vmax Ip": 12.532119232590668,
    "VmaxICp": 0.0004179374601722,
    "VmaxICp_day_cell": 3.2240889784712576e-08,
    "VmaxINp": 3.334930448836809e-05,
    "VmaxINp_day_cell": 2.572660631959824e-09,
    "gammaDp": 0.1702845827520069
}