{
    "KICp": 0.1070926456700848,
    "KINp": 0.3083387210248977,
    "Mp": 5.326856216506959e-06,
    "Mp_day": 0.46024037710620125,
    "R* ICp": 0.0005976445199538246,
    "R* INp": 0.04497628979405812,
    "Vmax/K ICp": 0.008962825317870775,
    "Vmax/K INp": 0.0001357129748214642,
    "Vmax/Vmax Ip": 22.937978590258066,
    "VmaxICp": 0.0009598526759696,
    "VmaxICp_day_cell": 7.404577786051202e-08,
    "VmaxINp": 4.1845565082934414e-05,
    "VmaxINp_day_cell": 3.228086449254941e-09,
    "gammaDp": 0.3197582552428736
}