{
    "KICp": 0.1204551439635197,
    "KINp": 0.0479887390677603,
    "Mp": 2.336509234283794e-06,
    "Mp_day": 0.2018743978421198,
    "R* ICp": 0.001036145154339339,
    "R* INp": 0.006062777255477881,
    "Vmax/K ICp": 0.0022743991833480415,
    "Vmax/K INp": 0.00043407465845042293,
    "Vmax/Vmax Ip": 13.151893118194595,
    "VmaxICp": 0.0002739630810607,
    "VmaxICp_day_cell": 2.1134294824682574e-08,
    "VmaxINp": 2.083069552030452e-05,
    "VmaxINp_day_cell": 1.6069393687092059e-09,
    "gammaDp": 0.4214974125751065
}