{
    "KICp": 4.207872711834442,
    "KINp": 0.0171233965626821,
    "Koverflowp": 6.279719039547652e-06,
    "Mp": 5.942891183952621e-06,
    "VmaxICp": 3.2494740615375266e-05,
    "VmaxINp": 5.199686538895449e-05,
    "gammaDp": 0.8
}