{
    "KICp": 0.3111831471021941,
    "KINp": 0.1046664766231098,
    "Mp": 2.8796277096445133e-06,
    "Mp_day": 0.24879983411328593,
    "R* ICp": 0.0008580895275516707,
    "R* INp": 0.009964693726421807,
    "Vmax/K ICp": 0.003365113090000036,
    "Vmax/K INp": 0.0003164954790777827,
    "Vmax/Vmax Ip": 31.61117339735597,
    "VmaxICp": 0.001047166481701,
    "VmaxICp_day_cell": 8.078141430264858e-08,
    "VmaxINp": 3.312646666221468e-05,
    "VmaxINp_day_cell": 2.555470285370847e-09,
    "gammaDp": 0.6857402763872963
}