{
    "KICp": 0.6223902199238774,
    "KINp": 0.1062821600271555,
    "Mp": 2.2266009426570352e-06,
    "Mp_day": 0.19237832144556785,
    "R* ICp": 0.006049664425921708,
    "R* INp": 0.00426742357909559,
    "Vmax/K ICp": 0.00037163112830450567,
    "Vmax/K INp": 0.0005427169367536893,
    "Vmax/Vmax Ip": 4.0099697493222,
    "VmaxICp": 0.000231299579676,
    "VmaxICp_day_cell": 1.7843110432148575e-08,
    "VmaxINp": 5.768112832150324e-05,
    "VmaxINp_day_cell": 4.449687041944536e-09,
    "gammaDp": 0.1040940769348287
}