{
    "KICp": 0.064882478010404,
    "KINp": 0.041064243545818,
    "Mp": 2.448754074693837e-06,
    "Mp_day": 0.21157235205354752,
    "R* ICp": 0.00032848502471210443,
    "R* INp": 0.0019378806153925784,
    "Vmax/K ICp": 0.007492431516673095,
    "Vmax/K INp": 0.00132325710633358,
    "Vmax/Vmax Ip": 8.946273031636746,
    "VmaxICp": 0.000486127523125,
    "VmaxICp_day_cell": 3.750126606964286e-08,
    "VmaxINp": 5.433855208821652e-05,
    "VmaxINp_day_cell": 4.191831161090989e-09,
    "gammaDp": 0.8947708726876407
}