{
    "KICp": 0.5701312879723643,
    "KINp": 0.0558233181662132,
    "Mp": 1.515204070485291e-06,
    "Mp_day": 0.13091363168992914,
    "R* ICp": 0.0021821050497161246,
    "R* INp": 0.001257737435706071,
    "Vmax/K ICp": 0.0006970348754307675,
    "Vmax/K INp": 0.0012318490391862809,
    "Vmax/Vmax Ip": 5.779047266083352,
    "VmaxICp": 0.000397401391291,
    "VmaxICp_day_cell": 3.065667875673429e-08,
    "VmaxINp": 6.876590084723979e-05,
    "VmaxINp_day_cell": 5.304798065358499e-09,
    "gammaDp": 0.5334297126657659
}