{
    "KICp": 0.3178559859757584,
    "KINp": 0.1155446872012695,
    "Mp": 1.9739511617594326e-06,
    "Mp_day": 0.17054938037601497,
    "R* ICp": 0.0013542596844783087,
    "R* INp": 0.002035260206740028,
    "Vmax/K ICp": 0.0014637970960392256,
    "Vmax/K INp": 0.000986960433385007,
    "Vmax/Vmax Ip": 4.080013050413976,
    "VmaxICp": 0.00046527666923,
    "VmaxICp_day_cell": 3.589277162631429e-08,
    "VmaxINp": 0.0001140380345555,
    "VmaxINp_day_cell": 8.797219808567144e-09,
    "gammaDp": 0.8024819174563929
}