{
    "KICp": 0.2587864889810317,
    "KINp": 0.1332576577359412,
    "Mp": 1.9992662161253697e-06,
    "Mp_day": 0.17273660107323194,
    "R* ICp": 0.002523414950631388,
    "R* INp": 0.003851395827806783,
    "Vmax/K ICp": 0.0008000114951320928,
    "Vmax/K INp": 0.0005341047363814803,
    "Vmax/Vmax Ip": 2.9088358969258663,
    "VmaxICp": 0.0002070321659697,
    "VmaxICp_day_cell": 1.597105280337686e-08,
    "VmaxINp": 7.11735461558684e-05,
    "VmaxINp_day_cell": 5.490530703452706e-09,
    "gammaDp": 0.7918397789626865
}