{
    "KICp": 0.3612328897547887,
    "KINp": 0.4113299582220381,
    "Mp": 3.0763036497908417e-06,
    "Mp_day": 0.2657926353419287,
    "R* ICp": 0.0019762673362883915,
    "R* INp": 0.024609429977066877,
    "Vmax/K ICp": 0.0015651393555531168,
    "Vmax/K INp": 0.00013248399490871333,
    "Vmax/Vmax Ip": 10.374962617099087,
    "VmaxICp": 0.0005653798122754,
    "VmaxICp_day_cell": 4.361501408981658e-08,
    "VmaxINp": 5.449463609088976e-05,
    "VmaxINp_day_cell": 4.2038719270114965e-09,
    "gammaDp": 0.7669977492303967
}