{
    "KICp": 0.0993387502323796,
    "KINp": 0.0782876083599303,
    "Mp": 2.108060473728908e-06,
    "Mp_day": 0.18213642493017768,
    "R* ICp": 0.00019712709376914779,
    "R* INp": 0.008459597800899835,
    "Vmax/K ICp": 0.010715136378366154,
    "Vmax/K INp": 0.00027611870019833356,
    "Vmax/Vmax Ip": 49.24107761822839,
    "VmaxICp": 0.0010644282563964,
    "VmaxICp_day_cell": 8.211303692200802e-08,
    "VmaxINp": 2.1616672661980147e-05,
    "VmaxINp_day_cell": 1.6675718910670402e-09,
    "gammaDp": 0.5788254301072875
}