{
    "KICp": 37.0,
    "KINp": 0.1754922913408976,
    "Koverflowp": 1.157407407407407e-06,
    "Mp": 3.960133001247577e-06,
    "VmaxICp": 3.2587498990056074e-05,
    "VmaxINp": 2.475076301924162e-05,
    "gammaDp": 0.8
}