{
    "KICp": 0.6367447278453325,
    "KINp": 0.4637045202434199,
    "Mp": 4.852462593220189e-06,
    "Mp_day": 0.4192527680542243,
    "R* ICp": 0.010661560542602215,
    "R* INp": 0.05902090989095609,
    "Vmax/K ICp": 0.00046275697606022964,
    "Vmax/K INp": 9.268054839883246e-05,
    "Vmax/Vmax Ip": 6.8562778318807025,
    "VmaxICp": 0.00029465806478,
    "VmaxICp_day_cell": 2.2730764997314288e-08,
    "VmaxINp": 4.297638923117767e-05,
    "VmaxINp_day_cell": 3.315321454976563e-09,
    "gammaDp": 0.1684105933381222
}