{
    "KICp": 37.0,
    "KINp": 0.02,
    "Koverflowp": 1.157407407407407e-06,
    "Mp": 4.89288579974581e-06,
    "VmaxICp": 5.1455672375052304e-05,
    "VmaxINp": 1.5626129596054363e-05,
    "gammaDp": 0.3506952443615007
}