{
    "KICp": 37.0,
    "KINp": 0.1616153998888935,
    "Koverflowp": 6.209128997776045e-06,
    "Mp": 1.0003758565291994e-05,
    "VmaxICp": 3.425594922494785e-05,
    "VmaxINp": 2.67425225351454e-05,
    "gammaDp": 0.1854303327147661
}