{
    "KICp": 0.2501967334545485,
    "KINp": 0.3890665926011702,
    "Mp": 4.646781088903266e-06,
    "Mp_day": 0.4014818860812422,
    "R* ICp": 0.003240056866976455,
    "R* INp": 0.038117424840258256,
    "Vmax/K ICp": 0.0014527390313008588,
    "Vmax/K INp": 0.0001338504127815953,
    "Vmax/Vmax Ip": 6.979520448702289,
    "VmaxICp": 0.0003634705601934,
    "VmaxICp_day_cell": 2.803915750063372e-08,
    "VmaxINp": 5.207672401919541e-05,
    "VmaxINp_day_cell": 4.017347281480789e-09,
    "gammaDp": 0.5614091812234748
}