{
    "KICp": 180.62923767425067,
    "KINp": 0.0099036738066514,
    "KOCp": 0.2557228121077445,
    "KONp": 0.6089656457379747,
    "KlossROSp": 1.956673654786862e-06,
    "KprodROSp": 2.2597782699840573e-08,
    "Mp": 3.162239372736138e-06,
    "VmaxICp": 1.1933444068034905e-05,
    "VmaxINp": 3.734900358615612e-05,
    "VmaxOCp": 1.1922243394820144e-05,
    "VmaxONp": 1.945075979379036e-07,
    "gammaDp": 0.8189889059544495,
    "omegaP": 3.405555555555556e-05
}