{
    "KICp": 214.54650767035145,
    "KINp": 0.0537736586424525,
    "KOCp": 0.0455983106844132,
    "KONp": 0.183996298624172,
    "KlossROSp": 3.283888428819034e-07,
    "KprodROSp": 1.7201086580154965e-08,
    "Mp": 6.966047764356628e-06,
    "VmaxICp": 4.184905186424805e-05,
    "VmaxINp": 3.029677424205184e-05,
    "VmaxOCp": 5.078628562363841e-06,
    "VmaxONp": 1.1111111111111112e-06,
    "gammaDp": 0.3392089338147322,
    "omegaP": 4.502761559827881e-06
}