{
    "KICp": 30.8936978743061,
    "KINp": 0.0025610164408946,
    "KOCp": 0.0084653823959605,
    "KONp": 0.7539165019021957,
    "KlossROSp": 1.8213592680884784e-06,
    "KprodROSp": 1.1811171417317751e-08,
    "Mp": 4.599102287780083e-06,
    "VmaxICp": 3.858228150627943e-05,
    "VmaxINp": 3.324447061883799e-05,
    "VmaxOCp": 1.3135236737896757e-06,
    "VmaxONp": 3.1278083358289015e-07,
    "gammaDp": 0.64824921790153,
    "omegaP": 4.172046114526505e-05
}