{
    "KICp": 237.23676947431576,
    "KINp": 0.02,
    "KOCp": 0.0091454408974491,
    "KONp": 0.0223891947388912,
    "KlossROSp": 1.6988863210979795e-05,
    "KprodROSp": 2.5950345190430587e-08,
    "Mp": 6.636551640194532e-06,
    "VmaxICp": 2.4605631230209584e-05,
    "VmaxINp": 1.840453992695669e-05,
    "VmaxOCp": 4.816008164428916e-06,
    "VmaxONp": 6.264440184932347e-06,
    "gammaDp": 0.1963628322034046,
    "omegaP": 3.405555555555556e-05
}