{
    "KICp": 86.92906662580583,
    "KINp": 0.0051234325602195,
    "KOCp": 0.0961427164111871,
    "KONp": 0.1119836563184571,
    "KlossROSp": 3.2508068953865625e-06,
    "KprodROSp": 6.135256880076038e-09,
    "Mp": 6.486970070118682e-06,
    "VmaxICp": 3.2564022570105136e-05,
    "VmaxINp": 3.175238332603698e-05,
    "VmaxOCp": 2.9085770757187065e-06,
    "VmaxONp": 2.851825797316971e-07,
    "gammaDp": 0.6647210303177886,
    "omegaP": 3.405555555555556e-05
}