{
    "KICp": 14.131453795533211,
    "KINp": 0.0149873386521249,
    "KOCp": 0.0711855475215647,
    "KONp": 0.449413289121927,
    "KlossROSp": 2.145732727170882e-07,
    "KprodROSp": 1.693905420144553e-09,
    "Mp": 9.097249025084509e-06,
    "VmaxICp": 4.416793031233424e-05,
    "VmaxINp": 5.438882733849917e-05,
    "VmaxOCp": 1.2079278450425333e-05,
    "VmaxONp": 2.7751359953503613e-06,
    "gammaDp": 0.6318829449514203,
    "omegaP": 3.405555555555556e-05
}