{
    "KICp": 52.96821079001592,
    "KINp": 0.0115704072694387,
    "KOCp": 0.03,
    "KONp": 0.0107130191133188,
    "KlossROSp": 1.956673654786862e-06,
    "KprodROSp": 6.8092979269630595e-09,
    "Mp": 3.8265049916754085e-06,
    "VmaxICp": 2.972278424258709e-05,
    "VmaxINp": 1.7036839962104534e-05,
    "VmaxOCp": 1.7264592471114786e-06,
    "VmaxONp": 7.086988027777691e-07,
    "gammaDp": 0.8,
    "omegaP": 5.209320235232628e-06
}