{
    "KICp": 37.0,
    "KINp": 0.1604054705775524,
    "KOCp": 0.2117238542924641,
    "KONp": 0.1,
    "KlossROSp": 5.183835904170245e-07,
    "KprodROSp": 5.874778579656809e-09,
    "Mp": 8.646907521657547e-06,
    "VmaxICp": 4.553073206808294e-05,
    "VmaxINp": 5.031593089052261e-05,
    "VmaxOCp": 3.426693974261773e-07,
    "VmaxONp": 1.1111111111111112e-06,
    "gammaDp": 0.8,
    "omegaP": 3.405555555555556e-05
}