{
    "KICp": 40.95394828015861,
    "KINp": 0.1038729709780383,
    "KOCp": 0.2537654701749263,
    "KONp": 0.7156346117810092,
    "KlossROSp": 1.728352589713965e-05,
    "KprodROSp": 4.1590357252359446e-08,
    "Mp": 5.276910959065665e-06,
    "VmaxICp": 3.0034622360065685e-05,
    "VmaxINp": 5.208119985816958e-05,
    "VmaxOCp": 8.496410995402631e-06,
    "VmaxONp": 4.058674690338353e-06,
    "gammaDp": 0.3622475617592102,
    "omegaP": 2.504512769933297e-05
}