{
    "KICp": 7.124890494959666,
    "KINp": 0.02,
    "KOCp": 0.133371640250895,
    "KONp": 0.5592585896987865,
    "KlossROSp": 1.956673654786862e-06,
    "KprodROSp": 1.876946526558546e-09,
    "Mp": 8.768384530540245e-06,
    "VmaxICp": 2.860553051993045e-05,
    "VmaxINp": 2.6255171995251e-05,
    "VmaxOCp": 1.8180867928687927e-05,
    "VmaxONp": 5.32006195215878e-07,
    "gammaDp": 0.4555605922542909,
    "omegaP": 4.34922847108925e-06
}