{
    "KICp": 40.95394828015861,
    "KINp": 0.02,
    "KOCp": 0.2537654701749263,
    "KONp": 0.4115310621412048,
    "KlossROSp": 1.9638490851318026e-07,
    "KprodROSp": 2.362296762991426e-08,
    "Mp": 5.276910959065665e-06,
    "VmaxICp": 3.0034622360065685e-05,
    "VmaxINp": 5.208119985816958e-05,
    "VmaxOCp": 2.387351524140854e-07,
    "VmaxONp": 4.058674690338353e-06,
    "gammaDp": 0.3622475617592102,
    "omegaP": 2.504512769933297e-05
}