{
    "KICp": 33.55688984404803,
    "KINp": 0.0178983131177361,
    "KOCp": 0.0197317618463239,
    "KONp": 0.1,
    "KlossROSp": 6.504938353225578e-07,
    "KprodROSp": 1.7723560276732625e-08,
    "Mp": 2.5378163684529125e-06,
    "VmaxICp": 1.579181209045685e-05,
    "VmaxINp": 5.1726870692428176e-05,
    "VmaxOCp": 2.663736272233977e-07,
    "VmaxONp": 6.8403163826916e-07,
    "gammaDp": 0.3203409069159208,
    "omegaP": 5.144797381283801e-06
}