{
    "KICp": 32.20792779715725,
    "KINp": 0.1603619612212608,
    "KOCp": 0.0125308159941463,
    "KONp": 0.0670304378411665,
    "KlossROSp": 1.4858213935389592e-05,
    "KprodROSp": 1.8708572336824387e-08,
    "Mp": 3.907059918557432e-06,
    "VmaxICp": 2.9313162805825e-05,
    "VmaxINp": 2.297254759348684e-05,
    "VmaxOCp": 2.6707413939166497e-07,
    "VmaxONp": 2.9949953394197195e-06,
    "gammaDp": 0.8,
    "omegaP": 3.6035635263951978e-06
}