{
    "KICp": 125.12925171634328,
    "KINp": 0.104553862451153,
    "KOCp": 0.0619510722019589,
    "KONp": 0.0192881732787281,
    "KlossROSp": 1.1377660071155657e-05,
    "KprodROSp": 6.506734811090036e-10,
    "Mp": 5.197500370682051e-06,
    "VmaxICp": 4.235013514576704e-05,
    "VmaxINp": 2.458624844649984e-05,
    "VmaxOCp": 1.851851851851852e-06,
    "VmaxONp": 6.60574684796151e-07,
    "gammaDp": 0.1842121965539022,
    "omegaP": 9.967471232927846e-06
}