{
    "KICp": 14.441377060831163,
    "KINp": 0.0638150600177916,
    "KOCp": 0.2405872806071387,
    "KONp": 0.1509249511019842,
    "KlossROSp": 1.956673654786862e-06,
    "KprodROSp": 3.168756994740944e-09,
    "Mp": 6.507127367456307e-06,
    "VmaxICp": 1.5960872307911918e-05,
    "VmaxINp": 3.2045971863498216e-05,
    "VmaxOCp": 8.35482210726821e-06,
    "VmaxONp": 2.691128526205728e-06,
    "gammaDp": 0.858083921345711,
    "omegaP": 1.1211499987065925e-05
}