{
    "KICp": 246.3827425664096,
    "KINp": 0.0594834665180012,
    "KOCp": 0.0091454408974491,
    "KONp": 0.1,
    "KlossROSp": 1.6988863210979795e-05,
    "KprodROSp": 2.5950345190430587e-08,
    "Mp": 6.308830888666543e-06,
    "VmaxICp": 5.390609268507895e-05,
    "VmaxINp": 1.840453992695669e-05,
    "VmaxOCp": 4.816008164428916e-06,
    "VmaxONp": 4.364417990710512e-07,
    "gammaDp": 0.1520735587798667,
    "omegaP": 3.405555555555556e-05
}