{
    "KICp": 30.8936978743061,
    "KINp": 0.0025610164408946,
    "KOCp": 0.0105033198740194,
    "KONp": 0.7539165019021957,
    "KlossROSp": 1.3607811183675092e-05,
    "KprodROSp": 1.1811171417317751e-08,
    "Mp": 4.599102287780083e-06,
    "VmaxICp": 3.858228150627943e-05,
    "VmaxINp": 2.247118624610616e-05,
    "VmaxOCp": 1.088454163610982e-06,
    "VmaxONp": 4.79253632949515e-07,
    "gammaDp": 0.8,
    "omegaP": 1.877481343917236e-05
}