{
    "KICp": 94.08756134969602,
    "KINp": 0.0085107725799656,
    "KOCp": 0.0727197234108905,
    "KONp": 0.0208562636908532,
    "KlossROSp": 1.3933584205515548e-05,
    "KprodROSp": 3.7627097876861416e-08,
    "Mp": 5.675866134903729e-06,
    "VmaxICp": 2.0163796901704585e-05,
    "VmaxINp": 4.7089822920148666e-05,
    "VmaxOCp": 2.2301379436636545e-07,
    "VmaxONp": 9.187761490232966e-07,
    "gammaDp": 0.8,
    "omegaP": 3.405555555555556e-05
}