{
    "KICp": 22.08104825277546,
    "KINp": 0.0513414988066135,
    "KOCp": 0.0804260947620007,
    "KONp": 0.2079353542673043,
    "KlossROSp": 1.171862900961733e-06,
    "KprodROSp": 4.696016771488469e-09,
    "Mp": 2.91553167256645e-06,
    "VmaxICp": 3.903541864486167e-05,
    "VmaxINp": 2.4452309770082566e-05,
    "VmaxOCp": 4.955299758041781e-07,
    "VmaxONp": 1.6214039798625581e-07,
    "gammaDp": 0.2444287137824343,
    "omegaP": 3.405555555555556e-05
}