{
    "KICp": 29.631127403382425,
    "KINp": 0.0059200046221167,
    "KOCp": 0.0711855475215647,
    "KONp": 0.0319355657912833,
    "KlossROSp": 2.145732727170882e-07,
    "KprodROSp": 1.3216295608091614e-08,
    "Mp": 9.097249025084509e-06,
    "VmaxICp": 4.416793031233424e-05,
    "VmaxINp": 5.438882733849917e-05,
    "VmaxOCp": 1.2079278450425333e-05,
    "VmaxONp": 6.191095492155644e-07,
    "gammaDp": 0.6318829449514203,
    "omegaP": 3.405555555555556e-05
}