{
    "KICp": 94.08756134969602,
    "KINp": 0.0085107725799656,
    "KOCp": 0.051888619285047,
    "KONp": 0.0208562636908532,
    "KlossROSp": 1.4462592024755648e-05,
    "KprodROSp": 3.29387032481835e-09,
    "Mp": 2.773187238360088e-06,
    "VmaxICp": 2.0163796901704585e-05,
    "VmaxINp": 4.7089822920148666e-05,
    "VmaxOCp": 1.0117662665635785e-06,
    "VmaxONp": 9.187761490232966e-07,
    "gammaDp": 0.8,
    "omegaP": 3.405555555555556e-05
}