{
    "KICp": 125.12925171634328,
    "KINp": 0.104553862451153,
    "KOCp": 0.0304830036952704,
    "KONp": 0.1627961072130272,
    "KlossROSp": 2.302511701154377e-06,
    "KprodROSp": 1.4915297759823215e-09,
    "Mp": 6.100132655061343e-06,
    "VmaxICp": 4.235013514576704e-05,
    "VmaxINp": 2.458624844649984e-05,
    "VmaxOCp": 5.03730071249946e-07,
    "VmaxONp": 6.60574684796151e-07,
    "gammaDp": 0.1842121965539022,
    "omegaP": 7.2360582708287486e-06
}