{
    "KICp": 37.0,
    "KINp": 0.1319273267424382,
    "KOCp": 0.0287051798320055,
    "KONp": 0.0681400887638116,
    "KlossROSp": 1.956673654786862e-06,
    "KprodROSp": 3.677385582852873e-09,
    "Mp": 4.349617724278337e-06,
    "VmaxICp": 2.769191092621069e-05,
    "VmaxINp": 4.184734612075857e-05,
    "VmaxOCp": 2.164454027092905e-06,
    "VmaxONp": 1.1111111111111112e-06,
    "gammaDp": 0.125288779589371,
    "omegaP": 3.530117114440328e-05
}