{
    "KICp": 37.0,
    "KINp": 0.02,
    "KOCp": 0.0235390192927331,
    "KONp": 0.0169868147973128,
    "KlossROSp": 1.956673654786862e-06,
    "KprodROSp": 1.380557724201833e-08,
    "Mp": 8.646907521657547e-06,
    "VmaxICp": 4.553073206808294e-05,
    "VmaxINp": 5.031593089052261e-05,
    "VmaxOCp": 3.426693974261773e-07,
    "VmaxONp": 6.163539191732541e-07,
    "gammaDp": 0.3453971435471509,
    "omegaP": 4.81350856620551e-06
}