{
    "KICp": 26.788487058146423,
    "KINp": 0.0026918121216428,
    "KOCp": 0.0040474167343204,
    "KONp": 0.0429582121621656,
    "KlossROSp": 2.2677365933540522e-07,
    "KprodROSp": 3.4486263792926186e-08,
    "Mp": 5.180767191060807e-06,
    "VmaxICp": 3.542108432193026e-05,
    "VmaxINp": 3.2566018454414266e-05,
    "VmaxOCp": 1.3230751452144108e-05,
    "VmaxONp": 1.1111111111111112e-06,
    "gammaDp": 0.5811694223450367,
    "omegaP": 3.405555555555556e-05
}