{
    "KICp": 30.8936978743061,
    "KINp": 0.0025610164408946,
    "KOCp": 0.0084653823959605,
    "KONp": 0.7539165019021957,
    "KlossROSp": 2.657317907168498e-07,
    "KprodROSp": 1.0245832685180349e-08,
    "Mp": 1.0433297937011808e-05,
    "VmaxICp": 3.858228150627943e-05,
    "VmaxINp": 3.324447061883799e-05,
    "VmaxOCp": 4.598761340857138e-06,
    "VmaxONp": 3.1278083358289015e-07,
    "gammaDp": 0.1132750390932748,
    "omegaP": 1.877481343917236e-05
}