{
    "KICp": 30.8936978743061,
    "KINp": 0.0025610164408946,
    "KOCp": 0.0084653823959605,
    "KONp": 0.7539165019021957,
    "KlossROSp": 1.2492983402403102e-06,
    "KprodROSp": 1.1811171417317751e-08,
    "Mp": 4.599102287780083e-06,
    "VmaxICp": 3.858228150627943e-05,
    "VmaxINp": 3.324447061883799e-05,
    "VmaxOCp": 5.036500602849089e-07,
    "VmaxONp": 1.3771655851499677e-07,
    "gammaDp": 0.8,
    "omegaP": 1.877481343917236e-05
}