{
    "KICp": 37.0,
    "KINp": 0.02,
    "KOCp": 0.036524371420753,
    "KONp": 0.9721239012836368,
    "KlossROSp": 8.016096151559285e-06,
    "KprodROSp": 1.109342565725646e-09,
    "Mp": 7.131572504854489e-06,
    "VmaxICp": 3.452037916268231e-05,
    "VmaxINp": 5.150611887732947e-05,
    "VmaxOCp": 1.0201035542462483e-06,
    "VmaxONp": 1.1111111111111112e-06,
    "gammaDp": 0.183883078249768,
    "omegaP": 1.6210772432834853e-05
}