{
    "KICp": 6.756609998448568,
    "KINp": 0.0026918121216428,
    "KOCp": 0.2980603162366466,
    "KONp": 0.222151660721599,
    "KlossROSp": 2.497676307103197e-07,
    "KprodROSp": 3.4486263792926186e-08,
    "Mp": 1.157407407407407e-06,
    "VmaxICp": 3.542108432193026e-05,
    "VmaxINp": 3.2566018454414266e-05,
    "VmaxOCp": 1.1810414454225e-06,
    "VmaxONp": 1.534959598139817e-07,
    "gammaDp": 0.5811694223450367,
    "omegaP": 3.405555555555556e-05
}