{
    "KICp": 37.0,
    "KINp": 0.02,
    "KOCp": 0.1438332614155999,
    "KONp": 0.1,
    "KlossROSp": 1.956673654786862e-06,
    "KprodROSp": 1.380557724201833e-08,
    "Mp": 8.646907521657547e-06,
    "VmaxICp": 4.553073206808294e-05,
    "VmaxINp": 5.031593089052261e-05,
    "VmaxOCp": 3.426693974261773e-07,
    "VmaxONp": 2.900279246505758e-07,
    "gammaDp": 0.8,
    "omegaP": 1.3243246060936322e-05
}