{
    "KICp": 37.0,
    "KINp": 0.02,
    "KOCp": 0.0097012278750014,
    "KONp": 0.1084211236437267,
    "KlossROSp": 1.956673654786862e-06,
    "KprodROSp": 1.380557724201833e-08,
    "Mp": 8.646907521657547e-06,
    "VmaxICp": 4.565587260199971e-05,
    "VmaxINp": 5.031593089052261e-05,
    "VmaxOCp": 3.426693974261773e-07,
    "VmaxONp": 1.1111111111111112e-06,
    "gammaDp": 0.8,
    "omegaP": 3.405555555555556e-05
}