{
    "KICp": 48.08676874410367,
    "KINp": 0.0261684852866175,
    "KOCp": 0.133371640250895,
    "KONp": 0.0193832147401628,
    "KlossROSp": 1.956673654786862e-06,
    "KprodROSp": 4.696016771488469e-09,
    "Mp": 8.768384530540245e-06,
    "VmaxICp": 4.2969756124936414e-05,
    "VmaxINp": 2.6255171995251e-05,
    "VmaxOCp": 1.8180867928687927e-05,
    "VmaxONp": 5.32006195215878e-07,
    "gammaDp": 0.4776798906246555,
    "omegaP": 4.34922847108925e-06
}