{
    "KICp": 30.8936978743061,
    "KINp": 0.0025610164408946,
    "KOCp": 0.0084653823959605,
    "KONp": 0.7539165019021957,
    "KlossROSp": 2.657317907168498e-07,
    "KprodROSp": 3.3560456694166175e-08,
    "Mp": 4.599102287780083e-06,
    "VmaxICp": 3.858228150627943e-05,
    "VmaxINp": 2.1996094465364632e-05,
    "VmaxOCp": 1.088454163610982e-06,
    "VmaxONp": 6.38017358594544e-07,
    "gammaDp": 0.8,
    "omegaP": 1.877481343917236e-05
}