{
    "KICp": 37.0,
    "KINp": 0.1990207373259358,
    "KOCp": 0.0083472518228501,
    "KONp": 0.203860023161313,
    "KlossROSp": 1.956673654786862e-06,
    "KprodROSp": 4.696016771488469e-09,
    "Mp": 4.349617724278337e-06,
    "VmaxICp": 2.263465793943884e-05,
    "VmaxINp": 4.184734612075857e-05,
    "VmaxOCp": 5.211010474830874e-07,
    "VmaxONp": 1.1111111111111112e-06,
    "gammaDp": 0.8,
    "omegaP": 3.530117114440328e-05
}