{
    "KICp": 4.0192137115427125,
    "KINp": 0.02,
    "KOCp": 0.0405888780410552,
    "KONp": 0.0729490549102562,
    "KlossROSp": 1.0211070195338764e-06,
    "KprodROSp": 7.507370889790394e-10,
    "Mp": 4.163065823317167e-06,
    "VmaxICp": 2.5281066550052325e-05,
    "VmaxINp": 2.9636461692020626e-05,
    "VmaxOCp": 3.937968249465191e-06,
    "VmaxONp": 3.443782972682367e-07,
    "gammaDp": 0.1234086071349985,
    "omegaP": 2.695070888676941e-05
}