{
    "KICp": 44.96263450930917,
    "KINp": 0.0537736586424525,
    "KOCp": 0.1843337551728856,
    "KONp": 0.183996298624172,
    "KlossROSp": 8.543911275957672e-06,
    "KprodROSp": 2.286620124343433e-09,
    "Mp": 6.966047764356628e-06,
    "VmaxICp": 4.184905186424805e-05,
    "VmaxINp": 3.029677424205184e-05,
    "VmaxOCp": 5.078628562363841e-06,
    "VmaxONp": 1.1111111111111112e-06,
    "gammaDp": 0.3376856151767446,
    "omegaP": 4.502761559827881e-06
}