{
    "KICp": 119.66575979321252,
    "KINp": 0.0097226174596508,
    "KOCp": 0.03,
    "KONp": 0.3912204914115565,
    "KlossROSp": 2.500295437555452e-07,
    "KprodROSp": 2.859314901453892e-08,
    "Mp": 1.157407407407407e-06,
    "VmaxICp": 1.906332565554364e-05,
    "VmaxINp": 2.2088065408218032e-05,
    "VmaxOCp": 3.289269678073778e-06,
    "VmaxONp": 4.65658244336386e-06,
    "gammaDp": 0.171581574731493,
    "omegaP": 3.405555555555556e-05
}