{
    "KICp": 4.0192137115427125,
    "KINp": 0.0091737131706889,
    "KOCp": 0.0282228986694745,
    "KONp": 0.0729490549102562,
    "KlossROSp": 7.465070008471935e-06,
    "KprodROSp": 7.507370889790394e-10,
    "Mp": 4.163065823317167e-06,
    "VmaxICp": 2.5281066550052325e-05,
    "VmaxINp": 2.9636461692020626e-05,
    "VmaxOCp": 5.14446629951473e-07,
    "VmaxONp": 5.268179327899043e-07,
    "gammaDp": 0.1730561755705,
    "omegaP": 2.695070888676941e-05
}