{
    "KICp": 33.55688984404803,
    "KINp": 0.0178983131177361,
    "KOCp": 0.0078793836356639,
    "KONp": 0.1,
    "KlossROSp": 1.835593855463267e-06,
    "KprodROSp": 3.6078124857844926e-08,
    "Mp": 2.5378163684529125e-06,
    "VmaxICp": 1.579181209045685e-05,
    "VmaxINp": 5.1726870692428176e-05,
    "VmaxOCp": 2.398370584802079e-06,
    "VmaxONp": 6.8403163826916e-07,
    "gammaDp": 0.1151070859515522,
    "omegaP": 5.144797381283801e-06
}