{
    "KICp": 214.54650767035145,
    "KINp": 0.0026499598737241,
    "KOCp": 0.0119559565697451,
    "KONp": 0.183996298624172,
    "KlossROSp": 2.2334467416366724e-06,
    "KprodROSp": 7.984027259294663e-09,
    "Mp": 1.0041002481338576e-05,
    "VmaxICp": 4.184905186424805e-05,
    "VmaxINp": 3.029677424205184e-05,
    "VmaxOCp": 5.078628562363841e-06,
    "VmaxONp": 1.1111111111111112e-06,
    "gammaDp": 0.4356254338921495,
    "omegaP": 4.502761559827881e-06
}