{
    "KICp": 95.18004537566654,
    "KINp": 0.0051234325602195,
    "KOCp": 0.0961427164111871,
    "KONp": 0.0441810346444129,
    "KlossROSp": 3.2508068953865625e-06,
    "KprodROSp": 6.135256880076038e-09,
    "Mp": 6.486970070118682e-06,
    "VmaxICp": 5.261239136335378e-05,
    "VmaxINp": 3.175238332603698e-05,
    "VmaxOCp": 2.581137297367737e-07,
    "VmaxONp": 2.851825797316971e-07,
    "gammaDp": 0.1582735664228691,
    "omegaP": 3.405555555555556e-05
}