{
    "KICp": 184.6758087728238,
    "KINp": 0.02,
    "KOCp": 0.133371640250895,
    "KONp": 0.5592585896987865,
    "KlossROSp": 2.2555735962536504e-06,
    "KprodROSp": 1.8696058863264063e-09,
    "Mp": 8.768384530540245e-06,
    "VmaxICp": 4.2969756124936414e-05,
    "VmaxINp": 2.675835411440025e-05,
    "VmaxOCp": 1.8180867928687927e-05,
    "VmaxONp": 5.32006195215878e-07,
    "gammaDp": 0.4555605922542909,
    "omegaP": 4.34922847108925e-06
}