{
    "KICp": 45.6433075285389,
    "KINp": 0.0078366364452082,
    "KOCp": 0.2537654701749263,
    "KONp": 0.0336043375177628,
    "KlossROSp": 6.2912078479414434e-06,
    "KprodROSp": 4.1590357252359446e-08,
    "Mp": 5.276910959065665e-06,
    "VmaxICp": 3.0034622360065685e-05,
    "VmaxINp": 2.5426231916814783e-05,
    "VmaxOCp": 5.583848279290968e-07,
    "VmaxONp": 4.058674690338353e-06,
    "gammaDp": 0.3622475617592102,
    "omegaP": 4.607022493337541e-05
}