{
    "KICp": 143.86161455945117,
    "KINp": 0.0051234325602195,
    "KOCp": 0.0961427164111871,
    "KONp": 0.1847542065234335,
    "KlossROSp": 3.2508068953865625e-06,
    "KprodROSp": 5.645734958036165e-10,
    "Mp": 7.544441890487785e-06,
    "VmaxICp": 3.2564022570105136e-05,
    "VmaxINp": 3.175238332603698e-05,
    "VmaxOCp": 3.236013139871385e-07,
    "VmaxONp": 2.851825797316971e-07,
    "gammaDp": 0.6647210303177886,
    "omegaP": 3.405555555555556e-05
}