{
    "KICp": 4.040576933186574,
    "KINp": 0.0023763165694011,
    "KOCp": 0.2557228121077445,
    "KONp": 0.6089656457379747,
    "KlossROSp": 9.076010186970703e-06,
    "KprodROSp": 8.020596062677e-10,
    "Mp": 7.156991767738786e-06,
    "VmaxICp": 1.1933444068034905e-05,
    "VmaxINp": 3.734900358615612e-05,
    "VmaxOCp": 1.139756119407617e-05,
    "VmaxONp": 1.945075979379036e-07,
    "gammaDp": 0.8189889059544495,
    "omegaP": 1.542425781966743e-05
}