{
    "KICp": 48.08676874410367,
    "KINp": 0.142659350837215,
    "KOCp": 0.2214679235385635,
    "KONp": 0.5592585896987865,
    "KlossROSp": 1.956673654786862e-06,
    "KprodROSp": 4.696016771488469e-09,
    "Mp": 8.768384530540245e-06,
    "VmaxICp": 4.2969756124936414e-05,
    "VmaxINp": 2.016057579291598e-05,
    "VmaxOCp": 1.8180867928687927e-05,
    "VmaxONp": 5.32006195215878e-07,
    "gammaDp": 0.4555605922542909,
    "omegaP": 4.34922847108925e-06
}