{
    "KICp": 237.23676947431576,
    "KINp": 0.02,
    "KOCp": 0.0037368143588826,
    "KONp": 0.1,
    "KlossROSp": 3.045126943627538e-06,
    "KprodROSp": 2.5950345190430587e-08,
    "Mp": 5.379427762107335e-06,
    "VmaxICp": 5.390609268507895e-05,
    "VmaxINp": 1.840453992695669e-05,
    "VmaxOCp": 4.816008164428916e-06,
    "VmaxONp": 4.364417990710512e-07,
    "gammaDp": 0.1520735587798667,
    "omegaP": 3.405555555555556e-05
}