{
    "KICp": 15.47532021198594,
    "KINp": 0.0200569519326577,
    "KOCp": 0.03,
    "KONp": 0.3975449158024179,
    "KlossROSp": 1.3927397806953703e-06,
    "KprodROSp": 4.696016771488469e-09,
    "Mp": 6.327800350904071e-06,
    "VmaxICp": 2.86357650222462e-05,
    "VmaxINp": 5.255012502487259e-05,
    "VmaxOCp": 1.851851851851852e-06,
    "VmaxONp": 1.7439223172825617e-07,
    "gammaDp": 0.6997224254200111,
    "omegaP": 3.673461263722996e-06
}