{
    "KICp": 33.55688984404803,
    "KINp": 0.1363233295066926,
    "KOCp": 0.0542042364968098,
    "KONp": 0.1,
    "KlossROSp": 1.835593855463267e-06,
    "KprodROSp": 1.5969851035283226e-08,
    "Mp": 2.5378163684529125e-06,
    "VmaxICp": 1.579181209045685e-05,
    "VmaxINp": 5.1726870692428176e-05,
    "VmaxOCp": 1.6529174784110208e-06,
    "VmaxONp": 6.8403163826916e-07,
    "gammaDp": 0.3203409069159208,
    "omegaP": 5.144797381283801e-06
}