{
    "KICp": 123.928717781228,
    "KINp": 0.104553862451153,
    "KOCp": 0.0619510722019589,
    "KONp": 0.0494465653727487,
    "KlossROSp": 3.1303997334079937e-06,
    "KprodROSp": 1.4915297759823215e-09,
    "Mp": 6.100132655061343e-06,
    "VmaxICp": 4.235013514576704e-05,
    "VmaxINp": 2.458624844649984e-05,
    "VmaxOCp": 1.851851851851852e-06,
    "VmaxONp": 6.60574684796151e-07,
    "gammaDp": 0.1842121965539022,
    "omegaP": 7.2360582708287486e-06
}