{
    "KICp": 19.28958466182143,
    "KINp": 0.02,
    "KOCp": 0.0235390192927331,
    "KONp": 0.1,
    "KlossROSp": 1.956673654786862e-06,
    "KprodROSp": 2.3318335635496387e-09,
    "Mp": 8.646907521657547e-06,
    "VmaxICp": 4.553073206808294e-05,
    "VmaxINp": 5.031593089052261e-05,
    "VmaxOCp": 3.1786427173970943e-06,
    "VmaxONp": 1.1111111111111112e-06,
    "gammaDp": 0.8,
    "omegaP": 5.775016112339848e-06
}