{
    "KICp": 9.376360835031027,
    "KINp": 0.1715832999874487,
    "KOCp": 0.0082931422950703,
    "KONp": 0.1,
    "KlossROSp": 4.1584263165570013e-07,
    "KprodROSp": 4.696016771488469e-09,
    "Mp": 5.081089574962252e-06,
    "VmaxICp": 2.002828376512753e-05,
    "VmaxINp": 4.722290845672529e-05,
    "VmaxOCp": 1.1998418510450984e-06,
    "VmaxONp": 1.2692677268973366e-07,
    "gammaDp": 0.8,
    "omegaP": 6.414598147016493e-06
}