{
    "KICp": 125.12925171634328,
    "KINp": 0.0129007153659375,
    "KOCp": 0.0619510722019589,
    "KONp": 0.1627961072130272,
    "KlossROSp": 1.1377660071155657e-05,
    "KprodROSp": 1.4915297759823215e-09,
    "Mp": 6.100132655061343e-06,
    "VmaxICp": 4.235013514576704e-05,
    "VmaxINp": 2.458624844649984e-05,
    "VmaxOCp": 2.268799098438317e-07,
    "VmaxONp": 1.8560667477832665e-06,
    "gammaDp": 0.1842121965539022,
    "omegaP": 7.2360582708287486e-06
}