{
    "KICp": 14.131453795533211,
    "KINp": 0.0059200046221167,
    "KOCp": 0.1652870899316951,
    "KONp": 0.0319355657912833,
    "KlossROSp": 2.145732727170882e-07,
    "KprodROSp": 2.7376636198454523e-09,
    "Mp": 9.097249025084509e-06,
    "VmaxICp": 4.416793031233424e-05,
    "VmaxINp": 5.438882733849917e-05,
    "VmaxOCp": 1.2079278450425333e-05,
    "VmaxONp": 3.232156151234885e-06,
    "gammaDp": 0.6318829449514203,
    "omegaP": 3.46309712333227e-05
}