{
    "KICp": 4.0192137115427125,
    "KINp": 0.02,
    "KOCp": 0.0282228986694745,
    "KONp": 0.0729490549102562,
    "KlossROSp": 4.77362696444148e-06,
    "KprodROSp": 2.355480369857023e-09,
    "Mp": 4.163065823317167e-06,
    "VmaxICp": 2.5281066550052325e-05,
    "VmaxINp": 2.9636461692020626e-05,
    "VmaxOCp": 3.937968249465191e-06,
    "VmaxONp": 2.116492452132314e-06,
    "gammaDp": 0.7515488255671431,
    "omegaP": 2.695070888676941e-05
}