{
    "KICp": 9.376360835031027,
    "KINp": 0.0070711537627985,
    "KOCp": 0.0082931422950703,
    "KONp": 0.1,
    "KlossROSp": 5.1791877852902565e-06,
    "KprodROSp": 1.4415259648820652e-08,
    "Mp": 5.011355467657622e-06,
    "VmaxICp": 2.002828376512753e-05,
    "VmaxINp": 4.722290845672529e-05,
    "VmaxOCp": 1.1998418510450984e-06,
    "VmaxONp": 1.2692677268973366e-07,
    "gammaDp": 0.8,
    "omegaP": 1.2791503623718583e-05
}