{
    "KICp": 18.55819997579843,
    "KINp": 0.0210085781541105,
    "KOCp": 0.0048034886780383,
    "KONp": 0.5985964135754107,
    "KlossROSp": 1.171862900961733e-06,
    "KprodROSp": 2.0160977864761893e-08,
    "Mp": 2.91553167256645e-06,
    "VmaxICp": 3.903541864486167e-05,
    "VmaxINp": 2.4452309770082566e-05,
    "VmaxOCp": 1.851851851851852e-06,
    "VmaxONp": 1.6214039798625581e-07,
    "gammaDp": 0.2444287137824343,
    "omegaP": 1.4017785441884106e-05
}