{
    "KICp": 30.46043497467614,
    "KINp": 0.02,
    "KOCp": 0.1248905465289316,
    "KONp": 0.0729490549102562,
    "KlossROSp": 7.465070008471935e-06,
    "KprodROSp": 1.7828799922142247e-09,
    "Mp": 4.163065823317167e-06,
    "VmaxICp": 2.5281066550052325e-05,
    "VmaxINp": 2.9636461692020626e-05,
    "VmaxOCp": 1.5956329799543814e-06,
    "VmaxONp": 1.2516751240880882e-06,
    "gammaDp": 0.7833614635070185,
    "omegaP": 2.695070888676941e-05
}