{
    "KICp": 4.0192137115427125,
    "KINp": 0.02,
    "KOCp": 0.0282228986694745,
    "KONp": 0.0729490549102562,
    "KlossROSp": 7.465070008471935e-06,
    "KprodROSp": 7.507370889790394e-10,
    "Mp": 4.163065823317167e-06,
    "VmaxICp": 2.5281066550052325e-05,
    "VmaxINp": 2.9636461692020626e-05,
    "VmaxOCp": 1.146801826428757e-06,
    "VmaxONp": 1.2516751240880882e-06,
    "gammaDp": 0.1217729844117453,
    "omegaP": 1.839863709120744e-05
}