{
    "KICp": 29.71735436376793,
    "KINp": 0.02,
    "KOCp": 0.0235390192927331,
    "KONp": 0.1,
    "KlossROSp": 5.826404869684762e-07,
    "KprodROSp": 9.53973371533505e-10,
    "Mp": 8.646907521657547e-06,
    "VmaxICp": 4.553073206808294e-05,
    "VmaxINp": 5.031593089052261e-05,
    "VmaxOCp": 3.426693974261773e-07,
    "VmaxONp": 1.1111111111111112e-06,
    "gammaDp": 0.7402274125883179,
    "omegaP": 3.405555555555556e-05
}