{
    "KICp": 52.96821079001592,
    "KINp": 0.0235671620293518,
    "KOCp": 0.03,
    "KONp": 0.0107130191133188,
    "KlossROSp": 1.635690137417923e-05,
    "KprodROSp": 4.0745310018616935e-08,
    "Mp": 3.8265049916754085e-06,
    "VmaxICp": 3.457253164720771e-05,
    "VmaxINp": 1.7036839962104534e-05,
    "VmaxOCp": 5.622917938306444e-06,
    "VmaxONp": 7.086988027777691e-07,
    "gammaDp": 0.8,
    "omegaP": 5.209320235232628e-06
}