{
    "KICp": 36.05420887139513,
    "KINp": 0.1603619612212608,
    "KOCp": 0.0115782944539253,
    "KONp": 0.0670304378411665,
    "KlossROSp": 1.4858213935389592e-05,
    "KprodROSp": 1.5240941738952167e-09,
    "Mp": 3.907059918557432e-06,
    "VmaxICp": 2.129108027913612e-05,
    "VmaxINp": 2.297254759348684e-05,
    "VmaxOCp": 7.407305861335927e-07,
    "VmaxONp": 2.7059194195245296e-07,
    "gammaDp": 0.8,
    "omegaP": 2.4027568813193103e-05
}