{
    "KICp": 40.95394828015861,
    "KINp": 0.02,
    "KOCp": 0.2537654701749263,
    "KONp": 0.0336043375177628,
    "KlossROSp": 1.013466808815219e-05,
    "KprodROSp": 4.1590357252359446e-08,
    "Mp": 5.276910959065665e-06,
    "VmaxICp": 3.0034622360065685e-05,
    "VmaxINp": 2.4792963299838503e-05,
    "VmaxOCp": 8.147903789948727e-06,
    "VmaxONp": 4.058674690338353e-06,
    "gammaDp": 0.3622475617592102,
    "omegaP": 2.504512769933297e-05
}