{
    "KICp": 37.0,
    "KINp": 0.02,
    "KOCp": 0.036524371420753,
    "KONp": 0.411857851196833,
    "KlossROSp": 1.956673654786862e-06,
    "KprodROSp": 1.1537136607960107e-09,
    "Mp": 7.131572504854489e-06,
    "VmaxICp": 3.452037916268231e-05,
    "VmaxINp": 5.150611887732947e-05,
    "VmaxOCp": 1.0201035542462483e-06,
    "VmaxONp": 4.020154867438141e-06,
    "gammaDp": 0.3034129118716665,
    "omegaP": 3.405555555555556e-05
}