{
    "KICp": 4.0192137115427125,
    "KINp": 0.02,
    "KOCp": 0.0282228986694745,
    "KONp": 0.0795111736200215,
    "KlossROSp": 2.341456693934406e-06,
    "KprodROSp": 7.507370889790394e-10,
    "Mp": 4.163065823317167e-06,
    "VmaxICp": 2.5281066550052325e-05,
    "VmaxINp": 2.056474519035744e-05,
    "VmaxOCp": 3.937968249465191e-06,
    "VmaxONp": 1.2516751240880882e-06,
    "gammaDp": 0.7833614635070185,
    "omegaP": 2.695070888676941e-05
}