{
    "KICp": 4.434097958762201,
    "KINp": 0.0066154094197659,
    "KOCp": 0.0125308159941463,
    "KONp": 0.0670304378411665,
    "KlossROSp": 1.4858213935389592e-05,
    "KprodROSp": 1.8708572336824387e-08,
    "Mp": 3.907059918557432e-06,
    "VmaxICp": 2.129108027913612e-05,
    "VmaxINp": 2.297254759348684e-05,
    "VmaxOCp": 3.739760401298197e-07,
    "VmaxONp": 2.1742220285308089e-07,
    "gammaDp": 0.6175497084895903,
    "omegaP": 3.6035635263951978e-06
}