{
    "KICp": 30.8936978743061,
    "KINp": 0.0041227694801124,
    "KOCp": 0.0084653823959605,
    "KONp": 0.6356534131840088,
    "KlossROSp": 2.657317907168498e-07,
    "KprodROSp": 1.93463217055195e-08,
    "Mp": 4.599102287780083e-06,
    "VmaxICp": 3.858228150627943e-05,
    "VmaxINp": 3.324447061883799e-05,
    "VmaxOCp": 1.088454163610982e-06,
    "VmaxONp": 3.1278083358289015e-07,
    "gammaDp": 0.8,
    "omegaP": 1.877481343917236e-05
}