{
    "KICp": 143.86161455945117,
    "KINp": 0.0051234325602195,
    "KOCp": 0.0961427164111871,
    "KONp": 0.4343253153144648,
    "KlossROSp": 3.2508068953865625e-06,
    "KprodROSp": 6.135256880076038e-09,
    "Mp": 6.486970070118682e-06,
    "VmaxICp": 3.2564022570105136e-05,
    "VmaxINp": 3.175238332603698e-05,
    "VmaxOCp": 2.581137297367737e-07,
    "VmaxONp": 7.195487713443162e-07,
    "gammaDp": 0.6647210303177886,
    "omegaP": 5.120034864405725e-06
}