{
    "KICp": 37.0,
    "KINp": 0.02,
    "KOCp": 0.0235390192927331,
    "KONp": 0.1,
    "KlossROSp": 1.956673654786862e-06,
    "KprodROSp": 1.2977513702300724e-08,
    "Mp": 8.646907521657547e-06,
    "VmaxICp": 3.4607886707030896e-05,
    "VmaxINp": 5.031593089052261e-05,
    "VmaxOCp": 1.2002093755318952e-06,
    "VmaxONp": 6.830722756252216e-06,
    "gammaDp": 0.8,
    "omegaP": 3.405555555555556e-05
}