{
    "KICp": 30.8936978743061,
    "KINp": 0.0152777079846427,
    "KOCp": 0.2110078439393372,
    "KONp": 0.7539165019021957,
    "KlossROSp": 2.657317907168498e-07,
    "KprodROSp": 1.1811171417317751e-08,
    "Mp": 8.280319769311526e-06,
    "VmaxICp": 3.858228150627943e-05,
    "VmaxINp": 3.324447061883799e-05,
    "VmaxOCp": 1.088454163610982e-06,
    "VmaxONp": 3.1278083358289015e-07,
    "gammaDp": 0.8,
    "omegaP": 1.0127411401444603e-05
}