{
    "KICp": 4.0192137115427125,
    "KINp": 0.02,
    "KOCp": 0.0031151234847136,
    "KONp": 0.0729490549102562,
    "KlossROSp": 1.443449004594754e-05,
    "KprodROSp": 7.507370889790394e-10,
    "Mp": 4.163065823317167e-06,
    "VmaxICp": 2.5281066550052325e-05,
    "VmaxINp": 2.9636461692020626e-05,
    "VmaxOCp": 8.927404909311546e-06,
    "VmaxONp": 1.2516751240880882e-06,
    "gammaDp": 0.7833614635070185,
    "omegaP": 2.695070888676941e-05
}