{
    "KICp": 198.38971219456928,
    "KINp": 0.1603619612212608,
    "KOCp": 0.0125308159941463,
    "KONp": 0.0670304378411665,
    "KlossROSp": 1.4858213935389592e-05,
    "KprodROSp": 3.971897193139146e-08,
    "Mp": 3.838458425943447e-06,
    "VmaxICp": 3.659966739188524e-05,
    "VmaxINp": 2.297254759348684e-05,
    "VmaxOCp": 7.407305861335927e-07,
    "VmaxONp": 2.1742220285308089e-07,
    "gammaDp": 0.8,
    "omegaP": 3.6035635263951978e-06
}