{
    "KICp": 237.23676947431576,
    "KINp": 0.0119792880435801,
    "KOCp": 0.0091454408974491,
    "KONp": 0.1,
    "KlossROSp": 8.830069230887349e-07,
    "KprodROSp": 2.5950345190430587e-08,
    "Mp": 6.636551640194532e-06,
    "VmaxICp": 5.390609268507895e-05,
    "VmaxINp": 1.840453992695669e-05,
    "VmaxOCp": 3.735553810061605e-07,
    "VmaxONp": 4.364417990710512e-07,
    "gammaDp": 0.243083078159514,
    "omegaP": 3.405555555555556e-05
}