{
    "KICp": 67.65139373808582,
    "KINp": 0.02,
    "KOCp": 0.036524371420753,
    "KONp": 0.9721239012836368,
    "KlossROSp": 1.956673654786862e-06,
    "KprodROSp": 3.197772061271376e-08,
    "Mp": 4.722550914538441e-06,
    "VmaxICp": 3.452037916268231e-05,
    "VmaxINp": 5.150611887732947e-05,
    "VmaxOCp": 1.0201035542462483e-06,
    "VmaxONp": 1.1111111111111112e-06,
    "gammaDp": 0.1153837397112561,
    "omegaP": 3.405555555555556e-05
}