{
    "KICp": 14.131453795533211,
    "KINp": 0.0865036161262425,
    "KOCp": 0.1320574703726342,
    "KONp": 0.0319355657912833,
    "KlossROSp": 2.145732727170882e-07,
    "KprodROSp": 4.960991246792982e-09,
    "Mp": 9.097249025084509e-06,
    "VmaxICp": 4.416793031233424e-05,
    "VmaxINp": 5.438882733849917e-05,
    "VmaxOCp": 1.2079278450425333e-05,
    "VmaxONp": 1.9747100415172866e-07,
    "gammaDp": 0.6318829449514203,
    "omegaP": 3.405555555555556e-05
}