{
    "KICp": 4.0192137115427125,
    "KINp": 0.02,
    "KOCp": 0.0282228986694745,
    "KONp": 0.0612469053319319,
    "KlossROSp": 7.465070008471935e-06,
    "KprodROSp": 7.263384222183283e-09,
    "Mp": 4.163065823317167e-06,
    "VmaxICp": 2.5281066550052325e-05,
    "VmaxINp": 2.9636461692020626e-05,
    "VmaxOCp": 3.937968249465191e-06,
    "VmaxONp": 9.10645765740395e-06,
    "gammaDp": 0.334875323997052,
    "omegaP": 2.695070888676941e-05
}