{
    "KICp": 37.0,
    "KINp": 0.0752271673089705,
    "KOCp": 0.1153855794149386,
    "KONp": 0.0611221261413355,
    "KlossROSp": 2.500295437555452e-07,
    "KprodROSp": 2.859314901453892e-08,
    "Mp": 1.157407407407407e-06,
    "VmaxICp": 1.906332565554364e-05,
    "VmaxINp": 2.2088065408218032e-05,
    "VmaxOCp": 4.080670426846992e-06,
    "VmaxONp": 2.568544800063385e-06,
    "gammaDp": 0.8,
    "omegaP": 3.405555555555556e-05
}