{
    "KICp": 30.8936978743061,
    "KINp": 0.0025610164408946,
    "KOCp": 0.0084653823959605,
    "KONp": 0.8138941156604292,
    "KlossROSp": 2.657317907168498e-07,
    "KprodROSp": 1.1811171417317751e-08,
    "Mp": 4.599102287780083e-06,
    "VmaxICp": 3.858228150627943e-05,
    "VmaxINp": 2.92641946125931e-05,
    "VmaxOCp": 6.861412265034742e-07,
    "VmaxONp": 3.1278083358289015e-07,
    "gammaDp": 0.8,
    "omegaP": 8.275256058895034e-06
}