{
    "KICp": 48.08676874410367,
    "KINp": 0.0045116220964278,
    "KOCp": 0.133371640250895,
    "KONp": 0.1264492297158909,
    "KlossROSp": 7.707970198461701e-06,
    "KprodROSp": 4.696016771488469e-09,
    "Mp": 8.768384530540245e-06,
    "VmaxICp": 4.2969756124936414e-05,
    "VmaxINp": 2.6255171995251e-05,
    "VmaxOCp": 1.8180867928687927e-05,
    "VmaxONp": 1.48781419556536e-07,
    "gammaDp": 0.4555605922542909,
    "omegaP": 4.34922847108925e-06
}