{
    "KICp": 90.0759659800286,
    "KINp": 0.1319273267424382,
    "KOCp": 0.0287051798320055,
    "KONp": 0.0681400887638116,
    "KlossROSp": 3.816751357527243e-07,
    "KprodROSp": 9.650806164202609e-09,
    "Mp": 4.349617724278337e-06,
    "VmaxICp": 2.769191092621069e-05,
    "VmaxINp": 4.184734612075857e-05,
    "VmaxOCp": 5.211010474830874e-07,
    "VmaxONp": 1.1111111111111112e-06,
    "gammaDp": 0.8,
    "omegaP": 6.634471852923585e-06
}