{
    "KICp": 48.08676874410367,
    "KINp": 0.0213856245398502,
    "KOCp": 0.133371640250895,
    "KONp": 0.5592585896987865,
    "KlossROSp": 1.956673654786862e-06,
    "KprodROSp": 4.696016771488469e-09,
    "Mp": 8.768384530540245e-06,
    "VmaxICp": 4.2969756124936414e-05,
    "VmaxINp": 2.6255171995251e-05,
    "VmaxOCp": 1.468583738321233e-06,
    "VmaxONp": 1.222053271958225e-06,
    "gammaDp": 0.4555605922542909,
    "omegaP": 4.34922847108925e-06
}