{
    "KICp": 4.0192137115427125,
    "KINp": 0.02,
    "KOCp": 0.0282228986694745,
    "KONp": 0.0290891024110556,
    "KlossROSp": 7.465070008471935e-06,
    "KprodROSp": 1.0755917194441089e-08,
    "Mp": 4.163065823317167e-06,
    "VmaxICp": 2.5281066550052325e-05,
    "VmaxINp": 2.9636461692020626e-05,
    "VmaxOCp": 3.937968249465191e-06,
    "VmaxONp": 1.2516751240880882e-06,
    "gammaDp": 0.178803420945023,
    "omegaP": 2.695070888676941e-05
}