{
    "KICp": 37.0,
    "KINp": 0.1319273267424382,
    "KOCp": 0.2733761797395292,
    "KONp": 0.0681400887638116,
    "KlossROSp": 1.956673654786862e-06,
    "KprodROSp": 1.4156133002020469e-08,
    "Mp": 4.349617724278337e-06,
    "VmaxICp": 2.769191092621069e-05,
    "VmaxINp": 4.184734612075857e-05,
    "VmaxOCp": 5.211010474830874e-07,
    "VmaxONp": 1.1111111111111112e-06,
    "gammaDp": 0.596919198796088,
    "omegaP": 3.530117114440328e-05
}