{
    "KICp": 40.95394828015861,
    "KINp": 0.0027290410685458,
    "KOCp": 0.2537654701749263,
    "KONp": 0.0336043375177628,
    "KlossROSp": 6.2912078479414434e-06,
    "KprodROSp": 4.1590357252359446e-08,
    "Mp": 9.809476928027656e-06,
    "VmaxICp": 3.0034622360065685e-05,
    "VmaxINp": 5.208119985816958e-05,
    "VmaxOCp": 5.583848279290968e-07,
    "VmaxONp": 7.159084347219697e-07,
    "gammaDp": 0.3622475617592102,
    "omegaP": 2.504512769933297e-05
}