{
    "KICp": 74.16585438930123,
    "KINp": 0.011326303885889,
    "KOCp": 0.03,
    "KONp": 0.3975449158024179,
    "KlossROSp": 4.440421383673906e-07,
    "KprodROSp": 6.0470146912117305e-09,
    "Mp": 6.327800350904071e-06,
    "VmaxICp": 3.8606309662939946e-05,
    "VmaxINp": 5.255012502487259e-05,
    "VmaxOCp": 7.656488302058753e-07,
    "VmaxONp": 1.7439223172825617e-07,
    "gammaDp": 0.8,
    "omegaP": 1.2313001318434398e-05
}