{
    "KICp": 9.376360835031027,
    "KINp": 0.0493309912102226,
    "KOCp": 0.0082931422950703,
    "KONp": 0.1,
    "KlossROSp": 3.946945023542264e-06,
    "KprodROSp": 1.4025019001182078e-08,
    "Mp": 5.081089574962252e-06,
    "VmaxICp": 2.002828376512753e-05,
    "VmaxINp": 4.722290845672529e-05,
    "VmaxOCp": 1.1998418510450984e-06,
    "VmaxONp": 1.2692677268973366e-07,
    "gammaDp": 0.1770948310831018,
    "omegaP": 9.85152493322626e-06
}