{
    "KICp": 48.08676874410367,
    "KINp": 0.02,
    "KOCp": 0.133371640250895,
    "KONp": 0.5592585896987865,
    "KlossROSp": 1.052365221009022e-05,
    "KprodROSp": 8.510077782913443e-09,
    "Mp": 6.86598541162635e-06,
    "VmaxICp": 4.2969756124936414e-05,
    "VmaxINp": 2.6255171995251e-05,
    "VmaxOCp": 1.8180867928687927e-05,
    "VmaxONp": 5.32006195215878e-07,
    "gammaDp": 0.4555605922542909,
    "omegaP": 4.34922847108925e-06
}