{
    "KICp": 15.47532021198594,
    "KINp": 0.0733056894973752,
    "KOCp": 0.2125074390575042,
    "KONp": 0.3975449158024179,
    "KlossROSp": 1.3927397806953703e-06,
    "KprodROSp": 4.696016771488469e-09,
    "Mp": 6.327800350904071e-06,
    "VmaxICp": 3.8606309662939946e-05,
    "VmaxINp": 4.03018673081123e-05,
    "VmaxOCp": 1.851851851851852e-06,
    "VmaxONp": 1.7439223172825617e-07,
    "gammaDp": 0.8,
    "omegaP": 2.384100064786225e-05
}