{
    "KICp": 30.8936978743061,
    "KINp": 0.0025610164408946,
    "KOCp": 0.0035239737120824,
    "KONp": 0.4156854777766205,
    "KlossROSp": 5.751754771529295e-07,
    "KprodROSp": 1.1811171417317751e-08,
    "Mp": 4.599102287780083e-06,
    "VmaxICp": 3.858228150627943e-05,
    "VmaxINp": 3.324447061883799e-05,
    "VmaxOCp": 1.088454163610982e-06,
    "VmaxONp": 3.1278083358289015e-07,
    "gammaDp": 0.8,
    "omegaP": 1.877481343917236e-05
}