{
    "KICp": 36.05420887139513,
    "KINp": 0.1603619612212608,
    "KOCp": 0.2163258564636293,
    "KONp": 0.0670304378411665,
    "KlossROSp": 9.319636440115427e-06,
    "KprodROSp": 1.8708572336824387e-08,
    "Mp": 3.907059918557432e-06,
    "VmaxICp": 2.129108027913612e-05,
    "VmaxINp": 2.297254759348684e-05,
    "VmaxOCp": 7.407305861335927e-07,
    "VmaxONp": 5.835188129226734e-06,
    "gammaDp": 0.2252166440965362,
    "omegaP": 3.6035635263951978e-06
}