{
    "KICp": 237.23676947431576,
    "KINp": 0.02,
    "KOCp": 0.004375279447255,
    "KONp": 0.1,
    "KlossROSp": 1.6988863210979795e-05,
    "KprodROSp": 2.743608988876517e-08,
    "Mp": 6.636551640194532e-06,
    "VmaxICp": 5.390609268507895e-05,
    "VmaxINp": 1.840453992695669e-05,
    "VmaxOCp": 4.816008164428916e-06,
    "VmaxONp": 4.364417990710512e-07,
    "gammaDp": 0.6499197806786253,
    "omegaP": 3.405555555555556e-05
}