{
    "KICp": 14.97232187681986,
    "KINp": 0.104553862451153,
    "KOCp": 0.0619510722019589,
    "KONp": 0.1632613912064917,
    "KlossROSp": 1.1377660071155657e-05,
    "KprodROSp": 1.4915297759823215e-09,
    "Mp": 6.100132655061343e-06,
    "VmaxICp": 4.235013514576704e-05,
    "VmaxINp": 2.458624844649984e-05,
    "VmaxOCp": 1.851851851851852e-06,
    "VmaxONp": 5.929899812180492e-06,
    "gammaDp": 0.1842121965539022,
    "omegaP": 7.2360582708287486e-06
}