{
    "KICp": 214.54650767035145,
    "KINp": 0.0537736586424525,
    "KOCp": 0.2146667256457625,
    "KONp": 0.015063075671064,
    "KlossROSp": 2.2334467416366724e-06,
    "KprodROSp": 6.914717068591556e-09,
    "Mp": 6.966047764356628e-06,
    "VmaxICp": 4.184905186424805e-05,
    "VmaxINp": 3.029677424205184e-05,
    "VmaxOCp": 5.078628562363841e-06,
    "VmaxONp": 1.1111111111111112e-06,
    "gammaDp": 0.3376856151767446,
    "omegaP": 4.502761559827881e-06
}