{
    "KICp": 214.54650767035145,
    "KINp": 0.0056693556666969,
    "KOCp": 0.0076267082807693,
    "KONp": 0.183996298624172,
    "KlossROSp": 2.2334467416366724e-06,
    "KprodROSp": 2.2274542719383264e-08,
    "Mp": 6.966047764356628e-06,
    "VmaxICp": 4.184905186424805e-05,
    "VmaxINp": 3.029677424205184e-05,
    "VmaxOCp": 5.078628562363841e-06,
    "VmaxONp": 1.1111111111111112e-06,
    "gammaDp": 0.3376856151767446,
    "omegaP": 5.053890597779368e-05
}