{
    "KICp": 18.55819997579843,
    "KINp": 0.0210085781541105,
    "KOCp": 0.0257273423710579,
    "KONp": 0.2079353542673043,
    "KlossROSp": 1.187079998039966e-06,
    "KprodROSp": 4.696016771488469e-09,
    "Mp": 2.91553167256645e-06,
    "VmaxICp": 3.903541864486167e-05,
    "VmaxINp": 2.4452309770082566e-05,
    "VmaxOCp": 1.5492574116079984e-05,
    "VmaxONp": 1.6214039798625581e-07,
    "gammaDp": 0.6913207983359405,
    "omegaP": 3.405555555555556e-05
}