{
    "KICp": 125.12925171634328,
    "KINp": 0.104553862451153,
    "KOCp": 0.0619510722019589,
    "KONp": 0.1627961072130272,
    "KlossROSp": 2.843421651225898e-06,
    "KprodROSp": 2.4092647122399142e-09,
    "Mp": 6.100132655061343e-06,
    "VmaxICp": 4.235013514576704e-05,
    "VmaxINp": 2.458624844649984e-05,
    "VmaxOCp": 1.851851851851852e-06,
    "VmaxONp": 2.324214366998088e-06,
    "gammaDp": 0.1842121965539022,
    "omegaP": 7.2360582708287486e-06
}