{
    "KICp": 73.33238892852606,
    "KINp": 0.0025610164408946,
    "KOCp": 0.0040398646148008,
    "KONp": 0.7539165019021957,
    "KlossROSp": 2.432245579407177e-06,
    "KprodROSp": 1.1811171417317751e-08,
    "Mp": 4.599102287780083e-06,
    "VmaxICp": 3.858228150627943e-05,
    "VmaxINp": 4.012306499919941e-05,
    "VmaxOCp": 1.088454163610982e-06,
    "VmaxONp": 3.1278083358289015e-07,
    "gammaDp": 0.8,
    "omegaP": 1.877481343917236e-05
}