{
    "KICp": 9.0457250739438,
    "KINp": 0.0085107725799656,
    "KOCp": 0.03,
    "KONp": 0.0208562636908532,
    "KlossROSp": 1.5032678228584135e-05,
    "KprodROSp": 1.52258661647837e-09,
    "Mp": 5.675866134903729e-06,
    "VmaxICp": 2.0163796901704585e-05,
    "VmaxINp": 4.7089822920148666e-05,
    "VmaxOCp": 1.0117662665635785e-06,
    "VmaxONp": 5.949822682758593e-06,
    "gammaDp": 0.8,
    "omegaP": 3.405555555555556e-05
}