{
    "KICp": 191.0272970556173,
    "KINp": 0.0097226174596508,
    "KOCp": 0.03,
    "KONp": 0.6920588374197922,
    "KlossROSp": 2.500295437555452e-07,
    "KprodROSp": 2.859314901453892e-08,
    "Mp": 1.157407407407407e-06,
    "VmaxICp": 1.906332565554364e-05,
    "VmaxINp": 4.16469712442723e-05,
    "VmaxOCp": 1.0190677306739614e-06,
    "VmaxONp": 2.568544800063385e-06,
    "gammaDp": 0.8,
    "omegaP": 3.405555555555556e-05
}