{
    "KICp": 9.376360835031027,
    "KINp": 0.0493309912102226,
    "KOCp": 0.0082931422950703,
    "KONp": 0.2298944540773043,
    "KlossROSp": 5.1791877852902565e-06,
    "KprodROSp": 4.696016771488469e-09,
    "Mp": 5.081089574962252e-06,
    "VmaxICp": 4.224572131222176e-05,
    "VmaxINp": 4.722290845672529e-05,
    "VmaxOCp": 1.1998418510450984e-06,
    "VmaxONp": 3.653425901783577e-06,
    "gammaDp": 0.8,
    "omegaP": 1.2791503623718583e-05
}