{
    "KICp": 22.167593005672884,
    "KINp": 0.0178983131177361,
    "KOCp": 0.0542042364968098,
    "KONp": 0.1444859881961714,
    "KlossROSp": 6.394676777159173e-07,
    "KprodROSp": 3.6078124857844926e-08,
    "Mp": 2.5378163684529125e-06,
    "VmaxICp": 1.579181209045685e-05,
    "VmaxINp": 5.1726870692428176e-05,
    "VmaxOCp": 6.196097571805258e-07,
    "VmaxONp": 6.8403163826916e-07,
    "gammaDp": 0.3203409069159208,
    "omegaP": 5.144797381283801e-06
}