{
    "KICp": 94.08756134969602,
    "KINp": 0.1859641778276334,
    "KOCp": 0.0030193631954125,
    "KONp": 0.0208562636908532,
    "KlossROSp": 1.5032678228584135e-05,
    "KprodROSp": 3.29387032481835e-09,
    "Mp": 5.675866134903729e-06,
    "VmaxICp": 2.0163796901704585e-05,
    "VmaxINp": 4.7089822920148666e-05,
    "VmaxOCp": 1.0117662665635785e-06,
    "VmaxONp": 9.187761490232966e-07,
    "gammaDp": 0.8,
    "omegaP": 1.076458441844169e-05
}