{
    "KICp": 5.927185702307298,
    "KINp": 0.0638150600177916,
    "KOCp": 0.0102149735468558,
    "KONp": 0.4208626576926779,
    "KlossROSp": 1.956673654786862e-06,
    "KprodROSp": 3.2484741037740716e-09,
    "Mp": 6.507127367456307e-06,
    "VmaxICp": 3.576431426719621e-05,
    "VmaxINp": 3.2045971863498216e-05,
    "VmaxOCp": 8.35482210726821e-06,
    "VmaxONp": 3.095624529731009e-06,
    "gammaDp": 0.858083921345711,
    "omegaP": 1.1211499987065925e-05
}