{
    "KICp": 40.95394828015861,
    "KINp": 0.02,
    "KOCp": 0.2537654701749263,
    "KONp": 0.0336043375177628,
    "KlossROSp": 6.2912078479414434e-06,
    "KprodROSp": 5.843273755728176e-10,
    "Mp": 5.276910959065665e-06,
    "VmaxICp": 3.0034622360065685e-05,
    "VmaxINp": 5.208119985816958e-05,
    "VmaxOCp": 7.710617385440495e-06,
    "VmaxONp": 4.058674690338353e-06,
    "gammaDp": 0.1329820355891098,
    "omegaP": 2.504512769933297e-05
}