{
    "KICp": 12.414194821558391,
    "KINp": 0.0097226174596508,
    "KOCp": 0.03,
    "KONp": 0.4867279563598474,
    "KlossROSp": 2.500295437555452e-07,
    "KprodROSp": 2.859314901453892e-08,
    "Mp": 1.157407407407407e-06,
    "VmaxICp": 1.906332565554364e-05,
    "VmaxINp": 2.2088065408218032e-05,
    "VmaxOCp": 1.5090650915583574e-05,
    "VmaxONp": 2.568544800063385e-06,
    "gammaDp": 0.8,
    "omegaP": 3.1507442085646806e-05
}