{
    "KICp": 9.376360835031027,
    "KINp": 0.0493309912102226,
    "KOCp": 0.0082931422950703,
    "KONp": 0.1,
    "KlossROSp": 1.899645416121439e-05,
    "KprodROSp": 4.696016771488469e-09,
    "Mp": 4.663810830008463e-06,
    "VmaxICp": 2.002828376512753e-05,
    "VmaxINp": 4.722290845672529e-05,
    "VmaxOCp": 8.969580330537574e-06,
    "VmaxONp": 1.2692677268973366e-07,
    "gammaDp": 0.3133915852295527,
    "omegaP": 1.2791503623718583e-05
}