{
    "KICp": 48.08676874410367,
    "KINp": 0.02,
    "KOCp": 0.0512737894403212,
    "KONp": 0.5592585896987865,
    "KlossROSp": 1.956673654786862e-06,
    "KprodROSp": 4.696016771488469e-09,
    "Mp": 8.768384530540245e-06,
    "VmaxICp": 4.215319241048541e-05,
    "VmaxINp": 2.6255171995251e-05,
    "VmaxOCp": 1.8180867928687927e-05,
    "VmaxONp": 5.32006195215878e-07,
    "gammaDp": 0.3872618811032374,
    "omegaP": 4.34922847108925e-06
}