{
    "KICp": 31.1749707382954,
    "KINp": 0.02,
    "KOCp": 0.0700303443907282,
    "KONp": 0.1,
    "KlossROSp": 2.793263036205189e-06,
    "KprodROSp": 2.5950345190430587e-08,
    "Mp": 6.636551640194532e-06,
    "VmaxICp": 5.390609268507895e-05,
    "VmaxINp": 1.840453992695669e-05,
    "VmaxOCp": 8.145573903384973e-06,
    "VmaxONp": 4.364417990710512e-07,
    "gammaDp": 0.1520735587798667,
    "omegaP": 3.405555555555556e-05
}