{
    "KICp": 8.126570897946946,
    "KINp": 0.1391422186590277,
    "KOCp": 0.0125308159941463,
    "KONp": 0.0670304378411665,
    "KlossROSp": 1.4858213935389592e-05,
    "KprodROSp": 8.466204928056015e-09,
    "Mp": 3.907059918557432e-06,
    "VmaxICp": 2.129108027913612e-05,
    "VmaxINp": 2.297254759348684e-05,
    "VmaxOCp": 7.407305861335927e-07,
    "VmaxONp": 2.1742220285308089e-07,
    "gammaDp": 0.8,
    "omegaP": 1.1146917873019323e-05
}