{
    "KICp": 103.07689413397972,
    "KINp": 0.1319273267424382,
    "KOCp": 0.0094797162274838,
    "KONp": 0.0681400887638116,
    "KlossROSp": 1.956673654786862e-06,
    "KprodROSp": 4.696016771488469e-09,
    "Mp": 4.349617724278337e-06,
    "VmaxICp": 2.769191092621069e-05,
    "VmaxINp": 4.184734612075857e-05,
    "VmaxOCp": 4.933903478267657e-06,
    "VmaxONp": 1.1111111111111112e-06,
    "gammaDp": 0.8,
    "omegaP": 3.530117114440328e-05
}