{
    "KICp": 9.376360835031027,
    "KINp": 0.0106022320573576,
    "KOCp": 0.0082931422950703,
    "KONp": 0.1,
    "KlossROSp": 5.1791877852902565e-06,
    "KprodROSp": 4.696016771488469e-09,
    "Mp": 5.081089574962252e-06,
    "VmaxICp": 2.002828376512753e-05,
    "VmaxINp": 4.722290845672529e-05,
    "VmaxOCp": 8.552886140093392e-06,
    "VmaxONp": 1.2692677268973366e-07,
    "gammaDp": 0.8,
    "omegaP": 4.1955210908840686e-06
}