{
    "KICp": 52.96821079001592,
    "KINp": 0.0063539046792835,
    "KOCp": 0.1701941462957055,
    "KONp": 0.0107130191133188,
    "KlossROSp": 1.956673654786862e-06,
    "KprodROSp": 4.0745310018616935e-08,
    "Mp": 3.8265049916754085e-06,
    "VmaxICp": 3.349009748959969e-05,
    "VmaxINp": 1.7036839962104534e-05,
    "VmaxOCp": 5.194449278891144e-07,
    "VmaxONp": 7.086988027777691e-07,
    "gammaDp": 0.8,
    "omegaP": 5.561095439058552e-06
}