{
    "KICp": 36.05420887139513,
    "KINp": 0.0851839314850671,
    "KOCp": 0.0125308159941463,
    "KONp": 0.0670304378411665,
    "KlossROSp": 1.4858213935389592e-05,
    "KprodROSp": 1.8708572336824387e-08,
    "Mp": 3.907059918557432e-06,
    "VmaxICp": 2.129108027913612e-05,
    "VmaxINp": 2.297254759348684e-05,
    "VmaxOCp": 3.491033323185198e-07,
    "VmaxONp": 2.1742220285308089e-07,
    "gammaDp": 0.2756630181183367,
    "omegaP": 8.111774756903996e-06
}