{
    "KICp": 11.289047998651665,
    "KINp": 0.1288255050661297,
    "KOCp": 0.0961427164111871,
    "KONp": 0.1847542065234335,
    "KlossROSp": 3.2508068953865625e-06,
    "KprodROSp": 3.519130800059644e-08,
    "Mp": 6.486970070118682e-06,
    "VmaxICp": 3.2564022570105136e-05,
    "VmaxINp": 3.175238332603698e-05,
    "VmaxOCp": 2.581137297367737e-07,
    "VmaxONp": 2.851825797316971e-07,
    "gammaDp": 0.8365458500791683,
    "omegaP": 3.405555555555556e-05
}