{
    "KICp": 214.54650767035145,
    "KINp": 0.0537736586424525,
    "KOCp": 0.0119559565697451,
    "KONp": 0.183996298624172,
    "KlossROSp": 2.683772317939792e-07,
    "KprodROSp": 1.7201086580154965e-08,
    "Mp": 6.550028769782639e-06,
    "VmaxICp": 4.184905186424805e-05,
    "VmaxINp": 3.029677424205184e-05,
    "VmaxOCp": 5.078628562363841e-06,
    "VmaxONp": 5.954069415182215e-06,
    "gammaDp": 0.3376856151767446,
    "omegaP": 4.57309024469947e-06
}