{
    "KICp": 208.9701285658865,
    "KINp": 0.0210085781541105,
    "KOCp": 0.0048034886780383,
    "KONp": 0.7529546489284011,
    "KlossROSp": 1.171862900961733e-06,
    "KprodROSp": 4.696016771488469e-09,
    "Mp": 2.91553167256645e-06,
    "VmaxICp": 3.903541864486167e-05,
    "VmaxINp": 2.4452309770082566e-05,
    "VmaxOCp": 1.851851851851852e-06,
    "VmaxONp": 1.6214039798625581e-07,
    "gammaDp": 0.6785592665525435,
    "omegaP": 3.405555555555556e-05
}