{
    "KICp": 30.8936978743061,
    "KINp": 0.0025610164408946,
    "KOCp": 0.0084653823959605,
    "KONp": 0.0119462962670343,
    "KlossROSp": 1.143555154222542e-05,
    "KprodROSp": 1.1811171417317751e-08,
    "Mp": 7.815087140608342e-06,
    "VmaxICp": 3.858228150627943e-05,
    "VmaxINp": 3.324447061883799e-05,
    "VmaxOCp": 1.088454163610982e-06,
    "VmaxONp": 3.1278083358289015e-07,
    "gammaDp": 0.2887578776708048,
    "omegaP": 1.877481343917236e-05
}