{
    "KICp": 13.275430433384932,
    "KINp": 0.0083204607573606,
    "KOCp": 0.0102149735468558,
    "KONp": 0.4208626576926779,
    "KlossROSp": 1.956673654786862e-06,
    "KprodROSp": 1.8239668400855308e-08,
    "Mp": 6.507127367456307e-06,
    "VmaxICp": 1.5960872307911918e-05,
    "VmaxINp": 3.2045971863498216e-05,
    "VmaxOCp": 8.35482210726821e-06,
    "VmaxONp": 2.496136859913206e-06,
    "gammaDp": 0.5620597004704005,
    "omegaP": 1.1211499987065925e-05
}