{
    "KICp": 143.86161455945117,
    "KINp": 0.0051234325602195,
    "KOCp": 0.0961427164111871,
    "KONp": 0.0271894500939384,
    "KlossROSp": 4.252958830589589e-06,
    "KprodROSp": 6.135256880076038e-09,
    "Mp": 4.195653138289362e-06,
    "VmaxICp": 3.2564022570105136e-05,
    "VmaxINp": 3.175238332603698e-05,
    "VmaxOCp": 2.581137297367737e-07,
    "VmaxONp": 2.851825797316971e-07,
    "gammaDp": 0.6647210303177886,
    "omegaP": 3.405555555555556e-05
}