{
    "KICp": 200.6873028539214,
    "KINp": 0.02,
    "KOCp": 0.036524371420753,
    "KONp": 0.9721239012836368,
    "KlossROSp": 1.956673654786862e-06,
    "KprodROSp": 5.436007273156785e-09,
    "Mp": 1.0776106260964373e-05,
    "VmaxICp": 3.452037916268231e-05,
    "VmaxINp": 5.150611887732947e-05,
    "VmaxOCp": 1.0201035542462483e-06,
    "VmaxONp": 1.1166827714472973e-07,
    "gammaDp": 0.1153837397112561,
    "omegaP": 3.405555555555556e-05
}