{
    "KICp": 319.7202591379639,
    "KINp": 0.0059200046221167,
    "KOCp": 0.0711855475215647,
    "KONp": 0.0525277585417174,
    "KlossROSp": 1.2325912696130698e-06,
    "KprodROSp": 2.7376636198454523e-09,
    "Mp": 9.097249025084509e-06,
    "VmaxICp": 4.416793031233424e-05,
    "VmaxINp": 5.438882733849917e-05,
    "VmaxOCp": 1.2079278450425333e-05,
    "VmaxONp": 2.7751359953503613e-06,
    "gammaDp": 0.6318829449514203,
    "omegaP": 3.405555555555556e-05
}