{
    "KICp": 15.47532021198594,
    "KINp": 0.011326303885889,
    "KOCp": 0.03,
    "KONp": 0.3975449158024179,
    "KlossROSp": 1.3927397806953703e-06,
    "KprodROSp": 4.696016771488469e-09,
    "Mp": 6.327800350904071e-06,
    "VmaxICp": 3.3216442340338154e-05,
    "VmaxINp": 5.255012502487259e-05,
    "VmaxOCp": 1.851851851851852e-06,
    "VmaxONp": 3.3772979043185734e-07,
    "gammaDp": 0.5067846790976228,
    "omegaP": 1.2313001318434398e-05
}