{
    "KICp": 32.763823552197884,
    "KINp": 0.02,
    "KOCp": 0.2882055581934118,
    "KONp": 0.1,
    "KlossROSp": 1.956673654786862e-06,
    "KprodROSp": 1.380557724201833e-08,
    "Mp": 8.646907521657547e-06,
    "VmaxICp": 4.553073206808294e-05,
    "VmaxINp": 5.031593089052261e-05,
    "VmaxOCp": 5.583792797118754e-07,
    "VmaxONp": 1.1111111111111112e-06,
    "gammaDp": 0.1254125450047996,
    "omegaP": 3.405555555555556e-05
}