{
    "KICp": 7.3859364215137076,
    "KINp": 0.0085107725799656,
    "KOCp": 0.03,
    "KONp": 0.0208562636908532,
    "KlossROSp": 1.1488024093847412e-05,
    "KprodROSp": 3.29387032481835e-09,
    "Mp": 5.675866134903729e-06,
    "VmaxICp": 2.0163796901704585e-05,
    "VmaxINp": 4.7089822920148666e-05,
    "VmaxOCp": 1.9138761254383418e-07,
    "VmaxONp": 2.6189293257212424e-07,
    "gammaDp": 0.8,
    "omegaP": 3.405555555555556e-05
}