{
    "KICp": 4.040576933186574,
    "KINp": 0.005433718069572,
    "KOCp": 0.2557228121077445,
    "KONp": 0.6089656457379747,
    "KlossROSp": 2.9188114271737777e-06,
    "KprodROSp": 1.265406494668801e-09,
    "Mp": 3.162239372736138e-06,
    "VmaxICp": 1.1933444068034905e-05,
    "VmaxINp": 3.734900358615612e-05,
    "VmaxOCp": 1.1922243394820144e-05,
    "VmaxONp": 1.188907226637942e-06,
    "gammaDp": 0.8189889059544495,
    "omegaP": 3.405555555555556e-05
}