{
    "KICp": 237.23676947431576,
    "KINp": 0.0859168329607839,
    "KOCp": 0.0090660077674834,
    "KONp": 0.1424012102670115,
    "KlossROSp": 1.6988863210979795e-05,
    "KprodROSp": 2.5950345190430587e-08,
    "Mp": 6.636551640194532e-06,
    "VmaxICp": 5.390609268507895e-05,
    "VmaxINp": 1.840453992695669e-05,
    "VmaxOCp": 4.682309186757484e-06,
    "VmaxONp": 4.364417990710512e-07,
    "gammaDp": 0.1520735587798667,
    "omegaP": 3.405555555555556e-05
}