{
    "KICp": 40.95394828015861,
    "KINp": 0.0030914518983317,
    "KOCp": 0.0812603256538418,
    "KONp": 0.0336043375177628,
    "KlossROSp": 2.7437209928237103e-06,
    "KprodROSp": 4.1590357252359446e-08,
    "Mp": 5.276910959065665e-06,
    "VmaxICp": 3.0034622360065685e-05,
    "VmaxINp": 5.208119985816958e-05,
    "VmaxOCp": 5.583848279290968e-07,
    "VmaxONp": 4.058674690338353e-06,
    "gammaDp": 0.3622475617592102,
    "omegaP": 2.504512769933297e-05
}