{
    "KICp": 15.47532021198594,
    "KINp": 0.011326303885889,
    "KOCp": 0.2642375975502062,
    "KONp": 0.3975449158024179,
    "KlossROSp": 1.3927397806953703e-06,
    "KprodROSp": 4.696016771488469e-09,
    "Mp": 6.327800350904071e-06,
    "VmaxICp": 3.8606309662939946e-05,
    "VmaxINp": 5.255012502487259e-05,
    "VmaxOCp": 3.582214847490596e-07,
    "VmaxONp": 1.7439223172825617e-07,
    "gammaDp": 0.8,
    "omegaP": 6.1074607643591885e-06
}