{
    "KICp": 218.2927114998474,
    "KINp": 0.011326303885889,
    "KOCp": 0.03,
    "KONp": 0.2467786365284542,
    "KlossROSp": 1.3927397806953703e-06,
    "KprodROSp": 4.696016771488469e-09,
    "Mp": 6.327800350904071e-06,
    "VmaxICp": 4.391167035245104e-05,
    "VmaxINp": 5.255012502487259e-05,
    "VmaxOCp": 1.9701291158060106e-06,
    "VmaxONp": 1.7439223172825617e-07,
    "gammaDp": 0.8,
    "omegaP": 1.2313001318434398e-05
}