{
    "KICp": 7.941604422605644,
    "KINp": 0.0375227632183643,
    "KOCp": 0.03,
    "KONp": 0.0922995402892562,
    "KlossROSp": 1.956673654786862e-06,
    "KprodROSp": 4.0745310018616935e-08,
    "Mp": 3.8265049916754085e-06,
    "VmaxICp": 2.972278424258709e-05,
    "VmaxINp": 1.7036839962104534e-05,
    "VmaxOCp": 5.622917938306444e-06,
    "VmaxONp": 7.086988027777691e-07,
    "gammaDp": 0.50385972008813,
    "omegaP": 5.209320235232628e-06
}