{
    "KICp": 6.429890112582987,
    "KINp": 0.1319273267424382,
    "KOCp": 0.0109269823825462,
    "KONp": 0.0681400887638116,
    "KlossROSp": 1.956673654786862e-06,
    "KprodROSp": 4.696016771488469e-09,
    "Mp": 4.349617724278337e-06,
    "VmaxICp": 2.769191092621069e-05,
    "VmaxINp": 4.184734612075857e-05,
    "VmaxOCp": 1.0895737421997015e-06,
    "VmaxONp": 1.497989177882452e-07,
    "gammaDp": 0.8,
    "omegaP": 3.530117114440328e-05
}