{
    "KICp": 36.05420887139513,
    "KINp": 0.0243592222051418,
    "KOCp": 0.0125308159941463,
    "KONp": 0.0162640661061639,
    "KlossROSp": 1.4858213935389592e-05,
    "KprodROSp": 1.8708572336824387e-08,
    "Mp": 3.907059918557432e-06,
    "VmaxICp": 2.129108027913612e-05,
    "VmaxINp": 2.297254759348684e-05,
    "VmaxOCp": 1.778021566868218e-06,
    "VmaxONp": 2.1742220285308089e-07,
    "gammaDp": 0.8,
    "omegaP": 6.296636702216702e-06
}