{
    "KICp": 31.369951389245752,
    "KINp": 0.104553862451153,
    "KOCp": 0.0619510722019589,
    "KONp": 0.5470435567132396,
    "KlossROSp": 1.1377660071155657e-05,
    "KprodROSp": 1.4915297759823215e-09,
    "Mp": 6.100132655061343e-06,
    "VmaxICp": 3.472492253905372e-05,
    "VmaxINp": 2.458624844649984e-05,
    "VmaxOCp": 1.851851851851852e-06,
    "VmaxONp": 6.60574684796151e-07,
    "gammaDp": 0.5651467966025897,
    "omegaP": 7.2360582708287486e-06
}