{
    "KICp": 214.54650767035145,
    "KINp": 0.0299792235531644,
    "KOCp": 0.0336255307157289,
    "KONp": 0.0174347433286476,
    "KlossROSp": 1.951575382998489e-05,
    "KprodROSp": 1.7201086580154965e-08,
    "Mp": 6.966047764356628e-06,
    "VmaxICp": 4.184905186424805e-05,
    "VmaxINp": 3.029677424205184e-05,
    "VmaxOCp": 5.078628562363841e-06,
    "VmaxONp": 1.1111111111111112e-06,
    "gammaDp": 0.3376856151767446,
    "omegaP": 4.502761559827881e-06
}