{
    "KICp": 36.05420887139513,
    "KINp": 0.1603619612212608,
    "KOCp": 0.0125308159941463,
    "KONp": 0.1019021875676637,
    "KlossROSp": 1.4858213935389592e-05,
    "KprodROSp": 1.8708572336824387e-08,
    "Mp": 8.195070419584379e-06,
    "VmaxICp": 3.0717461300380765e-05,
    "VmaxINp": 2.297254759348684e-05,
    "VmaxOCp": 7.407305861335927e-07,
    "VmaxONp": 2.1742220285308089e-07,
    "gammaDp": 0.8,
    "omegaP": 3.6035635263951978e-06
}