{
    "KICp": 8.94724701719518,
    "KINp": 0.0059200046221167,
    "KOCp": 0.0711855475215647,
    "KONp": 0.0319355657912833,
    "KlossROSp": 2.481344796907458e-06,
    "KprodROSp": 2.7376636198454523e-09,
    "Mp": 9.097249025084509e-06,
    "VmaxICp": 4.416793031233424e-05,
    "VmaxINp": 5.438882733849917e-05,
    "VmaxOCp": 5.935835762372303e-07,
    "VmaxONp": 2.7751359953503613e-06,
    "gammaDp": 0.6318829449514203,
    "omegaP": 5.885891587285779e-06
}