{
    "KICp": 19.823664952968496,
    "KINp": 0.1603619612212608,
    "KOCp": 0.0125308159941463,
    "KONp": 0.3229667946320739,
    "KlossROSp": 4.673315627415693e-07,
    "KprodROSp": 1.8708572336824387e-08,
    "Mp": 3.907059918557432e-06,
    "VmaxICp": 2.129108027913612e-05,
    "VmaxINp": 2.297254759348684e-05,
    "VmaxOCp": 7.407305861335927e-07,
    "VmaxONp": 2.1742220285308089e-07,
    "gammaDp": 0.8,
    "omegaP": 2.0962154135280687e-05
}