{
    "KICp": 325.2000723744269,
    "KINp": 0.02,
    "KOCp": 0.0282228986694745,
    "KONp": 0.400713039927248,
    "KlossROSp": 7.936046394289569e-07,
    "KprodROSp": 7.507370889790394e-10,
    "Mp": 4.163065823317167e-06,
    "VmaxICp": 2.5281066550052325e-05,
    "VmaxINp": 2.9636461692020626e-05,
    "VmaxOCp": 3.937968249465191e-06,
    "VmaxONp": 1.2516751240880882e-06,
    "gammaDp": 0.2017812003386275,
    "omegaP": 2.695070888676941e-05
}