{
    "KICp": 4.040576933186574,
    "KINp": 0.0163962530367113,
    "KOCp": 0.2557228121077445,
    "KONp": 0.6089656457379747,
    "KlossROSp": 1.956673654786862e-06,
    "KprodROSp": 4.1040039942723635e-09,
    "Mp": 3.162239372736138e-06,
    "VmaxICp": 1.1933444068034905e-05,
    "VmaxINp": 3.734900358615612e-05,
    "VmaxOCp": 1.1922243394820144e-05,
    "VmaxONp": 5.697850414088985e-07,
    "gammaDp": 0.8189889059544495,
    "omegaP": 3.405555555555556e-05
}