{
    "KICp": 8.07586075496976,
    "KINp": 0.02,
    "KOCp": 0.2537654701749263,
    "KONp": 0.0453440775558951,
    "KlossROSp": 6.2912078479414434e-06,
    "KprodROSp": 5.895376879129057e-10,
    "Mp": 5.276910959065665e-06,
    "VmaxICp": 3.0034622360065685e-05,
    "VmaxINp": 5.208119985816958e-05,
    "VmaxOCp": 5.583848279290968e-07,
    "VmaxONp": 4.262204985374085e-06,
    "gammaDp": 0.3622475617592102,
    "omegaP": 2.504512769933297e-05
}