{
    "KICp": 36.05420887139513,
    "KINp": 0.1603619612212608,
    "KOCp": 0.0125308159941463,
    "KONp": 0.2598602134630336,
    "KlossROSp": 6.564846560046686e-07,
    "KprodROSp": 1.8708572336824387e-08,
    "Mp": 3.907059918557432e-06,
    "VmaxICp": 2.129108027913612e-05,
    "VmaxINp": 2.297254759348684e-05,
    "VmaxOCp": 7.407305861335927e-07,
    "VmaxONp": 2.78198897587445e-07,
    "gammaDp": 0.4549663632060646,
    "omegaP": 3.6035635263951978e-06
}