{
    "KICp": 339.6388888165647,
    "KINp": 0.0210085781541105,
    "KOCp": 0.0048034886780383,
    "KONp": 0.4474562034049089,
    "KlossROSp": 1.171862900961733e-06,
    "KprodROSp": 4.696016771488469e-09,
    "Mp": 2.91553167256645e-06,
    "VmaxICp": 3.903541864486167e-05,
    "VmaxINp": 2.4452309770082566e-05,
    "VmaxOCp": 2.6480361034544112e-06,
    "VmaxONp": 2.999370496822162e-07,
    "gammaDp": 0.2444287137824343,
    "omegaP": 3.405555555555556e-05
}