{
    "KICp": 30.8936978743061,
    "KINp": 0.0714595477357876,
    "KOCp": 0.0084653823959605,
    "KONp": 0.7539165019021957,
    "KlossROSp": 5.820620435067297e-07,
    "KprodROSp": 9.699893663710343e-10,
    "Mp": 4.599102287780083e-06,
    "VmaxICp": 3.858228150627943e-05,
    "VmaxINp": 3.324447061883799e-05,
    "VmaxOCp": 1.088454163610982e-06,
    "VmaxONp": 3.1278083358289015e-07,
    "gammaDp": 0.1813550003350479,
    "omegaP": 1.877481343917236e-05
}