{
    "KICp": 80.5601669313123,
    "KINp": 0.0051234325602195,
    "KOCp": 0.0961427164111871,
    "KONp": 0.1847542065234335,
    "KlossROSp": 3.2508068953865625e-06,
    "KprodROSp": 6.135256880076038e-09,
    "Mp": 6.486970070118682e-06,
    "VmaxICp": 2.4890744736241345e-05,
    "VmaxINp": 3.175238332603698e-05,
    "VmaxOCp": 2.581137297367737e-07,
    "VmaxONp": 3.669970367005684e-06,
    "gammaDp": 0.6647210303177886,
    "omegaP": 3.405555555555556e-05
}