{
    "KICp": 214.54650767035145,
    "KINp": 0.0537736586424525,
    "KOCp": 0.0048335567217073,
    "KONp": 0.1275230092494244,
    "KlossROSp": 2.2334467416366724e-06,
    "KprodROSp": 1.7201086580154965e-08,
    "Mp": 6.966047764356628e-06,
    "VmaxICp": 4.184905186424805e-05,
    "VmaxINp": 3.029677424205184e-05,
    "VmaxOCp": 3.010194322748084e-06,
    "VmaxONp": 1.1111111111111112e-06,
    "gammaDp": 0.3376856151767446,
    "omegaP": 4.502761559827881e-06
}