{
    "KICp": 9.371662804510622,
    "KINp": 0.02,
    "KOCp": 0.0227371270581263,
    "KONp": 0.5592585896987865,
    "KlossROSp": 1.956673654786862e-06,
    "KprodROSp": 4.696016771488469e-09,
    "Mp": 8.768384530540245e-06,
    "VmaxICp": 4.2969756124936414e-05,
    "VmaxINp": 2.6255171995251e-05,
    "VmaxOCp": 4.061353198563306e-06,
    "VmaxONp": 2.399210097197591e-06,
    "gammaDp": 0.4555605922542909,
    "omegaP": 4.34922847108925e-06
}