{
    "KICp": 18.55819997579843,
    "KINp": 0.0210085781541105,
    "KOCp": 0.0048034886780383,
    "KONp": 0.5419584401082665,
    "KlossROSp": 1.171862900961733e-06,
    "KprodROSp": 2.5871939912003754e-09,
    "Mp": 2.91553167256645e-06,
    "VmaxICp": 3.903541864486167e-05,
    "VmaxINp": 2.4452309770082566e-05,
    "VmaxOCp": 1.8707887346341738e-07,
    "VmaxONp": 1.6214039798625581e-07,
    "gammaDp": 0.2444287137824343,
    "omegaP": 3.405555555555556e-05
}