{
    "KICp": 105.24195163248828,
    "KINp": 0.02,
    "KOCp": 0.0282228986694745,
    "KONp": 0.0729490549102562,
    "KlossROSp": 2.416440727973213e-06,
    "KprodROSp": 3.0200059794969625e-08,
    "Mp": 4.163065823317167e-06,
    "VmaxICp": 2.5281066550052325e-05,
    "VmaxINp": 2.9636461692020626e-05,
    "VmaxOCp": 3.937968249465191e-06,
    "VmaxONp": 1.2516751240880882e-06,
    "gammaDp": 0.7833614635070185,
    "omegaP": 2.695070888676941e-05
}