{
    "KICp": 11.149374984150176,
    "KINp": 0.011326303885889,
    "KOCp": 0.03,
    "KONp": 0.3975449158024179,
    "KlossROSp": 7.405743696183798e-07,
    "KprodROSp": 4.696016771488469e-09,
    "Mp": 6.327800350904071e-06,
    "VmaxICp": 3.8606309662939946e-05,
    "VmaxINp": 5.255012502487259e-05,
    "VmaxOCp": 2.235186241956116e-07,
    "VmaxONp": 1.7439223172825617e-07,
    "gammaDp": 0.8,
    "omegaP": 6.963354248972164e-05
}