{
    "KICp": 48.08676874410367,
    "KINp": 0.02,
    "KOCp": 0.133371640250895,
    "KONp": 0.5592585896987865,
    "KlossROSp": 3.556681016116704e-07,
    "KprodROSp": 1.8478147398086816e-08,
    "Mp": 8.768384530540245e-06,
    "VmaxICp": 4.2969756124936414e-05,
    "VmaxINp": 2.6255171995251e-05,
    "VmaxOCp": 4.577871128719031e-06,
    "VmaxONp": 5.32006195215878e-07,
    "gammaDp": 0.4555605922542909,
    "omegaP": 4.34922847108925e-06
}