{
    "KICp": 143.86161455945117,
    "KINp": 0.0051234325602195,
    "KOCp": 0.0961427164111871,
    "KONp": 0.1847542065234335,
    "KlossROSp": 3.2508068953865625e-06,
    "KprodROSp": 6.135256880076038e-09,
    "Mp": 5.3222961880558025e-06,
    "VmaxICp": 3.2564022570105136e-05,
    "VmaxINp": 3.843659505204876e-05,
    "VmaxOCp": 1.1723583848645452e-05,
    "VmaxONp": 5.273845769407984e-07,
    "gammaDp": 0.6647210303177886,
    "omegaP": 3.405555555555556e-05
}