{
    "KICp": 15.47532021198594,
    "KINp": 0.011326303885889,
    "KOCp": 0.03,
    "KONp": 0.3975449158024179,
    "KlossROSp": 2.2583666378531484e-06,
    "KprodROSp": 4.696016771488469e-09,
    "Mp": 6.327800350904071e-06,
    "VmaxICp": 3.8606309662939946e-05,
    "VmaxINp": 5.255012502487259e-05,
    "VmaxOCp": 1.60674387662874e-05,
    "VmaxONp": 1.7439223172825617e-07,
    "gammaDp": 0.2974115221219733,
    "omegaP": 6.964611451363268e-05
}