{
    "KICp": 143.86161455945117,
    "KINp": 0.0051234325602195,
    "KOCp": 0.0961427164111871,
    "KONp": 0.0876776033371191,
    "KlossROSp": 1.1288417717527696e-05,
    "KprodROSp": 6.135256880076038e-09,
    "Mp": 6.486970070118682e-06,
    "VmaxICp": 3.2564022570105136e-05,
    "VmaxINp": 3.175238332603698e-05,
    "VmaxOCp": 2.581137297367737e-07,
    "VmaxONp": 2.851825797316971e-07,
    "gammaDp": 0.2835590061000551,
    "omegaP": 3.405555555555556e-05
}