{
    "KICp": 18.55819997579843,
    "KINp": 0.0095347847164484,
    "KOCp": 0.0048034886780383,
    "KONp": 0.2079353542673043,
    "KlossROSp": 1.171862900961733e-06,
    "KprodROSp": 4.696016771488469e-09,
    "Mp": 3.711418903312386e-06,
    "VmaxICp": 3.903541864486167e-05,
    "VmaxINp": 2.4452309770082566e-05,
    "VmaxOCp": 9.396169879024984e-07,
    "VmaxONp": 1.6214039798625581e-07,
    "gammaDp": 0.2444287137824343,
    "omegaP": 3.405555555555556e-05
}