{
    "KICp": 48.08676874410367,
    "KINp": 0.0024436381475772,
    "KOCp": 0.0583375902894757,
    "KONp": 0.5592585896987865,
    "KlossROSp": 2.5222688814885065e-07,
    "KprodROSp": 4.696016771488469e-09,
    "Mp": 8.768384530540245e-06,
    "VmaxICp": 4.2969756124936414e-05,
    "VmaxINp": 2.6255171995251e-05,
    "VmaxOCp": 1.8180867928687927e-05,
    "VmaxONp": 5.32006195215878e-07,
    "gammaDp": 0.4555605922542909,
    "omegaP": 4.34922847108925e-06
}