{
    "KICp": 37.0,
    "KINp": 0.02,
    "KOCp": 0.228098079275427,
    "KONp": 0.9721239012836368,
    "KlossROSp": 1.956673654786862e-06,
    "KprodROSp": 6.587702263254266e-10,
    "Mp": 7.131572504854489e-06,
    "VmaxICp": 3.452037916268231e-05,
    "VmaxINp": 5.150611887732947e-05,
    "VmaxOCp": 1.0201035542462483e-06,
    "VmaxONp": 1.1111111111111112e-06,
    "gammaDp": 0.1153837397112561,
    "omegaP": 9.510132515678862e-06
}