{
    "KICp": 40.95394828015861,
    "KINp": 0.02,
    "KOCp": 0.2537654701749263,
    "KONp": 0.0336043375177628,
    "KlossROSp": 6.783689000187041e-06,
    "KprodROSp": 4.1590357252359446e-08,
    "Mp": 5.276910959065665e-06,
    "VmaxICp": 3.0034622360065685e-05,
    "VmaxINp": 2.941909136755457e-05,
    "VmaxOCp": 5.583848279290968e-07,
    "VmaxONp": 1.19983612689615e-07,
    "gammaDp": 0.1638369649639148,
    "omegaP": 2.504512769933297e-05
}