{
    "KICp": 195.0795333208164,
    "KINp": 0.0097226174596508,
    "KOCp": 0.03,
    "KONp": 0.1,
    "KlossROSp": 2.500295437555452e-07,
    "KprodROSp": 2.859314901453892e-08,
    "Mp": 1.157407407407407e-06,
    "VmaxICp": 1.906332565554364e-05,
    "VmaxINp": 2.2088065408218032e-05,
    "VmaxOCp": 3.289269678073778e-06,
    "VmaxONp": 1.971419462577888e-07,
    "gammaDp": 0.2194536655935473,
    "omegaP": 3.405555555555556e-05
}