{
    "KICp": 157.70831390726266,
    "KINp": 0.1008778775698315,
    "KOCp": 0.2557228121077445,
    "KONp": 0.0522948497263671,
    "KlossROSp": 1.956673654786862e-06,
    "KprodROSp": 8.020596062677e-10,
    "Mp": 3.162239372736138e-06,
    "VmaxICp": 1.1933444068034905e-05,
    "VmaxINp": 3.734900358615612e-05,
    "VmaxOCp": 1.1922243394820144e-05,
    "VmaxONp": 1.945075979379036e-07,
    "gammaDp": 0.8189889059544495,
    "omegaP": 3.405555555555556e-05
}