{
    "KICp": 42.58589821919923,
    "KINp": 0.0023416103382836,
    "KOCp": 0.0102149735468558,
    "KONp": 0.8485334946222275,
    "KlossROSp": 1.956673654786862e-06,
    "KprodROSp": 3.168756994740944e-09,
    "Mp": 6.507127367456307e-06,
    "VmaxICp": 1.5960872307911918e-05,
    "VmaxINp": 3.2045971863498216e-05,
    "VmaxOCp": 8.35482210726821e-06,
    "VmaxONp": 3.095624529731009e-06,
    "gammaDp": 0.858083921345711,
    "omegaP": 1.1211499987065925e-05
}