{
    "KICp": 37.0,
    "KINp": 0.0619701736397735,
    "KOCp": 0.0287051798320055,
    "KONp": 0.0322534626714919,
    "KlossROSp": 1.956673654786862e-06,
    "KprodROSp": 2.215599535911308e-08,
    "Mp": 4.349617724278337e-06,
    "VmaxICp": 2.769191092621069e-05,
    "VmaxINp": 4.184734612075857e-05,
    "VmaxOCp": 5.211010474830874e-07,
    "VmaxONp": 1.1111111111111112e-06,
    "gammaDp": 0.8,
    "omegaP": 3.530117114440328e-05
}