{
    "KICp": 125.12925171634328,
    "KINp": 0.0355286867991337,
    "KOCp": 0.0619510722019589,
    "KONp": 0.1627961072130272,
    "KlossROSp": 1.4440960084228537e-06,
    "KprodROSp": 1.4915297759823215e-09,
    "Mp": 6.100132655061343e-06,
    "VmaxICp": 4.235013514576704e-05,
    "VmaxINp": 2.458624844649984e-05,
    "VmaxOCp": 1.851851851851852e-06,
    "VmaxONp": 1.723775824295339e-07,
    "gammaDp": 0.1842121965539022,
    "omegaP": 1.0786903478410736e-05
}