{
    "KICp": 75.36667702193044,
    "KINp": 0.02,
    "KOCp": 0.0235390192927331,
    "KONp": 0.1,
    "KlossROSp": 8.36173378262676e-06,
    "KprodROSp": 1.380557724201833e-08,
    "Mp": 8.646907521657547e-06,
    "VmaxICp": 4.553073206808294e-05,
    "VmaxINp": 5.031593089052261e-05,
    "VmaxOCp": 4.799968892848778e-07,
    "VmaxONp": 1.1111111111111112e-06,
    "gammaDp": 0.8,
    "omegaP": 3.405555555555556e-05
}