{
    "KICp": 36.05420887139513,
    "KINp": 0.1231619844030899,
    "KOCp": 0.0125308159941463,
    "KONp": 0.0670304378411665,
    "KlossROSp": 4.673879663342693e-07,
    "KprodROSp": 1.8708572336824387e-08,
    "Mp": 3.907059918557432e-06,
    "VmaxICp": 2.129108027913612e-05,
    "VmaxINp": 2.297254759348684e-05,
    "VmaxOCp": 4.846285967120219e-07,
    "VmaxONp": 2.1742220285308089e-07,
    "gammaDp": 0.1544844640283852,
    "omegaP": 3.6035635263951978e-06
}