{
    "KICp": 125.12925171634328,
    "KINp": 0.104553862451153,
    "KOCp": 0.0619510722019589,
    "KONp": 0.1627961072130272,
    "KlossROSp": 1.1377660071155657e-05,
    "KprodROSp": 6.3068249508302415e-09,
    "Mp": 6.100132655061343e-06,
    "VmaxICp": 3.649733767264964e-05,
    "VmaxINp": 2.345341405799554e-05,
    "VmaxOCp": 1.851851851851852e-06,
    "VmaxONp": 7.30414913993416e-06,
    "gammaDp": 0.1842121965539022,
    "omegaP": 7.2360582708287486e-06
}