{
    "KICp": 37.0,
    "KINp": 0.02,
    "KOCp": 0.0057093569305536,
    "KONp": 0.9721239012836368,
    "KlossROSp": 1.956673654786862e-06,
    "KprodROSp": 1.1537136607960107e-09,
    "Mp": 7.131572504854489e-06,
    "VmaxICp": 3.452037916268231e-05,
    "VmaxINp": 5.150611887732947e-05,
    "VmaxOCp": 1.0410933553977686e-06,
    "VmaxONp": 1.1111111111111112e-06,
    "gammaDp": 0.1153837397112561,
    "omegaP": 5.964240521688644e-05
}