{
    "KICp": 37.0,
    "KINp": 0.0299376552340586,
    "KOCp": 0.036524371420753,
    "KONp": 0.8752942592137835,
    "KlossROSp": 1.956673654786862e-06,
    "KprodROSp": 9.99391917286631e-10,
    "Mp": 7.131572504854489e-06,
    "VmaxICp": 3.452037916268231e-05,
    "VmaxINp": 5.150611887732947e-05,
    "VmaxOCp": 1.0201035542462483e-06,
    "VmaxONp": 1.1111111111111112e-06,
    "gammaDp": 0.3825235975494843,
    "omegaP": 3.405555555555556e-05
}