{
    "KICp": 15.47532021198594,
    "KINp": 0.011326303885889,
    "KOCp": 0.03,
    "KONp": 0.3975449158024179,
    "KlossROSp": 1.3927397806953703e-06,
    "KprodROSp": 2.2548393858275e-09,
    "Mp": 6.327800350904071e-06,
    "VmaxICp": 3.8606309662939946e-05,
    "VmaxINp": 3.4399019171515673e-05,
    "VmaxOCp": 1.851851851851852e-06,
    "VmaxONp": 4.332289573171649e-06,
    "gammaDp": 0.8,
    "omegaP": 1.4597609445597793e-05
}