{
    "KICp": 218.1462090522336,
    "KINp": 0.02,
    "KOCp": 0.036524371420753,
    "KONp": 0.9721239012836368,
    "KlossROSp": 1.956673654786862e-06,
    "KprodROSp": 1.1537136607960107e-09,
    "Mp": 7.131572504854489e-06,
    "VmaxICp": 3.452037916268231e-05,
    "VmaxINp": 5.150611887732947e-05,
    "VmaxOCp": 1.6395069507688403e-06,
    "VmaxONp": 1.1111111111111112e-06,
    "gammaDp": 0.1153837397112561,
    "omegaP": 7.497368241288213e-06
}