{
    "KICp": 18.16745113413774,
    "KINp": 0.0025610164408946,
    "KOCp": 0.0171189056741844,
    "KONp": 0.7539165019021957,
    "KlossROSp": 6.1243385971056e-07,
    "KprodROSp": 1.1811171417317751e-08,
    "Mp": 4.599102287780083e-06,
    "VmaxICp": 3.858228150627943e-05,
    "VmaxINp": 3.324447061883799e-05,
    "VmaxOCp": 1.038802253342746e-06,
    "VmaxONp": 3.1278083358289015e-07,
    "gammaDp": 0.8,
    "omegaP": 1.877481343917236e-05
}