{
    "KICp": 211.9692460926408,
    "KINp": 0.0375566760837325,
    "KlossROSp": 1.956673654786862e-06,
    "KprodROSp": 5.596163928244341e-10,
    "Mp": 9.441502377974156e-06,
    "VmaxICp": 5.157753495300769e-05,
    "VmaxINp": 4.354304542764623e-05,
    "gammaDp": 0.2162619204828179,
    "omegaP": 3.405555555555556e-05
}