{
    "KICp": 18.90019987510804,
    "KINp": 0.0072690638542499,
    "KlossROSp": 5.595818313760609e-07,
    "KprodROSp": 4.171833296555051e-09,
    "Mp": 2.5865929155887804e-06,
    "VmaxICp": 2.535773838145408e-05,
    "VmaxINp": 3.315191576963634e-05,
    "gammaDp": 0.8,
    "omegaP": 1.9369354432957115e-05
}