{
    "KICp": 8.15244693757464,
    "KINp": 0.02,
    "KlossROSp": 1.956673654786862e-06,
    "KprodROSp": 8.929824052726554e-10,
    "Mp": 3.6871381326323983e-06,
    "VmaxICp": 4.694157652133807e-05,
    "VmaxINp": 1.59092232628327e-05,
    "gammaDp": 0.2700430590170448,
    "omegaP": 2.178426557027013e-05
}