{
    "KICp": 38.6936463072473,
    "KINp": 0.0699139809399007,
    "KlossROSp": 1.7646290600874795e-05,
    "KprodROSp": 5.288216776605174e-10,
    "Mp": 1.0966981923680196e-05,
    "VmaxICp": 3.3633002301057275e-05,
    "VmaxINp": 4.781722992266842e-05,
    "gammaDp": 0.3635403997988908,
    "omegaP": 1.12492838556282e-05
}