{
    "KICp": 141.8281419019058,
    "KINp": 0.0200081005284376,
    "KlossROSp": 3.855722066125599e-07,
    "KprodROSp": 1.937173406678738e-09,
    "Mp": 4.971596927074504e-06,
    "VmaxICp": 4.750241959218791e-05,
    "VmaxINp": 3.662073398883477e-05,
    "gammaDp": 0.6711372568561045,
    "omegaP": 3.405555555555556e-05
}