{
    "KICp": 96.64370367169704,
    "KINp": 0.0056571995114112,
    "KlossROSp": 1.38274698375806e-05,
    "KprodROSp": 8.341523689156721e-09,
    "Mp": 7.452670317510507e-06,
    "VmaxICp": 4.268718995619202e-05,
    "VmaxINp": 3.1766777927843386e-05,
    "gammaDp": 0.1807648860438726,
    "omegaP": 2.3546459401215773e-05
}