{
    "KICp": 20.019441943100382,
    "KINp": 0.02,
    "KlossROSp": 1.1972260154341342e-06,
    "KprodROSp": 4.696016771488469e-09,
    "Mp": 6.49089387165309e-06,
    "VmaxICp": 2.984713339614853e-05,
    "VmaxINp": 4.906262078190283e-05,
    "gammaDp": 0.1944610982198899,
    "omegaP": 1.1990386722800673e-05
}