{
    "KICp": 37.0,
    "KINp": 0.0192813057554246,
    "KlossROSp": 3.971496829797578e-07,
    "KprodROSp": 2.4263101518687904e-08,
    "Mp": 2.496855273319064e-06,
    "VmaxICp": 1.9157441035377425e-05,
    "VmaxINp": 3.604401463123916e-05,
    "gammaDp": 0.6156061931685441,
    "omegaP": 7.674972725973621e-06
}