{
    "KICp": 37.0,
    "KINp": 0.0032416594208802,
    "KlossROSp": 2.3202014283373054e-06,
    "KprodROSp": 1.5489030680919807e-09,
    "Mp": 3.287506086839106e-06,
    "VmaxICp": 1.5753228555015527e-05,
    "VmaxINp": 3.613356192793732e-05,
    "gammaDp": 0.2846960777015547,
    "omegaP": 5.723682514148951e-06
}