{
    "KICp": 4.034223438127212,
    "KINp": 0.0210817974598975,
    "KlossROSp": 5.430626967037155e-07,
    "KprodROSp": 5.85550573370086e-09,
    "Mp": 2.5741286121002896e-06,
    "VmaxICp": 4.966392500726969e-05,
    "VmaxINp": 2.016410409950377e-05,
    "gammaDp": 0.3151538169282201,
    "omegaP": 3.786418488161836e-05
}