{
    "KICp": 37.0,
    "KINp": 0.0955394299395748,
    "KlossROSp": 1.956673654786862e-06,
    "KprodROSp": 3.257939081461965e-09,
    "Mp": 3.6871381326323983e-06,
    "VmaxICp": 4.694157652133807e-05,
    "VmaxINp": 1.59092232628327e-05,
    "gammaDp": 0.304477846906023,
    "omegaP": 2.178426557027013e-05
}