{
    "KICp": 37.0,
    "KINp": 0.0941007333081098,
    "KlossROSp": 1.676348542913184e-05,
    "KprodROSp": 4.696016771488469e-09,
    "Mp": 7.179780036246751e-06,
    "VmaxICp": 3.6776201106135286e-05,
    "VmaxINp": 3.366670103065753e-05,
    "gammaDp": 0.1128184522956391,
    "omegaP": 3.546833232870833e-06
}