{
    "KICp": 177.1514823270066,
    "KINp": 0.1659878886360404,
    "KlossROSp": 1.5650511590714786e-05,
    "KprodROSp": 3.0302862191146913e-08,
    "Mp": 9.499583077030275e-06,
    "VmaxICp": 3.904716767468048e-05,
    "VmaxINp": 4.240209067233456e-05,
    "gammaDp": 0.8,
    "omegaP": 2.774031150139436e-05
}