{
    "KICp": 50.589002517289096,
    "KINp": 0.02,
    "KlossROSp": 4.197572497896588e-07,
    "KprodROSp": 3.1184811786518553e-09,
    "Mp": 7.452670317510507e-06,
    "VmaxICp": 4.268718995619202e-05,
    "VmaxINp": 3.1766777927843386e-05,
    "gammaDp": 0.1807648860438726,
    "omegaP": 9.966652712040284e-06
}