{
    "KICp": 37.0,
    "KINp": 0.0480006462090189,
    "KlossROSp": 1.6647422134839537e-05,
    "KprodROSp": 7.30229103012085e-10,
    "Mp": 5.924555101324874e-06,
    "VmaxICp": 1.9157441035377425e-05,
    "VmaxINp": 3.604401463123916e-05,
    "gammaDp": 0.1701051073479565,
    "omegaP": 7.674972725973621e-06
}