{
    "KICp": 26.42961783656534,
    "KINp": 0.0200081005284376,
    "KlossROSp": 1.6335725122346035e-06,
    "KprodROSp": 1.937173406678738e-09,
    "Mp": 1.064067264295814e-05,
    "VmaxICp": 4.869505229452902e-05,
    "VmaxINp": 3.662073398883477e-05,
    "gammaDp": 0.6711372568561045,
    "omegaP": 3.405555555555556e-05
}