{
    "KICp": 8.33004984399368,
    "KINp": 0.02,
    "KlossROSp": 3.455068657013754e-06,
    "KprodROSp": 5.507962986553914e-10,
    "Mp": 5.4195088764303766e-06,
    "VmaxICp": 4.966392500726969e-05,
    "VmaxINp": 2.016410409950377e-05,
    "gammaDp": 0.2669315106415515,
    "omegaP": 3.786418488161836e-05
}