{
    "KICp": 7.727049821539538,
    "KINp": 0.0218084486905919,
    "KlossROSp": 1.0139121529088274e-06,
    "KprodROSp": 7.30229103012085e-10,
    "Mp": 2.938416357317248e-06,
    "VmaxICp": 1.9157441035377425e-05,
    "VmaxINp": 3.604401463123916e-05,
    "gammaDp": 0.1434264497455818,
    "omegaP": 2.2269731457991063e-05
}