{
    "KICp": 37.0,
    "KINp": 0.0680982482636887,
    "KlossROSp": 1.598419163207593e-05,
    "KprodROSp": 5.364101420012442e-10,
    "Mp": 6.594039909351442e-06,
    "VmaxICp": 2.9927472286182263e-05,
    "VmaxINp": 4.254444212222977e-05,
    "gammaDp": 0.1385437353136227,
    "omegaP": 1.0073053856475172e-05
}