{
    "KICp": 52.3504043836207,
    "KINp": 0.02,
    "KlossROSp": 1.5593425807446324e-05,
    "KprodROSp": 1.1517902380370332e-08,
    "Mp": 2.5895670300246167e-06,
    "VmaxICp": 2.8454218350059664e-05,
    "VmaxINp": 3.4747249820091234e-05,
    "gammaDp": 0.1437656295938852,
    "omegaP": 7.608702703011597e-05
}