{
    "KICp": 25.033680752040112,
    "KINp": 0.02,
    "KlossROSp": 3.4041755117408707e-06,
    "KprodROSp": 9.8082264519048e-09,
    "Mp": 2.5741286121002896e-06,
    "VmaxICp": 4.966392500726969e-05,
    "VmaxINp": 2.016410409950377e-05,
    "gammaDp": 0.1725745654397897,
    "omegaP": 3.786418488161836e-05
}