{
    "KICp": 277.4564795031352,
    "KINp": 0.0029326412761807,
    "KlossROSp": 1.676348542913184e-05,
    "KprodROSp": 1.7770440736689943e-08,
    "Mp": 7.179780036246751e-06,
    "VmaxICp": 3.6776201106135286e-05,
    "VmaxINp": 2.217869873267673e-05,
    "gammaDp": 0.2052426956376413,
    "omegaP": 3.405555555555556e-05
}