{
    "KICp": 11.550695811952098,
    "KINp": 0.02,
    "KlossROSp": 1.38274698375806e-05,
    "KprodROSp": 8.341523689156721e-09,
    "Mp": 7.452670317510507e-06,
    "VmaxICp": 3.672467899935282e-05,
    "VmaxINp": 2.355677824773692e-05,
    "gammaDp": 0.1807648860438726,
    "omegaP": 1.0952489073972369e-05
}