{
    "KICp": 304.5020338182048,
    "KINp": 0.0143374349216975,
    "KlossROSp": 1.956673654786862e-06,
    "KprodROSp": 4.696016771488469e-09,
    "Mp": 3.832870481307872e-06,
    "VmaxICp": 4.3215510944925006e-05,
    "VmaxINp": 4.808944068567537e-05,
    "gammaDp": 0.5787083521686346,
    "omegaP": 3.405555555555556e-05
}