{
    "KICp": 49.76428684471452,
    "KINp": 0.0021703272347686,
    "KlossROSp": 1.1197647372340542e-06,
    "KprodROSp": 7.30229103012085e-10,
    "Mp": 2.938416357317248e-06,
    "VmaxICp": 1.9157441035377425e-05,
    "VmaxINp": 3.604401463123916e-05,
    "gammaDp": 0.1434264497455818,
    "omegaP": 7.674972725973621e-06
}