{
    "KICp": 37.0,
    "KINp": 0.1791800020474285,
    "KlossROSp": 1.9948017606541496e-07,
    "KprodROSp": 3.0424979681210604e-08,
    "Mp": 8.301839406788736e-07,
    "VmaxICp": 2.5260546508863736e-05,
    "VmaxINp": 4.157611750618978e-05,
    "gammaDp": 0.1105475097806894,
    "omegaP": 4.748718209112102e-05
}