{
    "KICp": 37.0,
    "KINp": 0.1791800020474285,
    "KlossROSp": 4.3775672992115375e-06,
    "KprodROSp": 1.7619991336381826e-08,
    "Mp": 4.162427606229452e-06,
    "VmaxICp": 2.5260546508863736e-05,
    "VmaxINp": 4.157611750618978e-05,
    "gammaDp": 0.4033317850410012,
    "omegaP": 6.316462430814009e-05
}