{
    "KICp": 16.593932723673735,
    "KINp": 0.0200081005284376,
    "KlossROSp": 1.8802945856043247e-06,
    "KprodROSp": 1.937173406678738e-09,
    "Mp": 4.250518680013152e-06,
    "VmaxICp": 4.750241959218791e-05,
    "VmaxINp": 3.662073398883477e-05,
    "gammaDp": 0.6711372568561045,
    "omegaP": 3.405555555555556e-05
}