{
    "KICp": 18.90019987510804,
    "KINp": 0.0048087627836125,
    "KlossROSp": 1.0115912479617656e-05,
    "KprodROSp": 1.8195583745357186e-08,
    "Mp": 3.3811692754330515e-06,
    "VmaxICp": 2.535773838145408e-05,
    "VmaxINp": 3.315191576963634e-05,
    "gammaDp": 0.8,
    "omegaP": 5.428493951108043e-06
}