{
    "KICp": 60.79696054124559,
    "KINp": 0.0117565247109156,
    "KlossROSp": 1.2602672475706833e-05,
    "KprodROSp": 4.696016771488469e-09,
    "Mp": 3.825149449952253e-06,
    "VmaxICp": 3.908858832514232e-05,
    "VmaxINp": 3.4059295916216315e-05,
    "gammaDp": 0.6324007733249188,
    "omegaP": 0.0001239441921503
}