{
    "KICp": 57.36831072455972,
    "KINp": 0.0022448288794304,
    "KlossROSp": 1.744631419793077e-05,
    "KprodROSp": 4.696016771488469e-09,
    "Mp": 4.484926334642235e-06,
    "VmaxICp": 4.142632273347232e-05,
    "VmaxINp": 4.684897871142826e-05,
    "gammaDp": 0.1479852421372607,
    "omegaP": 7.360530344227896e-05
}