{
    "KICp": 37.0,
    "KINp": 0.0789761970942471,
    "KlossROSp": 6.256643213960071e-06,
    "KprodROSp": 1.2172172835843084e-08,
    "Mp": 3.580489966556271e-06,
    "VmaxICp": 1.5753228555015527e-05,
    "VmaxINp": 3.613356192793732e-05,
    "gammaDp": 0.2846960777015547,
    "omegaP": 1.06066358398859e-05
}