{
    "KICp": 27.24440697580991,
    "KINp": 0.0185163869494568,
    "KlossROSp": 4.541626621530594e-07,
    "KprodROSp": 3.842255791109737e-08,
    "Mp": 1.0966981923680196e-05,
    "VmaxICp": 3.3633002301057275e-05,
    "VmaxINp": 4.781722992266842e-05,
    "gammaDp": 0.257616606430373,
    "omegaP": 1.12492838556282e-05
}