{
    "KICp": 7.349893437057863,
    "KINp": 0.0023803567276318,
    "KlossROSp": 4.967759272226468e-07,
    "KprodROSp": 1.9719652954679712e-09,
    "Mp": 6.610047726580878e-06,
    "VmaxICp": 2.877889495506237e-05,
    "VmaxINp": 5.168539130830823e-05,
    "gammaDp": 0.320608206055851,
    "omegaP": 6.345152306450437e-06
}