{
    "KICp": 54.966610286855634,
    "KINp": 0.1385791087018754,
    "KlossROSp": 1.7240938436665593e-05,
    "KprodROSp": 7.456127955782639e-09,
    "Mp": 7.640937615031166e-06,
    "VmaxICp": 4.9304043161354645e-05,
    "VmaxINp": 1.950145285505257e-05,
    "gammaDp": 0.130388811211079,
    "omegaP": 3.7243712489054407e-06
}