{
    "KICp": 15.079042315068564,
    "KINp": 0.032897259864184,
    "KlossROSp": 6.121398409884693e-07,
    "KprodROSp": 8.0672646830001e-09,
    "Mp": 1.7601247580436496e-06,
    "VmaxICp": 2.1444739557726752e-05,
    "VmaxINp": 5.39361368240005e-05,
    "gammaDp": 0.3609061835625543,
    "omegaP": 3.405555555555556e-05
}