{
    "KICp": 4.926669748299282,
    "KINp": 0.0052150409397426,
    "KlossROSp": 4.044014890737136e-07,
    "KprodROSp": 1.937173406678738e-09,
    "Mp": 3.7484023470404616e-06,
    "VmaxICp": 4.750241959218791e-05,
    "VmaxINp": 3.662073398883477e-05,
    "gammaDp": 0.5227393877272496,
    "omegaP": 3.405555555555556e-05
}