{
    "KICp": 4.277651919706574,
    "KINp": 0.02,
    "KlossROSp": 1.9513437748889243e-06,
    "KprodROSp": 3.0302862191146913e-08,
    "Mp": 9.499583077030275e-06,
    "VmaxICp": 3.904716767468048e-05,
    "VmaxINp": 4.240209067233456e-05,
    "gammaDp": 0.4605283064814466,
    "omegaP": 3.130480149156714e-05
}