{
    "KICp": 4.034223438127212,
    "KINp": 0.0505002797242429,
    "KlossROSp": 9.85971165346947e-07,
    "KprodROSp": 5.85550573370086e-09,
    "Mp": 2.2321061859664727e-06,
    "VmaxICp": 4.966392500726969e-05,
    "VmaxINp": 1.872772148905656e-05,
    "gammaDp": 0.2858596245882283,
    "omegaP": 3.786418488161836e-05
}