{
    "KICp": 37.0,
    "KINp": 0.0021571534743091,
    "KlossROSp": 2.602181329536311e-07,
    "KprodROSp": 2.593457698706435e-09,
    "Mp": 3.287506086839106e-06,
    "VmaxICp": 1.5753228555015527e-05,
    "VmaxINp": 3.613356192793732e-05,
    "gammaDp": 0.2846960777015547,
    "omegaP": 4.536983897463275e-06
}