{
    "KICp": 127.39059511783874,
    "KINp": 0.0414127408184002,
    "KlossROSp": 7.214279462498746e-07,
    "KprodROSp": 2.6371966036282327e-09,
    "Mp": 6.49089387165309e-06,
    "VmaxICp": 2.4735573500520348e-05,
    "VmaxINp": 3.318574071401223e-05,
    "gammaDp": 0.1944610982198899,
    "omegaP": 1.1990386722800673e-05
}