{
    "KICp": 13.742529386156594,
    "KINp": 0.1995820792831505,
    "KlossROSp": 4.044014890737136e-07,
    "KprodROSp": 1.937173406678738e-09,
    "Mp": 1.1048567242047445e-05,
    "VmaxICp": 4.750241959218791e-05,
    "VmaxINp": 3.662073398883477e-05,
    "gammaDp": 0.6711372568561045,
    "omegaP": 4.8277832924074e-06
}