{
    "KICp": 57.32711804374746,
    "KINp": 0.0028353627314009,
    "KlossROSp": 1.956673654786862e-06,
    "KprodROSp": 3.0305668246992595e-09,
    "Mp": 5.895581451801395e-06,
    "VmaxICp": 2.414882567310336e-05,
    "VmaxINp": 5.016364707998888e-05,
    "gammaDp": 0.2336379748179876,
    "omegaP": 3.405555555555556e-05
}