{
    "KICp": 21.57028055081687,
    "KINp": 0.0212269637124505,
    "KlossROSp": 2.560732092586756e-06,
    "KprodROSp": 5.596163928244341e-10,
    "Mp": 5.5909688492877145e-06,
    "VmaxICp": 3.4476935924475385e-05,
    "VmaxINp": 1.6390253731309533e-05,
    "gammaDp": 0.2162619204828179,
    "omegaP": 7.066098027150583e-06
}