{
    "KICp": 52.87887027757265,
    "KINp": 0.0575526488002779,
    "KlossROSp": 1.1442655065746365e-06,
    "KprodROSp": 4.270299487676244e-09,
    "Mp": 3.5421059071122605e-06,
    "VmaxICp": 3.804158346537619e-05,
    "VmaxINp": 2.631763878235716e-05,
    "gammaDp": 0.3430618818436767,
    "omegaP": 6.0523205671383966e-05
}