{
    "KICp": 177.1514823270066,
    "KINp": 0.02,
    "KlossROSp": 2.410017782015092e-06,
    "KprodROSp": 1.5659302972621452e-08,
    "Mp": 2.0396352266332664e-06,
    "VmaxICp": 2.0207058574801505e-05,
    "VmaxINp": 4.240209067233456e-05,
    "gammaDp": 0.8,
    "omegaP": 3.130480149156714e-05
}