{
    "KICp": 68.08144829209559,
    "KINp": 0.0049713562510389,
    "KlossROSp": 6.35025889576167e-06,
    "KprodROSp": 4.696016771488469e-09,
    "Mp": 6.49089387165309e-06,
    "VmaxICp": 2.4735573500520348e-05,
    "VmaxINp": 3.318574071401223e-05,
    "gammaDp": 0.823444717839543,
    "omegaP": 1.1990386722800673e-05
}