{
    "KICp": 4.780584895847255,
    "KINp": 0.0274621348236276,
    "KlossROSp": 1.378212335321771e-06,
    "KprodROSp": 8.0672646830001e-09,
    "Mp": 4.406397813076719e-06,
    "VmaxICp": 2.1444739557726752e-05,
    "VmaxINp": 5.39361368240005e-05,
    "gammaDp": 0.8549729606193694,
    "omegaP": 3.405555555555556e-05
}