{
    "KICp": 19.275991735781584,
    "KINp": 0.0048255687756675,
    "KlossROSp": 2.0464773355352645e-06,
    "KprodROSp": 4.696016771488469e-09,
    "Mp": 4.484926334642235e-06,
    "VmaxICp": 2.612441206553836e-05,
    "VmaxINp": 5.400257877256772e-05,
    "gammaDp": 0.2512520038712803,
    "omegaP": 7.360530344227896e-05
}