{
    "KICp": 74.2072464070884,
    "KINp": 0.0192813057554246,
    "KlossROSp": 4.501063689017306e-07,
    "KprodROSp": 1.3307961769778023e-09,
    "Mp": 2.938416357317248e-06,
    "VmaxICp": 1.9157441035377425e-05,
    "VmaxINp": 3.604401463123916e-05,
    "gammaDp": 0.1434264497455818,
    "omegaP": 4.0392545776649e-06
}