{
    "KICp": 86.12299606735009,
    "KINp": 0.0029076149187898,
    "KlossROSp": 1.956673654786862e-06,
    "KprodROSp": 5.596163928244341e-10,
    "Mp": 5.5909688492877145e-06,
    "VmaxICp": 3.4476935924475385e-05,
    "VmaxINp": 2.943726588830554e-05,
    "gammaDp": 0.1197663520616457,
    "omegaP": 3.405555555555556e-05
}