{
    "KICp": 27.60602258775079,
    "KINp": 0.0575526488002779,
    "KlossROSp": 1.1442655065746365e-06,
    "KprodROSp": 4.696016771488469e-09,
    "Mp": 6.363498099580116e-06,
    "VmaxICp": 3.804158346537619e-05,
    "VmaxINp": 2.631763878235716e-05,
    "gammaDp": 0.2035696441671063,
    "omegaP": 4.9216010441016495e-06
}