{
    "KICp": 22.259973351449165,
    "KINp": 0.0058561161621054,
    "KlossROSp": 3.192823066992372e-06,
    "KprodROSp": 1.2344315435567282e-08,
    "Mp": 1.0987823492692583e-05,
    "VmaxICp": 4.3215510944925006e-05,
    "VmaxINp": 4.808944068567537e-05,
    "gammaDp": 0.4198328623502494,
    "omegaP": 3.405555555555556e-05
}