{
    "KICp": 219.14340824187985,
    "KINp": 0.1791800020474285,
    "KlossROSp": 1.956673654786862e-06,
    "KprodROSp": 3.0424979681210604e-08,
    "Mp": 4.162427606229452e-06,
    "VmaxICp": 2.5260546508863736e-05,
    "VmaxINp": 4.157611750618978e-05,
    "gammaDp": 0.2663414056701864,
    "omegaP": 3.554774091826019e-06
}