{
    "KICp": 177.1514823270066,
    "KINp": 0.0118291686492192,
    "KlossROSp": 2.410017782015092e-06,
    "KprodROSp": 3.4374285292751185e-08,
    "Mp": 2.662917112270122e-06,
    "VmaxICp": 3.904716767468048e-05,
    "VmaxINp": 3.978987329648689e-05,
    "gammaDp": 0.8,
    "omegaP": 3.130480149156714e-05
}