{
    "KICp": 67.94797272428885,
    "KINp": 0.054181662684619,
    "KlossROSp": 6.134112951113015e-06,
    "KprodROSp": 4.696016771488469e-09,
    "Mp": 2.5895670300246167e-06,
    "VmaxICp": 2.8454218350059664e-05,
    "VmaxINp": 3.4747249820091234e-05,
    "gammaDp": 0.3928272294464224,
    "omegaP": 7.608702703011597e-05
}