{
    "KICp": 125.73882557359966,
    "KINp": 0.0575526488002779,
    "KlossROSp": 1.1442655065746365e-06,
    "KprodROSp": 4.696016771488469e-09,
    "Mp": 8.395486254884053e-06,
    "VmaxICp": 3.804158346537619e-05,
    "VmaxINp": 3.316651836021578e-05,
    "gammaDp": 0.7578070697395263,
    "omegaP": 4.9216010441016495e-06
}