{
    "KICp": 4.926669748299282,
    "KINp": 0.0042464526191097,
    "KlossROSp": 4.044014890737136e-07,
    "KprodROSp": 1.937173406678738e-09,
    "Mp": 8.340265851773897e-06,
    "VmaxICp": 4.750241959218791e-05,
    "VmaxINp": 3.662073398883477e-05,
    "gammaDp": 0.7508815073948583,
    "omegaP": 1.5567310859309145e-05
}