{
    "KICp": 31.22266530285,
    "KINp": 0.02,
    "KlossROSp": 1.7240938436665593e-05,
    "KprodROSp": 2.567869711212596e-09,
    "Mp": 7.640937615031166e-06,
    "VmaxICp": 4.9304043161354645e-05,
    "VmaxINp": 4.492451650704885e-05,
    "gammaDp": 0.1369763797260261,
    "omegaP": 3.949581236478995e-05
}