{
    "KICp": 21.57028055081687,
    "KINp": 0.0183220521526205,
    "KlossROSp": 2.5801022842228626e-07,
    "KprodROSp": 5.596163928244341e-10,
    "Mp": 5.5909688492877145e-06,
    "VmaxICp": 3.4476935924475385e-05,
    "VmaxINp": 4.623065548991039e-05,
    "gammaDp": 0.2162619204828179,
    "omegaP": 1.6109911735171384e-05
}