{
    "KICp": 4.338656368388217,
    "KINp": 0.02,
    "KlossROSp": 2.875137563583265e-06,
    "KprodROSp": 5.727162585595918e-10,
    "Mp": 7.640937615031166e-06,
    "VmaxICp": 4.9304043161354645e-05,
    "VmaxINp": 4.492451650704885e-05,
    "gammaDp": 0.3401762447436532,
    "omegaP": 3.7243712489054407e-06
}