{
    "KICp": 97.30722425598826,
    "KINp": 0.0200081005284376,
    "KlossROSp": 4.044014890737136e-07,
    "KprodROSp": 2.7681806391908013e-08,
    "Mp": 5.035034644016886e-06,
    "VmaxICp": 4.750241959218791e-05,
    "VmaxINp": 3.662073398883477e-05,
    "gammaDp": 0.6711372568561045,
    "omegaP": 3.405555555555556e-05
}