{
    "KICp": 127.87507385126236,
    "KINp": 0.02,
    "KlossROSp": 1.2657227736358986e-05,
    "KprodROSp": 5.870491200852031e-10,
    "Mp": 6.49089387165309e-06,
    "VmaxICp": 2.4735573500520348e-05,
    "VmaxINp": 3.318574071401223e-05,
    "gammaDp": 0.2000422996472318,
    "omegaP": 1.1990386722800673e-05
}