{
    "KICp": 37.0,
    "KINp": 0.0038595480917258,
    "KlossROSp": 4.539778418101806e-06,
    "KprodROSp": 4.696016771488469e-09,
    "Mp": 7.179780036246751e-06,
    "VmaxICp": 3.6776201106135286e-05,
    "VmaxINp": 2.217869873267673e-05,
    "gammaDp": 0.1128184522956391,
    "omegaP": 3.695617157170929e-05
}