{
    "KICp": 53.88795889291003,
    "KINp": 0.0035034655444502,
    "KlossROSp": 1.956673654786862e-06,
    "KprodROSp": 2.6631667593852337e-08,
    "Mp": 1.0987823492692583e-05,
    "VmaxICp": 4.3215510944925006e-05,
    "VmaxINp": 4.808944068567537e-05,
    "gammaDp": 0.6980854888093125,
    "omegaP": 3.405555555555556e-05
}