{
    "KICp": 5.31820297891563,
    "KINp": 0.0630418950337379,
    "KlossROSp": 3.261388984488184e-07,
    "KprodROSp": 1.7664428456161156e-08,
    "Mp": 6.610047726580878e-06,
    "VmaxICp": 2.877889495506237e-05,
    "VmaxINp": 5.168539130830823e-05,
    "gammaDp": 0.320608206055851,
    "omegaP": 6.345152306450437e-06
}