{
    "KICp": 43.50945674731836,
    "KINp": 0.02,
    "KlossROSp": 2.0489861583288257e-07,
    "KprodROSp": 4.696016771488469e-09,
    "Mp": 2.5895670300246167e-06,
    "VmaxICp": 2.8454218350059664e-05,
    "VmaxINp": 3.4747249820091234e-05,
    "gammaDp": 0.3928272294464224,
    "omegaP": 1.74882268278322e-05
}