{
    "KICp": 221.62683867137105,
    "KINp": 0.0117565247109156,
    "KlossROSp": 1.2602672475706833e-05,
    "KprodROSp": 4.696016771488469e-09,
    "Mp": 3.047827691227316e-06,
    "VmaxICp": 3.908858832514232e-05,
    "VmaxINp": 1.8631565485962213e-05,
    "gammaDp": 0.5182646278216367,
    "omegaP": 6.27994970506642e-05
}