{
    "KICp": 37.0,
    "KINp": 0.0327639400404958,
    "KlossROSp": 2.974215094207659e-07,
    "KprodROSp": 1.2172172835843084e-08,
    "Mp": 3.287506086839106e-06,
    "VmaxICp": 1.5753228555015527e-05,
    "VmaxINp": 3.613356192793732e-05,
    "gammaDp": 0.2846960777015547,
    "omegaP": 9.426425236182806e-06
}