{
    "KICp": 8.588756746621987,
    "KINp": 0.002431038943101,
    "KlossROSp": 7.306079489626998e-06,
    "KprodROSp": 1.1512640581424974e-08,
    "Mp": 2.5741286121002896e-06,
    "VmaxICp": 4.966392500726969e-05,
    "VmaxINp": 2.016410409950377e-05,
    "gammaDp": 0.2858596245882283,
    "omegaP": 3.786418488161836e-05
}