{
    "KICp": 68.08144829209559,
    "KINp": 0.0032059151297075,
    "KlossROSp": 3.953474549158691e-07,
    "KprodROSp": 4.696016771488469e-09,
    "Mp": 5.448087254030071e-06,
    "VmaxICp": 2.4735573500520348e-05,
    "VmaxINp": 3.318574071401223e-05,
    "gammaDp": 0.1050753627837799,
    "omegaP": 1.1990386722800673e-05
}