{
    "KICp": 15.528992762690615,
    "KINp": 0.0034617446234956,
    "KlossROSp": 3.31651123837375e-07,
    "KprodROSp": 3.023700158929519e-08,
    "Mp": 1.856358466340647e-07,
    "VmaxICp": 1.9519444315486947e-05,
    "VmaxINp": 2.2898429844709275e-05,
    "gammaDp": 0.1067253943236924,
    "omegaP": 3.405555555555556e-05
}