{
    "KICp": 29.4456906342827,
    "KINp": 0.02,
    "KlossROSp": 1.8640731886310184e-06,
    "KprodROSp": 8.341523689156721e-09,
    "Mp": 7.452670317510507e-06,
    "VmaxICp": 2.600103586565838e-05,
    "VmaxINp": 3.9830162335754055e-05,
    "gammaDp": 0.1046950555930868,
    "omegaP": 1.0952489073972369e-05
}