{
    "KICp": 40.73803936136609,
    "KINp": 0.1791800020474285,
    "KlossROSp": 1.8059945153644807e-05,
    "KprodROSp": 5.250261827704788e-10,
    "Mp": 4.162427606229452e-06,
    "VmaxICp": 2.5260546508863736e-05,
    "VmaxINp": 4.157611750618978e-05,
    "gammaDp": 0.3442292791779066,
    "omegaP": 4.748718209112102e-05
}