{
    "KICp": 9.04545569530128,
    "KINp": 0.02,
    "KlossROSp": 1.38274698375806e-05,
    "KprodROSp": 8.341523689156721e-09,
    "Mp": 4.117476896085471e-06,
    "VmaxICp": 1.920056958956245e-05,
    "VmaxINp": 2.542962445057012e-05,
    "gammaDp": 0.1807648860438726,
    "omegaP": 1.0952489073972369e-05
}