{
    "KICp": 37.0,
    "KINp": 0.0058561161621054,
    "KlossROSp": 3.071136015863292e-07,
    "KprodROSp": 2.2188192498228563e-08,
    "Mp": 1.0987823492692583e-05,
    "VmaxICp": 4.3215510944925006e-05,
    "VmaxINp": 4.808944068567537e-05,
    "gammaDp": 0.5787083521686346,
    "omegaP": 5.318346853079581e-06
}