{
    "KICp": 18.49167366547969,
    "KINp": 0.0575526488002779,
    "KlossROSp": 1.1442655065746365e-06,
    "KprodROSp": 4.419011221717886e-08,
    "Mp": 8.395486254884053e-06,
    "VmaxICp": 3.804158346537619e-05,
    "VmaxINp": 4.232537835987312e-05,
    "gammaDp": 0.3674613783386726,
    "omegaP": 4.9216010441016495e-06
}