{
    "KICp": 80.19732122976272,
    "KINp": 0.002006144373051,
    "KlossROSp": 2.7756113576861007e-06,
    "KprodROSp": 4.519844745299947e-09,
    "Mp": 8.609019629967394e-06,
    "VmaxICp": 3.90152151956172e-05,
    "VmaxINp": 3.0283210442880395e-05,
    "gammaDp": 0.1228258726397238,
    "omegaP": 1.1973027767508144e-05
}