{
    "KICp": 37.0,
    "KINp": 0.0029326412761807,
    "KlossROSp": 8.778630789955576e-06,
    "KprodROSp": 4.696016771488469e-09,
    "Mp": 2.5764114774336805e-06,
    "VmaxICp": 3.6776201106135286e-05,
    "VmaxINp": 2.217869873267673e-05,
    "gammaDp": 0.8906738889481449,
    "omegaP": 1.6898057910180906e-05
}