{
    "KICp": 4.926669748299282,
    "KINp": 0.0200081005284376,
    "KlossROSp": 1.5553716040543188e-05,
    "KprodROSp": 1.937173406678738e-09,
    "Mp": 9.026805201647764e-06,
    "VmaxICp": 4.750241959218791e-05,
    "VmaxINp": 3.662073398883477e-05,
    "gammaDp": 0.6711372568561045,
    "omegaP": 9.461388424838076e-05
}