{
    "KICp": 60.79696054124559,
    "KINp": 0.0021922795936408,
    "KlossROSp": 1.0806029989814009e-05,
    "KprodROSp": 4.696016771488469e-09,
    "Mp": 3.047827691227316e-06,
    "VmaxICp": 3.908858832514232e-05,
    "VmaxINp": 1.8631565485962213e-05,
    "gammaDp": 0.8328427822803581,
    "omegaP": 6.411628647140489e-05
}