{
    "KICp": 29.4456906342827,
    "KINp": 0.02,
    "KlossROSp": 1.3339549401523105e-05,
    "KprodROSp": 8.341523689156721e-09,
    "Mp": 7.452670317510507e-06,
    "VmaxICp": 2.0045292400371e-05,
    "VmaxINp": 4.197284177283689e-05,
    "gammaDp": 0.1807648860438726,
    "omegaP": 1.0952489073972369e-05
}