{
    "KICp": 40.2653260853033,
    "KINp": 0.0048087627836125,
    "KlossROSp": 1.956673654786862e-06,
    "KprodROSp": 4.710293652893925e-09,
    "Mp": 5.649147581646153e-06,
    "VmaxICp": 2.535773838145408e-05,
    "VmaxINp": 3.315191576963634e-05,
    "gammaDp": 0.8,
    "omegaP": 5.972080463455513e-06
}