{
    "KICp": 244.9025502848468,
    "KINp": 0.032897259864184,
    "KlossROSp": 1.956673654786862e-06,
    "KprodROSp": 8.0672646830001e-09,
    "Mp": 2.41170460618391e-06,
    "VmaxICp": 2.1444739557726752e-05,
    "VmaxINp": 5.39361368240005e-05,
    "gammaDp": 0.2805902364224856,
    "omegaP": 3.405555555555556e-05
}