{
    "KICp": 3.994407572000709,
    "KINp": 0.0833675673161504,
    "KlossROSp": 2.798351568980554e-07,
    "KprodROSp": 6.740477595899772e-09,
    "Mp": 1.2894802929096227e-06,
    "VmaxICp": 4.819650158900011e-05,
    "VmaxINp": 3.3339254277442825e-05,
    "gammaDp": 0.4436136657202436,
    "omegaP": 7.819677158769593e-05
}