{
    "KICp": 92.43754227850926,
    "KINp": 0.0680982482636887,
    "KlossROSp": 4.330940193996078e-07,
    "KprodROSp": 5.364101420012442e-10,
    "Mp": 5.468179690450241e-06,
    "VmaxICp": 2.9927472286182263e-05,
    "VmaxINp": 1.818163394369248e-05,
    "gammaDp": 0.5542606578655072,
    "omegaP": 3.5933401653919923e-06
}