{
    "KICp": 3.910091747611717,
    "KINp": 0.0029076149187898,
    "KlossROSp": 2.652541363531729e-06,
    "KprodROSp": 5.596163928244341e-10,
    "Mp": 5.5909688492877145e-06,
    "VmaxICp": 3.4476935924475385e-05,
    "VmaxINp": 4.354304542764623e-05,
    "gammaDp": 0.4576763744798121,
    "omegaP": 3.405555555555556e-05
}