{
    "KICp": 69.84468438726176,
    "KINp": 0.1472983711744764,
    "KlossROSp": 1.4490095539525108e-05,
    "KprodROSp": 1.236150587703416e-09,
    "Mp": 6.334109729437449e-06,
    "VmaxICp": 5.546611672475091e-05,
    "VmaxINp": 3.577972181804559e-05,
    "gammaDp": 0.148333341395921,
    "omegaP": 8.76887847847198e-05
}