{
    "KICp": 3.86329088226139,
    "KINp": 0.02,
    "KlossROSp": 5.3215981473001895e-06,
    "KprodROSp": 1.7986176399175205e-08,
    "Mp": 6.49089387165309e-06,
    "VmaxICp": 2.4735573500520348e-05,
    "VmaxINp": 4.339502218980648e-05,
    "gammaDp": 0.1944610982198899,
    "omegaP": 1.1990386722800673e-05
}