{
    "KICp": 31.22266530285,
    "KINp": 0.0073494661286131,
    "KlossROSp": 1.7240938436665593e-05,
    "KprodROSp": 1.4659015447618112e-08,
    "Mp": 7.640937615031166e-06,
    "VmaxICp": 4.9304043161354645e-05,
    "VmaxINp": 4.492451650704885e-05,
    "gammaDp": 0.8355155651091885,
    "omegaP": 3.7243712489054407e-06
}