{
    "KICp": 30.50402557766737,
    "KINp": 0.0021007176804844,
    "KlossROSp": 2.240310745700535e-07,
    "KprodROSp": 2.0207318603463504e-08,
    "Mp": 2.7409087153736824e-06,
    "VmaxICp": 4.20615882172141e-05,
    "VmaxINp": 1.5147042289669189e-05,
    "gammaDp": 0.4509475057997465,
    "omegaP": 9.154737663789512e-06
}