{
    "KICp": 37.0,
    "KINp": 0.0074107357519347,
    "KlossROSp": 1.956673654786862e-06,
    "KprodROSp": 3.197454329643664e-08,
    "Mp": 5.895581451801395e-06,
    "VmaxICp": 3.29913497031168e-05,
    "VmaxINp": 4.174695942836275e-05,
    "gammaDp": 0.5807134016888587,
    "omegaP": 1.6422131110363864e-05
}