{
    "KICp": 36.268949343881886,
    "KINp": 0.0048087627836125,
    "KlossROSp": 1.956673654786862e-06,
    "KprodROSp": 4.821847603685206e-10,
    "Mp": 2.5865929155887804e-06,
    "VmaxICp": 2.535773838145408e-05,
    "VmaxINp": 3.315191576963634e-05,
    "gammaDp": 0.8,
    "omegaP": 1.904838942928337e-05
}