{
    "KICp": 4.926669748299282,
    "KINp": 0.1020952249362836,
    "KlossROSp": 1.8733002001421447e-05,
    "KprodROSp": 1.937173406678738e-09,
    "Mp": 1.064067264295814e-05,
    "VmaxICp": 4.750241959218791e-05,
    "VmaxINp": 3.662073398883477e-05,
    "gammaDp": 0.2049366909270234,
    "omegaP": 2.740504279792762e-05
}