{
    "KICp": 33.367950466355424,
    "KINp": 0.0058561161621054,
    "KlossROSp": 1.956673654786862e-06,
    "KprodROSp": 1.16607955849844e-08,
    "Mp": 1.0987823492692583e-05,
    "VmaxICp": 4.3215510944925006e-05,
    "VmaxINp": 4.808944068567537e-05,
    "gammaDp": 0.6817473660213502,
    "omegaP": 3.405555555555556e-05
}