{
    "KICp": 148.2466915645175,
    "KINp": 0.0192813057554246,
    "KlossROSp": 1.6647422134839537e-05,
    "KprodROSp": 1.8011679555235798e-08,
    "Mp": 2.938416357317248e-06,
    "VmaxICp": 1.9157441035377425e-05,
    "VmaxINp": 2.938934918592241e-05,
    "gammaDp": 0.1720548976835455,
    "omegaP": 7.674972725973621e-06
}