{
    "KICp": 37.0,
    "KINp": 0.1664300533306857,
    "KlossROSp": 2.602181329536311e-07,
    "KprodROSp": 1.0982983784007745e-08,
    "Mp": 3.287506086839106e-06,
    "VmaxICp": 1.5753228555015527e-05,
    "VmaxINp": 3.613356192793732e-05,
    "gammaDp": 0.3285495867012065,
    "omegaP": 5.723682514148951e-06
}