{
    "KICp": 47.34442113344957,
    "KINp": 0.0200081005284376,
    "KlossROSp": 4.044014890737136e-07,
    "KprodROSp": 5.3825899153530405e-09,
    "Mp": 1.064067264295814e-05,
    "VmaxICp": 4.750241959218791e-05,
    "VmaxINp": 3.662073398883477e-05,
    "gammaDp": 0.5717919682255066,
    "omegaP": 3.83053546990441e-06
}