{
    "KICp": 154.82763036143317,
    "KINp": 0.0081052617539502,
    "KlossROSp": 5.227093952592994e-07,
    "KprodROSp": 3.0302862191146913e-08,
    "Mp": 9.499583077030275e-06,
    "VmaxICp": 3.904716767468048e-05,
    "VmaxINp": 4.240209067233456e-05,
    "gammaDp": 0.1628581397612525,
    "omegaP": 3.130480149156714e-05
}