{
    "KICp": 5.31820297891563,
    "KINp": 0.0453956580045022,
    "KlossROSp": 6.769988759700429e-06,
    "KprodROSp": 2.992396962402733e-09,
    "Mp": 3.22448591733044e-06,
    "VmaxICp": 2.877889495506237e-05,
    "VmaxINp": 5.168539130830823e-05,
    "gammaDp": 0.3968414585518163,
    "omegaP": 1.1631255543826349e-05
}