{
    "KICp": 11.70985943931088,
    "KINp": 0.0456471769683174,
    "KlossROSp": 1.1442655065746365e-06,
    "KprodROSp": 1.183008172395522e-09,
    "Mp": 5.380151093961953e-06,
    "VmaxICp": 3.804158346537619e-05,
    "VmaxINp": 2.631763878235716e-05,
    "gammaDp": 0.3430618818436767,
    "omegaP": 4.9216010441016495e-06
}