{
    "KICp": 4.034223438127212,
    "KINp": 0.0489827794585111,
    "KlossROSp": 3.455068657013754e-06,
    "KprodROSp": 4.4970623186237824e-08,
    "Mp": 4.378555489076917e-06,
    "VmaxICp": 4.966392500726969e-05,
    "VmaxINp": 2.016410409950377e-05,
    "gammaDp": 0.2858596245882283,
    "omegaP": 3.786418488161836e-05
}