{
    "KICp": 254.28090343390417,
    "KINp": 0.0348146508119822,
    "KlossROSp": 1.956673654786862e-06,
    "KprodROSp": 6.6194775413525e-09,
    "Mp": 5.5909688492877145e-06,
    "VmaxICp": 3.4476935924475385e-05,
    "VmaxINp": 4.354304542764623e-05,
    "gammaDp": 0.2162619204828179,
    "omegaP": 3.405555555555556e-05
}