{
    "KICp": 37.0,
    "KINp": 0.1971379672951552,
    "KlossROSp": 1.676348542913184e-05,
    "KprodROSp": 1.474508904613957e-09,
    "Mp": 2.950048732718016e-06,
    "VmaxICp": 3.6776201106135286e-05,
    "VmaxINp": 2.217869873267673e-05,
    "gammaDp": 0.1128184522956391,
    "omegaP": 3.405555555555556e-05
}