{
    "KICp": 45.283613823967336,
    "KINp": 0.0045289902782688,
    "KlossROSp": 3.455068657013754e-06,
    "KprodROSp": 9.91723453841953e-10,
    "Mp": 2.5741286121002896e-06,
    "VmaxICp": 4.966392500726969e-05,
    "VmaxINp": 2.016410409950377e-05,
    "gammaDp": 0.2858596245882283,
    "omegaP": 1.5278188443937638e-05
}