{
    "KICp": 31.22266530285,
    "KINp": 0.02,
    "KlossROSp": 1.7240938436665593e-05,
    "KprodROSp": 7.99147640048658e-10,
    "Mp": 7.640937615031166e-06,
    "VmaxICp": 4.9304043161354645e-05,
    "VmaxINp": 2.983398429861271e-05,
    "gammaDp": 0.4102254091830962,
    "omegaP": 4.283966597138405e-06
}