{
    "KICp": 4.926669748299282,
    "KINp": 0.0111986601570321,
    "KlossROSp": 4.044014890737136e-07,
    "KprodROSp": 1.937173406678738e-09,
    "Mp": 3.675202998244384e-06,
    "VmaxICp": 4.750241959218791e-05,
    "VmaxINp": 3.662073398883477e-05,
    "gammaDp": 0.1909834922859503,
    "omegaP": 7.275673698098255e-05
}