{
    "KICp": 77.56405279133959,
    "KINp": 0.0108059867107562,
    "KlossROSp": 7.05158748642077e-07,
    "KprodROSp": 1.236150587703416e-09,
    "Mp": 6.334109729437449e-06,
    "VmaxICp": 5.546611672475091e-05,
    "VmaxINp": 3.577972181804559e-05,
    "gammaDp": 0.8,
    "omegaP": 8.76887847847198e-05
}