{
    "KICp": 4.533345105661688,
    "KINp": 0.0200081005284376,
    "KlossROSp": 4.044014890737136e-07,
    "KprodROSp": 1.937173406678738e-09,
    "Mp": 1.064067264295814e-05,
    "VmaxICp": 4.750241959218791e-05,
    "VmaxINp": 3.662073398883477e-05,
    "gammaDp": 0.5201386675607067,
    "omegaP": 4.518425238797848e-05
}