{
    "KICp": 13.40250493262842,
    "KINp": 0.1791800020474285,
    "KlossROSp": 9.860351302381144e-07,
    "KprodROSp": 3.0424979681210604e-08,
    "Mp": 4.162427606229452e-06,
    "VmaxICp": 2.5260546508863736e-05,
    "VmaxINp": 4.7342860051480034e-05,
    "gammaDp": 0.4033317850410012,
    "omegaP": 4.4900341132404375e-05
}