{
    "KICp": 14.384519356492058,
    "KINp": 0.0048087627836125,
    "KlossROSp": 1.2645439782070376e-05,
    "KprodROSp": 1.8195583745357186e-08,
    "Mp": 2.5865929155887804e-06,
    "VmaxICp": 2.535773838145408e-05,
    "VmaxINp": 3.315191576963634e-05,
    "gammaDp": 0.8,
    "omegaP": 4.780266341386672e-05
}