{
    "KICp": 56.0914633333903,
    "KINp": 0.0496933321048153,
    "KlossROSp": 1.956673654786862e-06,
    "KprodROSp": 1.4052343799631633e-08,
    "Mp": 8.37890975725978e-06,
    "VmaxICp": 3.4476935924475385e-05,
    "VmaxINp": 4.354304542764623e-05,
    "gammaDp": 0.2162619204828179,
    "omegaP": 3.405555555555556e-05
}