{
    "KICp": 188.7105110735715,
    "KINp": 0.0680982482636887,
    "KlossROSp": 4.330940193996078e-07,
    "KprodROSp": 1.692289316681631e-09,
    "Mp": 6.013818155273859e-06,
    "VmaxICp": 3.135894831896985e-05,
    "VmaxINp": 4.254444212222977e-05,
    "gammaDp": 0.5542606578655072,
    "omegaP": 4.62367503036616e-05
}