{
    "KICp": 10.930466605449162,
    "KINp": 0.0021072430295029,
    "KlossROSp": 1.7343364807301774e-06,
    "KprodROSp": 1.2703497687794412e-08,
    "Mp": 9.499583077030275e-06,
    "VmaxICp": 3.904716767468048e-05,
    "VmaxINp": 4.240209067233456e-05,
    "gammaDp": 0.8,
    "omegaP": 3.130480149156714e-05
}