{
    "KICp": 51.75235112307271,
    "KINp": 0.0060729749059697,
    "KlossROSp": 1.5024995827953567e-06,
    "KprodROSp": 5.287456166727251e-09,
    "Mp": 4.484926334642235e-06,
    "VmaxICp": 4.142632273347232e-05,
    "VmaxINp": 3.911883164547917e-05,
    "gammaDp": 0.2512520038712803,
    "omegaP": 7.360530344227896e-05
}