{
    "KICp": 68.08144829209559,
    "KINp": 0.0150764715844575,
    "KlossROSp": 1.1972260154341342e-06,
    "KprodROSp": 4.696016771488469e-09,
    "Mp": 6.944209022767865e-06,
    "VmaxICp": 2.4735573500520348e-05,
    "VmaxINp": 3.318574071401223e-05,
    "gammaDp": 0.1944610982198899,
    "omegaP": 1.766933966000157e-05
}