{
    "KICp": 4.314355718334436,
    "KINp": 0.0074107357519347,
    "KlossROSp": 4.229793507417318e-07,
    "KprodROSp": 3.197454329643664e-08,
    "Mp": 5.895581451801395e-06,
    "VmaxICp": 3.29913497031168e-05,
    "VmaxINp": 5.016364707998888e-05,
    "gammaDp": 0.2336379748179876,
    "omegaP": 7.95697791560503e-05
}