{
    "KICp": 4.926669748299282,
    "KINp": 0.0200081005284376,
    "KlossROSp": 4.759090272095678e-07,
    "KprodROSp": 2.4874505523167157e-09,
    "Mp": 1.064067264295814e-05,
    "VmaxICp": 4.750241959218791e-05,
    "VmaxINp": 3.662073398883477e-05,
    "gammaDp": 0.1526558368906967,
    "omegaP": 3.137885547269412e-05
}