{
    "KICp": 4.527245198580117,
    "KINp": 0.02,
    "KlossROSp": 9.406087617460172e-06,
    "KprodROSp": 2.447798965307688e-08,
    "Mp": 3.6421767614044535e-06,
    "VmaxICp": 2.4770790470433025e-05,
    "VmaxINp": 4.957741528227394e-05,
    "gammaDp": 0.8969217654918878,
    "omegaP": 5.334348111366371e-05
}