{
    "KICp": 37.0,
    "KINp": 0.0189776514874551,
    "KlossROSp": 2.602181329536311e-07,
    "KprodROSp": 2.89561799582835e-08,
    "Mp": 2.951249333290422e-07,
    "VmaxICp": 1.5753228555015527e-05,
    "VmaxINp": 3.613356192793732e-05,
    "gammaDp": 0.2846960777015547,
    "omegaP": 5.006042615786396e-05
}