{
    "KICp": 37.0,
    "KINp": 0.0266944134110368,
    "KlossROSp": 5.27530025719897e-07,
    "KprodROSp": 4.696016771488469e-09,
    "Mp": 4.382107501366377e-06,
    "VmaxICp": 4.82609830397631e-05,
    "VmaxINp": 5.084419303703127e-05,
    "gammaDp": 0.6439855532991314,
    "omegaP": 3.405555555555556e-05
}