{
    "KICp": 27.081071895697715,
    "KINp": 0.02,
    "KlossROSp": 5.434925525858668e-07,
    "KprodROSp": 1.236150587703416e-09,
    "Mp": 6.334109729437449e-06,
    "VmaxICp": 5.546611672475091e-05,
    "VmaxINp": 3.577972181804559e-05,
    "gammaDp": 0.8,
    "omegaP": 3.915647461721907e-05
}