{
    "KICp": 21.57028055081687,
    "KINp": 0.0029076149187898,
    "KlossROSp": 1.956673654786862e-06,
    "KprodROSp": 5.596163928244341e-10,
    "Mp": 2.3648345026896045e-06,
    "VmaxICp": 3.4476935924475385e-05,
    "VmaxINp": 4.354304542764623e-05,
    "gammaDp": 0.1884417985792342,
    "omegaP": 5.786798140618974e-05
}