{
    "KICp": 37.0,
    "KINp": 0.0268176793486925,
    "KlossROSp": 1.535306307368196e-05,
    "KprodROSp": 6.873796496210383e-09,
    "Mp": 3.287506086839106e-06,
    "VmaxICp": 1.5753228555015527e-05,
    "VmaxINp": 3.613356192793732e-05,
    "gammaDp": 0.334378717657175,
    "omegaP": 5.723682514148951e-06
}