{
    "KICp": 3.851186941162236,
    "KINp": 0.004217238073279,
    "KlossROSp": 2.518892650572017e-07,
    "KprodROSp": 1.5373532529840163e-09,
    "Mp": 6.112444517374469e-06,
    "VmaxICp": 4.82609830397631e-05,
    "VmaxINp": 5.084419303703127e-05,
    "gammaDp": 0.3141044417057441,
    "omegaP": 3.405555555555556e-05
}