{
    "KICp": 11.863706664657895,
    "KINp": 0.0263243182085645,
    "KlossROSp": 1.1442655065746365e-06,
    "KprodROSp": 1.3768955224679193e-08,
    "Mp": 8.395486254884053e-06,
    "VmaxICp": 3.804158346537619e-05,
    "VmaxINp": 2.631763878235716e-05,
    "gammaDp": 0.3430618818436767,
    "omegaP": 4.9216010441016495e-06
}