{
    "KICp": 35.26448528377629,
    "KINp": 0.0021007176804844,
    "KlossROSp": 5.180463556766069e-06,
    "KprodROSp": 3.068434496639915e-09,
    "Mp": 2.9723138991503988e-06,
    "VmaxICp": 4.20615882172141e-05,
    "VmaxINp": 1.5147042289669189e-05,
    "gammaDp": 0.1265942363037602,
    "omegaP": 9.154737663789512e-06
}