{
    "KICp": 18.90019987510804,
    "KINp": 0.0757426936287452,
    "KlossROSp": 1.5837359841105372e-06,
    "KprodROSp": 1.8195583745357186e-08,
    "Mp": 3.841952932009604e-06,
    "VmaxICp": 2.535773838145408e-05,
    "VmaxINp": 3.315191576963634e-05,
    "gammaDp": 0.8,
    "omegaP": 1.9369354432957115e-05
}