{
    "KICp": 177.1514823270066,
    "KINp": 0.0644920544118186,
    "KlossROSp": 2.410017782015092e-06,
    "KprodROSp": 3.0302862191146913e-08,
    "Mp": 9.499583077030275e-06,
    "VmaxICp": 3.904716767468048e-05,
    "VmaxINp": 5.415402511549174e-05,
    "gammaDp": 0.7547643774704528,
    "omegaP": 5.804327050148602e-05
}