{
    "KICp": 37.0,
    "KINp": 0.029278741398167,
    "KlossROSp": 2.518892650572017e-07,
    "KprodROSp": 4.696016771488469e-09,
    "Mp": 4.382107501366377e-06,
    "VmaxICp": 4.82609830397631e-05,
    "VmaxINp": 1.3996054555426628e-05,
    "gammaDp": 0.3728740863071286,
    "omegaP": 6.661160922865125e-06
}