{
    "KICp": 37.0,
    "KINp": 0.029278741398167,
    "KlossROSp": 2.518892650572017e-07,
    "KprodROSp": 2.4816231641159508e-08,
    "Mp": 1.6762976156481928e-07,
    "VmaxICp": 2.559355588573159e-05,
    "VmaxINp": 5.084419303703127e-05,
    "gammaDp": 0.5569578874590405,
    "omegaP": 3.405555555555556e-05
}