{
    "KICp": 37.0,
    "KINp": 0.1627491192253793,
    "KlossROSp": 7.040078111102368e-07,
    "KprodROSp": 1.866854856822867e-09,
    "Mp": 2.6250645555874524e-06,
    "VmaxICp": 3.2798811559305774e-05,
    "VmaxINp": 2.2898429844709275e-05,
    "gammaDp": 0.8,
    "omegaP": 3.405555555555556e-05
}