{
    "KICp": 37.0,
    "KINp": 0.0059732084494052,
    "KlossROSp": 8.944426596661218e-07,
    "KprodROSp": 3.3630914503005464e-08,
    "Mp": 3.722082552675555e-06,
    "VmaxICp": 5.546611672475091e-05,
    "VmaxINp": 3.577972181804559e-05,
    "gammaDp": 0.8,
    "omegaP": 8.76887847847198e-05
}