{
    "KICp": 13.47510882700876,
    "KINp": 0.02,
    "KlossROSp": 4.577318863488487e-06,
    "KprodROSp": 1.526679904464363e-08,
    "Mp": 7.640937615031166e-06,
    "VmaxICp": 4.9304043161354645e-05,
    "VmaxINp": 4.492451650704885e-05,
    "gammaDp": 0.4102254091830962,
    "omegaP": 3.7243712489054407e-06
}