{
    "KICp": 8.088439086504648,
    "KINp": 0.0060729749059697,
    "KlossROSp": 9.463967282963146e-06,
    "KprodROSp": 4.696016771488469e-09,
    "Mp": 4.484926334642235e-06,
    "VmaxICp": 4.142632273347232e-05,
    "VmaxINp": 4.684897871142826e-05,
    "gammaDp": 0.2512520038712803,
    "omegaP": 4.0079516457894016e-05
}