{
    "KICp": 65.83128283174457,
    "KINp": 0.0074107357519347,
    "KlossROSp": 2.2980112773134145e-06,
    "KprodROSp": 3.197454329643664e-08,
    "Mp": 5.895581451801395e-06,
    "VmaxICp": 3.29913497031168e-05,
    "VmaxINp": 5.016364707998888e-05,
    "gammaDp": 0.2336379748179876,
    "omegaP": 2.0781886074811187e-05
}