{
    "KICp": 58.59858931567175,
    "KINp": 0.029278741398167,
    "KlossROSp": 1.6474220972578998e-06,
    "KprodROSp": 8.155073155839952e-09,
    "Mp": 4.382107501366377e-06,
    "VmaxICp": 4.82609830397631e-05,
    "VmaxINp": 5.084419303703127e-05,
    "gammaDp": 0.3141044417057441,
    "omegaP": 4.264200509594127e-05
}