{
    "KICp": 7.577080374967683,
    "KINp": 0.0111749846364062,
    "KlossROSp": 1.8573820001426653e-06,
    "KprodROSp": 3.9037649227910875e-09,
    "Mp": 3.6421767614044535e-06,
    "VmaxICp": 2.4770790470433025e-05,
    "VmaxINp": 4.957741528227394e-05,
    "gammaDp": 0.8,
    "omegaP": 5.334348111366371e-05
}