{
    "KICp": 4.034223438127212,
    "KINp": 0.02,
    "KlossROSp": 3.455068657013754e-06,
    "KprodROSp": 3.6330755224943225e-08,
    "Mp": 5.5577453805556604e-06,
    "VmaxICp": 4.966392500726969e-05,
    "VmaxINp": 2.016410409950377e-05,
    "gammaDp": 0.107843944048912,
    "omegaP": 3.721011426849792e-05
}