{
    "KICp": 4.7190363025966615,
    "KINp": 0.0483213056509621,
    "KlossROSp": 6.769988759700429e-06,
    "KprodROSp": 4.696016771488469e-09,
    "Mp": 6.610047726580878e-06,
    "VmaxICp": 2.877889495506237e-05,
    "VmaxINp": 5.168539130830823e-05,
    "gammaDp": 0.2081363796689806,
    "omegaP": 6.345152306450437e-06
}