{
    "KICp": 153.68664319873227,
    "KINp": 0.0230089071970101,
    "KlossROSp": 1.956673654786862e-06,
    "KprodROSp": 3.1183305389070163e-09,
    "Mp": 5.895581451801395e-06,
    "VmaxICp": 3.29913497031168e-05,
    "VmaxINp": 5.016364707998888e-05,
    "gammaDp": 0.4858666787207516,
    "omegaP": 3.405555555555556e-05
}