{
    "KICp": 17.70706249323492,
    "KINp": 0.1673905685088323,
    "KlossROSp": 2.602181329536311e-07,
    "KprodROSp": 1.2172172835843084e-08,
    "Mp": 3.287506086839106e-06,
    "VmaxICp": 1.5753228555015527e-05,
    "VmaxINp": 3.613356192793732e-05,
    "gammaDp": 0.1430238891707957,
    "omegaP": 5.723682514148951e-06
}