{
    "KICp": 9.76636294137261,
    "KINp": 0.1310371600148039,
    "KlossROSp": 5.445879368331878e-07,
    "KprodROSp": 7.30229103012085e-10,
    "Mp": 2.585094122904982e-06,
    "VmaxICp": 1.9157441035377425e-05,
    "VmaxINp": 3.604401463123916e-05,
    "gammaDp": 0.1434264497455818,
    "omegaP": 7.674972725973621e-06
}