{
    "KICp": 57.36831072455972,
    "KINp": 0.1685056279989446,
    "KlossROSp": 1.8056041004497227e-05,
    "KprodROSp": 4.696016771488469e-09,
    "Mp": 4.484926334642235e-06,
    "VmaxICp": 4.142632273347232e-05,
    "VmaxINp": 4.684897871142826e-05,
    "gammaDp": 0.2893509149207565,
    "omegaP": 7.360530344227896e-05
}