{
    "KICp": 18.49167366547969,
    "KINp": 0.027595972477781,
    "KlossROSp": 2.8196248640453523e-06,
    "KprodROSp": 4.696016771488469e-09,
    "Mp": 8.395486254884053e-06,
    "VmaxICp": 3.804158346537619e-05,
    "VmaxINp": 2.631763878235716e-05,
    "gammaDp": 0.1956103939284066,
    "omegaP": 4.9216010441016495e-06
}