{
    "KICp": 208.167619543148,
    "KINp": 0.0034617446234956,
    "KlossROSp": 3.239301887604414e-07,
    "KprodROSp": 3.023700158929519e-08,
    "Mp": 1.9650195601174265e-07,
    "VmaxICp": 3.2798811559305774e-05,
    "VmaxINp": 2.2898429844709275e-05,
    "gammaDp": 0.8,
    "omegaP": 3.405555555555556e-05
}