{
    "KICp": 18.49167366547969,
    "KINp": 0.0575526488002779,
    "KlossROSp": 1.1442655065746365e-06,
    "KprodROSp": 2.322207059932012e-08,
    "Mp": 8.395486254884053e-06,
    "VmaxICp": 3.804158346537619e-05,
    "VmaxINp": 5.059325986906986e-05,
    "gammaDp": 0.661231755733006,
    "omegaP": 4.9216010441016495e-06
}