{
    "KICp": 140.22828513417136,
    "KINp": 0.0341333635649001,
    "KlossROSp": 4.012432488146241e-07,
    "KprodROSp": 1.937173406678738e-09,
    "Mp": 1.064067264295814e-05,
    "VmaxICp": 4.750241959218791e-05,
    "VmaxINp": 3.662073398883477e-05,
    "gammaDp": 0.653945987621026,
    "omegaP": 3.405555555555556e-05
}