{
    "KICp": 37.0,
    "KINp": 0.0132700900910059,
    "KlossROSp": 2.603650073539648e-07,
    "KprodROSp": 3.197454329643664e-08,
    "Mp": 5.895581451801395e-06,
    "VmaxICp": 3.29913497031168e-05,
    "VmaxINp": 5.016364707998888e-05,
    "gammaDp": 0.2336379748179876,
    "omegaP": 3.794647265023796e-05
}