{
    "KICp": 85.98652879681426,
    "KINp": 0.02,
    "KlossROSp": 1.956673654786862e-06,
    "KprodROSp": 1.236150587703416e-09,
    "Mp": 6.334109729437449e-06,
    "VmaxICp": 5.546611672475091e-05,
    "VmaxINp": 2.670193630339036e-05,
    "gammaDp": 0.8,
    "omegaP": 3.775171232665704e-05
}