{
    "KICp": 201.19156532082616,
    "KINp": 0.032897259864184,
    "KlossROSp": 6.160525679321233e-07,
    "KprodROSp": 9.069889146109768e-10,
    "Mp": 4.406397813076719e-06,
    "VmaxICp": 2.1444739557726752e-05,
    "VmaxINp": 5.39361368240005e-05,
    "gammaDp": 0.8549729606193694,
    "omegaP": 3.405555555555556e-05
}