{
    "KICp": 37.0,
    "KINp": 0.0031430432653374,
    "KlossROSp": 1.956673654786862e-06,
    "KprodROSp": 5.060147730380493e-09,
    "Mp": 5.895581451801395e-06,
    "VmaxICp": 3.29913497031168e-05,
    "VmaxINp": 5.016364707998888e-05,
    "gammaDp": 0.3187924170512744,
    "omegaP": 3.405555555555556e-05
}