{
    "KICp": 37.0,
    "KINp": 0.0203226530985164,
    "KlossROSp": 2.782709646038675e-07,
    "KprodROSp": 4.696016771488469e-09,
    "Mp": 5.739997432846562e-06,
    "VmaxICp": 4.3215510944925006e-05,
    "VmaxINp": 4.808944068567537e-05,
    "gammaDp": 0.5787083521686346,
    "omegaP": 3.405555555555556e-05
}