{
    "KICp": 4.926669748299282,
    "KINp": 0.0200081005284376,
    "KlossROSp": 2.1190675492466106e-07,
    "KprodROSp": 1.9800597781269025e-08,
    "Mp": 2.95365532094081e-06,
    "VmaxICp": 4.750241959218791e-05,
    "VmaxINp": 3.662073398883477e-05,
    "gammaDp": 0.6711372568561045,
    "omegaP": 5.320633463735072e-05
}