{
    "KICp": 27.114105119175964,
    "KINp": 0.0979438529746831,
    "KlossROSp": 1.811714447749448e-06,
    "KprodROSp": 2.908818356911996e-08,
    "Mp": 8.609019629967394e-06,
    "VmaxICp": 3.90152151956172e-05,
    "VmaxINp": 3.0283210442880395e-05,
    "gammaDp": 0.1228258726397238,
    "omegaP": 3.405555555555556e-05
}