{
    "KICp": 37.0,
    "KINp": 0.0053498482301231,
    "KlossROSp": 4.330940193996078e-07,
    "KprodROSp": 5.364101420012442e-10,
    "Mp": 3.62644593221005e-06,
    "VmaxICp": 2.9927472286182263e-05,
    "VmaxINp": 4.254444212222977e-05,
    "gammaDp": 0.3024614920822108,
    "omegaP": 4.62367503036616e-05
}