{
    "KICp": 30.51506635632801,
    "KINp": 0.0102589833161736,
    "KlossROSp": 1.956673654786862e-06,
    "KprodROSp": 4.696016771488469e-09,
    "Mp": 3.6871381326323983e-06,
    "VmaxICp": 4.694157652133807e-05,
    "VmaxINp": 1.59092232628327e-05,
    "gammaDp": 0.5793945085985691,
    "omegaP": 2.178426557027013e-05
}