{
    "KICp": 37.0,
    "KINp": 0.0450022306780548,
    "KlossROSp": 1.5991499792425534e-05,
    "KprodROSp": 3.0424979681210604e-08,
    "Mp": 4.162427606229452e-06,
    "VmaxICp": 2.5260546508863736e-05,
    "VmaxINp": 4.157611750618978e-05,
    "gammaDp": 0.4033317850410012,
    "omegaP": 9.27514365336419e-06
}