{
    "KICp": 15.809580645408856,
    "KINp": 0.029278741398167,
    "KlossROSp": 2.518892650572017e-07,
    "KprodROSp": 4.696016771488469e-09,
    "Mp": 4.382107501366377e-06,
    "VmaxICp": 1.8118451186013137e-05,
    "VmaxINp": 5.084419303703127e-05,
    "gammaDp": 0.3141044417057441,
    "omegaP": 5.056004857325387e-06
}