{
    "KICp": 18.49167366547969,
    "KINp": 0.0230309411794873,
    "KlossROSp": 1.1442655065746365e-06,
    "KprodROSp": 4.696016771488469e-09,
    "Mp": 8.395486254884053e-06,
    "VmaxICp": 3.510479144712932e-05,
    "VmaxINp": 2.631763878235716e-05,
    "gammaDp": 0.3430618818436767,
    "omegaP": 2.9061231954254552e-05
}