{
    "KICp": 208.5085282012961,
    "KINp": 0.0580223635948776,
    "KlossROSp": 4.258987478820045e-06,
    "KprodROSp": 3.644071884328293e-09,
    "Mp": 4.406397813076719e-06,
    "VmaxICp": 2.1444739557726752e-05,
    "VmaxINp": 5.39361368240005e-05,
    "gammaDp": 0.8549729606193694,
    "omegaP": 3.405555555555556e-05
}