{
    "KICp": 37.0,
    "KINp": 0.0035761623685781,
    "KlossROSp": 2.507361107114267e-06,
    "KprodROSp": 9.298279687975145e-09,
    "Mp": 2.507410888521018e-06,
    "VmaxICp": 2.5260546508863736e-05,
    "VmaxINp": 4.157611750618978e-05,
    "gammaDp": 0.4033317850410012,
    "omegaP": 4.748718209112102e-05
}