{
    "KICp": 37.76518066690991,
    "KINp": 0.0050596401402366,
    "KlossROSp": 1.1442655065746365e-06,
    "KprodROSp": 4.696016771488469e-09,
    "Mp": 5.783039803598227e-06,
    "VmaxICp": 3.804158346537619e-05,
    "VmaxINp": 2.631763878235716e-05,
    "gammaDp": 0.7766083543176868,
    "omegaP": 4.9216010441016495e-06
}