{
    "KICp": 52.3504043836207,
    "KINp": 0.02,
    "KlossROSp": 2.678733238333813e-07,
    "KprodROSp": 3.215708620009544e-08,
    "Mp": 2.5895670300246167e-06,
    "VmaxICp": 2.8454218350059664e-05,
    "VmaxINp": 3.4747249820091234e-05,
    "gammaDp": 0.3928272294464224,
    "omegaP": 1.1209642512708216e-05
}