{
    "KICp": 5.31820297891563,
    "KINp": 0.176513116062684,
    "KlossROSp": 2.094519747171555e-06,
    "KprodROSp": 4.696016771488469e-09,
    "Mp": 2.847221334306278e-06,
    "VmaxICp": 2.877889495506237e-05,
    "VmaxINp": 5.168539130830823e-05,
    "gammaDp": 0.320608206055851,
    "omegaP": 5.9537878267985976e-05
}