{
    "KICp": 37.0,
    "KINp": 0.0029326412761807,
    "KlossROSp": 1.676348542913184e-05,
    "KprodROSp": 1.9468474708141507e-09,
    "Mp": 3.2401622372234787e-06,
    "VmaxICp": 3.6776201106135286e-05,
    "VmaxINp": 2.217869873267673e-05,
    "gammaDp": 0.388322067723143,
    "omegaP": 5.080651711489695e-05
}