{
    "KICp": 10.45547170202152,
    "KINp": 0.0575526488002779,
    "KlossROSp": 7.319704993688586e-06,
    "KprodROSp": 4.696016771488469e-09,
    "Mp": 8.395486254884053e-06,
    "VmaxICp": 3.804158346537619e-05,
    "VmaxINp": 2.631763878235716e-05,
    "gammaDp": 0.3430618818436767,
    "omegaP": 2.7422303309065444e-05
}