{
    "KICp": 127.12174105685698,
    "KINp": 0.149156619581122,
    "KlossROSp": 1.2602672475706833e-05,
    "KprodROSp": 4.696016771488469e-09,
    "Mp": 3.047827691227316e-06,
    "VmaxICp": 3.908858832514232e-05,
    "VmaxINp": 1.8631565485962213e-05,
    "gammaDp": 0.7103945448453413,
    "omegaP": 3.454279715945579e-05
}