{
    "KICp": 6.265380550612503,
    "KINp": 0.0699139809399007,
    "KlossROSp": 9.262063074409332e-07,
    "KprodROSp": 3.46774093422868e-08,
    "Mp": 1.0966981923680196e-05,
    "VmaxICp": 3.3633002301057275e-05,
    "VmaxINp": 4.781722992266842e-05,
    "gammaDp": 0.257616606430373,
    "omegaP": 1.12492838556282e-05
}