{
    "KICp": 10.933546759087166,
    "KINp": 0.029800778717009,
    "KlossROSp": 1.1442655065746365e-06,
    "KprodROSp": 2.2935909437272955e-09,
    "Mp": 8.395486254884053e-06,
    "VmaxICp": 3.804158346537619e-05,
    "VmaxINp": 2.9367054148034576e-05,
    "gammaDp": 0.3430618818436767,
    "omegaP": 4.9216010441016495e-06
}