{
    "KICp": 37.0,
    "KINp": 0.0652258587222922,
    "KlossROSp": 1.676348542913184e-05,
    "KprodROSp": 4.6098207421198743e-08,
    "Mp": 7.179780036246751e-06,
    "VmaxICp": 3.6776201106135286e-05,
    "VmaxINp": 2.217869873267673e-05,
    "gammaDp": 0.6305595383720258,
    "omegaP": 1.870992328790869e-05
}