{
    "KICp": 143.27467129937548,
    "KINp": 0.02,
    "KlossROSp": 2.110374218318006e-06,
    "KprodROSp": 1.1209694182219606e-09,
    "Mp": 6.334109729437449e-06,
    "VmaxICp": 5.546611672475091e-05,
    "VmaxINp": 4.753662882907623e-05,
    "gammaDp": 0.8,
    "omegaP": 8.76887847847198e-05
}