{
    "KICp": 114.86567540354368,
    "KINp": 0.02,
    "KlossROSp": 3.455068657013754e-06,
    "KprodROSp": 5.85550573370086e-09,
    "Mp": 2.5741286121002896e-06,
    "VmaxICp": 4.966392500726969e-05,
    "VmaxINp": 2.016410409950377e-05,
    "gammaDp": 0.2168438921513539,
    "omegaP": 5.063576502235265e-06
}