{
    "KICp": 68.08144829209559,
    "KINp": 0.02,
    "KlossROSp": 2.457133793096581e-06,
    "KprodROSp": 4.696016771488469e-09,
    "Mp": 6.49089387165309e-06,
    "VmaxICp": 2.4735573500520348e-05,
    "VmaxINp": 3.479299366489501e-05,
    "gammaDp": 0.1024937987208541,
    "omegaP": 1.1990386722800673e-05
}