{
    "KICp": 17.218524014930004,
    "KINp": 0.019089996593012,
    "KlossROSp": 2.7756113576861007e-06,
    "KprodROSp": 8.675233057769687e-10,
    "Mp": 8.609019629967394e-06,
    "VmaxICp": 3.90152151956172e-05,
    "VmaxINp": 3.0283210442880395e-05,
    "gammaDp": 0.5045987702124453,
    "omegaP": 3.405555555555556e-05
}