{
    "KICp": 31.22266530285,
    "KINp": 0.02,
    "KlossROSp": 1.7240938436665593e-05,
    "KprodROSp": 1.3150631392708957e-08,
    "Mp": 7.640937615031166e-06,
    "VmaxICp": 4.9304043161354645e-05,
    "VmaxINp": 1.6091060595872093e-05,
    "gammaDp": 0.1735745461815759,
    "omegaP": 3.7243712489054407e-06
}