{
    "KICp": 90.85285893666688,
    "KINp": 0.02,
    "KlossROSp": 1.1182602107949485e-06,
    "KprodROSp": 4.696016771488469e-09,
    "Mp": 2.5895670300246167e-06,
    "VmaxICp": 2.8454218350059664e-05,
    "VmaxINp": 5.067015123224506e-05,
    "gammaDp": 0.3928272294464224,
    "omegaP": 7.608702703011597e-05
}