{
    "KICp": 37.0,
    "KINp": 0.0050511363981201,
    "KlossROSp": 3.31651123837375e-07,
    "KprodROSp": 3.43426944959389e-08,
    "Mp": 1.856358466340647e-07,
    "VmaxICp": 3.2798811559305774e-05,
    "VmaxINp": 2.2898429844709275e-05,
    "gammaDp": 0.8,
    "omegaP": 0.0001016546275859
}