{
    "KICp": 8.65354132603959,
    "KINp": 0.0074107357519347,
    "KlossROSp": 1.956673654786862e-06,
    "KprodROSp": 3.197454329643664e-08,
    "Mp": 5.895581451801395e-06,
    "VmaxICp": 4.282414164848192e-05,
    "VmaxINp": 5.016364707998888e-05,
    "gammaDp": 0.2336379748179876,
    "omegaP": 2.1451303073368e-05
}