{
    "KICp": 37.0,
    "KINp": 0.0034224681297355,
    "KlossROSp": 2.518892650572017e-07,
    "KprodROSp": 4.696016771488469e-09,
    "Mp": 4.382107501366377e-06,
    "VmaxICp": 4.82609830397631e-05,
    "VmaxINp": 3.974681435259437e-05,
    "gammaDp": 0.2797577391573694,
    "omegaP": 3.405555555555556e-05
}