{
    "KICp": 4.574007567494369,
    "KINp": 0.0268176793486925,
    "KlossROSp": 1.7880772183917263e-06,
    "KprodROSp": 1.2657797992368154e-08,
    "Mp": 3.287506086839106e-06,
    "VmaxICp": 1.5753228555015527e-05,
    "VmaxINp": 3.613356192793732e-05,
    "gammaDp": 0.1098065338772719,
    "omegaP": 5.723682514148951e-06
}