{
    "KICp": 193.0876620339171,
    "KINp": 0.0074107357519347,
    "KlossROSp": 2.620873421623408e-06,
    "KprodROSp": 3.197454329643664e-08,
    "Mp": 5.895581451801395e-06,
    "VmaxICp": 3.29913497031168e-05,
    "VmaxINp": 5.016364707998888e-05,
    "gammaDp": 0.4297155010618279,
    "omegaP": 6.031896190596443e-05
}