{
    "KICp": 159.74939339995424,
    "KINp": 0.0192813057554246,
    "KlossROSp": 1.6647422134839537e-05,
    "KprodROSp": 3.244842272152999e-09,
    "Mp": 2.938416357317248e-06,
    "VmaxICp": 1.9157441035377425e-05,
    "VmaxINp": 3.604401463123916e-05,
    "gammaDp": 0.1434264497455818,
    "omegaP": 2.3314976147963738e-05
}