{
    "KICp": 70.19446043623581,
    "KINp": 0.0192813057554246,
    "KlossROSp": 3.953782747524579e-07,
    "KprodROSp": 2.0634712538300082e-08,
    "Mp": 5.456012901813593e-06,
    "VmaxICp": 1.9157441035377425e-05,
    "VmaxINp": 3.604401463123916e-05,
    "gammaDp": 0.1434264497455818,
    "omegaP": 7.674972725973621e-06
}