{
    "KICp": 136.0194765756334,
    "KINp": 0.0031432019198481,
    "KlossROSp": 2.798351568980554e-07,
    "KprodROSp": 6.740477595899772e-09,
    "Mp": 7.943358575636321e-06,
    "VmaxICp": 4.819650158900011e-05,
    "VmaxINp": 4.160280347255427e-05,
    "gammaDp": 0.1675229043593352,
    "omegaP": 7.819677158769593e-05
}