{
    "KICp": 5.488414165411751,
    "KINp": 0.0037420112445995,
    "KlossROSp": 5.180463556766069e-06,
    "KprodROSp": 2.4586331774162396e-09,
    "Mp": 2.7409087153736824e-06,
    "VmaxICp": 4.20615882172141e-05,
    "VmaxINp": 1.235978469950551e-05,
    "gammaDp": 0.8,
    "omegaP": 4.472595209298678e-06
}