{
    "KICp": 201.12278209398733,
    "KINp": 0.077100611719501,
    "KlossROSp": 2.2166417935450002e-07,
    "KprodROSp": 4.696016771488469e-09,
    "Mp": 1.1048727703721212e-05,
    "VmaxICp": 4.3215510944925006e-05,
    "VmaxINp": 4.808944068567537e-05,
    "gammaDp": 0.5787083521686346,
    "omegaP": 3.405555555555556e-05
}