{
    "KICp": 136.04142251040147,
    "KINp": 0.1018451577496123,
    "KlossROSp": 2.518892650572017e-07,
    "KprodROSp": 3.976340506082293e-08,
    "Mp": 2.2634972484519605e-06,
    "VmaxICp": 4.82609830397631e-05,
    "VmaxINp": 5.084419303703127e-05,
    "gammaDp": 0.3141044417057441,
    "omegaP": 3.405555555555556e-05
}