{
    "KICp": 37.0,
    "KINp": 0.0467242289477098,
    "KlossROSp": 2.058815057714174e-07,
    "KprodROSp": 1.008604545843506e-08,
    "Mp": 2.938416357317248e-06,
    "VmaxICp": 1.9157441035377425e-05,
    "VmaxINp": 3.604401463123916e-05,
    "gammaDp": 0.1434264497455818,
    "omegaP": 7.674972725973621e-06
}