{
    "KICp": 350.1541386100146,
    "KINp": 0.0088931232174572,
    "KlossROSp": 1.956673654786862e-06,
    "KprodROSp": 6.823695590021436e-10,
    "Mp": 4.406397813076719e-06,
    "VmaxICp": 2.1444739557726752e-05,
    "VmaxINp": 5.39361368240005e-05,
    "gammaDp": 0.7336600298897654,
    "omegaP": 3.405555555555556e-05
}