{
    "KICp": 5.488414165411751,
    "KINp": 0.0599992246773379,
    "KlossROSp": 5.180463556766069e-06,
    "KprodROSp": 4.736262180480742e-10,
    "Mp": 2.7409087153736824e-06,
    "VmaxICp": 4.20615882172141e-05,
    "VmaxINp": 2.186428655850521e-05,
    "gammaDp": 0.8,
    "omegaP": 3.9464349589909416e-05
}