{
    "KICp": 224.67655062404185,
    "KINp": 0.0022937314639089,
    "KlossROSp": 3.4219366211159894e-07,
    "KprodROSp": 2.0207318603463504e-08,
    "Mp": 2.7409087153736824e-06,
    "VmaxICp": 4.20615882172141e-05,
    "VmaxINp": 1.5147042289669189e-05,
    "gammaDp": 0.8,
    "omegaP": 9.154737663789512e-06
}