{
    "KICp": 25.802291052790384,
    "KINp": 0.0074107357519347,
    "KlossROSp": 1.956673654786862e-06,
    "KprodROSp": 3.197454329643664e-08,
    "Mp": 8.619025569705353e-06,
    "VmaxICp": 4.1072054077425774e-05,
    "VmaxINp": 5.016364707998888e-05,
    "gammaDp": 0.2336379748179876,
    "omegaP": 3.405555555555556e-05
}