{
    "KICp": 37.0,
    "KINp": 0.1783809964088639,
    "KlossROSp": 1.6647422134839537e-05,
    "KprodROSp": 4.923804410945471e-10,
    "Mp": 2.938416357317248e-06,
    "VmaxICp": 1.9157441035377425e-05,
    "VmaxINp": 3.604401463123916e-05,
    "gammaDp": 0.1434264497455818,
    "omegaP": 3.932447770413753e-06
}