{
    "KICp": 79.67836388738218,
    "KINp": 0.1103382794628258,
    "KlossROSp": 3.31651123837375e-07,
    "KprodROSp": 4.285519882498371e-09,
    "Mp": 2.483810058300917e-06,
    "VmaxICp": 3.2798811559305774e-05,
    "VmaxINp": 2.2898429844709275e-05,
    "gammaDp": 0.8,
    "omegaP": 3.405555555555556e-05
}