{
    "KICp": 6.669153635886087,
    "KINp": 0.0021007176804844,
    "KlossROSp": 5.180463556766069e-06,
    "KprodROSp": 7.828850878820175e-09,
    "Mp": 2.7409087153736824e-06,
    "VmaxICp": 4.20615882172141e-05,
    "VmaxINp": 1.5147042289669189e-05,
    "gammaDp": 0.7244009874731591,
    "omegaP": 9.154737663789512e-06
}