{
    "KICp": 31.22266530285,
    "KINp": 0.0881841861563482,
    "KlossROSp": 2.834745685238191e-06,
    "KprodROSp": 1.1775666864786035e-09,
    "Mp": 7.640937615031166e-06,
    "VmaxICp": 4.9304043161354645e-05,
    "VmaxINp": 4.492451650704885e-05,
    "gammaDp": 0.4102254091830962,
    "omegaP": 3.7243712489054407e-06
}