{
    "KICp": 4.926669748299282,
    "KINp": 0.0200081005284376,
    "KlossROSp": 1.1874748582272773e-06,
    "KprodROSp": 1.1185355985938014e-09,
    "Mp": 1.064067264295814e-05,
    "VmaxICp": 4.750241959218791e-05,
    "VmaxINp": 3.662073398883477e-05,
    "gammaDp": 0.6711372568561045,
    "omegaP": 4.747449153012957e-06
}