{
    "KICp": 350.1541386100146,
    "KINp": 0.0039290108680983,
    "KlossROSp": 1.956673654786862e-06,
    "KprodROSp": 8.0672646830001e-09,
    "Mp": 4.406397813076719e-06,
    "VmaxICp": 2.1444739557726752e-05,
    "VmaxINp": 5.39361368240005e-05,
    "gammaDp": 0.399253971831605,
    "omegaP": 1.3565643420775657e-05
}