{
    "KICp": 31.22266530285,
    "KINp": 0.0148794493120745,
    "KlossROSp": 1.7240938436665593e-05,
    "KprodROSp": 7.456127955782639e-09,
    "Mp": 7.640937615031166e-06,
    "VmaxICp": 2.126609724418647e-05,
    "VmaxINp": 4.492451650704885e-05,
    "gammaDp": 0.4102254091830962,
    "omegaP": 3.538012673004135e-06
}