{
    "KICp": 362.8946166394977,
    "KINp": 0.0048087627836125,
    "KlossROSp": 1.956673654786862e-06,
    "KprodROSp": 1.528372276826975e-09,
    "Mp": 2.5865929155887804e-06,
    "VmaxICp": 2.535773838145408e-05,
    "VmaxINp": 3.315191576963634e-05,
    "gammaDp": 0.260268588806657,
    "omegaP": 3.5966100877333065e-05
}