{
    "KICp": 18.49167366547969,
    "KINp": 0.0575526488002779,
    "KlossROSp": 1.1442655065746365e-06,
    "KprodROSp": 3.0565554424791325e-08,
    "Mp": 8.386769924203093e-06,
    "VmaxICp": 3.804158346537619e-05,
    "VmaxINp": 2.631763878235716e-05,
    "gammaDp": 0.4960334823642027,
    "omegaP": 2.582781560694973e-05
}