{
    "KICp": 177.1514823270066,
    "KINp": 0.02,
    "KlossROSp": 1.882649866480438e-05,
    "KprodROSp": 1.4731777606514442e-08,
    "Mp": 9.499583077030275e-06,
    "VmaxICp": 3.904716767468048e-05,
    "VmaxINp": 4.240209067233456e-05,
    "gammaDp": 0.4359357046982529,
    "omegaP": 3.293334065576173e-05
}