{
    "KICp": 37.0,
    "KINp": 0.1006261291535395,
    "KlossROSp": 2.616076189815958e-06,
    "KprodROSp": 2.249421489502536e-09,
    "Mp": 4.162427606229452e-06,
    "VmaxICp": 2.5260546508863736e-05,
    "VmaxINp": 4.157611750618978e-05,
    "gammaDp": 0.4033317850410012,
    "omegaP": 4.748718209112102e-05
}