{
    "KICp": 222.8636224105568,
    "KINp": 0.0441069023023219,
    "Mp": 4.74578898282698e-06,
    "VmaxICp": 2.9745507957809733e-05,
    "VmaxINp": 2.8563877690847874e-05,
    "gammaDp": 0.8
}