{
    "KICp": 4.629663122790528,
    "KINp": 0.02,
    "Mp": 3.878028466715314e-06,
    "VmaxICp": 2.8057779388117253e-05,
    "VmaxINp": 4.744147804167425e-05,
    "gammaDp": 0.2309496904877843
}