{
    "KICp": 37.0,
    "KINp": 0.0856809115130153,
    "Mp": 2.8511269663561544e-06,
    "VmaxICp": 1.858977540300738e-05,
    "VmaxINp": 2.3319560039992617e-05,
    "gammaDp": 0.1875624554218661
}