{
    "KICp": 37.0,
    "KINp": 0.02,
    "Mp": 2.4878311740035143e-06,
    "VmaxICp": 5.4360517775349066e-05,
    "VmaxINp": 1.5432046168250965e-05,
    "gammaDp": 0.4260355125600041
}