{
    "KICp": 270.3965430433929,
    "KINp": 0.02,
    "Mp": 4.338843724562594e-06,
    "VmaxICp": 2.42950148732665e-05,
    "VmaxINp": 4.132128883536384e-05,
    "gammaDp": 0.1926831007577617
}