{
    "KICp": 37.0,
    "KINp": 0.02,
    "Mp": 2.982341748562673e-06,
    "VmaxICp": 1.913925086530293e-05,
    "VmaxINp": 3.168807352157405e-05,
    "gammaDp": 0.8
}