{
    "KICp": 37.0,
    "KINp": 0.0028668689754465,
    "Mp": 3.3582263672053275e-06,
    "VmaxICp": 4.218838527795029e-05,
    "VmaxINp": 1.2497498042453532e-05,
    "gammaDp": 0.8
}